branch_id,arrival_date,arrival_hour,hourly_demand,workload_minutes,avg_waiting_time,max_waiting_time,queue_depth,abandonment_count,appointment_count,high_complexity_count,number_of_counters,hourly_capacity_minutes,hourly_utilization,capacity_gap_minutes,severity_indicator
BR001,2025-10-01,9,14,184.9,2.3214285714285716,4.0,1,0,4,4,14,840.0,0.22,-655.1,Normal
BR001,2025-10-01,10,18,235.4,1.9777777777777779,3.4,0,0,4,4,14,840.0,0.28,-604.6,Normal
BR001,2025-10-01,11,11,66.0,2.1363636363636362,3.0,0,0,0,0,14,840.0,0.079,-774.0,Normal
BR001,2025-10-01,12,9,67.7,2.177777777777778,3.2,0,0,0,0,14,840.0,0.081,-772.3,Normal
BR001,2025-10-01,13,15,154.9,2.493333333333333,10.6,1,0,0,1,14,840.0,0.184,-685.1,Normal
BR001,2025-10-01,14,13,204.6,2.246153846153846,3.4,0,0,0,4,14,840.0,0.244,-635.4,Normal
BR001,2025-10-01,15,4,40.9,2.05,2.6,0,0,0,1,14,840.0,0.049,-799.1,Normal
BR001,2025-10-01,16,1,7.5,2.7,2.7,0,0,0,0,14,840.0,0.009,-832.5,Normal
BR001,2025-10-03,9,15,240.8,4.2733333333333325,21.3,1,0,6,4,14,840.0,0.287,-599.2,Normal
BR001,2025-10-03,10,21,179.7,8.095238095238095,50.7,3,1,3,1,14,840.0,0.214,-660.3,Normal
BR001,2025-10-03,11,22,231.3,2.786363636363636,19.1,4,0,6,3,14,840.0,0.275,-608.7,Normal
BR001,2025-10-03,12,15,216.6,1.9866666666666668,2.8,3,0,1,2,14,840.0,0.258,-623.4,Normal
BR001,2025-10-03,13,14,145.2,2.1214285714285714,3.8,1,0,0,1,14,840.0,0.173,-694.8,Normal
BR001,2025-10-03,14,18,227.60000000000002,9.983333333333333,44.1,5,2,0,4,14,840.0,0.271,-612.4,Normal
BR001,2025-10-03,15,12,151.6,2.3333333333333335,3.3,3,0,0,2,14,840.0,0.18,-688.4,Normal
BR001,2025-10-03,16,1,25.3,2.6,2.6,4,0,0,1,14,840.0,0.03,-814.7,Normal
BR001,2025-10-04,9,16,183.8,2.4375,3.5,0,0,5,0,14,840.0,0.219,-656.2,Normal
BR001,2025-10-04,10,16,126.9,4.8625,25.3,2,0,3,1,14,840.0,0.151,-713.1,Normal
BR001,2025-10-04,11,12,161.8,2.3249999999999997,3.5,0,0,2,2,14,840.0,0.193,-678.2,Normal
BR001,2025-10-04,12,20,309.5,2.12,3.5,1,0,1,6,14,840.0,0.368,-530.5,Normal
BR001,2025-10-04,13,9,77.3,1.6111111111111112,2.6,0,0,0,0,14,840.0,0.092,-762.7,Normal
BR001,2025-10-04,14,10,82.3,2.5,3.4,0,0,0,0,14,840.0,0.098,-757.7,Normal
BR001,2025-10-04,15,8,141.1,2.7125,3.3,0,0,0,4,14,840.0,0.168,-698.9,Normal
BR001,2025-10-04,16,1,31.5,1.6,1.6,0,0,0,1,14,840.0,0.038,-808.5,Normal
BR001,2025-10-06,9,18,191.5,1.788888888888889,3.4,0,0,2,1,14,840.0,0.228,-648.5,Normal
BR001,2025-10-06,10,18,212.0,2.761111111111111,10.6,1,0,2,3,14,840.0,0.252,-628.0,Normal
BR001,2025-10-06,11,9,74.8,1.7666666666666666,2.8,0,0,1,0,14,840.0,0.089,-765.2,Normal
BR001,2025-10-06,12,10,135.70000000000002,1.97,3.4,0,0,2,2,14,840.0,0.162,-704.3,Normal
BR001,2025-10-06,13,13,143.5,2.4,3.4,0,0,1,2,14,840.0,0.171,-696.5,Normal
BR001,2025-10-06,14,8,91.6,1.9875,3.3,0,0,0,1,14,840.0,0.109,-748.4,Normal
BR001,2025-10-06,15,3,27.4,2.033333333333333,2.7,0,0,0,0,14,840.0,0.033,-812.6,Normal
BR001,2025-10-06,16,1,5.4,2.6,2.6,0,0,0,0,14,840.0,0.006,-834.6,Normal
BR001,2025-10-07,9,4,32.8,2.325,3.3,0,0,2,0,14,840.0,0.039,-807.2,Normal
BR001,2025-10-07,10,9,119.0,3.2777777777777777,11.6,1,0,1,3,14,840.0,0.142,-721.0,Normal
BR001,2025-10-07,11,12,151.1,2.216666666666667,3.4,0,0,3,1,14,840.0,0.18,-688.9,Normal
BR001,2025-10-07,12,7,110.8,1.7428571428571427,2.4,0,0,1,1,14,840.0,0.132,-729.2,Normal
BR001,2025-10-07,13,6,62.8,2.316666666666667,3.4,0,0,0,1,14,840.0,0.075,-777.2,Normal
BR001,2025-10-07,14,11,92.5,2.036363636363636,3.4,0,0,0,1,14,840.0,0.11,-747.5,Normal
BR001,2025-10-07,15,5,88.6,2.18,2.7,0,0,0,2,14,840.0,0.105,-751.4,Normal
BR001,2025-10-08,9,8,127.19999999999999,2.2,3.3,0,0,2,2,14,840.0,0.151,-712.8,Normal
BR001,2025-10-08,10,14,199.6,4.171428571428572,18.2,1,0,3,3,14,840.0,0.238,-640.4,Normal
BR001,2025-10-08,11,16,180.8,2.59375,8.3,2,0,1,1,14,840.0,0.215,-659.2,Normal
BR001,2025-10-08,12,11,162.4,2.2636363636363637,3.4,0,0,1,1,14,840.0,0.193,-677.6,Normal
BR001,2025-10-08,13,8,101.4,2.3625,3.4,1,0,1,2,14,840.0,0.121,-738.6,Normal
BR001,2025-10-08,14,5,59.5,2.44,3.0,0,0,1,1,14,840.0,0.071,-780.5,Normal
BR001,2025-10-08,15,4,61.2,1.575,2.8,0,0,0,1,14,840.0,0.073,-778.8,Normal
BR001,2025-10-08,16,1,3.1,1.5,1.5,0,0,0,0,14,840.0,0.004,-836.9,Normal
BR001,2025-10-09,9,16,180.5,2.175,3.4,0,0,4,2,14,840.0,0.215,-659.5,Normal
BR001,2025-10-09,10,10,128.5,2.66,3.4,0,0,3,3,14,840.0,0.153,-711.5,Normal
BR001,2025-10-09,11,9,97.1,2.3777777777777778,3.3,0,0,1,2,14,840.0,0.116,-742.9,Normal
BR001,2025-10-09,12,9,83.10000000000001,2.0999999999999996,3.4,0,0,1,0,14,840.0,0.099,-756.9,Normal
BR001,2025-10-09,13,11,127.9,1.8818181818181818,3.3,0,0,1,1,14,840.0,0.152,-712.1,Normal
BR001,2025-10-09,14,9,58.9,1.9555555555555557,3.3,0,0,0,1,14,840.0,0.07,-781.1,Normal
BR001,2025-10-09,15,8,94.0,2.275,3.4,0,0,0,2,14,840.0,0.112,-746.0,Normal
BR001,2025-10-10,9,9,170.2,9.744444444444445,34.9,2,0,2,5,14,840.0,0.203,-669.8,Normal
BR001,2025-10-10,10,22,400.1,3.563636363636364,25.3,2,0,5,8,14,840.0,0.476,-439.9,Normal
BR001,2025-10-10,11,16,171.79999999999998,2.25625,3.5,1,0,2,1,14,840.0,0.205,-668.2,Normal
BR001,2025-10-10,12,10,95.2,1.8199999999999998,2.8,0,0,3,1,14,840.0,0.113,-744.8,Normal
BR001,2025-10-10,13,10,80.4,2.52,3.3,0,0,1,1,14,840.0,0.096,-759.6,Normal
BR001,2025-10-10,14,13,175.3,1.853846153846154,3.3,0,0,0,2,14,840.0,0.209,-664.7,Normal
BR001,2025-10-10,15,5,35.0,2.06,3.1,0,0,0,0,14,840.0,0.042,-805.0,Normal
BR001,2025-10-10,16,1,5.0,3.4,3.4,0,0,0,0,14,840.0,0.006,-835.0,Normal
BR001,2025-10-13,9,14,135.9,2.164285714285714,3.4,0,0,5,4,14,840.0,0.162,-704.1,Normal
BR001,2025-10-13,10,19,231.79999999999998,3.763157894736842,28.5,1,0,3,3,14,840.0,0.276,-608.2,Normal
BR001,2025-10-13,11,8,119.3,2.0749999999999997,3.1,0,0,0,2,14,840.0,0.142,-720.7,Normal
BR001,2025-10-13,12,12,181.8,2.2416666666666667,3.3,0,0,0,4,14,840.0,0.216,-658.2,Normal
BR001,2025-10-13,13,9,99.7,2.022222222222222,3.3,0,0,0,1,14,840.0,0.119,-740.3,Normal
BR001,2025-10-13,14,9,128.0,2.566666666666667,3.5,0,0,0,3,14,840.0,0.152,-712.0,Normal
BR001,2025-10-13,15,5,57.1,2.2,3.0,0,0,0,1,14,840.0,0.068,-782.9,Normal
BR001,2025-10-13,16,2,17.4,2.9,3.5,0,0,0,0,14,840.0,0.021,-822.6,Normal
BR001,2025-10-14,9,13,205.4,4.792307692307692,24.3,2,0,2,4,14,840.0,0.245,-634.6,Normal
BR001,2025-10-14,10,21,287.0,2.4,3.9,1,0,5,4,14,840.0,0.342,-553.0,Normal
BR001,2025-10-14,11,7,83.3,2.1142857142857143,3.4,0,0,1,2,14,840.0,0.099,-756.7,Normal
BR001,2025-10-14,12,21,238.6,3.5333333333333337,30.8,1,0,2,3,14,840.0,0.284,-601.4,Normal
BR001,2025-10-14,13,11,93.8,1.9727272727272727,3.5,0,0,1,0,14,840.0,0.112,-746.2,Normal
BR001,2025-10-14,14,7,51.7,2.2,3.2,0,0,1,0,14,840.0,0.062,-788.3,Normal
BR001,2025-10-14,15,3,33.8,1.7333333333333334,3.2,0,0,1,1,14,840.0,0.04,-806.2,Normal
BR001,2025-10-14,16,1,5.6,1.0,1.0,0,0,0,0,14,840.0,0.007,-834.4,Normal
BR001,2025-10-15,9,6,76.8,1.8166666666666667,3.3,0,0,0,1,14,840.0,0.091,-763.2,Normal
BR001,2025-10-15,10,11,94.7,2.190909090909091,3.4,0,0,5,0,14,840.0,0.113,-745.3,Normal
BR001,2025-10-15,11,9,113.6,2.6444444444444444,3.3,0,0,2,2,14,840.0,0.135,-726.4,Normal
BR001,2025-10-15,12,13,135.4,2.1,3.4,0,0,0,1,14,840.0,0.161,-704.6,Normal
BR001,2025-10-15,13,10,104.8,2.15,3.4,0,0,0,1,14,840.0,0.125,-735.2,Normal
BR001,2025-10-15,14,8,96.2,2.3,3.3,0,0,0,1,14,840.0,0.115,-743.8,Normal
BR001,2025-10-15,15,6,78.1,2.1666666666666665,3.4,0,0,0,2,14,840.0,0.093,-761.9,Normal
BR001,2025-10-15,16,3,32.800000000000004,1.7,3.1,0,0,0,0,14,840.0,0.039,-807.2,Normal
BR001,2025-10-16,9,12,167.3,2.125,3.4,0,0,2,3,14,840.0,0.199,-672.7,Normal
BR001,2025-10-16,10,10,145.8,2.57,3.4,0,0,0,2,14,840.0,0.174,-694.2,Normal
BR001,2025-10-16,11,8,67.2,2.025,3.4,0,0,4,0,14,840.0,0.08,-772.8,Normal
BR001,2025-10-16,12,14,198.2,2.3214285714285716,3.2,0,0,1,1,14,840.0,0.236,-641.8,Normal
BR001,2025-10-16,13,5,61.2,1.9,2.6,0,0,1,1,14,840.0,0.073,-778.8,Normal
BR001,2025-10-16,14,8,104.7,2.325,3.2,0,0,0,1,14,840.0,0.125,-735.3,Normal
BR001,2025-10-16,15,7,66.2,1.6428571428571428,2.8,0,0,1,0,14,840.0,0.079,-773.8,Normal
BR001,2025-10-16,16,2,14.4,2.45,3.0,0,0,0,0,14,840.0,0.017,-825.6,Normal
BR001,2025-10-17,9,13,194.6,2.376923076923077,3.4,0,0,2,6,14,840.0,0.232,-645.4,Normal
BR001,2025-10-17,10,19,228.2,4.089473684210526,21.4,1,0,5,4,14,840.0,0.272,-611.8,Normal
BR001,2025-10-17,11,18,193.0,2.861111111111111,12.1,1,0,5,2,14,840.0,0.23,-647.0,Normal
BR001,2025-10-17,12,17,198.70000000000002,11.5,43.4,7,1,2,4,14,840.0,0.237,-641.3,Normal
BR001,2025-10-17,13,18,301.4,2.9055555555555554,13.5,6,0,1,7,14,840.0,0.359,-538.6,Normal
BR001,2025-10-17,14,12,121.9,2.5416666666666665,5.3,6,0,0,2,14,840.0,0.145,-718.1,Normal
BR001,2025-10-17,15,7,110.4,2.1857142857142855,3.3,0,0,0,2,14,840.0,0.131,-729.6,Normal
BR001,2025-10-17,16,1,16.7,0.9,0.9,0,0,0,0,14,840.0,0.02,-823.3,Normal
BR001,2025-10-18,9,14,193.0,3.1928571428571426,9.1,2,0,4,4,14,840.0,0.23,-647.0,Normal
BR001,2025-10-18,10,21,229.6,7.442857142857143,38.1,4,1,3,2,14,840.0,0.273,-610.4,Normal
BR001,2025-10-18,11,11,136.5,2.2818181818181817,3.4,3,0,2,1,14,840.0,0.162,-703.5,Normal
BR001,2025-10-18,12,6,67.4,2.183333333333333,3.4,1,0,0,1,14,840.0,0.08,-772.6,Normal
BR001,2025-10-18,13,8,120.60000000000001,2.1375,3.2,0,0,0,2,14,840.0,0.144,-719.4,Normal
BR001,2025-10-18,14,8,85.30000000000001,1.775,2.6,0,0,0,1,14,840.0,0.102,-754.7,Normal
BR001,2025-10-18,15,7,100.6,2.3428571428571425,3.2,0,0,0,1,14,840.0,0.12,-739.4,Normal
BR001,2025-10-22,9,18,195.1,4.4,16.9,4,0,5,3,14,840.0,0.232,-644.9,Normal
BR001,2025-10-22,10,9,110.9,2.0,3.3,3,0,2,2,14,840.0,0.132,-729.1,Normal
BR001,2025-10-22,11,13,197.1,2.2,3.4,2,0,0,3,14,840.0,0.235,-642.9,Normal
BR001,2025-10-22,12,12,190.1,3.6333333333333333,18.8,1,0,0,3,14,840.0,0.226,-649.9,Normal
BR001,2025-10-22,13,11,132.4,2.1,3.3,0,0,0,2,14,840.0,0.158,-707.6,Normal
BR001,2025-10-22,14,8,58.6,2.075,2.7,0,0,0,0,14,840.0,0.07,-781.4,Normal
BR001,2025-10-22,15,3,35.2,1.5999999999999999,2.4,0,0,0,0,14,840.0,0.042,-804.8,Normal
BR001,2025-10-22,16,1,16.4,3.4,3.4,0,0,0,0,14,840.0,0.02,-823.6,Normal
BR001,2025-10-23,9,6,83.5,1.8499999999999999,3.1,0,0,1,2,14,840.0,0.099,-756.5,Normal
BR001,2025-10-23,10,10,144.5,2.04,3.3,0,0,3,3,14,840.0,0.172,-695.5,Normal
BR001,2025-10-23,11,7,88.5,1.8142857142857145,3.2,0,0,1,1,14,840.0,0.105,-751.5,Normal
BR001,2025-10-23,12,9,118.5,2.1555555555555554,3.5,0,0,2,2,14,840.0,0.141,-721.5,Normal
BR001,2025-10-23,13,10,74.5,2.16,3.5,0,0,0,0,14,840.0,0.089,-765.5,Normal
BR001,2025-10-23,14,8,111.0,2.1375,3.0,0,0,0,3,14,840.0,0.132,-729.0,Normal
BR001,2025-10-23,15,5,64.5,1.72,2.3,0,0,0,1,14,840.0,0.077,-775.5,Normal
BR001,2025-10-24,9,14,214.1,12.671428571428573,63.9,3,0,5,4,14,840.0,0.255,-625.9,Normal
BR001,2025-10-24,10,12,161.0,9.791666666666666,48.1,4,1,2,3,14,840.0,0.192,-679.0,Normal
BR001,2025-10-24,11,18,198.3,3.7222222222222223,17.5,3,0,0,3,14,840.0,0.236,-641.7,Normal
BR001,2025-10-24,12,10,81.7,2.32,3.5,0,0,0,1,14,840.0,0.097,-758.3,Normal
BR001,2025-10-24,13,7,60.2,2.4857142857142853,3.4,0,0,0,0,14,840.0,0.072,-779.8,Normal
BR001,2025-10-24,14,2,19.4,1.8,2.1,0,0,0,0,14,840.0,0.023,-820.6,Normal
BR001,2025-10-24,15,6,89.6,2.4499999999999997,3.5,0,0,0,2,14,840.0,0.107,-750.4,Normal
BR001,2025-10-24,16,2,11.7,1.1,1.2,0,0,0,0,14,840.0,0.014,-828.3,Normal
BR001,2025-10-27,9,15,161.9,5.566666666666666,20.1,3,0,5,3,14,840.0,0.193,-678.1,Normal
BR001,2025-10-27,10,19,214.2,2.626315789473684,6.2,3,0,3,2,14,840.0,0.255,-625.8,Normal
BR001,2025-10-27,11,13,174.5,2.4692307692307693,3.3,2,0,3,3,14,840.0,0.208,-665.5,Normal
BR001,2025-10-27,12,11,185.20000000000002,2.5090909090909093,3.4,1,0,2,5,14,840.0,0.22,-654.8,Normal
BR001,2025-10-27,13,13,118.0,1.9538461538461538,3.2,0,0,1,0,14,840.0,0.14,-722.0,Normal
BR001,2025-10-27,14,11,107.7,1.7636363636363634,3.4,0,0,0,1,14,840.0,0.128,-732.3,Normal
BR001,2025-10-27,15,8,155.7,1.8625,2.9,0,0,0,4,14,840.0,0.185,-684.3,Normal
BR001,2025-10-27,16,1,13.2,2.1,2.1,0,0,0,0,14,840.0,0.016,-826.8,Normal
BR001,2025-10-28,9,15,252.1,1.9866666666666668,3.5,1,0,0,4,14,840.0,0.3,-587.9,Normal
BR001,2025-10-28,10,23,270.8,9.917391304347827,47.5,6,1,3,2,14,840.0,0.322,-569.2,Normal
BR001,2025-10-28,11,20,171.0,3.35,14.0,8,0,7,1,14,840.0,0.204,-669.0,Normal
BR001,2025-10-28,12,19,258.4,2.0842105263157897,3.4,5,0,3,6,14,840.0,0.308,-581.6,Normal
BR001,2025-10-28,13,10,119.9,1.7100000000000002,3.1,0,0,3,3,14,840.0,0.143,-720.1,Normal
BR001,2025-10-28,14,15,195.0,7.113333333333333,25.6,4,0,1,4,14,840.0,0.232,-645.0,Normal
BR001,2025-10-28,15,14,135.5,2.4642857142857144,3.4,3,0,0,1,14,840.0,0.161,-704.5,Normal
BR001,2025-10-28,16,4,38.6,2.2,3.1,1,0,0,0,14,840.0,0.046,-801.4,Normal
BR001,2025-10-29,9,22,318.8,3.0045454545454544,13.7,2,0,4,4,14,840.0,0.38,-521.2,Normal
BR001,2025-10-29,10,16,278.2,2.2,3.3,1,0,1,6,14,840.0,0.331,-561.8,Normal
BR001,2025-10-29,11,9,108.1,2.233333333333333,3.5,0,0,2,1,14,840.0,0.129,-731.9,Normal
BR001,2025-10-29,12,7,87.9,2.0714285714285716,3.0,0,0,1,1,14,840.0,0.105,-752.1,Normal
BR001,2025-10-29,13,12,116.3,2.408333333333333,3.5,0,0,2,1,14,840.0,0.138,-723.7,Normal
BR001,2025-10-29,14,12,115.0,2.2583333333333333,3.3,0,0,0,2,14,840.0,0.137,-725.0,Normal
BR001,2025-10-29,15,8,123.1,2.1375,3.5,0,0,0,3,14,840.0,0.147,-716.9,Normal
BR001,2025-10-29,16,1,10.7,3.4,3.4,0,0,0,0,14,840.0,0.013,-829.3,Normal
BR001,2025-10-30,9,20,266.5,3.45,19.8,2,0,4,4,14,840.0,0.317,-573.5,Normal
BR001,2025-10-30,10,17,233.6,6.564705882352941,39.0,2,1,2,5,14,840.0,0.278,-606.4,Normal
BR001,2025-10-30,11,22,286.1,3.3227272727272723,15.0,2,0,4,4,14,840.0,0.341,-553.9,Normal
BR001,2025-10-30,12,17,200.6,3.1,18.6,2,0,2,1,14,840.0,0.239,-639.4,Normal
BR001,2025-10-30,13,11,122.0,2.309090909090909,3.3,1,0,0,1,14,840.0,0.145,-718.0,Normal
BR001,2025-10-30,14,12,212.5,2.2416666666666667,3.3,0,0,0,4,14,840.0,0.253,-627.5,Normal
BR001,2025-10-30,15,4,43.0,3.05,3.4,0,0,0,0,14,840.0,0.051,-797.0,Normal
BR001,2025-10-30,16,2,31.5,2.4000000000000004,2.7,0,0,0,0,14,840.0,0.038,-808.5,Normal
BR001,2025-10-31,9,23,237.1,6.817391304347827,33.4,4,0,5,2,14,840.0,0.282,-602.9,Normal
BR001,2025-10-31,10,23,317.0,9.091304347826087,43.6,6,2,4,8,14,840.0,0.377,-523.0,Normal
BR001,2025-10-31,11,23,267.4,3.9956521739130437,23.5,5,0,7,4,14,840.0,0.318,-572.6,Normal
BR001,2025-10-31,12,13,175.4,3.838461538461538,13.8,5,0,2,4,14,840.0,0.209,-664.6,Normal
BR001,2025-10-31,13,17,187.9,3.3705882352941177,15.1,1,0,0,2,14,840.0,0.224,-652.1,Normal
BR001,2025-10-31,14,13,158.1,1.9615384615384615,3.1,0,0,0,1,14,840.0,0.188,-681.9,Normal
BR001,2025-10-31,15,12,151.9,2.183333333333333,3.4,0,0,0,3,14,840.0,0.181,-688.1,Normal
BR001,2025-10-31,16,3,45.3,1.6333333333333335,2.5,0,0,0,0,14,840.0,0.054,-794.7,Normal
BR001,2025-11-03,9,13,134.2,2.1538461538461537,3.4,0,0,1,1,14,840.0,0.16,-705.8,Normal
BR001,2025-11-03,10,16,244.4,6.79375,28.3,3,0,7,5,14,840.0,0.291,-595.6,Normal
BR001,2025-11-03,11,23,278.6,2.8391304347826085,10.1,2,0,3,4,14,840.0,0.332,-561.4,Normal
BR001,2025-11-03,12,16,209.3,3.38125,21.8,2,0,0,3,14,840.0,0.249,-630.7,Normal
BR001,2025-11-03,13,16,175.0,2.0,3.2,1,0,0,3,14,840.0,0.208,-665.0,Normal
BR001,2025-11-03,14,13,186.2,5.3307692307692305,22.0,2,0,0,3,14,840.0,0.222,-653.8,Normal
BR001,2025-11-03,15,14,124.5,1.7785714285714285,2.9,1,0,0,2,14,840.0,0.148,-715.5,Normal
BR001,2025-11-03,16,1,7.6,3.5,3.5,0,0,0,0,14,840.0,0.009,-832.4,Normal
BR001,2025-11-04,9,17,185.4,2.552941176470588,5.7,1,0,3,2,14,840.0,0.221,-654.6,Normal
BR001,2025-11-04,10,17,197.7,2.947058823529412,6.6,1,0,5,1,14,840.0,0.235,-642.3,Normal
BR001,2025-11-04,11,13,182.3,2.1384615384615384,3.3,0,0,2,5,14,840.0,0.217,-657.7,Normal
BR001,2025-11-04,12,24,227.4,3.220833333333333,14.5,2,0,0,2,14,840.0,0.271,-612.6,Normal
BR001,2025-11-04,13,8,100.3,2.1125000000000003,3.2,1,0,0,2,14,840.0,0.119,-739.7,Normal
BR001,2025-11-04,14,5,59.4,2.6,3.3,0,0,0,0,14,840.0,0.071,-780.6,Normal
BR001,2025-11-04,15,8,126.8,2.1375,3.3,0,0,0,2,14,840.0,0.151,-713.2,Normal
BR001,2025-11-04,16,1,8.1,1.1,1.1,0,0,0,0,14,840.0,0.01,-831.9,Normal
BR001,2025-11-05,9,18,206.1,2.288888888888889,5.3,1,0,5,4,14,840.0,0.245,-633.9,Normal
BR001,2025-11-05,10,19,238.6,1.9789473684210528,3.1,0,0,4,2,14,840.0,0.284,-601.4,Normal
BR001,2025-11-05,11,18,246.6,7.16111111111111,35.3,3,0,1,5,14,840.0,0.294,-593.4,Normal
BR001,2025-11-05,12,13,132.9,1.9076923076923078,3.5,4,0,0,1,14,840.0,0.158,-707.1,Normal
BR001,2025-11-05,13,16,157.3,2.43125,3.5,3,0,0,1,14,840.0,0.187,-682.7,Normal
BR001,2025-11-05,14,5,69.4,2.2399999999999998,3.2,0,0,0,1,14,840.0,0.083,-770.6,Normal
BR001,2025-11-05,15,7,118.2,2.4,3.5,0,0,0,1,14,840.0,0.141,-721.8,Normal
BR001,2025-11-05,16,1,7.3,2.2,2.2,0,0,0,0,14,840.0,0.009,-832.7,Normal
BR001,2025-11-06,9,17,235.7,2.6705882352941175,7.1,2,0,5,5,14,840.0,0.281,-604.3,Normal
BR001,2025-11-06,10,8,122.5,2.15,3.4,0,0,2,3,14,840.0,0.146,-717.5,Normal
BR001,2025-11-06,11,7,107.3,1.8,3.3,1,0,1,2,14,840.0,0.128,-732.7,Normal
BR001,2025-11-06,12,12,163.0,2.275,3.4,0,0,1,4,14,840.0,0.194,-677.0,Normal
BR001,2025-11-06,13,8,114.0,1.9625,3.4,0,0,0,1,14,840.0,0.136,-726.0,Normal
BR001,2025-11-06,14,6,81.9,2.566666666666667,3.3,0,0,0,2,14,840.0,0.098,-758.1,Normal
BR001,2025-11-06,15,4,51.2,2.6500000000000004,3.4,0,0,0,0,14,840.0,0.061,-788.8,Normal
BR001,2025-11-07,9,21,244.4,2.1523809523809527,3.5,1,0,5,6,14,840.0,0.291,-595.6,Normal
BR001,2025-11-07,10,13,175.9,12.438461538461537,52.0,5,0,2,3,14,840.0,0.209,-664.1,Normal
BR001,2025-11-07,11,28,394.8,2.982142857142857,15.7,6,0,5,6,14,840.0,0.47,-445.2,Normal
BR001,2025-11-07,12,13,145.6,2.1538461538461537,3.4,3,0,1,2,14,840.0,0.173,-694.4,Normal
BR001,2025-11-07,13,9,136.3,2.1555555555555554,3.1,0,0,0,3,14,840.0,0.162,-703.7,Normal
BR001,2025-11-07,14,12,111.0,2.183333333333333,3.3,0,0,0,0,14,840.0,0.132,-729.0,Normal
BR001,2025-11-07,15,9,77.8,2.6333333333333333,3.5,0,0,0,0,14,840.0,0.093,-762.2,Normal
BR001,2025-11-07,16,1,4.3,1.9,1.9,0,0,0,0,14,840.0,0.005,-835.7,Normal
BR001,2025-11-10,9,14,174.7,2.442857142857143,12.5,1,0,3,3,14,840.0,0.208,-665.3,Normal
BR001,2025-11-10,10,13,162.1,1.823076923076923,2.7,0,0,3,3,14,840.0,0.193,-677.9,Normal
BR001,2025-11-10,11,8,121.5,2.2375000000000003,3.5,0,0,2,2,14,840.0,0.145,-718.5,Normal
BR001,2025-11-10,12,17,254.8,2.1176470588235294,3.5,0,0,2,4,14,840.0,0.303,-585.2,Normal
BR001,2025-11-10,13,7,63.6,2.185714285714286,2.9,0,0,0,2,14,840.0,0.076,-776.4,Normal
BR001,2025-11-10,14,8,82.2,2.6,3.4,0,0,0,0,14,840.0,0.098,-757.8,Normal
BR001,2025-11-10,15,2,14.100000000000001,2.0,2.8,0,0,0,0,14,840.0,0.017,-825.9,Normal
BR001,2025-11-10,16,1,12.1,2.0,2.0,0,0,0,0,14,840.0,0.014,-827.9,Normal
BR001,2025-11-11,9,15,196.3,2.0,3.2,0,0,4,3,14,840.0,0.234,-643.7,Normal
BR001,2025-11-11,10,13,169.0,2.6846153846153844,9.7,1,0,2,2,14,840.0,0.201,-671.0,Normal
BR001,2025-11-11,11,14,186.4,1.7142857142857142,2.3,0,0,1,3,14,840.0,0.222,-653.6,Normal
BR001,2025-11-11,12,9,109.5,2.0,2.9,0,0,0,1,14,840.0,0.13,-730.5,Normal
BR001,2025-11-11,13,9,158.7,2.3666666666666667,3.2,0,0,0,2,14,840.0,0.189,-681.3,Normal
BR001,2025-11-11,14,11,193.9,2.036363636363636,3.3,0,0,0,5,14,840.0,0.231,-646.1,Normal
BR001,2025-11-11,15,7,70.9,1.9142857142857144,3.3,0,0,0,1,14,840.0,0.084,-769.1,Normal
BR001,2025-11-12,9,14,180.9,2.107142857142857,3.5,0,0,4,2,14,840.0,0.215,-659.1,Normal
BR001,2025-11-12,10,12,115.5,2.466666666666667,3.5,0,0,3,2,14,840.0,0.138,-724.5,Normal
BR001,2025-11-12,11,14,179.8,1.6785714285714286,3.3,0,0,3,3,14,840.0,0.214,-660.2,Normal
BR001,2025-11-12,12,9,93.7,2.1333333333333333,3.4,0,0,0,0,14,840.0,0.112,-746.3,Normal
BR001,2025-11-12,13,7,51.8,2.442857142857143,3.4,0,0,1,0,14,840.0,0.062,-788.2,Normal
BR001,2025-11-12,14,7,104.5,2.0285714285714285,3.3,0,0,0,1,14,840.0,0.124,-735.5,Normal
BR001,2025-11-12,15,6,61.4,1.0166666666666666,1.5,0,0,0,1,14,840.0,0.073,-778.6,Normal
BR001,2025-11-12,16,3,29.1,1.3666666666666665,2.0,0,0,0,0,14,840.0,0.035,-810.9,Normal
BR001,2025-11-13,9,9,66.5,1.9222222222222223,3.3,0,0,1,0,14,840.0,0.079,-773.5,Normal
BR001,2025-11-13,10,9,132.8,1.7666666666666666,3.1,0,0,1,3,14,840.0,0.158,-707.2,Normal
BR001,2025-11-13,11,11,148.9,1.6363636363636365,2.7,0,0,2,3,14,840.0,0.177,-691.1,Normal
BR001,2025-11-13,12,6,70.4,2.1666666666666665,2.9,0,0,1,1,14,840.0,0.084,-769.6,Normal
BR001,2025-11-13,13,4,46.9,1.875,2.7,0,0,0,1,14,840.0,0.056,-793.1,Normal
BR001,2025-11-13,14,7,91.8,2.1142857142857143,3.2,0,0,0,1,14,840.0,0.109,-748.2,Normal
BR001,2025-11-13,15,5,52.4,2.02,3.1,0,0,0,0,14,840.0,0.062,-787.6,Normal
BR001,2025-11-14,9,14,172.79999999999998,2.0285714285714285,3.3,0,0,4,3,14,840.0,0.206,-667.2,Normal
BR001,2025-11-14,10,18,215.2,2.3,5.7,2,0,4,4,14,840.0,0.256,-624.8,Normal
BR001,2025-11-14,11,11,158.4,2.1999999999999997,3.5,1,0,1,2,14,840.0,0.189,-681.6,Normal
BR001,2025-11-14,12,11,115.9,3.3545454545454545,15.4,1,0,0,1,14,840.0,0.138,-724.1,Normal
BR001,2025-11-14,13,14,202.5,2.557142857142857,3.3,0,0,0,2,14,840.0,0.241,-637.5,Normal
BR001,2025-11-14,14,11,105.3,2.118181818181818,3.4,0,0,0,1,14,840.0,0.125,-734.7,Normal
BR001,2025-11-14,15,6,74.7,2.433333333333333,3.4,0,0,0,1,14,840.0,0.089,-765.3,Normal
BR001,2025-11-15,9,13,168.0,2.753846153846154,6.1,1,0,2,4,14,840.0,0.2,-672.0,Normal
BR001,2025-11-15,10,13,131.3,1.9846153846153847,3.1,0,0,3,1,14,840.0,0.156,-708.7,Normal
BR001,2025-11-15,11,7,98.2,2.0571428571428574,3.0,0,0,1,2,14,840.0,0.117,-741.8,Normal
BR001,2025-11-15,12,11,161.5,2.3454545454545457,3.3,0,0,0,3,14,840.0,0.192,-678.5,Normal
BR001,2025-11-15,13,12,152.5,1.9166666666666667,3.2,0,0,0,1,14,840.0,0.182,-687.5,Normal
BR001,2025-11-15,14,7,78.8,1.9000000000000001,3.2,0,0,0,0,14,840.0,0.094,-761.2,Normal
BR001,2025-11-15,15,11,107.0,2.463636363636364,3.2,0,0,2,1,14,840.0,0.127,-733.0,Normal
BR001,2025-11-17,9,7,119.5,2.1,3.4,0,0,2,1,14,840.0,0.142,-720.5,Normal
BR001,2025-11-17,10,15,166.0,2.433333333333333,8.4,1,0,4,2,14,840.0,0.198,-674.0,Normal
BR001,2025-11-17,11,15,108.8,2.0733333333333333,3.4,0,0,2,1,14,840.0,0.13,-731.2,Normal
BR001,2025-11-17,12,14,186.7,2.35,5.4,1,0,1,3,14,840.0,0.222,-653.3,Normal
BR001,2025-11-17,13,9,75.0,2.022222222222222,3.3,0,0,0,1,14,840.0,0.089,-765.0,Normal
BR001,2025-11-17,14,11,198.2,2.5090909090909093,3.4,0,0,0,3,14,840.0,0.236,-641.8,Normal
BR001,2025-11-17,15,2,15.0,2.0,3.0,0,0,0,0,14,840.0,0.018,-825.0,Normal
BR001,2025-11-17,16,1,8.6,1.9,1.9,0,0,0,0,14,840.0,0.01,-831.4,Normal
BR001,2025-11-18,9,14,214.79999999999998,2.5142857142857147,4.3,1,0,3,6,14,840.0,0.256,-625.2,Normal
BR001,2025-11-18,10,12,159.3,1.8499999999999999,3.3,1,0,4,1,14,840.0,0.19,-680.7,Normal
BR001,2025-11-18,11,10,142.79999999999998,2.45,3.4,0,0,2,2,14,840.0,0.17,-697.2,Normal
BR001,2025-11-18,12,15,208.3,2.4266666666666667,3.5,0,0,0,2,14,840.0,0.248,-631.7,Normal
BR001,2025-11-18,13,7,77.5,2.3285714285714287,3.4,0,0,0,1,14,840.0,0.092,-762.5,Normal
BR001,2025-11-18,14,6,69.0,2.5500000000000003,3.4,0,0,0,0,14,840.0,0.082,-771.0,Normal
BR001,2025-11-18,15,4,52.0,2.325,3.1,0,0,0,2,14,840.0,0.062,-788.0,Normal
BR001,2025-11-18,16,1,6.7,2.7,2.7,0,0,0,0,14,840.0,0.008,-833.3,Normal
BR001,2025-11-19,9,11,133.1,2.2363636363636363,3.3,0,0,1,3,14,840.0,0.158,-706.9,Normal
BR001,2025-11-19,10,7,80.7,2.185714285714286,3.4,0,0,0,1,14,840.0,0.096,-759.3,Normal
BR001,2025-11-19,11,11,159.3,2.1545454545454543,3.3,0,0,3,2,14,840.0,0.19,-680.7,Normal
BR001,2025-11-19,12,13,147.4,2.0,3.2,0,0,2,2,14,840.0,0.175,-692.6,Normal
BR001,2025-11-19,13,9,96.1,2.2555555555555555,3.2,0,0,0,1,14,840.0,0.114,-743.9,Normal
BR001,2025-11-19,14,6,71.3,2.5166666666666666,3.5,0,0,0,0,14,840.0,0.085,-768.7,Normal
BR001,2025-11-19,15,7,80.4,1.9142857142857144,2.9,0,0,0,1,14,840.0,0.096,-759.6,Normal
BR001,2025-11-20,9,12,158.7,1.9000000000000001,4.0,1,0,1,4,14,840.0,0.189,-681.3,Normal
BR001,2025-11-20,10,15,183.3,2.2800000000000002,3.4,0,0,4,2,14,840.0,0.218,-656.7,Normal
BR001,2025-11-20,11,12,99.8,2.4583333333333335,3.5,0,0,3,0,14,840.0,0.119,-740.2,Normal
BR001,2025-11-20,12,5,37.9,1.44,2.2,0,0,0,0,14,840.0,0.045,-802.1,Normal
BR001,2025-11-20,13,8,76.2,2.3125,3.2,0,0,0,1,14,840.0,0.091,-763.8,Normal
BR001,2025-11-20,14,4,58.2,2.625,3.5,0,0,0,1,14,840.0,0.069,-781.8,Normal
BR001,2025-11-20,15,2,29.1,2.2,2.6,0,0,0,0,14,840.0,0.035,-810.9,Normal
BR001,2025-11-20,16,2,39.2,2.3499999999999996,3.3,0,0,0,1,14,840.0,0.047,-800.8,Normal
BR001,2025-11-21,9,17,242.2,4.382352941176471,21.5,4,0,1,5,14,840.0,0.288,-597.8,Normal
BR001,2025-11-21,10,22,247.7,3.0318181818181817,14.5,7,0,5,1,14,840.0,0.295,-592.3,Normal
BR001,2025-11-21,11,13,169.7,1.9846153846153847,3.4,4,0,2,3,14,840.0,0.202,-670.3,Normal
BR001,2025-11-21,12,12,172.6,2.15,3.2,0,0,2,2,14,840.0,0.205,-667.4,Normal
BR001,2025-11-21,13,10,92.1,2.5,3.4,0,0,1,0,14,840.0,0.11,-747.9,Normal
BR001,2025-11-21,14,8,59.4,2.0625,3.4,0,0,0,0,14,840.0,0.071,-780.6,Normal
BR001,2025-11-21,15,5,62.0,2.7,3.2,0,0,0,1,14,840.0,0.074,-778.0,Normal
BR001,2025-11-21,16,1,25.9,2.8,2.8,0,0,0,1,14,840.0,0.031,-814.1,Normal
BR001,2025-11-24,9,17,235.0,2.988235294117647,13.0,1,0,4,4,14,840.0,0.28,-605.0,Normal
BR001,2025-11-24,10,13,163.3,2.2615384615384615,3.3,2,0,1,2,14,840.0,0.194,-676.7,Normal
BR001,2025-11-24,11,17,170.3,2.023529411764706,3.5,0,0,3,1,14,840.0,0.203,-669.7,Normal
BR001,2025-11-24,12,14,166.2,2.557142857142857,3.5,0,0,2,0,14,840.0,0.198,-673.8,Normal
BR001,2025-11-24,13,8,74.1,2.0,2.8,0,0,0,1,14,840.0,0.088,-765.9,Normal
BR001,2025-11-24,14,8,93.2,2.5,3.4,0,0,0,0,14,840.0,0.111,-746.8,Normal
BR001,2025-11-24,15,9,111.5,2.2555555555555555,3.5,0,0,0,1,14,840.0,0.133,-728.5,Normal
BR001,2025-11-25,9,10,76.8,15.09,50.4,5,1,3,1,14,840.0,0.091,-763.2,Moderate
BR001,2025-11-25,10,19,165.3,25.22105263157895,64.4,13,5,3,2,14,840.0,0.197,-674.7,High
BR001,2025-11-25,11,10,173.4,10.48,46.9,12,1,3,4,14,840.0,0.206,-666.6,Normal
BR001,2025-11-25,12,12,157.1,4.3500000000000005,18.8,11,0,0,3,14,840.0,0.187,-682.9,Normal
BR001,2025-11-25,13,2,14.9,2.4,2.5,7,0,0,0,14,840.0,0.018,-825.1,Normal
BR001,2025-11-25,14,7,133.6,12.028571428571428,50.2,2,1,0,3,14,840.0,0.159,-706.4,Normal
BR001,2025-11-25,15,5,74.5,2.34,3.3,0,0,0,2,14,840.0,0.089,-765.5,Normal
BR001,2025-11-26,9,18,235.1,2.8722222222222222,10.8,1,0,1,2,14,840.0,0.28,-604.9,Normal
BR001,2025-11-26,10,17,203.7,3.152941176470588,12.5,2,0,3,1,14,840.0,0.242,-636.3,Normal
BR001,2025-11-26,11,10,149.8,2.19,3.1,1,0,2,3,14,840.0,0.178,-690.2,Normal
BR001,2025-11-26,12,17,210.2,2.788235294117647,7.5,1,0,2,5,14,840.0,0.25,-629.8,Normal
BR001,2025-11-26,13,10,147.2,1.8399999999999999,3.3,0,0,1,1,14,840.0,0.175,-692.8,Normal
BR001,2025-11-26,14,8,113.00000000000001,1.925,3.3,0,0,0,3,14,840.0,0.135,-727.0,Normal
BR001,2025-11-26,15,5,44.5,2.9200000000000004,3.4,0,0,0,0,14,840.0,0.053,-795.5,Normal
BR001,2025-11-27,9,8,113.4,2.0125,2.9,0,0,1,2,14,840.0,0.135,-726.6,Normal
BR001,2025-11-27,10,8,134.8,1.825,3.2,0,0,4,2,14,840.0,0.16,-705.2,Normal
BR001,2025-11-27,11,12,182.1,1.866666666666667,3.4,0,0,1,4,14,840.0,0.217,-657.9,Normal
BR001,2025-11-27,12,11,180.7,2.0727272727272728,3.2,0,0,0,4,14,840.0,0.215,-659.3,Normal
BR001,2025-11-27,13,12,153.1,2.65,3.5,0,0,0,2,14,840.0,0.182,-686.9,Normal
BR001,2025-11-27,14,8,102.7,1.95,3.0,0,0,0,2,14,840.0,0.122,-737.3,Normal
BR001,2025-11-27,15,6,77.69999999999999,2.1666666666666665,3.2,0,0,0,2,14,840.0,0.092,-762.3,Normal
BR001,2025-11-28,9,22,227.4,4.1454545454545455,14.2,4,0,4,2,14,840.0,0.271,-612.6,Normal
BR001,2025-11-28,10,16,222.2,7.14375,41.9,3,1,4,4,14,840.0,0.265,-617.8,Normal
BR001,2025-11-28,11,24,319.5,4.441666666666666,35.1,3,0,4,4,14,840.0,0.38,-520.5,Normal
BR001,2025-11-28,12,21,233.7,2.0428571428571427,7.0,2,0,0,1,14,840.0,0.278,-606.3,Normal
BR001,2025-11-28,13,7,64.89999999999999,1.4142857142857144,2.4,0,0,0,0,14,840.0,0.077,-775.1,Normal
BR001,2025-11-28,14,12,108.8,1.8499999999999999,3.3,0,0,0,1,14,840.0,0.13,-731.2,Normal
BR001,2025-11-28,15,11,130.2,2.3000000000000003,3.4,0,0,0,2,14,840.0,0.155,-709.8,Normal
BR001,2025-11-28,16,3,54.599999999999994,1.7,2.7,0,0,0,1,14,840.0,0.065,-785.4,Normal
BR001,2025-11-29,9,17,191.7,2.7176470588235295,9.1,1,0,2,1,14,840.0,0.228,-648.3,Normal
BR001,2025-11-29,10,19,252.4,2.305263157894737,10.5,1,0,4,4,14,840.0,0.3,-587.6,Normal
BR001,2025-11-29,11,11,162.4,1.8818181818181818,3.3,0,0,3,2,14,840.0,0.193,-677.6,Normal
BR001,2025-11-29,12,24,256.6,3.883333333333333,30.4,3,0,5,1,14,840.0,0.305,-583.4,Normal
BR001,2025-11-29,13,14,144.8,2.542857142857143,4.6,4,0,3,1,14,840.0,0.172,-695.2,Normal
BR001,2025-11-29,14,16,186.79999999999998,3.95,18.4,4,0,0,2,14,840.0,0.222,-653.2,Normal
BR001,2025-11-29,15,7,91.1,1.7857142857142858,3.0,3,0,0,0,14,840.0,0.108,-748.9,Normal
BR001,2025-12-01,9,17,181.4,2.2058823529411766,3.5,0,0,2,0,14,840.0,0.216,-658.6,Normal
BR001,2025-12-01,10,21,316.9,4.038095238095238,26.4,2,0,3,8,14,840.0,0.377,-523.1,Normal
BR001,2025-12-01,11,19,244.8,2.4526315789473685,6.4,3,0,5,3,14,840.0,0.291,-595.2,Normal
BR001,2025-12-01,12,17,167.29999999999998,2.4823529411764707,6.6,2,0,2,3,14,840.0,0.199,-672.7,Normal
BR001,2025-12-01,13,13,160.0,2.1538461538461537,3.3,0,0,0,4,14,840.0,0.19,-680.0,Normal
BR001,2025-12-01,14,6,76.9,2.1333333333333333,3.4,0,0,0,2,14,840.0,0.092,-763.1,Normal
BR001,2025-12-01,15,9,94.2,2.2222222222222223,3.1,0,0,0,0,14,840.0,0.112,-745.8,Normal
BR001,2025-12-02,9,21,354.4,3.433333333333333,18.5,2,0,3,7,14,840.0,0.422,-485.6,Normal
BR001,2025-12-02,10,12,133.1,2.2916666666666665,3.4,0,0,2,2,14,840.0,0.158,-706.9,Normal
BR001,2025-12-02,11,17,196.1,2.123529411764706,3.4,1,0,2,2,14,840.0,0.233,-643.9,Normal
BR001,2025-12-02,12,11,101.7,2.390909090909091,3.5,0,0,2,0,14,840.0,0.121,-738.3,Normal
BR001,2025-12-02,13,15,255.5,2.1266666666666665,3.4,0,0,1,5,14,840.0,0.304,-584.5,Normal
BR001,2025-12-02,14,11,150.7,1.9727272727272727,2.9,0,0,0,2,14,840.0,0.179,-689.3,Normal
BR001,2025-12-02,15,5,74.5,1.94,2.6,0,0,0,1,14,840.0,0.089,-765.5,Normal
BR001,2025-12-03,9,14,147.1,2.4,3.7,1,0,3,0,14,840.0,0.175,-692.9,Normal
BR001,2025-12-03,10,19,179.8,4.3,27.1,3,0,0,2,14,840.0,0.214,-660.2,Normal
BR001,2025-12-03,11,20,366.5,3.495,18.6,2,0,2,7,14,840.0,0.436,-473.5,Normal
BR001,2025-12-03,12,12,152.4,2.566666666666667,3.2,0,0,1,1,14,840.0,0.181,-687.6,Normal
BR001,2025-12-03,13,18,217.3,2.272222222222222,3.4,0,0,1,4,14,840.0,0.259,-622.7,Normal
BR001,2025-12-03,14,9,112.0,2.522222222222222,3.3,0,0,0,2,14,840.0,0.133,-728.0,Normal
BR001,2025-12-03,15,7,111.4,2.142857142857143,3.1,0,0,0,1,14,840.0,0.133,-728.6,Normal
BR001,2025-12-04,9,18,172.6,3.938888888888889,20.7,3,0,2,2,14,840.0,0.205,-667.4,Normal
BR001,2025-12-04,10,16,195.4,2.0875,3.3,2,0,0,2,14,840.0,0.233,-644.6,Normal
BR001,2025-12-04,11,11,151.5,2.0090909090909093,3.2,0,0,4,3,14,840.0,0.18,-688.5,Normal
BR001,2025-12-04,12,15,194.0,2.04,3.2,0,0,2,3,14,840.0,0.231,-646.0,Normal
BR001,2025-12-04,13,7,93.9,2.0285714285714285,3.5,0,0,0,1,14,840.0,0.112,-746.1,Normal
BR001,2025-12-04,14,8,85.60000000000001,2.1875,2.9,0,0,0,1,14,840.0,0.102,-754.4,Normal
BR001,2025-12-04,15,5,57.2,1.9600000000000002,2.8,0,0,0,1,14,840.0,0.068,-782.8,Normal
BR001,2025-12-04,16,2,22.3,2.1,3.3,0,0,0,0,14,840.0,0.027,-817.7,Normal
BR001,2025-12-05,9,17,246.0,2.4,3.3,0,0,4,4,14,840.0,0.293,-594.0,Normal
BR001,2025-12-05,10,28,299.0,7.2250000000000005,40.8,5,0,3,3,14,840.0,0.356,-541.0,Normal
BR001,2025-12-05,11,17,240.6,3.152941176470588,12.7,3,0,2,5,14,840.0,0.286,-599.4,Normal
BR001,2025-12-05,12,9,170.9,3.0999999999999996,10.0,4,0,3,3,14,840.0,0.203,-669.1,Normal
BR001,2025-12-05,13,14,158.7,2.4714285714285715,3.5,0,0,4,1,14,840.0,0.189,-681.3,Normal
BR001,2025-12-05,14,17,243.79999999999998,2.1176470588235294,4.2,1,0,0,3,14,840.0,0.29,-596.2,Normal
BR001,2025-12-05,15,9,117.6,2.1888888888888887,3.3,0,0,0,1,14,840.0,0.14,-722.4,Normal
BR001,2025-12-06,9,16,220.7,3.0625,14.3,1,0,2,4,14,840.0,0.263,-619.3,Normal
BR001,2025-12-06,10,8,112.8,5.7875,30.3,1,0,4,1,14,840.0,0.134,-727.2,Normal
BR001,2025-12-06,11,14,167.3,2.107142857142857,3.4,0,0,1,2,14,840.0,0.199,-672.7,Normal
BR001,2025-12-06,12,9,112.8,2.2666666666666666,3.4,0,0,0,1,14,840.0,0.134,-727.2,Normal
BR001,2025-12-06,13,10,165.1,1.95,3.4,0,0,0,4,14,840.0,0.197,-674.9,Normal
BR001,2025-12-06,14,9,54.7,2.2666666666666666,3.4,0,0,0,0,14,840.0,0.065,-785.3,Normal
BR001,2025-12-06,15,1,23.2,1.3,1.3,0,0,0,1,14,840.0,0.028,-816.8,Normal
BR001,2025-12-08,9,17,270.9,4.764705882352941,35.1,2,0,2,5,14,840.0,0.322,-569.1,Normal
BR001,2025-12-08,10,21,218.2,12.638095238095238,51.8,6,3,3,4,14,840.0,0.26,-621.8,Normal
BR001,2025-12-08,11,18,158.5,3.483333333333333,12.1,7,0,4,3,14,840.0,0.189,-681.5,Normal
BR001,2025-12-08,12,9,86.9,2.4555555555555557,3.4,6,0,0,1,14,840.0,0.103,-753.1,Normal
BR001,2025-12-08,13,4,30.299999999999997,2.25,2.9,0,0,0,0,14,840.0,0.036,-809.7,Normal
BR001,2025-12-08,14,6,63.6,2.0500000000000003,3.3,0,0,0,0,14,840.0,0.076,-776.4,Normal
BR001,2025-12-08,15,3,60.099999999999994,1.7333333333333334,2.2,0,0,0,2,14,840.0,0.072,-779.9,Normal
BR001,2025-12-09,9,12,115.39999999999999,1.9333333333333333,3.1,0,0,2,1,14,840.0,0.137,-724.6,Normal
BR001,2025-12-09,10,22,281.2,4.131818181818182,26.1,2,0,3,3,14,840.0,0.335,-558.8,Normal
BR001,2025-12-09,11,18,186.1,2.45,3.4,1,0,2,3,14,840.0,0.222,-653.9,Normal
BR001,2025-12-09,12,7,108.9,2.5285714285714285,3.4,0,0,1,2,14,840.0,0.13,-731.1,Normal
BR001,2025-12-09,13,7,82.2,1.9142857142857144,3.2,0,0,0,1,14,840.0,0.098,-757.8,Normal
BR001,2025-12-09,14,5,93.5,2.18,3.1,0,0,1,3,14,840.0,0.111,-746.5,Normal
BR001,2025-12-09,15,1,14.6,0.9,0.9,0,0,0,0,14,840.0,0.017,-825.4,Normal
BR001,2025-12-09,16,1,15.8,1.5,1.5,0,0,0,0,14,840.0,0.019,-824.2,Normal
BR001,2025-12-10,9,16,167.8,1.80625,3.4,0,0,2,2,14,840.0,0.2,-672.2,Normal
BR001,2025-12-10,10,13,203.1,2.6153846153846154,5.6,2,0,1,4,14,840.0,0.242,-636.9,Normal
BR001,2025-12-10,11,10,138.8,3.34,15.0,1,0,1,2,14,840.0,0.165,-701.2,Normal
BR001,2025-12-10,12,15,181.9,2.353333333333333,3.4,0,0,5,2,14,840.0,0.217,-658.1,Normal
BR001,2025-12-10,13,11,113.9,1.9636363636363638,3.2,0,0,0,1,14,840.0,0.136,-726.1,Normal
BR001,2025-12-10,14,9,114.89999999999999,1.7777777777777777,3.2,0,0,0,2,14,840.0,0.137,-725.1,Normal
BR001,2025-12-10,15,8,114.4,2.325,3.4,0,0,0,1,14,840.0,0.136,-725.6,Normal
BR001,2025-12-11,9,8,108.30000000000001,2.2875,3.4,0,0,3,2,14,840.0,0.129,-731.7,Normal
BR001,2025-12-11,10,9,58.3,2.5,3.4,0,0,1,0,14,840.0,0.069,-781.7,Normal
BR001,2025-12-11,11,11,114.5,2.3545454545454545,3.1,0,0,3,1,14,840.0,0.136,-725.5,Normal
BR001,2025-12-11,12,13,125.0,1.953846153846154,3.7,1,0,2,1,14,840.0,0.149,-715.0,Normal
BR001,2025-12-11,13,15,216.3,2.2666666666666666,3.3,0,0,1,5,14,840.0,0.258,-623.7,Normal
BR001,2025-12-11,14,11,108.1,2.0454545454545454,3.4,0,0,0,1,14,840.0,0.129,-731.9,Normal
BR001,2025-12-11,15,4,33.9,1.85,2.6,0,0,0,1,14,840.0,0.04,-806.1,Normal
BR001,2025-12-12,9,14,165.4,1.7642857142857142,3.2,0,0,3,1,14,840.0,0.197,-674.6,Normal
BR001,2025-12-12,10,8,104.2,2.1125,3.2,0,0,1,1,14,840.0,0.124,-735.8,Normal
BR001,2025-12-12,11,17,222.9,2.876470588235294,14.8,1,0,2,4,14,840.0,0.265,-617.1,Normal
BR001,2025-12-12,12,12,172.7,4.033333333333333,21.5,1,0,0,3,14,840.0,0.206,-667.3,Normal
BR001,2025-12-12,13,16,152.6,2.2,3.1,0,0,2,2,14,840.0,0.182,-687.4,Normal
BR001,2025-12-12,14,13,178.4,2.1,3.5,1,0,1,3,14,840.0,0.212,-661.6,Normal
BR001,2025-12-12,15,7,116.4,2.6,3.3,0,0,0,3,14,840.0,0.139,-723.6,Normal
BR001,2025-12-12,16,1,5.2,3.4,3.4,0,0,0,0,14,840.0,0.006,-834.8,Normal
BR001,2025-12-15,9,19,250.1,2.1473684210526316,4.1,1,0,2,3,14,840.0,0.298,-589.9,Normal
BR001,2025-12-15,10,16,244.89999999999998,6.575,19.4,3,0,3,5,14,840.0,0.292,-595.1,Normal
BR001,2025-12-15,11,18,200.79999999999998,2.211111111111111,5.1,2,0,4,2,14,840.0,0.239,-639.2,Normal
BR001,2025-12-15,12,12,144.0,1.7916666666666667,3.4,1,0,0,2,14,840.0,0.171,-696.0,Normal
BR001,2025-12-15,13,9,112.8,2.2777777777777777,3.5,0,0,0,2,14,840.0,0.134,-727.2,Normal
BR001,2025-12-15,14,8,127.8,2.0875,3.2,0,0,0,2,14,840.0,0.152,-712.2,Normal
BR001,2025-12-15,15,5,64.3,1.6800000000000002,2.6,0,0,0,1,14,840.0,0.077,-775.7,Normal
BR001,2025-12-15,16,2,52.5,2.05,3.3,0,0,0,1,14,840.0,0.062,-787.5,Normal
BR001,2025-12-16,9,12,162.9,2.983333333333333,9.7,2,0,3,4,14,840.0,0.194,-677.1,Normal
BR001,2025-12-16,10,19,213.20000000000002,2.4526315789473685,3.4,1,0,4,3,14,840.0,0.254,-626.8,Normal
BR001,2025-12-16,11,10,104.9,2.25,3.3,0,0,0,1,14,840.0,0.125,-735.1,Normal
BR001,2025-12-16,12,12,125.80000000000001,2.25,3.0,0,0,0,1,14,840.0,0.15,-714.2,Normal
BR001,2025-12-16,13,8,64.9,1.6375,2.6,0,0,0,0,14,840.0,0.077,-775.1,Normal
BR001,2025-12-16,14,8,86.7,1.75,3.4,0,0,0,1,14,840.0,0.103,-753.3,Normal
BR001,2025-12-16,15,5,36.1,2.2399999999999998,3.3,0,0,0,0,14,840.0,0.043,-803.9,Normal
BR001,2025-12-16,16,1,14.9,1.4,1.4,0,0,0,0,14,840.0,0.018,-825.1,Normal
BR001,2025-12-17,9,14,154.4,2.5285714285714285,3.5,0,0,4,2,14,840.0,0.184,-685.6,Normal
BR001,2025-12-17,10,7,58.599999999999994,2.642857142857143,3.4,0,0,1,1,14,840.0,0.07,-781.4,Normal
BR001,2025-12-17,11,10,111.3,2.07,3.4,0,0,1,1,14,840.0,0.132,-728.7,Normal
BR001,2025-12-17,12,8,81.3,2.075,3.2,0,0,2,1,14,840.0,0.097,-758.7,Normal
BR001,2025-12-17,13,10,101.3,1.97,3.5,0,0,0,0,14,840.0,0.121,-738.7,Normal
BR001,2025-12-17,14,11,116.1,2.118181818181818,2.7,0,0,0,0,14,840.0,0.138,-723.9,Normal
BR001,2025-12-17,15,3,19.0,2.8000000000000003,3.2,0,0,0,0,14,840.0,0.023,-821.0,Normal
BR001,2025-12-17,16,1,8.3,3.3,3.3,0,0,0,0,14,840.0,0.01,-831.7,Normal
BR001,2025-12-18,9,13,106.4,2.3,3.4,0,0,1,1,14,840.0,0.127,-733.6,Normal
BR001,2025-12-18,10,12,155.4,2.533333333333333,3.4,0,0,1,1,14,840.0,0.185,-684.6,Normal
BR001,2025-12-18,11,9,132.8,2.7666666666666666,3.5,0,0,1,1,14,840.0,0.158,-707.2,Normal
BR001,2025-12-18,12,11,185.7,1.9636363636363634,3.2,0,0,2,5,14,840.0,0.221,-654.3,Normal
BR001,2025-12-18,13,11,120.6,2.018181818181818,3.5,0,0,2,2,14,840.0,0.144,-719.4,Normal
BR001,2025-12-18,14,7,77.4,2.085714285714286,3.5,0,0,0,2,14,840.0,0.092,-762.6,Normal
BR001,2025-12-18,15,7,82.1,1.7857142857142858,3.2,0,0,0,1,14,840.0,0.098,-757.9,Normal
BR001,2025-12-19,9,15,209.3,2.2800000000000002,3.4,0,0,2,3,14,840.0,0.249,-630.7,Normal
BR001,2025-12-19,10,11,119.9,2.1727272727272724,3.0,0,0,1,0,14,840.0,0.143,-720.1,Normal
BR001,2025-12-19,11,18,255.8,3.316666666666667,9.9,4,0,4,4,14,840.0,0.305,-584.2,Normal
BR001,2025-12-19,12,17,232.6,3.2764705882352945,21.7,3,0,2,3,14,840.0,0.277,-607.4,Normal
BR001,2025-12-19,13,11,154.5,1.8636363636363635,2.7,0,0,0,2,14,840.0,0.184,-685.5,Normal
BR001,2025-12-19,14,6,57.2,2.0500000000000003,2.9,0,0,0,0,14,840.0,0.068,-782.8,Normal
BR001,2025-12-19,15,10,111.2,1.7399999999999998,2.9,0,0,0,2,14,840.0,0.132,-728.8,Normal
BR001,2025-12-20,9,10,106.7,2.02,3.4,0,0,1,0,14,840.0,0.127,-733.3,Normal
BR001,2025-12-20,10,18,231.9,7.2555555555555555,31.0,5,0,5,4,14,840.0,0.276,-608.1,Normal
BR001,2025-12-20,11,16,186.7,1.8,2.9,4,0,3,2,14,840.0,0.222,-653.3,Normal
BR001,2025-12-20,12,15,191.5,3.0933333333333333,10.8,2,0,0,2,14,840.0,0.228,-648.5,Normal
BR001,2025-12-20,13,8,81.9,2.15,3.4,0,0,0,1,14,840.0,0.098,-758.1,Normal
BR001,2025-12-20,14,8,123.6,2.2875,3.2,1,0,0,3,14,840.0,0.147,-716.4,Normal
BR001,2025-12-20,15,5,60.6,2.3,3.1,0,0,0,1,14,840.0,0.072,-779.4,Normal
BR001,2025-12-22,9,13,166.8,2.253846153846154,4.2,1,0,1,1,14,840.0,0.199,-673.2,Normal
BR001,2025-12-22,10,12,149.0,4.566666666666666,21.1,1,0,4,1,14,840.0,0.177,-691.0,Normal
BR001,2025-12-22,11,20,171.4,3.225,11.9,3,0,4,2,14,840.0,0.204,-668.6,Normal
BR001,2025-12-22,12,11,90.5,6.554545454545454,22.8,3,0,0,0,14,840.0,0.108,-749.5,Normal
BR001,2025-12-22,13,16,155.6,2.5375,3.4,0,0,0,2,14,840.0,0.185,-684.4,Normal
BR001,2025-12-22,14,10,119.7,2.2,3.2,2,0,0,1,14,840.0,0.143,-720.3,Normal
BR001,2025-12-22,15,4,99.4,2.625,3.4,0,0,0,3,14,840.0,0.118,-740.6,Normal
BR001,2025-12-22,16,1,8.3,2.1,2.1,0,0,0,0,14,840.0,0.01,-831.7,Normal
BR001,2025-12-23,9,12,104.3,2.1666666666666665,3.5,0,0,3,0,14,840.0,0.124,-735.7,Normal
BR001,2025-12-23,10,9,155.6,2.3777777777777778,3.3,0,0,2,2,14,840.0,0.185,-684.4,Normal
BR001,2025-12-23,11,12,173.70000000000002,1.9333333333333333,3.2,0,0,1,3,14,840.0,0.207,-666.3,Normal
BR001,2025-12-23,12,9,117.3,2.8666666666666663,9.1,1,0,1,1,14,840.0,0.14,-722.7,Normal
BR001,2025-12-23,13,11,131.9,2.109090909090909,3.1,0,0,0,1,14,840.0,0.157,-708.1,Normal
BR001,2025-12-23,14,6,70.0,2.283333333333333,3.2,0,0,0,1,14,840.0,0.083,-770.0,Normal
BR001,2025-12-23,15,2,29.2,2.2,3.1,0,0,0,0,14,840.0,0.035,-810.8,Normal
BR001,2025-12-23,16,1,20.0,3.1,3.1,0,0,0,1,14,840.0,0.024,-820.0,Normal
BR001,2025-12-24,9,15,208.29999999999998,2.6133333333333337,5.2,1,0,3,5,14,840.0,0.248,-631.7,Normal
BR001,2025-12-24,10,17,199.9,3.5235294117647062,19.6,1,0,3,4,14,840.0,0.238,-640.1,Normal
BR001,2025-12-24,11,18,250.2,1.9333333333333331,3.3,0,0,4,4,14,840.0,0.298,-589.8,Normal
BR001,2025-12-24,12,10,152.5,1.75,2.8,0,0,0,3,14,840.0,0.182,-687.5,Normal
BR001,2025-12-24,13,9,82.8,1.6444444444444446,2.9,0,0,0,0,14,840.0,0.099,-757.2,Normal
BR001,2025-12-24,14,9,80.8,2.0555555555555554,3.4,0,0,0,1,14,840.0,0.096,-759.2,Normal
BR001,2025-12-24,15,4,36.8,2.575,3.4,0,0,0,0,14,840.0,0.044,-803.2,Normal
BR001,2025-12-24,16,2,19.2,2.0,2.8,0,0,0,0,14,840.0,0.023,-820.8,Normal
BR001,2025-12-26,9,19,265.1,10.210526315789474,45.8,6,0,3,3,14,840.0,0.316,-574.9,Normal
BR001,2025-12-26,10,21,279.59999999999997,2.357142857142857,9.5,5,0,8,5,14,840.0,0.333,-560.4,Normal
BR001,2025-12-26,11,26,389.90000000000003,3.419230769230769,20.9,1,0,3,8,14,840.0,0.464,-450.1,Normal
BR001,2025-12-26,12,12,177.2,2.4166666666666665,3.2,0,0,0,4,14,840.0,0.211,-662.8,Normal
BR001,2025-12-26,13,8,110.9,2.4,3.5,0,0,0,1,14,840.0,0.132,-729.1,Normal
BR001,2025-12-26,14,11,138.4,2.6545454545454543,9.6,1,0,0,2,14,840.0,0.165,-701.6,Normal
BR001,2025-12-26,15,8,187.0,2.3875,3.4,0,0,0,6,14,840.0,0.223,-653.0,Normal
BR001,2025-12-29,9,27,307.6,5.474074074074075,34.3,3,0,7,3,14,840.0,0.366,-532.4,Normal
BR001,2025-12-29,10,25,304.9,3.24,17.2,3,0,3,4,14,840.0,0.363,-535.1,Normal
BR001,2025-12-29,11,15,164.5,3.92,22.5,2,0,1,0,14,840.0,0.196,-675.5,Normal
BR001,2025-12-29,12,16,179.4,2.0125,3.4,0,0,0,2,14,840.0,0.214,-660.6,Normal
BR001,2025-12-29,13,7,86.5,1.5714285714285714,2.9,1,0,0,2,14,840.0,0.103,-753.5,Normal
BR001,2025-12-29,14,11,106.2,7.609090909090909,30.9,1,0,0,1,14,840.0,0.126,-733.8,Normal
BR001,2025-12-29,15,13,231.3,2.2153846153846155,3.5,0,0,0,5,14,840.0,0.275,-608.7,Normal
BR001,2025-12-29,16,1,5.0,1.8,1.8,0,0,0,0,14,840.0,0.006,-835.0,Normal
BR001,2025-12-30,9,21,237.7,3.4666666666666663,15.7,3,0,2,3,14,840.0,0.283,-602.3,Normal
BR001,2025-12-30,10,18,260.0,3.7222222222222223,18.3,2,0,1,4,14,840.0,0.31,-580.0,Normal
BR001,2025-12-30,11,17,243.9,2.164705882352941,3.4,1,0,0,4,14,840.0,0.29,-596.1,Normal
BR001,2025-12-30,12,17,194.0,6.388235294117647,36.2,2,0,5,3,14,840.0,0.231,-646.0,Normal
BR001,2025-12-30,13,15,177.3,3.4066666666666667,18.6,1,0,4,2,14,840.0,0.211,-662.7,Normal
BR001,2025-12-30,14,17,226.20000000000002,2.235294117647059,3.5,0,0,3,3,14,840.0,0.269,-613.8,Normal
BR001,2025-12-30,15,8,86.8,2.5375,3.3,0,0,0,1,14,840.0,0.103,-753.2,Normal
BR001,2025-12-31,9,18,234.6,4.344444444444445,25.7,1,0,5,3,14,840.0,0.279,-605.4,Normal
BR001,2025-12-31,10,22,341.0,7.354545454545455,46.1,3,0,3,7,14,840.0,0.406,-499.0,Normal
BR001,2025-12-31,11,26,335.9,9.4,51.8,6,1,7,5,14,840.0,0.4,-504.1,Normal
BR001,2025-12-31,12,19,276.1,4.010526315789474,18.6,5,0,2,5,14,840.0,0.329,-563.9,Normal
BR001,2025-12-31,13,10,166.8,2.31,3.4,4,0,0,3,14,840.0,0.199,-673.2,Normal
BR001,2025-12-31,14,13,181.8,1.9384615384615385,3.2,0,0,0,2,14,840.0,0.216,-658.2,Normal
BR001,2025-12-31,15,7,115.9,2.042857142857143,3.4,0,0,0,4,14,840.0,0.138,-724.1,Normal
BR001,2025-12-31,16,2,33.7,2.45,2.6,0,0,0,0,14,840.0,0.04,-806.3,Normal
BR001,2026-01-02,9,15,149.0,3.9600000000000004,19.3,1,0,3,2,14,840.0,0.177,-691.0,Normal
BR001,2026-01-02,10,26,328.2,6.015384615384615,52.2,7,1,7,6,14,840.0,0.391,-511.8,Normal
BR001,2026-01-02,11,24,301.1,3.204166666666667,15.4,6,0,6,5,14,840.0,0.358,-538.9,Normal
BR001,2026-01-02,12,22,254.9,4.131818181818182,16.9,4,0,0,4,14,840.0,0.303,-585.1,Normal
BR001,2026-01-02,13,14,99.1,2.257142857142857,3.5,3,0,1,0,14,840.0,0.118,-740.9,Normal
BR001,2026-01-02,14,13,183.2,4.053846153846154,13.6,2,0,0,3,14,840.0,0.218,-656.8,Normal
BR001,2026-01-02,15,9,148.7,1.7444444444444445,3.3,0,0,0,3,14,840.0,0.177,-691.3,Normal
BR001,2026-01-02,16,1,5.2,2.7,2.7,0,0,0,0,14,840.0,0.006,-834.8,Normal
BR001,2026-01-03,9,13,184.7,2.1384615384615384,3.6,1,0,6,2,14,840.0,0.22,-655.3,Normal
BR001,2026-01-03,10,23,248.4,5.521739130434782,32.0,4,0,5,3,14,840.0,0.296,-591.6,Normal
BR001,2026-01-03,11,13,169.4,2.0923076923076924,3.5,2,0,1,3,14,840.0,0.202,-670.6,Normal
BR001,2026-01-03,12,12,130.2,2.1333333333333333,3.2,3,0,1,1,14,840.0,0.155,-709.8,Normal
BR001,2026-01-03,13,6,96.7,2.066666666666667,2.8,0,0,0,2,14,840.0,0.115,-743.3,Normal
BR001,2026-01-03,14,19,224.8,2.5736842105263156,3.5,1,0,1,3,14,840.0,0.268,-615.2,Normal
BR001,2026-01-03,15,8,125.30000000000001,2.625,3.5,0,0,0,2,14,840.0,0.149,-714.7,Normal
BR001,2026-01-03,16,1,6.3,2.4,2.4,0,0,0,0,14,840.0,0.008,-833.7,Normal
BR001,2026-01-05,9,12,221.2,6.508333333333333,23.8,2,0,0,5,14,840.0,0.263,-618.8,Normal
BR001,2026-01-05,10,22,299.8,6.959090909090909,30.0,4,0,4,4,14,840.0,0.357,-540.2,Normal
BR001,2026-01-05,11,24,289.4,7.141666666666667,40.9,5,1,1,4,14,840.0,0.345,-550.6,Normal
BR001,2026-01-05,12,21,269.4,3.395238095238095,22.0,4,0,2,4,14,840.0,0.321,-570.6,Normal
BR001,2026-01-05,13,18,231.4,2.216666666666667,3.4,2,0,2,2,14,840.0,0.275,-608.6,Normal
BR001,2026-01-05,14,9,132.9,2.177777777777778,3.1,0,0,2,2,14,840.0,0.158,-707.1,Normal
BR001,2026-01-05,15,8,60.7,1.7875,3.3,0,0,3,0,14,840.0,0.072,-779.3,Normal
BR001,2026-01-05,16,1,13.8,2.9,2.9,0,0,0,0,14,840.0,0.016,-826.2,Normal
BR001,2026-01-06,9,9,79.0,2.2222222222222223,3.2,0,0,2,0,14,840.0,0.094,-761.0,Normal
BR001,2026-01-06,10,13,182.0,2.523076923076923,3.3,0,0,2,3,14,840.0,0.217,-658.0,Normal
BR001,2026-01-06,11,13,143.7,2.0846153846153848,3.5,0,0,4,1,14,840.0,0.171,-696.3,Normal
BR001,2026-01-06,12,6,40.5,2.216666666666667,3.3,0,0,1,0,14,840.0,0.048,-799.5,Normal
BR001,2026-01-06,13,7,93.30000000000001,2.157142857142857,3.2,0,0,0,1,14,840.0,0.111,-746.7,Normal
BR001,2026-01-06,14,10,144.8,2.6100000000000003,3.5,0,0,0,3,14,840.0,0.172,-695.2,Normal
BR001,2026-01-06,15,3,20.8,2.6666666666666665,3.2,0,0,0,0,14,840.0,0.025,-819.2,Normal
BR001,2026-01-06,16,1,13.8,3.1,3.1,0,0,0,0,14,840.0,0.016,-826.2,Normal
BR001,2026-01-07,9,7,109.7,1.6,2.6,0,0,2,3,14,840.0,0.131,-730.3,Normal
BR001,2026-01-07,10,14,180.0,2.7214285714285715,8.0,1,0,5,2,14,840.0,0.214,-660.0,Normal
BR001,2026-01-07,11,11,93.5,2.0,2.9,0,0,2,1,14,840.0,0.111,-746.5,Normal
BR001,2026-01-07,12,11,148.6,2.1545454545454543,3.4,0,0,0,2,14,840.0,0.177,-691.4,Normal
BR001,2026-01-07,13,9,71.0,2.466666666666667,3.4,0,0,0,0,14,840.0,0.085,-769.0,Normal
BR001,2026-01-07,14,12,121.9,2.0833333333333335,3.3,0,0,0,0,14,840.0,0.145,-718.1,Normal
BR001,2026-01-07,15,5,69.60000000000001,2.54,3.0,0,0,0,1,14,840.0,0.083,-770.4,Normal
BR001,2026-01-08,9,7,41.1,2.6285714285714286,3.3,0,0,1,0,14,840.0,0.049,-798.9,Normal
BR001,2026-01-08,10,9,129.6,2.111111111111111,3.4,0,0,2,2,14,840.0,0.154,-710.4,Normal
BR001,2026-01-08,11,8,91.2,1.7875,2.7,0,0,2,2,14,840.0,0.109,-748.8,Normal
BR001,2026-01-08,12,7,73.4,5.485714285714286,26.2,1,0,0,1,14,840.0,0.087,-766.6,Normal
BR001,2026-01-08,13,8,59.6,2.3125,3.3,0,0,0,0,14,840.0,0.071,-780.4,Normal
BR001,2026-01-08,14,8,98.9,3.375,9.7,2,0,0,1,14,840.0,0.118,-741.1,Normal
BR001,2026-01-08,15,5,65.4,2.7199999999999998,3.4,0,0,0,1,14,840.0,0.078,-774.6,Normal
BR001,2026-01-08,16,1,28.7,2.2,2.2,1,0,0,1,14,840.0,0.034,-811.3,Normal
BR001,2026-01-09,9,13,176.0,3.0153846153846158,13.6,1,0,3,1,14,840.0,0.21,-664.0,Normal
BR001,2026-01-09,10,20,220.2,6.725,38.3,3,0,4,2,14,840.0,0.262,-619.8,Normal
BR001,2026-01-09,11,21,228.7,2.619047619047619,8.2,1,0,3,2,14,840.0,0.272,-611.3,Normal
BR001,2026-01-09,12,13,188.1,2.0384615384615383,2.8,2,0,3,3,14,840.0,0.224,-651.9,Normal
BR001,2026-01-09,13,11,107.9,1.7454545454545454,3.2,0,0,0,1,14,840.0,0.128,-732.1,Normal
BR001,2026-01-09,14,13,187.4,2.207692307692308,3.2,0,0,0,3,14,840.0,0.223,-652.6,Normal
BR001,2026-01-09,15,16,188.5,2.24375,3.5,0,0,0,3,14,840.0,0.224,-651.5,Normal
BR001,2026-01-09,16,1,3.0,0.9,0.9,0,0,0,0,14,840.0,0.004,-837.0,Normal
BR001,2026-01-12,9,13,140.6,9.899999999999999,59.9,5,1,6,3,14,840.0,0.167,-699.4,Normal
BR001,2026-01-12,10,20,235.2,15.405000000000001,63.7,10,3,4,4,14,840.0,0.28,-604.8,Moderate
BR001,2026-01-12,11,14,167.4,8.378571428571428,27.7,11,0,1,3,14,840.0,0.199,-672.6,Normal
BR001,2026-01-12,12,11,193.3,4.4,20.1,10,0,0,4,14,840.0,0.23,-646.7,Normal
BR001,2026-01-12,13,10,134.6,4.38,27.0,3,0,0,2,14,840.0,0.16,-705.4,Normal
BR001,2026-01-12,14,10,159.1,1.86,2.6,2,0,0,3,14,840.0,0.189,-680.9,Normal
BR001,2026-01-12,15,5,94.2,2.2,2.9,0,0,0,2,14,840.0,0.112,-745.8,Normal
BR001,2026-01-12,16,1,6.8,1.3,1.3,0,0,0,0,14,840.0,0.008,-833.2,Normal
BR001,2026-01-13,9,12,138.79999999999998,1.7750000000000001,3.5,0,0,1,2,14,840.0,0.165,-701.2,Normal
BR001,2026-01-13,10,11,187.6,1.9181818181818182,3.1,0,0,2,3,14,840.0,0.223,-652.4,Normal
BR001,2026-01-13,11,11,167.8,1.8545454545454545,3.1,0,0,2,4,14,840.0,0.2,-672.2,Normal
BR001,2026-01-13,12,11,181.3,1.9636363636363638,2.9,0,0,1,3,14,840.0,0.216,-658.7,Normal
BR001,2026-01-13,13,8,91.2,2.0375,3.1,0,0,0,0,14,840.0,0.109,-748.8,Normal
BR001,2026-01-13,14,8,94.7,2.675,3.4,0,0,1,2,14,840.0,0.113,-745.3,Normal
BR001,2026-01-13,15,5,55.0,1.6600000000000001,3.5,0,0,2,0,14,840.0,0.065,-785.0,Normal
BR001,2026-01-15,9,9,84.2,2.5555555555555554,3.5,0,0,1,1,14,840.0,0.1,-755.8,Normal
BR001,2026-01-15,10,5,60.2,2.02,2.3,0,0,2,1,14,840.0,0.072,-779.8,Normal
BR001,2026-01-15,11,15,173.8,1.9866666666666668,3.5,0,0,4,3,14,840.0,0.207,-666.2,Normal
BR001,2026-01-15,12,8,57.5,2.2,3.2,0,0,0,0,14,840.0,0.068,-782.5,Normal
BR001,2026-01-15,13,8,154.1,2.325,3.3,0,0,0,3,14,840.0,0.183,-685.9,Normal
BR001,2026-01-15,14,5,96.6,1.5,2.2,0,0,0,2,14,840.0,0.115,-743.4,Normal
BR001,2026-01-15,15,5,34.6,2.52,3.3,0,0,0,0,14,840.0,0.041,-805.4,Normal
BR001,2026-01-16,9,12,93.8,1.675,3.2,0,0,2,0,14,840.0,0.112,-746.2,Normal
BR001,2026-01-16,10,12,103.4,1.8333333333333333,2.9,0,0,2,1,14,840.0,0.123,-736.6,Normal
BR001,2026-01-16,11,19,188.6,2.6578947368421053,6.5,1,0,4,3,14,840.0,0.225,-651.4,Normal
BR001,2026-01-16,12,15,187.6,2.466666666666667,4.1,1,0,1,3,14,840.0,0.223,-652.4,Normal
BR001,2026-01-16,13,11,132.8,2.2363636363636363,3.3,0,0,0,2,14,840.0,0.158,-707.2,Normal
BR001,2026-01-16,14,12,128.6,2.225,3.1,0,0,0,1,14,840.0,0.153,-711.4,Normal
BR001,2026-01-16,15,5,43.4,2.46,3.1,0,0,0,0,14,840.0,0.052,-796.6,Normal
BR001,2026-01-16,16,1,16.7,1.4,1.4,0,0,0,1,14,840.0,0.02,-823.3,Normal
BR001,2026-01-17,9,11,110.19999999999999,4.763636363636365,21.6,1,0,3,2,14,840.0,0.131,-729.8,Normal
BR001,2026-01-17,10,16,156.3,5.2375,38.9,3,1,4,3,14,840.0,0.186,-683.7,Normal
BR001,2026-01-17,11,16,213.2,5.5625,20.0,4,0,2,3,14,840.0,0.254,-626.8,Normal
BR001,2026-01-17,12,11,138.0,4.381818181818182,16.2,3,0,0,1,14,840.0,0.164,-702.0,Normal
BR001,2026-01-17,13,11,131.4,3.3545454545454545,15.2,3,0,0,1,14,840.0,0.156,-708.6,Normal
BR001,2026-01-17,14,9,81.6,2.566666666666667,3.3,1,0,0,0,14,840.0,0.097,-758.4,Normal
BR001,2026-01-17,15,5,79.0,2.1399999999999997,3.0,0,0,0,1,14,840.0,0.094,-761.0,Normal
BR001,2026-01-17,16,2,15.0,2.9,3.3,0,0,0,0,14,840.0,0.018,-825.0,Normal
BR001,2026-01-19,9,17,209.9,1.9294117647058822,3.2,0,0,2,3,14,840.0,0.25,-630.1,Normal
BR001,2026-01-19,10,16,184.4,2.525,5.5,1,0,2,1,14,840.0,0.22,-655.6,Normal
BR001,2026-01-19,11,12,98.5,2.191666666666667,3.4,0,0,3,0,14,840.0,0.117,-741.5,Normal
BR001,2026-01-19,12,15,167.5,2.5533333333333332,3.5,0,0,3,2,14,840.0,0.199,-672.5,Normal
BR001,2026-01-19,13,8,98.4,2.1,3.3,0,0,1,2,14,840.0,0.117,-741.6,Normal
BR001,2026-01-19,14,13,201.4,2.0846153846153843,3.4,0,0,0,4,14,840.0,0.24,-638.6,Normal
BR001,2026-01-19,15,4,54.9,1.575,2.5,0,0,0,1,14,840.0,0.065,-785.1,Normal
BR001,2026-01-19,16,1,22.7,1.2,1.2,0,0,0,0,14,840.0,0.027,-817.3,Normal
BR001,2026-01-20,9,7,92.5,2.3857142857142857,3.5,0,0,0,1,14,840.0,0.11,-747.5,Normal
BR001,2026-01-20,10,19,178.9,5.684210526315789,36.8,2,0,3,2,14,840.0,0.213,-661.1,Normal
BR001,2026-01-20,11,14,151.4,2.2214285714285715,3.5,1,0,1,3,14,840.0,0.18,-688.6,Normal
BR001,2026-01-20,12,7,65.7,2.1714285714285713,3.5,0,0,1,1,14,840.0,0.078,-774.3,Normal
BR001,2026-01-20,13,8,80.1,2.6375,3.1,0,0,3,1,14,840.0,0.095,-759.9,Normal
BR001,2026-01-20,14,8,83.8,2.1125,3.3,0,0,0,1,14,840.0,0.1,-756.2,Normal
BR001,2026-01-20,15,4,56.1,2.2,3.2,0,0,1,1,14,840.0,0.067,-783.9,Normal
BR001,2026-01-20,16,3,19.8,1.7,2.5,0,0,0,0,14,840.0,0.024,-820.2,Normal
BR001,2026-01-21,9,9,111.39999999999999,2.3777777777777778,3.4,0,0,3,1,14,840.0,0.133,-728.6,Normal
BR001,2026-01-21,10,18,148.4,3.9166666666666665,22.8,1,0,8,2,14,840.0,0.177,-691.6,Normal
BR001,2026-01-21,11,14,175.8,1.9785714285714284,3.4,0,0,0,3,14,840.0,0.209,-664.2,Normal
BR001,2026-01-21,12,14,152.5,4.5,19.0,2,0,0,1,14,840.0,0.182,-687.5,Normal
BR001,2026-01-21,13,7,102.3,2.0285714285714285,3.4,0,0,0,1,14,840.0,0.122,-737.7,Normal
BR001,2026-01-21,14,9,98.3,2.1888888888888887,3.1,1,0,0,1,14,840.0,0.117,-741.7,Normal
BR001,2026-01-21,15,1,9.8,2.2,2.2,0,0,0,0,14,840.0,0.012,-830.2,Normal
BR001,2026-01-22,9,10,116.8,1.86,2.9,0,0,4,2,14,840.0,0.139,-723.2,Normal
BR001,2026-01-22,10,10,129.6,2.25,3.4,0,0,0,2,14,840.0,0.154,-710.4,Normal
BR001,2026-01-22,11,14,203.0,2.435714285714286,3.5,0,0,3,4,14,840.0,0.242,-637.0,Normal
BR001,2026-01-22,12,14,199.5,2.3285714285714287,3.4,0,0,0,4,14,840.0,0.238,-640.5,Normal
BR001,2026-01-22,13,4,46.7,2.225,3.2,0,0,0,1,14,840.0,0.056,-793.3,Normal
BR001,2026-01-22,14,10,139.7,1.34,2.4,0,0,0,3,14,840.0,0.166,-700.3,Normal
BR001,2026-01-22,15,3,34.1,2.766666666666667,3.4,0,0,0,1,14,840.0,0.041,-805.9,Normal
BR001,2026-01-22,16,1,19.4,1.4,1.4,0,0,0,1,14,840.0,0.023,-820.6,Normal
BR001,2026-01-23,9,18,194.6,8.161111111111111,34.9,5,0,9,2,14,840.0,0.232,-645.4,Normal
BR001,2026-01-23,10,15,207.4,14.313333333333333,63.3,6,1,2,4,14,840.0,0.247,-632.6,Normal
BR001,2026-01-23,11,14,203.8,7.207142857142857,20.5,7,0,0,4,14,840.0,0.243,-636.2,Normal
BR001,2026-01-23,12,18,138.5,22.188888888888886,64.1,7,5,0,1,14,840.0,0.165,-701.5,Moderate
BR001,2026-01-23,13,12,124.7,2.6416666666666666,5.1,8,0,0,2,14,840.0,0.148,-715.3,Normal
BR001,2026-01-23,14,11,113.2,1.6909090909090911,2.9,6,0,0,2,14,840.0,0.135,-726.8,Normal
BR001,2026-01-23,15,7,109.1,2.8285714285714287,3.4,0,0,0,4,14,840.0,0.13,-730.9,Normal
BR001,2026-01-27,9,18,264.4,3.644444444444444,20.4,2,0,4,4,14,840.0,0.315,-575.6,Normal
BR001,2026-01-27,10,16,174.79999999999998,2.45625,7.9,1,0,3,1,14,840.0,0.208,-665.2,Normal
BR001,2026-01-27,11,18,248.5,1.9944444444444445,3.5,1,0,4,5,14,840.0,0.296,-591.5,Normal
BR001,2026-01-27,12,12,159.6,2.2916666666666665,3.1,0,0,0,2,14,840.0,0.19,-680.4,Normal
BR001,2026-01-27,13,8,50.699999999999996,2.2375,3.3,0,0,0,0,14,840.0,0.06,-789.3,Normal
BR001,2026-01-27,14,3,25.5,3.233333333333333,3.4,0,0,0,0,14,840.0,0.03,-814.5,Normal
BR001,2026-01-27,15,2,10.8,2.15,2.8,0,0,0,0,14,840.0,0.013,-829.2,Normal
BR001,2026-01-28,9,15,150.6,4.653333333333333,14.2,2,0,3,1,14,840.0,0.179,-689.4,Normal
BR001,2026-01-28,10,16,205.9,1.775,3.4,1,0,3,1,14,840.0,0.245,-634.1,Normal
BR001,2026-01-28,11,13,170.4,2.5846153846153848,4.5,2,0,2,3,14,840.0,0.203,-669.6,Normal
BR001,2026-01-28,12,24,278.2,2.0833333333333335,3.3,1,0,3,4,14,840.0,0.331,-561.8,Normal
BR001,2026-01-28,13,7,98.2,2.4285714285714284,3.4,0,0,1,1,14,840.0,0.117,-741.8,Normal
BR001,2026-01-28,14,12,87.2,2.2666666666666666,3.4,1,0,0,0,14,840.0,0.104,-752.8,Normal
BR001,2026-01-28,15,10,109.5,2.5,3.3,0,0,1,1,14,840.0,0.13,-730.5,Normal
BR001,2026-01-28,16,3,24.8,1.5666666666666667,2.6,0,0,0,0,14,840.0,0.03,-815.2,Normal
BR001,2026-01-29,9,17,208.2,3.48235294117647,16.0,1,0,2,2,14,840.0,0.248,-631.8,Normal
BR001,2026-01-29,10,17,220.6,6.511764705882353,38.4,4,0,1,3,14,840.0,0.263,-619.4,Normal
BR001,2026-01-29,11,22,341.5,2.75,13.9,2,0,3,7,14,840.0,0.407,-498.5,Normal
BR001,2026-01-29,12,12,153.6,9.008333333333333,35.8,3,0,2,1,14,840.0,0.183,-686.4,Normal
BR001,2026-01-29,13,15,193.39999999999998,2.26,3.3,1,0,3,3,14,840.0,0.23,-646.6,Normal
BR001,2026-01-29,14,7,62.5,2.028571428571429,3.5,1,0,2,0,14,840.0,0.074,-777.5,Normal
BR001,2026-01-29,15,9,139.9,2.0444444444444443,3.1,0,0,0,1,14,840.0,0.167,-700.1,Normal
BR001,2026-01-30,9,30,514.1,8.496666666666666,45.2,8,1,5,10,14,840.0,0.612,-325.9,Normal
BR001,2026-01-30,10,17,198.7,3.1941176470588233,23.7,7,0,1,3,14,840.0,0.237,-641.3,Normal
BR001,2026-01-30,11,23,332.7,3.1217391304347823,14.2,6,0,4,6,14,840.0,0.396,-507.3,Normal
BR001,2026-01-30,12,18,186.9,5.305555555555555,22.1,4,0,3,2,14,840.0,0.222,-653.1,Normal
BR001,2026-01-30,13,14,142.0,2.557142857142857,3.3,3,0,2,1,14,840.0,0.169,-698.0,Normal
BR001,2026-01-30,14,17,209.1,2.182352941176471,3.4,2,0,1,3,14,840.0,0.249,-630.9,Normal
BR001,2026-01-30,15,4,107.6,2.1500000000000004,3.5,0,0,0,2,14,840.0,0.128,-732.4,Normal
BR001,2026-01-30,16,1,29.9,1.0,1.0,0,0,0,1,14,840.0,0.036,-810.1,Normal
BR001,2026-01-31,9,15,162.1,3.6533333333333333,17.0,2,0,3,2,14,840.0,0.193,-677.9,Normal
BR001,2026-01-31,10,23,196.6,8.421739130434782,42.9,10,3,8,4,14,840.0,0.234,-643.4,Normal
BR001,2026-01-31,11,23,298.1,4.4173913043478255,27.9,9,0,4,3,14,840.0,0.355,-541.9,Normal
BR001,2026-01-31,12,20,290.9,4.74,20.3,9,0,1,5,14,840.0,0.346,-549.1,Normal
BR001,2026-01-31,13,17,204.6,2.0058823529411764,2.9,2,0,1,2,14,840.0,0.244,-635.4,Normal
BR001,2026-01-31,14,14,188.8,1.9785714285714284,3.1,1,0,0,2,14,840.0,0.225,-651.2,Normal
BR001,2026-01-31,15,8,66.5,1.9500000000000002,3.1,0,0,0,0,14,840.0,0.079,-773.5,Normal
BR001,2026-01-31,16,2,32.3,2.05,3.0,0,0,0,1,14,840.0,0.038,-807.7,Normal
BR001,2026-02-02,9,12,171.9,2.4916666666666667,3.0,0,0,4,2,14,840.0,0.205,-668.1,Normal
BR001,2026-02-02,10,19,231.2,3.978947368421052,21.1,2,0,3,3,14,840.0,0.275,-608.8,Normal
BR001,2026-02-02,11,22,289.6,2.9954545454545456,15.1,1,0,4,4,14,840.0,0.345,-550.4,Normal
BR001,2026-02-02,12,21,198.6,2.980952380952381,9.2,2,0,3,2,14,840.0,0.236,-641.4,Normal
BR001,2026-02-02,13,16,203.2,2.04375,3.3,0,0,1,3,14,840.0,0.242,-636.8,Normal
BR001,2026-02-02,14,10,98.69999999999999,2.12,3.2,1,0,0,1,14,840.0,0.118,-741.3,Normal
BR001,2026-02-02,15,6,71.2,1.9000000000000001,3.3,0,0,0,0,14,840.0,0.085,-768.8,Normal
BR001,2026-02-02,16,1,6.0,2.4,2.4,0,0,0,0,14,840.0,0.007,-834.0,Normal
BR001,2026-02-03,9,12,169.6,9.758333333333333,34.0,3,0,1,3,14,840.0,0.202,-670.4,Normal
BR001,2026-02-03,10,20,232.2,6.285,39.1,5,0,5,2,14,840.0,0.276,-607.8,Normal
BR001,2026-02-03,11,11,87.7,2.4363636363636365,3.4,4,0,1,0,14,840.0,0.104,-752.3,Normal
BR001,2026-02-03,12,14,185.1,3.4642857142857144,14.0,2,0,4,3,14,840.0,0.22,-654.9,Normal
BR001,2026-02-03,13,13,151.9,4.030769230769231,19.2,2,0,0,1,14,840.0,0.181,-688.1,Normal
BR001,2026-02-03,14,12,128.7,3.1,19.0,2,0,0,3,14,840.0,0.153,-711.3,Normal
BR001,2026-02-03,15,3,39.9,2.6999999999999997,3.4,1,0,0,1,14,840.0,0.048,-800.1,Normal
BR001,2026-02-03,16,1,17.3,2.1,2.1,0,0,0,0,14,840.0,0.021,-822.7,Normal
BR001,2026-02-04,9,21,315.5,2.7666666666666666,9.7,2,0,2,3,14,840.0,0.376,-524.5,Normal
BR001,2026-02-04,10,16,176.4,2.275,3.8,1,0,3,1,14,840.0,0.21,-663.6,Normal
BR001,2026-02-04,11,10,191.8,2.35,3.2,0,0,2,5,14,840.0,0.228,-648.2,Normal
BR001,2026-02-04,12,16,191.5,2.28125,3.2,0,0,2,2,14,840.0,0.228,-648.5,Normal
BR001,2026-02-04,13,4,22.5,1.525,2.4,0,0,0,0,14,840.0,0.027,-817.5,Normal
BR001,2026-02-04,14,5,61.7,2.06,3.3,0,0,1,1,14,840.0,0.073,-778.3,Normal
BR001,2026-02-04,15,6,90.7,2.3833333333333333,3.0,0,0,0,1,14,840.0,0.108,-749.3,Normal
BR001,2026-02-04,16,1,6.1,1.2,1.2,0,0,0,0,14,840.0,0.007,-833.9,Normal
BR001,2026-02-05,9,19,272.1,2.3210526315789473,5.1,1,0,5,3,14,840.0,0.324,-567.9,Normal
BR001,2026-02-05,10,19,248.3,4.88421052631579,29.3,2,0,2,4,14,840.0,0.296,-591.7,Normal
BR001,2026-02-05,11,13,181.6,2.4615384615384617,7.4,2,0,3,3,14,840.0,0.216,-658.4,Normal
BR001,2026-02-05,12,7,53.2,1.7285714285714284,2.9,1,0,1,0,14,840.0,0.063,-786.8,Normal
BR001,2026-02-05,13,13,95.7,2.253846153846154,3.4,0,0,0,0,14,840.0,0.114,-744.3,Normal
BR001,2026-02-05,14,7,86.4,1.8714285714285714,3.5,0,0,0,1,14,840.0,0.103,-753.6,Normal
BR001,2026-02-05,15,5,66.5,2.02,3.2,0,0,0,1,14,840.0,0.079,-773.5,Normal
BR001,2026-02-05,16,1,6.8,3.0,3.0,0,0,0,0,14,840.0,0.008,-833.2,Normal
BR001,2026-02-06,9,14,156.7,2.6214285714285714,9.1,1,0,4,3,14,840.0,0.187,-683.3,Normal
BR001,2026-02-06,10,15,226.5,4.913333333333332,38.4,3,1,2,4,14,840.0,0.27,-613.5,Normal
BR001,2026-02-06,11,20,265.2,2.13,6.8,2,0,5,3,14,840.0,0.316,-574.8,Normal
BR001,2026-02-06,12,9,98.0,1.9000000000000001,3.2,1,0,0,1,14,840.0,0.117,-742.0,Normal
BR001,2026-02-06,13,10,115.9,2.43,3.5,0,0,0,1,14,840.0,0.138,-724.1,Normal
BR001,2026-02-06,14,8,123.5,2.2,3.4,0,0,0,1,14,840.0,0.147,-716.5,Normal
BR001,2026-02-06,15,2,38.7,1.65,2.1,0,0,0,1,14,840.0,0.046,-801.3,Normal
BR001,2026-02-06,16,1,13.0,2.5,2.5,0,0,0,0,14,840.0,0.015,-827.0,Normal
BR001,2026-02-07,9,12,158.6,2.5083333333333333,7.9,1,0,3,4,14,840.0,0.189,-681.4,Normal
BR001,2026-02-07,10,22,270.3,2.890909090909091,11.3,2,0,2,4,14,840.0,0.322,-569.7,Normal
BR001,2026-02-07,11,13,149.3,2.123076923076923,3.5,2,0,2,3,14,840.0,0.178,-690.7,Normal
BR001,2026-02-07,12,15,190.20000000000002,2.24,3.3,1,0,1,3,14,840.0,0.226,-649.8,Normal
BR001,2026-02-07,13,9,107.0,2.3111111111111113,3.3,1,0,2,0,14,840.0,0.127,-733.0,Normal
BR001,2026-02-07,14,17,245.5,2.182352941176471,3.9,1,0,1,5,14,840.0,0.292,-594.5,Normal
BR001,2026-02-07,15,7,110.6,2.1142857142857143,3.4,0,0,0,2,14,840.0,0.132,-729.4,Normal
BR001,2026-02-07,16,2,9.100000000000001,2.0,2.9,0,0,0,0,14,840.0,0.011,-830.9,Normal
BR001,2026-02-09,9,14,180.2,2.042857142857143,3.4,0,0,2,4,14,840.0,0.215,-659.8,Normal
BR001,2026-02-09,10,15,175.6,4.946666666666667,26.8,2,0,2,3,14,840.0,0.209,-664.4,Normal
BR001,2026-02-09,11,25,247.2,4.8,23.3,3,0,8,3,14,840.0,0.294,-592.8,Normal
BR001,2026-02-09,12,14,142.4,2.2142857142857144,3.3,1,0,2,0,14,840.0,0.17,-697.6,Normal
BR001,2026-02-09,13,12,151.0,2.1083333333333334,3.2,2,0,0,4,14,840.0,0.18,-689.0,Normal
BR001,2026-02-09,14,14,108.8,2.3214285714285716,3.3,0,0,0,0,14,840.0,0.13,-731.2,Normal
BR001,2026-02-09,15,4,46.4,2.0,2.9,0,0,0,0,14,840.0,0.055,-793.6,Normal
BR001,2026-02-09,16,1,5.1,1.1,1.1,0,0,0,0,14,840.0,0.006,-834.9,Normal
BR001,2026-02-10,9,12,127.6,2.5083333333333333,3.5,0,0,3,1,14,840.0,0.152,-712.4,Normal
BR001,2026-02-10,10,13,128.2,2.1153846153846154,3.1,1,0,4,2,14,840.0,0.153,-711.8,Normal
BR001,2026-02-10,11,8,117.2,1.725,2.4,0,0,0,2,14,840.0,0.14,-722.8,Normal
BR001,2026-02-10,12,6,114.8,1.9166666666666667,3.1,0,0,0,2,14,840.0,0.137,-725.2,Normal
BR001,2026-02-10,13,6,59.7,1.2333333333333334,1.9,0,0,0,0,14,840.0,0.071,-780.3,Normal
BR001,2026-02-10,14,6,116.2,1.7333333333333334,2.7,0,0,0,3,14,840.0,0.138,-723.8,Normal
BR001,2026-02-10,15,4,43.4,2.275,3.5,0,0,0,0,14,840.0,0.052,-796.6,Normal
BR001,2026-02-11,9,6,100.5,2.466666666666667,3.0,0,0,2,1,14,840.0,0.12,-739.5,Normal
BR001,2026-02-11,10,15,220.5,4.346666666666667,22.0,1,0,2,3,14,840.0,0.262,-619.5,Normal
BR001,2026-02-11,11,18,169.3,2.0777777777777775,3.3,1,0,3,1,14,840.0,0.202,-670.7,Normal
BR001,2026-02-11,12,12,129.2,2.4583333333333335,3.5,0,0,0,0,14,840.0,0.154,-710.8,Normal
BR001,2026-02-11,13,9,122.60000000000001,2.177777777777778,2.9,0,0,0,1,14,840.0,0.146,-717.4,Normal
BR001,2026-02-11,14,5,81.7,1.98,3.4,0,0,0,1,14,840.0,0.097,-758.3,Normal
BR001,2026-02-11,15,6,76.9,1.75,2.8,0,0,0,1,14,840.0,0.092,-763.1,Normal
BR001,2026-02-12,9,13,168.5,2.707692307692308,6.5,1,0,3,4,14,840.0,0.201,-671.5,Normal
BR001,2026-02-12,10,14,153.0,1.9571428571428573,3.2,0,0,3,3,14,840.0,0.182,-687.0,Normal
BR001,2026-02-12,11,15,209.0,2.58,3.4,1,0,0,2,14,840.0,0.249,-631.0,Normal
BR001,2026-02-12,12,9,47.0,2.4555555555555553,3.4,0,0,0,0,14,840.0,0.056,-793.0,Normal
BR001,2026-02-12,13,7,85.6,2.242857142857143,3.1,0,0,0,0,14,840.0,0.102,-754.4,Normal
BR001,2026-02-12,14,4,40.0,2.4,3.5,0,0,0,0,14,840.0,0.048,-800.0,Normal
BR001,2026-02-12,15,1,26.2,1.5,1.5,0,0,0,1,14,840.0,0.031,-813.8,Normal
BR001,2026-02-13,9,14,174.4,9.214285714285714,43.1,5,0,1,3,14,840.0,0.208,-665.6,Normal
BR001,2026-02-13,10,18,199.5,2.511111111111111,8.9,6,0,6,3,14,840.0,0.238,-640.5,Normal
BR001,2026-02-13,11,12,149.9,1.6916666666666667,3.1,5,0,3,2,14,840.0,0.178,-690.1,Normal
BR001,2026-02-13,12,14,207.4,3.4857142857142853,15.7,1,0,1,5,14,840.0,0.247,-632.6,Normal
BR001,2026-02-13,13,10,103.10000000000001,2.07,3.3,0,0,2,0,14,840.0,0.123,-736.9,Normal
BR001,2026-02-13,14,12,111.10000000000001,8.566666666666666,27.1,2,0,0,0,14,840.0,0.132,-728.9,Normal
BR001,2026-02-13,15,11,116.1,1.8818181818181818,2.6,1,0,0,1,14,840.0,0.138,-723.9,Normal
BR001,2026-02-13,16,1,5.2,1.8,1.8,1,0,0,0,14,840.0,0.006,-834.8,Normal
BR001,2026-02-16,9,20,187.6,15.065000000000001,55.4,5,2,3,1,14,840.0,0.223,-652.4,Moderate
BR001,2026-02-16,10,17,211.3,10.452941176470588,37.4,5,0,3,4,14,840.0,0.252,-628.7,Normal
BR001,2026-02-16,11,12,196.4,4.3,25.7,4,0,3,4,14,840.0,0.234,-643.6,Normal
BR001,2026-02-16,12,10,156.5,2.6100000000000003,7.0,3,0,0,2,14,840.0,0.186,-683.5,Normal
BR001,2026-02-16,13,10,143.5,1.94,3.1,0,0,0,2,14,840.0,0.171,-696.5,Normal
BR001,2026-02-16,14,6,50.7,1.5333333333333332,2.6,0,0,0,0,14,840.0,0.06,-789.3,Normal
BR001,2026-02-16,15,2,51.699999999999996,2.5,3.2,0,0,0,1,14,840.0,0.062,-788.3,Normal
BR001,2026-02-17,9,15,152.7,2.506666666666667,7.0,1,0,3,1,14,840.0,0.182,-687.3,Normal
BR001,2026-02-17,10,10,102.7,2.1399999999999997,3.5,0,0,1,1,14,840.0,0.122,-737.3,Normal
BR001,2026-02-17,11,11,123.2,2.118181818181818,3.4,0,0,3,1,14,840.0,0.147,-716.8,Normal
BR001,2026-02-17,12,12,149.1,1.9333333333333333,3.0,0,0,0,2,14,840.0,0.178,-690.9,Normal
BR001,2026-02-17,13,10,137.20000000000002,2.17,2.8,0,0,0,3,14,840.0,0.163,-702.8,Normal
BR001,2026-02-17,14,7,112.4,2.414285714285714,3.2,0,0,0,2,14,840.0,0.134,-727.6,Normal
BR001,2026-02-17,15,3,31.200000000000003,2.3666666666666667,2.9,0,0,0,0,14,840.0,0.037,-808.8,Normal
BR001,2026-02-17,16,1,14.9,2.3,2.3,0,0,0,0,14,840.0,0.018,-825.1,Normal
BR001,2026-02-18,9,8,107.4,2.4625,3.4,0,0,2,2,14,840.0,0.128,-732.6,Normal
BR001,2026-02-18,10,9,123.9,2.2444444444444445,3.5,0,0,0,3,14,840.0,0.148,-716.1,Normal
BR001,2026-02-18,11,14,123.5,2.2285714285714286,3.5,0,0,1,0,14,840.0,0.147,-716.5,Normal
BR001,2026-02-18,12,11,98.3,2.1454545454545455,3.4,0,0,2,0,14,840.0,0.117,-741.7,Normal
BR001,2026-02-18,13,8,87.2,2.25,3.4,0,0,2,0,14,840.0,0.104,-752.8,Normal
BR001,2026-02-18,14,7,77.1,1.9428571428571428,3.3,0,0,0,2,14,840.0,0.092,-762.9,Normal
BR001,2026-02-18,15,5,70.0,1.8,2.5,0,0,0,1,14,840.0,0.083,-770.0,Normal
BR001,2026-02-19,9,13,148.6,2.1846153846153844,3.5,0,0,0,1,14,840.0,0.177,-691.4,Normal
BR001,2026-02-19,10,13,102.0,1.9,3.0,0,0,4,0,14,840.0,0.121,-738.0,Normal
BR001,2026-02-19,11,11,120.0,2.290909090909091,3.4,0,0,3,1,14,840.0,0.143,-720.0,Normal
BR001,2026-02-19,12,10,154.9,1.73,2.8,0,0,0,5,14,840.0,0.184,-685.1,Normal
BR001,2026-02-19,13,10,116.69999999999999,1.92,3.0,0,0,0,1,14,840.0,0.139,-723.3,Normal
BR001,2026-02-19,14,5,82.4,1.9,2.5,0,0,0,2,14,840.0,0.098,-757.6,Normal
BR001,2026-02-19,15,5,70.5,1.9,2.9,0,0,0,0,14,840.0,0.084,-769.5,Normal
BR001,2026-02-20,9,19,188.7,4.663157894736842,29.6,2,0,4,1,14,840.0,0.225,-651.3,Normal
BR001,2026-02-20,10,18,261.8,1.6888888888888889,2.8,1,0,3,4,14,840.0,0.312,-578.2,Normal
BR001,2026-02-20,11,13,165.8,2.123076923076923,3.4,0,0,4,2,14,840.0,0.197,-674.2,Normal
BR001,2026-02-20,12,10,112.6,2.18,3.4,0,0,1,1,14,840.0,0.134,-727.4,Normal
BR001,2026-02-20,13,17,161.7,2.2705882352941176,3.3,0,0,1,2,14,840.0,0.192,-678.3,Normal
BR001,2026-02-20,14,7,60.9,2.2142857142857144,3.2,0,0,0,1,14,840.0,0.072,-779.1,Normal
BR001,2026-02-20,15,10,102.0,1.92,3.1,0,0,0,1,14,840.0,0.121,-738.0,Normal
BR001,2026-02-21,9,26,267.0,3.1653846153846157,16.6,2,0,8,2,14,840.0,0.318,-573.0,Normal
BR001,2026-02-21,10,8,97.30000000000001,2.5,3.3,0,0,2,1,14,840.0,0.116,-742.7,Normal
BR001,2026-02-21,11,9,87.8,2.3555555555555556,3.1,1,0,0,1,14,840.0,0.105,-752.2,Normal
BR001,2026-02-21,12,9,94.3,2.5444444444444443,8.5,1,0,0,0,14,840.0,0.112,-745.7,Normal
BR001,2026-02-21,13,10,118.39999999999999,2.45,3.5,0,0,0,2,14,840.0,0.141,-721.6,Normal
BR001,2026-02-21,14,16,204.8,1.9875,3.1,0,0,0,4,14,840.0,0.244,-635.2,Normal
BR001,2026-02-21,15,6,50.9,2.216666666666667,3.5,0,0,0,0,14,840.0,0.061,-789.1,Normal
BR001,2026-02-23,9,15,129.29999999999998,3.76,17.4,1,0,1,0,14,840.0,0.154,-710.7,Normal
BR001,2026-02-23,10,18,195.9,3.4833333333333334,24.4,1,0,5,2,14,840.0,0.233,-644.1,Normal
BR001,2026-02-23,11,21,280.3,4.590476190476191,23.3,4,0,4,4,14,840.0,0.334,-559.7,Normal
BR001,2026-02-23,12,15,160.5,3.2866666666666666,17.1,2,0,0,1,14,840.0,0.191,-679.5,Normal
BR001,2026-02-23,13,10,117.3,2.16,3.3,3,0,0,2,14,840.0,0.14,-722.7,Normal
BR001,2026-02-23,14,13,173.1,2.1153846153846154,3.4,0,0,0,2,14,840.0,0.206,-666.9,Normal
BR001,2026-02-23,15,8,104.1,1.8875,2.8,0,0,0,2,14,840.0,0.124,-735.9,Normal
BR001,2026-02-23,16,1,8.2,1.1,1.1,0,0,0,0,14,840.0,0.01,-831.8,Normal
BR001,2026-02-24,9,6,51.900000000000006,2.5166666666666666,3.5,0,0,1,0,14,840.0,0.062,-788.1,Normal
BR001,2026-02-24,10,14,110.5,2.2,3.3,1,0,3,0,14,840.0,0.132,-729.5,Normal
BR001,2026-02-24,11,16,273.7,2.18125,3.3,0,0,2,5,14,840.0,0.326,-566.3,Normal
BR001,2026-02-24,12,12,129.4,2.5749999999999997,3.4,0,0,2,3,14,840.0,0.154,-710.6,Normal
BR001,2026-02-24,13,9,70.3,2.1333333333333333,2.9,0,0,1,1,14,840.0,0.084,-769.7,Normal
BR001,2026-02-24,14,7,76.8,1.8142857142857143,3.4,0,0,0,1,14,840.0,0.091,-763.2,Normal
BR001,2026-02-24,15,8,77.8,2.0375,3.4,0,0,0,1,14,840.0,0.093,-762.2,Normal
BR001,2026-02-24,16,1,4.9,2.5,2.5,0,0,0,0,14,840.0,0.006,-835.1,Normal
BR001,2026-02-25,9,17,241.9,2.3117647058823527,3.4,0,0,2,3,14,840.0,0.288,-598.1,Normal
BR001,2026-02-25,10,14,157.5,3.1714285714285713,13.1,1,0,2,2,14,840.0,0.188,-682.5,Normal
BR001,2026-02-25,11,14,111.5,2.0214285714285714,3.3,1,0,5,0,14,840.0,0.133,-728.5,Normal
BR001,2026-02-25,12,21,259.3,2.819047619047619,8.5,3,0,0,5,14,840.0,0.309,-580.7,Normal
BR001,2026-02-25,13,9,70.8,2.3,3.2,2,0,0,0,14,840.0,0.084,-769.2,Normal
BR001,2026-02-25,14,8,87.1,1.875,3.5,1,0,0,1,14,840.0,0.104,-752.9,Normal
BR001,2026-02-25,15,3,30.7,1.4666666666666668,2.1,0,0,0,0,14,840.0,0.037,-809.3,Normal
BR001,2026-02-25,16,1,12.3,2.3,2.3,0,0,0,0,14,840.0,0.015,-827.7,Normal
BR001,2026-02-26,9,7,86.2,2.1285714285714286,3.1,0,0,0,1,14,840.0,0.103,-753.8,Normal
BR001,2026-02-26,10,15,169.5,2.3800000000000003,3.1,1,0,2,3,14,840.0,0.202,-670.5,Normal
BR001,2026-02-26,11,15,146.0,2.146666666666667,3.1,0,0,1,1,14,840.0,0.174,-694.0,Normal
BR001,2026-02-26,12,9,130.9,2.288888888888889,5.0,1,0,4,2,14,840.0,0.156,-709.1,Normal
BR001,2026-02-26,13,16,156.1,2.2125,3.3,0,0,1,2,14,840.0,0.186,-683.9,Normal
BR001,2026-02-26,14,8,111.1,1.6625,2.6,0,0,0,2,14,840.0,0.132,-728.9,Normal
BR001,2026-02-26,15,5,80.4,2.2,3.5,0,0,0,2,14,840.0,0.096,-759.6,Normal
BR001,2026-02-27,9,12,178.4,5.2250000000000005,22.9,3,0,4,5,14,840.0,0.212,-661.6,Normal
BR001,2026-02-27,10,18,193.1,9.555555555555555,31.5,4,0,1,1,14,840.0,0.23,-646.9,Normal
BR001,2026-02-27,11,14,106.2,2.0214285714285714,3.3,1,0,4,0,14,840.0,0.126,-733.8,Normal
BR001,2026-02-27,12,12,161.8,2.0416666666666665,3.3,3,0,1,2,14,840.0,0.193,-678.2,Normal
BR001,2026-02-27,13,10,157.2,1.9300000000000002,2.9,0,0,2,3,14,840.0,0.187,-682.8,Normal
BR001,2026-02-27,14,14,159.5,2.2714285714285714,3.3,0,0,0,3,14,840.0,0.19,-680.5,Normal
BR001,2026-02-27,15,10,106.7,2.3,3.3,0,0,0,2,14,840.0,0.127,-733.3,Normal
BR001,2026-02-27,16,2,24.2,3.3499999999999996,3.4,0,0,0,1,14,840.0,0.029,-815.8,Normal
BR001,2026-03-02,9,25,299.8,3.3160000000000003,15.8,3,0,5,5,14,840.0,0.357,-540.2,Normal
BR001,2026-03-02,10,25,276.0,2.992,11.2,3,0,3,3,14,840.0,0.329,-564.0,Normal
BR001,2026-03-02,11,13,189.5,5.884615384615385,19.7,3,0,2,4,14,840.0,0.226,-650.5,Normal
BR001,2026-03-02,12,20,258.6,2.815,9.8,2,0,3,4,14,840.0,0.308,-581.4,Normal
BR001,2026-03-02,13,16,241.3,2.15,3.5,1,0,3,4,14,840.0,0.287,-598.7,Normal
BR001,2026-03-02,14,12,138.7,2.283333333333333,6.1,1,0,0,1,14,840.0,0.165,-701.3,Normal
BR001,2026-03-02,15,7,109.8,2.0714285714285716,3.4,0,0,0,2,14,840.0,0.131,-730.2,Normal
BR001,2026-03-02,16,3,22.8,1.8,3.3,0,0,0,0,14,840.0,0.027,-817.2,Normal
BR001,2026-03-03,9,18,273.6,4.461111111111111,20.4,2,0,4,4,14,840.0,0.326,-566.4,Normal
BR001,2026-03-03,10,17,179.6,3.023529411764706,8.7,1,0,4,2,14,840.0,0.214,-660.4,Normal
BR001,2026-03-03,11,14,122.69999999999999,4.335714285714286,24.2,2,0,3,2,14,840.0,0.146,-717.3,Normal
BR001,2026-03-03,12,21,247.8,2.9428571428571426,11.3,2,0,2,2,14,840.0,0.295,-592.2,Normal
BR001,2026-03-03,13,14,178.20000000000002,2.05,3.4,1,0,0,3,14,840.0,0.212,-661.8,Normal
BR001,2026-03-03,14,9,74.0,2.3555555555555556,3.3,0,0,0,0,14,840.0,0.088,-766.0,Normal
BR001,2026-03-03,15,6,43.0,2.6999999999999997,3.4,0,0,0,0,14,840.0,0.051,-797.0,Normal
BR001,2026-03-03,16,1,4.0,1.1,1.1,0,0,0,0,14,840.0,0.005,-836.0,Normal
BR001,2026-03-05,9,17,300.4,2.1,3.2,0,0,3,5,14,840.0,0.358,-539.6,Normal
BR001,2026-03-05,10,15,173.9,2.7066666666666666,6.9,1,0,1,3,14,840.0,0.207,-666.1,Normal
BR001,2026-03-05,11,11,106.6,2.2181818181818183,3.2,0,0,2,1,14,840.0,0.127,-733.4,Normal
BR001,2026-03-05,12,10,112.2,2.92,9.7,2,0,2,1,14,840.0,0.134,-727.8,Normal
BR001,2026-03-05,13,17,159.7,2.888235294117647,8.6,1,0,4,1,14,840.0,0.19,-680.3,Normal
BR001,2026-03-05,14,18,231.1,2.5,6.9,1,0,1,5,14,840.0,0.275,-608.9,Normal
BR001,2026-03-05,15,6,50.1,2.0166666666666666,3.4,0,0,0,1,14,840.0,0.06,-789.9,Normal
BR001,2026-03-06,9,13,128.1,8.553846153846154,35.0,6,0,1,2,14,840.0,0.152,-711.9,Normal
BR001,2026-03-06,10,17,239.4,3.0588235294117645,18.3,5,0,4,5,14,840.0,0.285,-600.6,Normal
BR001,2026-03-06,11,15,142.1,2.06,3.5,5,0,3,0,14,840.0,0.169,-697.9,Normal
BR001,2026-03-06,12,9,114.3,2.0888888888888886,3.3,0,0,0,3,14,840.0,0.136,-725.7,Normal
BR001,2026-03-06,13,10,118.6,2.1399999999999997,3.5,0,0,3,4,14,840.0,0.141,-721.4,Normal
BR001,2026-03-06,14,11,136.9,2.036363636363636,3.3,0,0,0,2,14,840.0,0.163,-703.1,Normal
BR001,2026-03-06,15,6,91.5,2.35,3.1,0,0,0,2,14,840.0,0.109,-748.5,Normal
BR001,2026-03-06,16,4,48.0,2.325,3.2,0,0,0,0,14,840.0,0.057,-792.0,Normal
BR001,2026-03-07,9,9,133.9,2.5444444444444443,3.5,0,0,2,2,14,840.0,0.159,-706.1,Normal
BR001,2026-03-07,10,13,147.0,1.8384615384615384,4.0,1,0,3,1,14,840.0,0.175,-693.0,Normal
BR001,2026-03-07,11,14,154.3,2.2714285714285714,3.3,0,0,4,2,14,840.0,0.184,-685.7,Normal
BR001,2026-03-07,12,10,138.9,2.83,8.1,1,0,0,2,14,840.0,0.165,-701.1,Normal
BR001,2026-03-07,13,16,167.7,2.04375,3.3,0,0,0,3,14,840.0,0.2,-672.3,Normal
BR001,2026-03-07,14,4,87.6,1.675,2.7,0,0,0,2,14,840.0,0.104,-752.4,Normal
BR001,2026-03-07,15,7,89.2,2.8428571428571425,3.3,0,0,0,1,14,840.0,0.106,-750.8,Normal
BR001,2026-03-09,9,16,221.9,1.8625,3.0,0,0,2,3,14,840.0,0.264,-618.1,Normal
BR001,2026-03-09,10,17,197.0,4.976470588235294,24.9,2,0,3,1,14,840.0,0.235,-643.0,Normal
BR001,2026-03-09,11,11,151.3,1.9090909090909092,3.2,0,0,2,3,14,840.0,0.18,-688.7,Normal
BR001,2026-03-09,12,16,207.5,2.3125,3.5,1,0,1,3,14,840.0,0.247,-632.5,Normal
BR001,2026-03-09,13,15,265.4,1.8066666666666669,2.9,0,0,2,5,14,840.0,0.316,-574.6,Normal
BR001,2026-03-09,14,7,92.5,2.257142857142857,3.4,0,0,0,1,14,840.0,0.11,-747.5,Normal
BR001,2026-03-09,15,7,75.0,2.5285714285714285,3.5,0,0,0,1,14,840.0,0.089,-765.0,Normal
BR001,2026-03-09,16,1,3.0,1.9,1.9,0,0,0,0,14,840.0,0.004,-837.0,Normal
BR001,2026-03-10,9,11,162.9,2.3000000000000003,3.4,0,0,1,2,14,840.0,0.194,-677.1,Normal
BR001,2026-03-10,10,15,238.3,1.9066666666666667,3.4,0,0,3,5,14,840.0,0.284,-601.7,Normal
BR001,2026-03-10,11,10,94.4,1.7,2.7,0,0,3,1,14,840.0,0.112,-745.6,Normal
BR001,2026-03-10,12,14,176.6,3.7928571428571423,23.4,1,0,1,3,14,840.0,0.21,-663.4,Normal
BR001,2026-03-10,13,13,143.2,1.9153846153846152,3.1,0,0,1,3,14,840.0,0.17,-696.8,Normal
BR001,2026-03-10,15,8,124.89999999999999,2.05,3.2,0,0,0,3,14,840.0,0.149,-715.1,Normal
BR001,2026-03-11,9,13,172.1,1.9461538461538461,3.2,0,0,3,3,14,840.0,0.205,-667.9,Normal
BR001,2026-03-11,10,11,86.2,2.1363636363636362,3.4,0,0,2,0,14,840.0,0.103,-753.8,Normal
BR001,2026-03-11,11,12,127.39999999999999,1.9666666666666666,2.9,0,0,2,1,14,840.0,0.152,-712.6,Normal
BR001,2026-03-11,12,8,136.1,1.7249999999999999,2.6,0,0,0,3,14,840.0,0.162,-703.9,Normal
BR001,2026-03-11,13,7,48.599999999999994,2.242857142857143,3.0,0,0,0,0,14,840.0,0.058,-791.4,Normal
BR001,2026-03-11,14,5,58.4,2.44,2.9,0,0,0,2,14,840.0,0.07,-781.6,Normal
BR001,2026-03-11,15,3,70.4,2.066666666666667,2.6,0,0,0,2,14,840.0,0.084,-769.6,Normal
BR001,2026-03-12,9,9,137.0,1.7000000000000002,3.5,0,0,1,3,14,840.0,0.163,-703.0,Normal
BR001,2026-03-12,10,21,229.6,1.9571428571428573,3.5,0,0,3,1,14,840.0,0.273,-610.4,Normal
BR001,2026-03-12,11,12,117.6,2.2583333333333333,3.5,0,0,3,1,14,840.0,0.14,-722.4,Normal
BR001,2026-03-12,12,10,96.2,2.3899999999999997,3.4,0,0,3,1,14,840.0,0.115,-743.8,Normal
BR001,2026-03-12,13,4,27.0,2.35,3.3,0,0,0,0,14,840.0,0.032,-813.0,Normal
BR001,2026-03-12,14,9,141.5,2.033333333333333,3.5,0,0,1,2,14,840.0,0.168,-698.5,Normal
BR001,2026-03-12,15,5,52.800000000000004,2.7600000000000002,3.2,0,0,0,0,14,840.0,0.063,-787.2,Normal
BR001,2026-03-12,16,1,18.7,2.4,2.4,0,0,0,0,14,840.0,0.022,-821.3,Normal
BR001,2026-03-13,9,15,175.2,2.74,11.5,1,0,0,3,14,840.0,0.209,-664.8,Normal
BR001,2026-03-13,10,19,243.8,3.378947368421053,19.2,3,0,9,2,14,840.0,0.29,-596.2,Normal
BR001,2026-03-13,11,11,97.0,2.2636363636363637,3.5,2,0,3,1,14,840.0,0.115,-743.0,Normal
BR001,2026-03-13,12,14,199.5,2.107142857142857,4.9,1,0,1,3,14,840.0,0.238,-640.5,Normal
BR001,2026-03-13,13,9,140.4,2.1333333333333333,3.5,0,0,0,2,14,840.0,0.167,-699.6,Normal
BR001,2026-03-13,14,12,186.8,1.9166666666666667,3.0,0,0,0,3,14,840.0,0.222,-653.2,Normal
BR001,2026-03-13,15,9,180.8,1.6555555555555557,2.8,0,0,0,5,14,840.0,0.215,-659.2,Normal
BR001,2026-03-16,9,16,158.8,3.03125,19.5,1,0,3,1,14,840.0,0.189,-681.2,Normal
BR001,2026-03-16,10,23,225.9,4.0260869565217385,34.2,2,0,2,4,14,840.0,0.269,-614.1,Normal
BR001,2026-03-16,11,16,204.79999999999998,2.11875,3.4,1,0,3,4,14,840.0,0.244,-635.2,Normal
BR001,2026-03-16,12,14,139.2,2.0571428571428574,3.0,0,0,2,1,14,840.0,0.166,-700.8,Normal
BR001,2026-03-16,13,17,144.3,2.335294117647059,3.5,0,0,0,2,14,840.0,0.172,-695.7,Normal
BR001,2026-03-16,14,7,77.19999999999999,2.542857142857143,3.5,0,0,0,1,14,840.0,0.092,-762.8,Normal
BR001,2026-03-16,15,6,89.10000000000001,2.1333333333333333,3.4,0,0,0,2,14,840.0,0.106,-750.9,Normal
BR001,2026-03-16,16,1,18.9,2.8,2.8,0,0,0,0,14,840.0,0.022,-821.1,Normal
BR001,2026-03-17,9,13,123.6,3.130769230769231,10.4,1,0,1,2,14,840.0,0.147,-716.4,Normal
BR001,2026-03-17,10,17,221.3,2.4176470588235297,3.4,0,0,2,4,14,840.0,0.263,-618.7,Normal
BR001,2026-03-17,11,6,55.6,2.0500000000000003,3.2,0,0,0,0,14,840.0,0.066,-784.4,Normal
BR001,2026-03-17,12,4,39.0,1.95,2.5,0,0,1,0,14,840.0,0.046,-801.0,Normal
BR001,2026-03-17,13,12,124.6,1.9333333333333333,3.2,0,0,3,1,14,840.0,0.148,-715.4,Normal
BR001,2026-03-17,14,11,185.79999999999998,2.1454545454545455,3.5,0,0,1,4,14,840.0,0.221,-654.2,Normal
BR001,2026-03-17,15,6,63.199999999999996,1.8666666666666665,3.2,0,0,0,1,14,840.0,0.075,-776.8,Normal
BR001,2026-03-17,16,1,12.5,2.3,2.3,0,0,0,0,14,840.0,0.015,-827.5,Normal
BR001,2026-03-18,9,10,149.1,1.98,3.0,0,0,2,3,14,840.0,0.178,-690.9,Normal
BR001,2026-03-18,10,15,214.9,3.306666666666666,16.4,1,0,2,2,14,840.0,0.256,-625.1,Normal
BR001,2026-03-18,11,10,146.5,2.15,3.5,0,0,5,4,14,840.0,0.174,-693.5,Normal
BR001,2026-03-18,12,11,131.1,2.3000000000000003,3.4,0,0,0,1,14,840.0,0.156,-708.9,Normal
BR001,2026-03-18,13,8,71.7,2.1375,3.5,0,0,0,0,14,840.0,0.085,-768.3,Normal
BR001,2026-03-18,14,7,145.60000000000002,2.542857142857143,3.4,0,0,0,3,14,840.0,0.173,-694.4,Normal
BR001,2026-03-18,15,5,89.1,2.04,3.0,0,0,0,3,14,840.0,0.106,-750.9,Normal
BR001,2026-03-19,9,15,163.4,2.3800000000000003,3.4,0,0,4,2,14,840.0,0.195,-676.6,Normal
BR001,2026-03-19,10,12,140.9,4.216666666666667,22.8,1,0,3,2,14,840.0,0.168,-699.1,Normal
BR001,2026-03-19,11,14,168.5,2.107142857142857,3.2,0,0,0,2,14,840.0,0.201,-671.5,Normal
BR001,2026-03-19,12,9,78.3,2.7222222222222223,3.3,0,0,0,0,14,840.0,0.093,-761.7,Normal
BR001,2026-03-19,13,5,42.2,2.34,2.8,0,0,0,0,14,840.0,0.05,-797.8,Normal
BR001,2026-03-19,14,10,115.9,1.9100000000000001,3.3,0,0,0,2,14,840.0,0.138,-724.1,Normal
BR001,2026-03-19,15,4,56.7,1.875,3.1,0,0,0,0,14,840.0,0.068,-783.3,Normal
BR001,2026-03-19,16,2,11.4,2.8,3.2,0,0,0,0,14,840.0,0.014,-828.6,Normal
BR001,2026-03-21,9,16,164.4,2.13125,3.4,1,0,3,2,14,840.0,0.196,-675.6,Normal
BR001,2026-03-21,10,10,110.1,2.1,4.6,1,0,4,0,14,840.0,0.131,-729.9,Normal
BR001,2026-03-21,11,17,253.8,2.0647058823529414,3.2,0,0,2,6,14,840.0,0.302,-586.2,Normal
BR001,2026-03-21,12,8,109.9,2.2375,3.5,0,0,0,1,14,840.0,0.131,-730.1,Normal
BR001,2026-03-21,13,10,156.6,1.9799999999999998,2.8,0,0,0,4,14,840.0,0.186,-683.4,Normal
BR001,2026-03-21,14,10,147.3,2.19,3.4,0,0,0,2,14,840.0,0.175,-692.7,Normal
BR001,2026-03-21,15,4,57.5,2.05,2.7,0,0,0,0,14,840.0,0.068,-782.5,Normal
BR001,2026-03-21,16,2,15.2,2.45,2.8,0,0,0,0,14,840.0,0.018,-824.8,Normal
BR001,2026-03-23,9,17,269.3,3.411764705882353,15.6,2,0,3,5,14,840.0,0.321,-570.7,Normal
BR001,2026-03-23,10,16,181.4,2.1,3.4,1,0,3,2,14,840.0,0.216,-658.6,Normal
BR001,2026-03-23,11,12,131.6,1.9166666666666667,3.4,0,0,1,1,14,840.0,0.157,-708.4,Normal
BR001,2026-03-23,12,14,203.4,2.107142857142857,3.4,0,0,3,3,14,840.0,0.242,-636.6,Normal
BR001,2026-03-23,13,7,89.5,2.085714285714286,2.7,0,0,1,2,14,840.0,0.107,-750.5,Normal
BR001,2026-03-23,14,12,133.2,2.2666666666666666,5.7,1,0,0,1,14,840.0,0.159,-706.8,Normal
BR001,2026-03-23,15,10,114.3,2.3,3.5,0,0,0,2,14,840.0,0.136,-725.7,Normal
BR001,2026-03-24,9,15,177.5,2.1,3.4,0,0,4,1,14,840.0,0.211,-662.5,Normal
BR001,2026-03-24,10,12,111.7,2.275,3.4,0,0,3,0,14,840.0,0.133,-728.3,Normal
BR001,2026-03-24,11,7,125.0,1.8714285714285714,3.0,0,0,0,4,14,840.0,0.149,-715.0,Normal
BR001,2026-03-24,12,9,119.4,1.5999999999999999,2.8,0,0,0,1,14,840.0,0.142,-720.6,Normal
BR001,2026-03-24,13,7,67.6,1.8,3.3,0,0,0,1,14,840.0,0.08,-772.4,Normal
BR001,2026-03-24,14,12,156.8,2.1666666666666665,3.3,0,0,0,2,14,840.0,0.187,-683.2,Normal
BR001,2026-03-24,15,7,184.5,1.5714285714285714,2.7,0,0,0,4,14,840.0,0.22,-655.5,Normal
BR001,2026-03-24,16,1,3.9,0.9,0.9,0,0,0,0,14,840.0,0.005,-836.1,Normal
BR001,2026-03-25,9,7,89.7,2.314285714285714,3.5,0,0,2,1,14,840.0,0.107,-750.3,Normal
BR001,2026-03-25,10,11,150.4,3.563636363636364,9.1,2,0,2,1,14,840.0,0.179,-689.6,Normal
BR001,2026-03-25,11,12,191.8,2.725,3.4,0,0,1,5,14,840.0,0.228,-648.2,Normal
BR001,2026-03-25,12,9,92.1,2.377777777777778,3.4,1,0,1,1,14,840.0,0.11,-747.9,Normal
BR001,2026-03-25,13,8,66.1,2.275,3.1,0,0,0,0,14,840.0,0.079,-773.9,Normal
BR001,2026-03-25,14,11,113.1,1.9363636363636365,3.1,0,0,0,1,14,840.0,0.135,-726.9,Normal
BR001,2026-03-25,15,4,69.1,2.125,3.0,0,0,0,2,14,840.0,0.082,-770.9,Normal
BR001,2026-03-26,9,17,214.10000000000002,3.8117647058823527,16.1,2,0,4,4,14,840.0,0.255,-625.9,Normal
BR001,2026-03-26,10,13,130.6,2.3615384615384616,3.3,1,0,2,0,14,840.0,0.155,-709.4,Normal
BR001,2026-03-26,11,11,173.1,2.1454545454545455,3.3,0,0,1,2,14,840.0,0.206,-666.9,Normal
BR001,2026-03-26,12,8,66.39999999999999,2.0,2.7,0,0,1,0,14,840.0,0.079,-773.6,Normal
BR001,2026-03-26,13,9,83.8,2.022222222222222,3.2,0,0,0,1,14,840.0,0.1,-756.2,Normal
BR001,2026-03-26,14,5,63.2,2.0200000000000005,2.9,0,0,0,0,14,840.0,0.075,-776.8,Normal
BR001,2026-03-26,15,6,66.2,2.4666666666666663,3.3,0,0,0,1,14,840.0,0.079,-773.8,Normal
BR001,2026-03-26,16,1,6.5,2.7,2.7,0,0,0,0,14,840.0,0.008,-833.5,Normal
BR001,2026-03-27,9,21,232.6,8.042857142857143,40.9,6,1,1,3,14,840.0,0.277,-607.4,Normal
BR001,2026-03-27,10,19,258.0,4.247368421052632,28.5,7,0,3,4,14,840.0,0.307,-582.0,Normal
BR001,2026-03-27,11,26,316.2,3.6923076923076925,16.1,5,0,6,1,14,840.0,0.376,-523.8,Normal
BR001,2026-03-27,12,16,223.1,1.99375,3.3,1,0,2,4,14,840.0,0.266,-616.9,Normal
BR001,2026-03-27,13,17,256.0,2.105882352941176,3.0,0,0,2,4,14,840.0,0.305,-584.0,Normal
BR001,2026-03-27,14,7,61.7,2.0285714285714285,3.2,0,0,0,2,14,840.0,0.073,-778.3,Normal
BR001,2026-03-27,15,7,55.5,1.842857142857143,2.6,0,0,0,0,14,840.0,0.066,-784.5,Normal
BR001,2026-03-27,16,1,4.6,2.1,2.1,0,0,0,0,14,840.0,0.005,-835.4,Normal
BR002,2025-10-01,9,10,138.1,2.0100000000000002,3.4,0,0,3,3,10,600.0,0.23,-461.9,Normal
BR002,2025-10-01,10,13,171.8,5.684615384615385,31.6,2,0,4,3,10,600.0,0.286,-428.2,Normal
BR002,2025-10-01,11,16,194.3,3.6875,18.7,1,0,4,2,10,600.0,0.324,-405.7,Normal
BR002,2025-10-01,12,9,144.4,1.9888888888888887,3.5,0,0,0,2,10,600.0,0.241,-455.6,Normal
BR002,2025-10-01,13,10,96.4,1.95,3.4,0,0,0,1,10,600.0,0.161,-503.6,Normal
BR002,2025-10-01,14,10,136.6,5.87,16.8,2,0,0,1,10,600.0,0.228,-463.4,Normal
BR002,2025-10-01,15,7,83.0,2.642857142857143,3.3,0,0,0,1,10,600.0,0.138,-517.0,Normal
BR002,2025-10-01,16,2,24.6,1.95,2.0,1,0,0,0,10,600.0,0.041,-575.4,Normal
BR002,2025-10-03,9,25,298.6,8.956,42.8,10,0,7,2,10,600.0,0.498,-301.4,Normal
BR002,2025-10-03,10,26,382.4,7.042307692307692,22.9,12,0,5,9,10,600.0,0.637,-217.6,Normal
BR002,2025-10-03,11,12,173.4,7.708333333333333,41.6,11,1,1,2,10,600.0,0.289,-426.6,Normal
BR002,2025-10-03,12,10,102.6,2.25,3.1,7,0,0,0,10,600.0,0.171,-497.4,Normal
BR002,2025-10-03,13,12,203.8,2.3916666666666666,3.3,2,0,0,4,10,600.0,0.34,-396.2,Normal
BR002,2025-10-03,14,10,101.1,2.07,3.4,0,0,0,1,10,600.0,0.168,-498.9,Normal
BR002,2025-10-03,15,6,77.6,1.8,2.7,0,0,0,0,10,600.0,0.129,-522.4,Normal
BR002,2025-10-03,16,1,21.7,1.2,1.2,0,0,0,0,10,600.0,0.036,-578.3,Normal
BR002,2025-10-04,9,16,255.5,6.4875,34.1,2,0,2,6,10,600.0,0.426,-344.5,Normal
BR002,2025-10-04,10,19,267.3,11.74736842105263,51.0,8,1,5,4,10,600.0,0.446,-332.7,Normal
BR002,2025-10-04,11,15,266.0,3.7733333333333334,18.4,6,0,1,4,10,600.0,0.443,-334.0,Normal
BR002,2025-10-04,12,15,241.2,2.4866666666666664,9.4,7,0,0,5,10,600.0,0.402,-358.8,Normal
BR002,2025-10-04,13,10,112.3,2.2800000000000002,3.5,0,0,0,2,10,600.0,0.187,-487.7,Normal
BR002,2025-10-04,14,4,53.5,1.9500000000000002,2.9,0,0,0,1,10,600.0,0.089,-546.5,Normal
BR002,2025-10-04,15,4,39.9,1.875,2.6,0,0,0,0,10,600.0,0.066,-560.1,Normal
BR002,2025-10-06,9,11,165.70000000000002,3.6454545454545455,19.5,1,0,1,2,10,600.0,0.276,-434.3,Normal
BR002,2025-10-06,10,11,189.0,2.7636363636363637,8.3,1,0,2,4,10,600.0,0.315,-411.0,Normal
BR002,2025-10-06,11,10,143.7,2.62,3.4,0,0,4,3,10,600.0,0.24,-456.3,Normal
BR002,2025-10-06,12,10,114.5,2.84,6.1,1,0,2,2,10,600.0,0.191,-485.5,Normal
BR002,2025-10-06,13,11,153.7,4.0,20.3,1,0,0,3,10,600.0,0.256,-446.3,Normal
BR002,2025-10-06,14,14,170.5,2.907142857142857,10.1,1,0,1,2,10,600.0,0.284,-429.5,Normal
BR002,2025-10-06,15,6,57.1,2.0500000000000003,3.2,0,0,0,0,10,600.0,0.095,-542.9,Normal
BR002,2025-10-06,16,3,51.5,2.9333333333333336,3.3,0,0,0,0,10,600.0,0.086,-548.5,Normal
BR002,2025-10-07,9,11,177.1,2.1636363636363636,3.4,0,0,4,3,10,600.0,0.295,-422.9,Normal
BR002,2025-10-07,10,9,94.5,2.2222222222222223,3.4,0,0,1,2,10,600.0,0.158,-505.5,Normal
BR002,2025-10-07,11,8,90.5,2.7375,3.4,0,0,0,1,10,600.0,0.151,-509.5,Normal
BR002,2025-10-07,12,8,120.8,1.9,3.0,0,0,0,3,10,600.0,0.201,-479.2,Normal
BR002,2025-10-07,13,8,45.4,2.125,3.5,0,0,0,0,10,600.0,0.076,-554.6,Normal
BR002,2025-10-07,14,8,140.8,2.1,3.4,0,0,0,4,10,600.0,0.235,-459.2,Normal
BR002,2025-10-07,15,2,21.5,2.2,2.3,0,0,0,0,10,600.0,0.036,-578.5,Normal
BR002,2025-10-07,16,1,4.4,3.3,3.3,0,0,0,0,10,600.0,0.007,-595.6,Normal
BR002,2025-10-08,9,9,114.7,2.2333333333333334,3.4,0,0,3,2,10,600.0,0.191,-485.3,Normal
BR002,2025-10-08,10,10,89.9,2.3,3.4,0,0,1,1,10,600.0,0.15,-510.1,Normal
BR002,2025-10-08,11,8,118.89999999999999,1.9875,2.7,0,0,2,3,10,600.0,0.198,-481.1,Normal
BR002,2025-10-08,12,5,87.2,2.4,3.4,0,0,0,1,10,600.0,0.145,-512.8,Normal
BR002,2025-10-08,13,8,77.8,2.55,3.1,0,0,0,0,10,600.0,0.13,-522.2,Normal
BR002,2025-10-08,14,4,24.9,2.525,3.1,0,0,0,0,10,600.0,0.041,-575.1,Normal
BR002,2025-10-08,15,2,28.9,2.65,3.5,0,0,0,0,10,600.0,0.048,-571.1,Normal
BR002,2025-10-08,16,1,5.0,2.8,2.8,0,0,0,0,10,600.0,0.008,-595.0,Normal
BR002,2025-10-09,9,5,65.3,1.72,2.6,0,0,0,0,10,600.0,0.109,-534.7,Normal
BR002,2025-10-09,10,19,180.4,5.378947368421053,27.4,2,0,2,1,10,600.0,0.301,-419.6,Normal
BR002,2025-10-09,11,11,96.9,2.118181818181818,3.5,1,0,0,0,10,600.0,0.162,-503.1,Normal
BR002,2025-10-09,12,4,61.2,1.175,1.6,0,0,1,1,10,600.0,0.102,-538.8,Normal
BR002,2025-10-09,13,12,128.7,2.216666666666667,5.3,1,0,3,1,10,600.0,0.214,-471.3,Normal
BR002,2025-10-09,14,7,53.5,2.142857142857143,3.4,0,0,1,0,10,600.0,0.089,-546.5,Normal
BR002,2025-10-09,15,3,52.3,2.6,3.4,0,0,0,2,10,600.0,0.087,-547.7,Normal
BR002,2025-10-09,16,1,9.2,2.7,2.7,0,0,0,0,10,600.0,0.015,-590.8,Normal
BR002,2025-10-10,9,17,170.79999999999998,2.8529411764705883,14.2,1,0,6,3,10,600.0,0.285,-429.2,Normal
BR002,2025-10-10,10,20,251.9,12.25,49.8,10,0,1,5,10,600.0,0.42,-348.1,Normal
BR002,2025-10-10,11,13,160.9,3.523076923076923,20.7,9,0,0,1,10,600.0,0.268,-439.1,Normal
BR002,2025-10-10,12,8,116.3,3.9,19.4,8,0,2,2,10,600.0,0.194,-483.7,Normal
BR002,2025-10-10,13,15,169.89999999999998,2.546666666666667,14.0,2,0,1,2,10,600.0,0.283,-430.1,Normal
BR002,2025-10-10,14,11,108.4,3.8545454545454545,16.2,1,0,2,1,10,600.0,0.181,-491.6,Normal
BR002,2025-10-10,15,6,41.7,2.466666666666667,3.3,0,0,0,0,10,600.0,0.07,-558.3,Normal
BR002,2025-10-13,9,13,182.6,9.5,26.6,4,0,3,2,10,600.0,0.304,-417.4,Normal
BR002,2025-10-13,10,17,209.29999999999998,2.5411764705882356,12.1,3,0,3,4,10,600.0,0.349,-390.7,Normal
BR002,2025-10-13,11,12,137.3,2.0833333333333335,3.3,3,0,1,1,10,600.0,0.229,-462.7,Normal
BR002,2025-10-13,12,8,79.80000000000001,3.9625,17.4,1,0,0,1,10,600.0,0.133,-520.2,Normal
BR002,2025-10-13,13,10,116.9,1.9100000000000001,2.8,0,0,0,2,10,600.0,0.195,-483.1,Normal
BR002,2025-10-13,14,5,25.5,2.84,3.4,0,0,0,0,10,600.0,0.042,-574.5,Normal
BR002,2025-10-13,15,5,101.9,2.54,3.3,0,0,0,2,10,600.0,0.17,-498.1,Normal
BR002,2025-10-13,16,1,3.6,1.3,1.3,0,0,0,0,10,600.0,0.006,-596.4,Normal
BR002,2025-10-14,9,11,111.7,2.118181818181818,3.2,0,0,2,1,10,600.0,0.186,-488.3,Normal
BR002,2025-10-14,10,13,171.2,3.6923076923076925,16.4,2,0,4,2,10,600.0,0.285,-428.8,Normal
BR002,2025-10-14,11,8,103.8,3.2375,13.9,1,0,1,2,10,600.0,0.173,-496.2,Normal
BR002,2025-10-14,12,12,126.1,2.725,4.8,2,0,0,1,10,600.0,0.21,-473.9,Normal
BR002,2025-10-14,13,4,31.0,2.5,3.0,1,0,0,0,10,600.0,0.052,-569.0,Normal
BR002,2025-10-14,14,7,77.1,2.414285714285714,3.3,0,0,0,0,10,600.0,0.128,-522.9,Normal
BR002,2025-10-14,15,3,48.3,2.0,3.4,0,0,0,1,10,600.0,0.08,-551.7,Normal
BR002,2025-10-15,9,11,96.9,2.909090909090909,6.8,1,0,4,2,10,600.0,0.162,-503.1,Normal
BR002,2025-10-15,10,18,169.1,4.444444444444445,17.3,1,0,3,1,10,600.0,0.282,-430.9,Normal
BR002,2025-10-15,11,7,80.8,2.4285714285714284,3.2,0,0,1,1,10,600.0,0.135,-519.2,Normal
BR002,2025-10-15,12,8,127.80000000000001,2.075,2.7,0,0,0,3,10,600.0,0.213,-472.2,Normal
BR002,2025-10-15,13,13,125.4,2.146153846153846,3.0,0,0,0,1,10,600.0,0.209,-474.6,Normal
BR002,2025-10-15,14,5,55.4,2.06,3.2,0,0,0,0,10,600.0,0.092,-544.6,Normal
BR002,2025-10-15,15,2,24.0,1.8,2.5,0,0,0,0,10,600.0,0.04,-576.0,Normal
BR002,2025-10-15,16,1,10.6,3.5,3.5,0,0,0,0,10,600.0,0.018,-589.4,Normal
BR002,2025-10-16,9,13,152.5,2.0461538461538464,3.5,0,0,2,1,10,600.0,0.254,-447.5,Normal
BR002,2025-10-16,10,13,121.0,3.423076923076923,12.6,1,0,2,1,10,600.0,0.202,-479.0,Normal
BR002,2025-10-16,11,14,135.7,2.392857142857143,3.3,0,0,3,1,10,600.0,0.226,-464.3,Normal
BR002,2025-10-16,12,7,118.9,3.085714285714286,8.6,1,0,0,2,10,600.0,0.198,-481.1,Normal
BR002,2025-10-16,13,10,110.6,2.7,4.0,1,0,0,1,10,600.0,0.184,-489.4,Normal
BR002,2025-10-16,14,6,72.2,2.8000000000000003,3.3,0,0,0,1,10,600.0,0.12,-527.8,Normal
BR002,2025-10-16,15,2,12.899999999999999,2.6,3.4,0,0,0,0,10,600.0,0.022,-587.1,Normal
BR002,2025-10-17,9,9,108.6,15.455555555555556,35.2,3,0,3,1,10,600.0,0.181,-491.4,Moderate
BR002,2025-10-17,10,17,204.8,2.2294117647058824,7.4,2,0,4,3,10,600.0,0.341,-395.2,Normal
BR002,2025-10-17,11,7,119.10000000000001,4.357142857142857,11.7,2,0,0,2,10,600.0,0.198,-480.9,Normal
BR002,2025-10-17,12,10,124.2,2.5100000000000002,4.6,1,0,0,2,10,600.0,0.207,-475.8,Normal
BR002,2025-10-17,13,13,120.9,2.2384615384615385,3.3,0,0,0,1,10,600.0,0.202,-479.1,Normal
BR002,2025-10-17,14,9,105.5,2.566666666666667,3.2,0,0,0,2,10,600.0,0.176,-494.5,Normal
BR002,2025-10-17,15,4,68.1,1.325,2.1,0,0,0,1,10,600.0,0.113,-531.9,Normal
BR002,2025-10-17,16,2,33.5,1.1,1.1,0,0,0,0,10,600.0,0.056,-566.5,Normal
BR002,2025-10-18,9,7,45.5,2.0142857142857147,3.5,0,0,1,0,10,600.0,0.076,-554.5,Normal
BR002,2025-10-18,10,10,131.4,2.54,3.5,0,0,3,2,10,600.0,0.219,-468.6,Normal
BR002,2025-10-18,11,10,143.8,2.85,7.5,1,0,2,3,10,600.0,0.24,-456.2,Normal
BR002,2025-10-18,12,11,181.29999999999998,2.963636363636364,12.3,1,0,0,3,10,600.0,0.302,-418.7,Normal
BR002,2025-10-18,13,9,88.1,2.2555555555555555,3.4,0,0,0,2,10,600.0,0.147,-511.9,Normal
BR002,2025-10-18,14,9,95.9,2.033333333333333,2.8,0,0,0,0,10,600.0,0.16,-504.1,Normal
BR002,2025-10-18,15,3,78.4,1.6666666666666667,2.8,0,0,0,2,10,600.0,0.131,-521.6,Normal
BR002,2025-10-18,16,1,16.2,1.9,1.9,0,0,0,0,10,600.0,0.027,-583.8,Normal
BR002,2025-10-22,9,6,57.7,2.6333333333333333,3.5,0,0,1,0,10,600.0,0.096,-542.3,Normal
BR002,2025-10-22,10,8,86.5,7.637499999999999,29.2,1,0,1,0,10,600.0,0.144,-513.5,Normal
BR002,2025-10-22,11,9,83.4,1.9888888888888887,3.1,0,0,0,1,10,600.0,0.139,-516.6,Normal
BR002,2025-10-22,12,7,122.1,4.514285714285714,21.6,1,0,1,2,10,600.0,0.204,-477.9,Normal
BR002,2025-10-22,13,6,80.7,2.5166666666666666,3.1,0,0,0,1,10,600.0,0.134,-519.3,Normal
BR002,2025-10-22,14,8,78.1,2.375,5.3,1,0,2,1,10,600.0,0.13,-521.9,Normal
BR002,2025-10-22,15,2,19.1,0.9,1.0,0,0,0,0,10,600.0,0.032,-580.9,Normal
BR002,2025-10-22,16,2,25.1,1.5499999999999998,1.7,0,0,0,0,10,600.0,0.042,-574.9,Normal
BR002,2025-10-23,9,10,128.8,2.05,3.3,0,0,5,1,10,600.0,0.215,-471.2,Normal
BR002,2025-10-23,10,6,45.0,14.133333333333333,51.1,2,1,2,0,10,600.0,0.075,-555.0,Normal
BR002,2025-10-23,11,12,108.7,6.308333333333334,32.9,2,0,1,1,10,600.0,0.181,-491.3,Normal
BR002,2025-10-23,12,5,89.2,2.6,3.3,0,0,0,2,10,600.0,0.149,-510.8,Normal
BR002,2025-10-23,13,10,120.2,3.8200000000000003,12.7,1,0,0,3,10,600.0,0.2,-479.8,Normal
BR002,2025-10-23,14,7,95.8,7.285714285714286,30.8,3,0,0,2,10,600.0,0.16,-504.2,Normal
BR002,2025-10-23,15,3,58.4,1.8,2.4,2,0,0,1,10,600.0,0.097,-541.6,Normal
BR002,2025-10-24,9,13,150.3,3.9384615384615387,16.5,2,0,2,1,10,600.0,0.25,-449.7,Normal
BR002,2025-10-24,10,12,250.7,5.966666666666666,24.2,3,0,3,6,10,600.0,0.418,-349.3,Normal
BR002,2025-10-24,11,24,179.4,6.9125000000000005,26.8,7,0,6,0,10,600.0,0.299,-420.6,Normal
BR002,2025-10-24,12,15,120.6,3.86,15.9,5,0,1,0,10,600.0,0.201,-479.4,Normal
BR002,2025-10-24,13,14,168.2,2.5357142857142856,6.9,2,0,1,2,10,600.0,0.28,-431.8,Normal
BR002,2025-10-24,14,10,79.2,2.1100000000000003,3.2,0,0,0,0,10,600.0,0.132,-520.8,Normal
BR002,2025-10-24,15,3,35.0,2.3333333333333335,2.9,0,0,0,1,10,600.0,0.058,-565.0,Normal
BR002,2025-10-24,16,1,13.9,2.4,2.4,0,0,0,0,10,600.0,0.023,-586.1,Normal
BR002,2025-10-27,9,16,201.29999999999998,3.23125,16.3,1,0,4,4,10,600.0,0.335,-398.7,Normal
BR002,2025-10-27,10,16,184.7,16.26875,41.0,9,1,2,3,10,600.0,0.308,-415.3,Moderate
BR002,2025-10-27,11,17,266.5,4.458823529411766,17.2,10,0,5,4,10,600.0,0.444,-333.5,Normal
BR002,2025-10-27,12,8,108.7,8.1125,39.7,9,0,0,2,10,600.0,0.181,-491.3,Normal
BR002,2025-10-27,13,20,253.5,5.0200000000000005,20.9,5,0,0,4,10,600.0,0.422,-346.5,Normal
BR002,2025-10-27,14,5,83.9,2.7600000000000002,3.4,0,0,0,3,10,600.0,0.14,-516.1,Normal
BR002,2025-10-27,15,6,45.9,2.183333333333333,3.2,0,0,0,0,10,600.0,0.076,-554.1,Normal
BR002,2025-10-27,16,2,28.5,3.15,3.3,0,0,0,1,10,600.0,0.048,-571.5,Normal
BR002,2025-10-28,9,17,194.3,13.088235294117647,50.3,5,0,2,1,10,600.0,0.324,-405.7,Normal
BR002,2025-10-28,10,14,160.0,6.164285714285714,42.1,4,0,2,2,10,600.0,0.267,-440.0,Normal
BR002,2025-10-28,11,13,136.4,2.4461538461538463,5.9,3,0,2,2,10,600.0,0.227,-463.6,Normal
BR002,2025-10-28,12,13,160.5,5.3538461538461535,31.9,2,0,4,2,10,600.0,0.268,-439.5,Normal
BR002,2025-10-28,13,19,188.5,3.5526315789473686,12.7,4,0,2,2,10,600.0,0.314,-411.5,Normal
BR002,2025-10-28,14,9,117.7,16.22222222222222,50.1,6,2,0,3,10,600.0,0.196,-482.3,Moderate
BR002,2025-10-28,15,11,163.6,3.1454545454545455,12.3,5,0,0,3,10,600.0,0.273,-436.4,Normal
BR002,2025-10-29,9,10,113.3,6.22,32.3,2,0,0,1,10,600.0,0.189,-486.7,Normal
BR002,2025-10-29,10,14,203.4,2.8428571428571425,9.6,2,0,2,4,10,600.0,0.339,-396.6,Normal
BR002,2025-10-29,11,9,116.0,2.6444444444444444,3.5,1,0,0,2,10,600.0,0.193,-484.0,Normal
BR002,2025-10-29,12,17,258.0,9.435294117647059,52.4,4,0,0,4,10,600.0,0.43,-342.0,Normal
BR002,2025-10-29,13,12,170.0,4.175,16.6,5,0,7,4,10,600.0,0.283,-430.0,Normal
BR002,2025-10-29,14,12,121.2,4.816666666666666,21.5,4,0,1,1,10,600.0,0.202,-478.8,Normal
BR002,2025-10-29,15,4,103.5,1.375,1.9,0,0,1,3,10,600.0,0.172,-496.5,Normal
BR002,2025-10-29,16,2,12.5,3.4,3.4,2,0,0,0,10,600.0,0.021,-587.5,Normal
BR002,2025-10-30,9,15,183.70000000000002,3.3666666666666667,14.0,2,0,2,3,10,600.0,0.306,-416.3,Normal
BR002,2025-10-30,10,10,161.7,2.45,5.5,2,0,0,3,10,600.0,0.269,-438.3,Normal
BR002,2025-10-30,11,19,210.3,3.478947368421052,22.3,2,0,3,3,10,600.0,0.351,-389.7,Normal
BR002,2025-10-30,12,13,141.4,3.9846153846153842,20.9,2,0,1,1,10,600.0,0.236,-458.6,Normal
BR002,2025-10-30,13,11,157.70000000000002,2.5727272727272728,3.5,3,0,3,3,10,600.0,0.263,-442.3,Normal
BR002,2025-10-30,14,14,150.3,2.0785714285714287,5.5,1,0,0,2,10,600.0,0.25,-449.7,Normal
BR002,2025-10-30,15,2,18.3,3.05,3.2,0,0,0,0,10,600.0,0.031,-581.7,Normal
BR002,2025-10-31,9,16,177.2,3.03125,10.4,1,0,2,2,10,600.0,0.295,-422.8,Normal
BR002,2025-10-31,10,15,183.3,4.1066666666666665,30.9,2,0,4,4,10,600.0,0.306,-416.7,Normal
BR002,2025-10-31,11,25,252.5,10.92,51.5,6,2,4,2,10,600.0,0.421,-347.5,Normal
BR002,2025-10-31,12,17,226.5,8.964705882352941,43.6,5,1,3,2,10,600.0,0.378,-373.5,Normal
BR002,2025-10-31,13,20,287.7,3.79,15.6,3,0,2,4,10,600.0,0.48,-312.3,Normal
BR002,2025-10-31,14,10,149.9,4.4799999999999995,24.3,4,0,0,2,10,600.0,0.25,-450.1,Normal
BR002,2025-10-31,15,9,149.4,2.1222222222222222,3.2,1,0,0,4,10,600.0,0.249,-450.6,Normal
BR002,2025-11-03,9,16,212.2,6.34375,29.3,3,0,7,5,10,600.0,0.354,-387.8,Normal
BR002,2025-11-03,10,23,362.1,10.47391304347826,46.1,7,0,4,6,10,600.0,0.604,-237.9,Normal
BR002,2025-11-03,11,14,147.4,2.8642857142857143,14.5,7,0,1,1,10,600.0,0.246,-452.6,Normal
BR002,2025-11-03,12,14,185.5,9.021428571428572,39.7,3,0,0,2,10,600.0,0.309,-414.5,Normal
BR002,2025-11-03,13,16,241.5,4.71875,14.5,4,0,0,2,10,600.0,0.402,-358.5,Normal
BR002,2025-11-03,14,7,121.0,1.8857142857142857,2.8,2,0,0,2,10,600.0,0.202,-479.0,Normal
BR002,2025-11-03,15,4,48.2,3.0749999999999997,3.4,0,0,0,0,10,600.0,0.08,-551.8,Normal
BR002,2025-11-03,16,2,38.4,2.25,3.1,0,0,0,1,10,600.0,0.064,-561.6,Normal
BR002,2025-11-04,9,11,100.6,3.4818181818181815,9.3,2,0,2,0,10,600.0,0.168,-499.4,Normal
BR002,2025-11-04,10,15,160.5,2.42,8.3,1,0,3,1,10,600.0,0.268,-439.5,Normal
BR002,2025-11-04,11,9,114.1,2.3666666666666667,3.3,0,0,1,2,10,600.0,0.19,-485.9,Normal
BR002,2025-11-04,12,12,110.9,2.066666666666667,3.4,0,0,1,1,10,600.0,0.185,-489.1,Normal
BR002,2025-11-04,13,14,146.0,2.092857142857143,3.5,0,0,0,1,10,600.0,0.243,-454.0,Normal
BR002,2025-11-04,14,5,72.2,1.7600000000000002,2.7,0,0,0,1,10,600.0,0.12,-527.8,Normal
BR002,2025-11-04,15,4,60.0,2.575,3.5,0,0,0,1,10,600.0,0.1,-540.0,Normal
BR002,2025-11-04,16,2,34.1,2.2,3.0,0,0,0,1,10,600.0,0.057,-565.9,Normal
BR002,2025-11-05,9,13,154.3,3.730769230769231,21.1,1,0,3,2,10,600.0,0.257,-445.7,Normal
BR002,2025-11-05,10,16,174.9,7.88125,36.9,5,0,6,2,10,600.0,0.292,-425.1,Normal
BR002,2025-11-05,11,21,289.5,4.776190476190476,32.0,4,0,2,5,10,600.0,0.482,-310.5,Normal
BR002,2025-11-05,12,18,183.3,4.055555555555555,22.4,2,0,0,4,10,600.0,0.306,-416.7,Normal
BR002,2025-11-05,13,11,155.0,1.9545454545454546,3.3,1,0,0,3,10,600.0,0.258,-445.0,Normal
BR002,2025-11-05,14,4,45.2,1.8250000000000002,2.5,0,0,0,1,10,600.0,0.075,-554.8,Normal
BR002,2025-11-05,15,2,16.6,2.2,2.8,0,0,0,0,10,600.0,0.028,-583.4,Normal
BR002,2025-11-06,9,15,131.8,2.1133333333333333,3.4,0,0,3,1,10,600.0,0.22,-468.2,Normal
BR002,2025-11-06,10,12,90.3,8.358333333333333,30.8,2,0,2,0,10,600.0,0.15,-509.7,Normal
BR002,2025-11-06,11,14,176.1,3.357142857142857,12.7,4,0,2,3,10,600.0,0.294,-423.9,Normal
BR002,2025-11-06,12,8,81.7,1.775,2.7,3,0,0,1,10,600.0,0.136,-518.3,Normal
BR002,2025-11-06,13,6,65.1,1.9833333333333334,2.7,0,0,0,1,10,600.0,0.108,-534.9,Normal
BR002,2025-11-06,14,8,78.2,2.0875,3.0,0,0,0,0,10,600.0,0.13,-521.8,Normal
BR002,2025-11-06,15,1,8.8,2.0,2.0,0,0,0,0,10,600.0,0.015,-591.2,Normal
BR002,2025-11-07,9,6,83.3,2.3333333333333335,3.3,0,0,2,1,10,600.0,0.139,-516.7,Normal
BR002,2025-11-07,10,22,284.3,10.990909090909092,40.3,7,2,5,4,10,600.0,0.474,-315.7,Normal
BR002,2025-11-07,11,12,152.4,4.633333333333334,26.0,2,0,4,3,10,600.0,0.254,-447.6,Normal
BR002,2025-11-07,12,12,179.1,3.033333333333333,12.2,6,0,0,3,10,600.0,0.298,-420.9,Normal
BR002,2025-11-07,13,11,137.9,1.8,3.0,1,0,0,2,10,600.0,0.23,-462.1,Normal
BR002,2025-11-07,14,12,150.6,2.2416666666666667,3.4,1,0,0,2,10,600.0,0.251,-449.4,Normal
BR002,2025-11-07,15,5,74.1,1.8199999999999998,2.7,0,0,0,1,10,600.0,0.123,-525.9,Normal
BR002,2025-11-10,9,14,152.4,6.321428571428571,36.6,3,0,5,2,10,600.0,0.254,-447.6,Normal
BR002,2025-11-10,10,27,348.7,8.051851851851852,50.9,7,1,8,6,10,600.0,0.581,-251.3,Normal
BR002,2025-11-10,11,15,175.70000000000002,7.239999999999999,36.5,9,0,0,2,10,600.0,0.293,-424.3,Normal
BR002,2025-11-10,12,16,227.3,3.8874999999999997,22.4,7,0,2,5,10,600.0,0.379,-372.7,Normal
BR002,2025-11-10,13,12,103.4,2.9499999999999997,15.1,2,0,0,0,10,600.0,0.172,-496.6,Normal
BR002,2025-11-10,14,9,126.8,2.8111111111111113,3.9,1,0,0,3,10,600.0,0.211,-473.2,Normal
BR002,2025-11-10,15,7,87.6,1.8714285714285714,2.9,0,0,0,2,10,600.0,0.146,-512.4,Normal
BR002,2025-11-10,16,3,39.1,1.3,1.8,0,0,0,0,10,600.0,0.065,-560.9,Normal
BR002,2025-11-11,9,11,79.1,2.463636363636364,5.9,1,0,4,0,10,600.0,0.132,-520.9,Normal
BR002,2025-11-11,10,18,229.6,3.283333333333333,18.2,2,0,3,3,10,600.0,0.383,-370.4,Normal
BR002,2025-11-11,11,7,95.2,2.2,3.2,1,0,0,1,10,600.0,0.159,-504.8,Normal
BR002,2025-11-11,12,9,105.3,3.9777777777777774,17.0,2,0,0,2,10,600.0,0.176,-494.7,Normal
BR002,2025-11-11,13,9,130.0,2.1222222222222222,3.3,1,0,0,1,10,600.0,0.217,-470.0,Normal
BR002,2025-11-11,14,7,69.7,2.5,3.2,0,0,0,0,10,600.0,0.116,-530.3,Normal
BR002,2025-11-11,15,4,37.1,2.2,3.5,0,0,0,0,10,600.0,0.062,-562.9,Normal
BR002,2025-11-11,16,1,19.9,2.1,2.1,0,0,0,0,10,600.0,0.033,-580.1,Normal
BR002,2025-11-12,9,8,99.10000000000001,1.85,3.1,0,0,2,1,10,600.0,0.165,-500.9,Normal
BR002,2025-11-12,10,9,78.9,1.5777777777777777,2.2,0,0,2,1,10,600.0,0.132,-521.1,Normal
BR002,2025-11-12,11,11,179.5,2.0818181818181816,3.3,0,0,2,3,10,600.0,0.299,-420.5,Normal
BR002,2025-11-12,12,10,134.8,6.0600000000000005,21.3,1,0,0,3,10,600.0,0.225,-465.2,Normal
BR002,2025-11-12,13,9,89.3,2.1444444444444444,3.5,0,0,0,1,10,600.0,0.149,-510.7,Normal
BR002,2025-11-12,14,6,72.1,1.8333333333333333,2.6,0,0,0,0,10,600.0,0.12,-527.9,Normal
BR002,2025-11-12,15,4,71.1,1.8,3.2,0,0,0,2,10,600.0,0.118,-528.9,Normal
BR002,2025-11-12,16,1,6.2,1.9,1.9,0,0,0,0,10,600.0,0.01,-593.8,Normal
BR002,2025-11-13,9,13,161.3,7.415384615384616,27.9,3,0,1,1,10,600.0,0.269,-438.7,Normal
BR002,2025-11-13,10,12,138.8,3.341666666666667,15.2,2,0,2,2,10,600.0,0.231,-461.2,Normal
BR002,2025-11-13,11,10,107.7,1.9,3.3,2,0,2,1,10,600.0,0.18,-492.3,Normal
BR002,2025-11-13,12,6,58.0,2.0500000000000003,2.5,1,0,3,0,10,600.0,0.097,-542.0,Normal
BR002,2025-11-13,13,8,86.4,2.4125,3.1,0,0,0,0,10,600.0,0.144,-513.6,Normal
BR002,2025-11-13,14,4,83.69999999999999,1.65,2.5,0,0,0,2,10,600.0,0.139,-516.3,Normal
BR002,2025-11-13,15,10,129.9,2.3,3.5,0,0,0,1,10,600.0,0.216,-470.1,Normal
BR002,2025-11-14,9,10,79.4,13.709999999999999,49.4,4,2,2,1,10,600.0,0.132,-520.6,Normal
BR002,2025-11-14,10,20,285.1,5.92,28.5,3,0,5,5,10,600.0,0.475,-314.9,Normal
BR002,2025-11-14,11,11,140.4,2.1999999999999997,3.5,2,0,0,2,10,600.0,0.234,-459.6,Normal
BR002,2025-11-14,12,8,121.1,2.6125,6.3,1,0,1,2,10,600.0,0.202,-478.9,Normal
BR002,2025-11-14,13,11,133.0,2.1999999999999997,3.4,0,0,0,2,10,600.0,0.222,-467.0,Normal
BR002,2025-11-14,14,4,35.7,19.25,39.1,3,1,0,0,10,600.0,0.06,-564.3,Moderate
BR002,2025-11-14,15,11,124.2,3.1454545454545455,13.5,2,0,0,2,10,600.0,0.207,-475.8,Normal
BR002,2025-11-15,9,15,159.5,5.2733333333333325,23.5,3,0,0,2,10,600.0,0.266,-440.5,Normal
BR002,2025-11-15,10,10,141.1,2.1,3.3,2,0,2,1,10,600.0,0.235,-458.9,Normal
BR002,2025-11-15,11,13,125.5,6.6461538461538465,38.3,2,1,3,1,10,600.0,0.209,-474.5,Normal
BR002,2025-11-15,12,18,192.6,3.8833333333333337,19.2,3,0,5,3,10,600.0,0.321,-407.4,Normal
BR002,2025-11-15,13,6,77.1,2.1666666666666665,3.2,1,0,0,1,10,600.0,0.128,-522.9,Normal
BR002,2025-11-15,14,7,55.4,1.7857142857142858,3.1,1,0,0,0,10,600.0,0.092,-544.6,Normal
BR002,2025-11-15,15,4,60.0,1.975,2.5,0,0,0,1,10,600.0,0.1,-540.0,Normal
BR002,2025-11-15,16,2,29.599999999999998,2.8,3.0,0,0,0,1,10,600.0,0.049,-570.4,Normal
BR002,2025-11-17,9,9,69.1,3.8444444444444446,15.2,1,0,1,0,10,600.0,0.115,-530.9,Normal
BR002,2025-11-17,10,17,217.2,12.405882352941177,52.4,5,1,4,2,10,600.0,0.362,-382.8,Normal
BR002,2025-11-17,11,18,206.3,8.877777777777778,44.2,4,1,2,2,10,600.0,0.344,-393.7,Normal
BR002,2025-11-17,12,19,271.1,2.7789473684210524,7.3,5,0,5,4,10,600.0,0.452,-328.9,Normal
BR002,2025-11-17,13,6,46.1,2.0,2.9,0,0,0,0,10,600.0,0.077,-553.9,Normal
BR002,2025-11-17,14,6,39.5,2.3833333333333333,3.2,0,0,0,0,10,600.0,0.066,-560.5,Normal
BR002,2025-11-17,15,7,101.8,2.4857142857142853,3.4,0,0,0,1,10,600.0,0.17,-498.2,Normal
BR002,2025-11-18,9,15,191.1,5.8533333333333335,28.2,3,0,2,2,10,600.0,0.318,-408.9,Normal
BR002,2025-11-18,10,10,94.6,2.35,3.0,1,0,1,1,10,600.0,0.158,-505.4,Normal
BR002,2025-11-18,11,4,37.7,1.35,2.2,2,0,1,0,10,600.0,0.063,-562.3,Normal
BR002,2025-11-18,12,7,66.6,2.3428571428571425,3.4,0,0,1,1,10,600.0,0.111,-533.4,Normal
BR002,2025-11-18,13,6,86.5,1.9166666666666667,3.0,0,0,1,1,10,600.0,0.144,-513.5,Normal
BR002,2025-11-18,14,3,35.2,1.9333333333333333,3.3,0,0,0,1,10,600.0,0.059,-564.8,Normal
BR002,2025-11-18,15,1,6.3,2.4,2.4,0,0,0,0,10,600.0,0.01,-593.7,Normal
BR002,2025-11-19,9,11,81.8,5.509090909090909,30.8,2,0,1,1,10,600.0,0.136,-518.2,Normal
BR002,2025-11-19,10,15,180.9,1.98,3.2,1,0,3,3,10,600.0,0.302,-419.1,Normal
BR002,2025-11-19,11,11,131.6,2.590909090909091,7.9,1,0,1,2,10,600.0,0.219,-468.4,Normal
BR002,2025-11-19,12,7,92.9,2.4285714285714284,3.5,0,0,2,2,10,600.0,0.155,-507.1,Normal
BR002,2025-11-19,13,3,18.6,2.2666666666666666,2.8,0,0,0,0,10,600.0,0.031,-581.4,Normal
BR002,2025-11-19,14,5,50.7,2.8600000000000003,3.2,0,0,0,0,10,600.0,0.084,-549.3,Normal
BR002,2025-11-19,15,6,64.8,2.1166666666666667,3.2,0,0,1,1,10,600.0,0.108,-535.2,Normal
BR002,2025-11-19,16,1,8.4,1.9,1.9,0,0,0,0,10,600.0,0.014,-591.6,Normal
BR002,2025-11-20,9,10,84.3,2.46,3.3,0,0,4,0,10,600.0,0.14,-515.7,Normal
BR002,2025-11-20,10,11,107.10000000000001,2.0363636363636366,3.3,0,0,2,1,10,600.0,0.179,-492.9,Normal
BR002,2025-11-20,11,7,56.6,2.1285714285714286,2.8,0,0,0,0,10,600.0,0.094,-543.4,Normal
BR002,2025-11-20,12,8,53.7,2.3125,4.6,1,0,0,0,10,600.0,0.09,-546.3,Normal
BR002,2025-11-20,13,11,205.7,1.7545454545454546,3.2,0,0,0,3,10,600.0,0.343,-394.3,Normal
BR002,2025-11-20,14,6,65.4,1.75,2.7,0,0,0,1,10,600.0,0.109,-534.6,Normal
BR002,2025-11-20,15,3,19.2,2.1,2.9,0,0,0,0,10,600.0,0.032,-580.8,Normal
BR002,2025-11-21,9,18,222.9,2.861111111111111,12.5,1,0,1,3,10,600.0,0.372,-377.1,Normal
BR002,2025-11-21,10,14,184.20000000000002,2.4285714285714284,5.0,1,0,4,4,10,600.0,0.307,-415.8,Normal
BR002,2025-11-21,11,11,153.2,1.9545454545454546,3.4,0,0,2,3,10,600.0,0.255,-446.8,Normal
BR002,2025-11-21,12,8,86.9,10.875,48.9,1,0,0,1,10,600.0,0.145,-513.1,Normal
BR002,2025-11-21,13,17,168.1,2.088235294117647,3.4,0,0,1,2,10,600.0,0.28,-431.9,Normal
BR002,2025-11-21,14,8,82.7,2.925,10.7,1,0,1,0,10,600.0,0.138,-517.3,Normal
BR002,2025-11-21,15,5,51.099999999999994,1.8,2.0,0,0,1,1,10,600.0,0.085,-548.9,Normal
BR002,2025-11-21,16,1,17.4,1.3,1.3,0,0,1,0,10,600.0,0.029,-582.6,Normal
BR002,2025-11-24,9,18,172.2,4.322222222222222,22.3,2,0,4,2,10,600.0,0.287,-427.8,Normal
BR002,2025-11-24,10,16,190.3,10.993749999999999,51.8,8,2,7,3,10,600.0,0.317,-409.7,Normal
BR002,2025-11-24,11,24,262.5,15.137500000000001,34.4,13,0,3,4,10,600.0,0.438,-337.5,Moderate
BR002,2025-11-24,12,23,328.5,13.23913043478261,51.3,12,0,3,4,10,600.0,0.548,-271.5,Normal
BR002,2025-11-24,13,19,211.2,7.584210526315789,36.7,12,0,0,2,10,600.0,0.352,-388.8,Normal
BR002,2025-11-24,14,10,133.6,3.85,15.9,11,0,0,3,10,600.0,0.223,-466.4,Normal
BR002,2025-11-24,15,11,162.1,2.972727272727273,9.7,3,0,0,4,10,600.0,0.27,-437.9,Normal
BR002,2025-11-25,9,11,84.2,3.372727272727273,12.1,2,0,3,1,10,600.0,0.14,-515.8,Normal
BR002,2025-11-25,10,10,113.6,1.73,2.8,1,0,2,1,10,600.0,0.189,-486.4,Normal
BR002,2025-11-25,11,8,126.6,1.975,3.5,1,0,1,2,10,600.0,0.211,-473.4,Normal
BR002,2025-11-25,12,9,113.9,2.011111111111111,3.2,0,0,0,1,10,600.0,0.19,-486.1,Normal
BR002,2025-11-25,13,7,109.7,4.542857142857143,13.0,1,0,0,3,10,600.0,0.183,-490.3,Normal
BR002,2025-11-25,14,10,71.5,2.68,3.4,0,0,0,0,10,600.0,0.119,-528.5,Normal
BR002,2025-11-25,15,1,3.2,2.6,2.6,0,0,0,0,10,600.0,0.005,-596.8,Normal
BR002,2025-11-25,16,2,27.2,1.1,1.4,0,0,0,0,10,600.0,0.045,-572.8,Normal
BR002,2025-11-26,9,8,76.2,2.05,3.3,0,0,1,0,10,600.0,0.127,-523.8,Normal
BR002,2025-11-26,10,15,209.7,4.866666666666666,28.2,1,0,4,4,10,600.0,0.35,-390.3,Normal
BR002,2025-11-26,11,13,195.0,1.9076923076923078,3.4,0,0,3,4,10,600.0,0.325,-405.0,Normal
BR002,2025-11-26,12,9,77.2,1.8888888888888888,3.0,0,0,0,1,10,600.0,0.129,-522.8,Normal
BR002,2025-11-26,13,9,83.6,2.322222222222222,3.4,0,0,0,0,10,600.0,0.139,-516.4,Normal
BR002,2025-11-26,14,10,132.0,2.0300000000000002,3.0,0,0,0,1,10,600.0,0.22,-468.0,Normal
BR002,2025-11-26,15,4,36.5,2.6,3.5,0,0,0,0,10,600.0,0.061,-563.5,Normal
BR002,2025-11-26,16,1,13.2,1.1,1.1,0,0,0,0,10,600.0,0.022,-586.8,Normal
BR002,2025-11-27,9,11,186.0,4.3999999999999995,18.0,2,0,2,4,10,600.0,0.31,-414.0,Normal
BR002,2025-11-27,10,17,261.3,5.129411764705883,23.8,4,0,6,4,10,600.0,0.436,-338.7,Normal
BR002,2025-11-27,11,9,76.5,2.1555555555555554,3.1,3,0,0,1,10,600.0,0.128,-523.5,Normal
BR002,2025-11-27,12,12,119.5,3.108333333333333,12.0,2,0,0,0,10,600.0,0.199,-480.5,Normal
BR002,2025-11-27,13,11,207.9,2.0272727272727273,3.2,0,0,0,6,10,600.0,0.347,-392.1,Normal
BR002,2025-11-27,14,11,99.0,2.0727272727272728,3.4,0,0,0,0,10,600.0,0.165,-501.0,Normal
BR002,2025-11-27,15,3,33.0,2.433333333333333,3.3,0,0,0,1,10,600.0,0.055,-567.0,Normal
BR002,2025-11-27,16,2,22.5,2.1,2.6,0,0,0,0,10,600.0,0.038,-577.5,Normal
BR002,2025-11-28,9,19,234.6,5.647368421052631,37.5,4,0,2,5,10,600.0,0.391,-365.4,Normal
BR002,2025-11-28,10,14,152.1,3.0,11.1,5,0,1,1,10,600.0,0.254,-447.9,Normal
BR002,2025-11-28,11,14,161.9,3.107142857142857,13.1,4,0,3,3,10,600.0,0.27,-438.1,Normal
BR002,2025-11-28,12,18,215.2,7.155555555555556,30.0,7,0,4,4,10,600.0,0.359,-384.8,Normal
BR002,2025-11-28,13,19,221.4,5.2631578947368425,28.5,6,0,4,3,10,600.0,0.369,-378.6,Normal
BR002,2025-11-28,14,19,225.2,3.736842105263158,15.2,3,0,0,2,10,600.0,0.375,-374.8,Normal
BR002,2025-11-28,15,6,81.0,1.75,2.8,0,0,0,1,10,600.0,0.135,-519.0,Normal
BR002,2025-11-29,9,20,213.1,5.475,29.9,2,0,4,2,10,600.0,0.355,-386.9,Normal
BR002,2025-11-29,10,20,304.8,12.075,50.7,11,2,7,7,10,600.0,0.508,-295.2,Normal
BR002,2025-11-29,11,19,212.3,6.163157894736842,30.3,10,0,4,3,10,600.0,0.354,-387.7,Normal
BR002,2025-11-29,12,20,238.4,8.615,38.3,10,0,0,3,10,600.0,0.397,-361.6,Normal
BR002,2025-11-29,13,13,152.3,4.315384615384615,12.8,7,0,0,2,10,600.0,0.254,-447.7,Normal
BR002,2025-11-29,14,9,120.5,2.1333333333333333,3.4,4,0,0,1,10,600.0,0.201,-479.5,Normal
BR002,2025-11-29,15,7,80.8,1.6857142857142857,2.3,0,0,0,0,10,600.0,0.135,-519.2,Normal
BR002,2025-11-29,16,1,15.5,2.4,2.4,0,0,0,0,10,600.0,0.026,-584.5,Normal
BR002,2025-12-01,9,10,196.1,2.83,7.2,1,0,0,4,10,600.0,0.327,-403.9,Normal
BR002,2025-12-01,10,13,173.6,3.1769230769230767,17.8,2,0,3,2,10,600.0,0.289,-426.4,Normal
BR002,2025-12-01,11,18,277.9,6.238888888888889,29.6,5,0,3,7,10,600.0,0.463,-322.1,Normal
BR002,2025-12-01,12,11,120.60000000000001,3.463636363636364,8.7,4,0,3,0,10,600.0,0.201,-479.4,Normal
BR002,2025-12-01,13,15,175.2,1.7066666666666668,2.9,2,0,1,2,10,600.0,0.292,-424.8,Normal
BR002,2025-12-01,14,9,134.4,2.6444444444444444,3.5,0,0,0,3,10,600.0,0.224,-465.6,Normal
BR002,2025-12-01,15,7,123.8,1.7714285714285711,3.3,0,0,0,2,10,600.0,0.206,-476.2,Normal
BR002,2025-12-02,9,17,197.4,3.658823529411765,19.0,2,0,3,2,10,600.0,0.329,-402.6,Normal
BR002,2025-12-02,10,11,192.3,12.018181818181818,47.2,5,0,2,3,10,600.0,0.32,-407.7,Normal
BR002,2025-12-02,11,21,187.9,3.0333333333333337,10.6,6,0,6,2,10,600.0,0.313,-412.1,Normal
BR002,2025-12-02,12,10,83.8,12.84,41.2,4,1,0,2,10,600.0,0.14,-516.2,Normal
BR002,2025-12-02,13,12,169.4,2.558333333333333,6.2,5,0,0,3,10,600.0,0.282,-430.6,Normal
BR002,2025-12-02,14,10,132.8,5.71,39.5,4,1,0,2,10,600.0,0.221,-467.2,Normal
BR002,2025-12-02,15,9,85.80000000000001,2.0444444444444443,3.3,0,0,0,1,10,600.0,0.143,-514.2,Normal
BR002,2025-12-02,16,1,4.8,1.3,1.3,0,0,0,0,10,600.0,0.008,-595.2,Normal
BR002,2025-12-03,9,22,279.6,5.290909090909091,24.7,3,0,2,6,10,600.0,0.466,-320.4,Normal
BR002,2025-12-03,10,14,137.3,7.207142857142856,38.3,2,1,6,1,10,600.0,0.229,-462.7,Normal
BR002,2025-12-03,11,16,168.2,3.13125,20.8,1,0,0,2,10,600.0,0.28,-431.8,Normal
BR002,2025-12-03,12,7,67.3,12.157142857142857,32.8,4,0,0,1,10,600.0,0.112,-532.7,Normal
BR002,2025-12-03,13,13,140.5,2.723076923076923,7.1,5,0,0,2,10,600.0,0.234,-459.5,Normal
BR002,2025-12-03,14,7,72.5,2.357142857142857,3.4,4,0,0,1,10,600.0,0.121,-527.5,Normal
BR002,2025-12-03,15,5,65.6,1.78,2.9,0,0,0,2,10,600.0,0.109,-534.4,Normal
BR002,2025-12-04,9,6,94.4,1.3833333333333335,2.3,0,0,0,2,10,600.0,0.157,-505.6,Normal
BR002,2025-12-04,10,16,185.7,12.025,44.4,9,1,3,2,10,600.0,0.31,-414.3,Normal
BR002,2025-12-04,11,13,181.9,3.6538461538461537,11.7,7,0,1,4,10,600.0,0.303,-418.1,Normal
BR002,2025-12-04,12,10,123.8,1.6199999999999999,3.0,8,0,1,1,10,600.0,0.206,-476.2,Normal
BR002,2025-12-04,13,7,77.2,6.871428571428571,32.8,3,0,0,1,10,600.0,0.129,-522.8,Normal
BR002,2025-12-04,14,11,119.1,4.909090909090909,31.0,2,0,1,2,10,600.0,0.198,-480.9,Normal
BR002,2025-12-04,15,12,201.0,3.0833333333333335,12.9,1,0,2,4,10,600.0,0.335,-399.0,Normal
BR002,2025-12-04,16,1,21.7,1.8,1.8,1,0,0,0,10,600.0,0.036,-578.3,Normal
BR002,2025-12-05,9,20,283.1,9.875,41.3,4,1,1,6,10,600.0,0.472,-316.9,Normal
BR002,2025-12-05,10,23,206.6,7.304347826086956,44.2,5,1,4,1,10,600.0,0.344,-393.4,Normal
BR002,2025-12-05,11,16,259.9,2.8125,14.2,4,0,3,3,10,600.0,0.433,-340.1,Normal
BR002,2025-12-05,12,20,236.3,4.4799999999999995,25.0,3,0,6,3,10,600.0,0.394,-363.7,Normal
BR002,2025-12-05,13,5,84.2,2.02,2.9,2,0,0,1,10,600.0,0.14,-515.8,Normal
BR002,2025-12-05,14,9,152.3,2.322222222222222,3.3,1,0,1,3,10,600.0,0.254,-447.7,Normal
BR002,2025-12-05,15,12,129.3,2.1333333333333333,3.3,1,0,0,2,10,600.0,0.216,-470.7,Normal
BR002,2025-12-05,16,1,4.4,3.3,3.3,0,0,0,0,10,600.0,0.007,-595.6,Normal
BR002,2025-12-06,9,7,92.5,2.2,3.4,0,0,1,1,10,600.0,0.154,-507.5,Normal
BR002,2025-12-06,10,12,134.7,2.2333333333333334,5.0,1,0,1,1,10,600.0,0.224,-465.3,Normal
BR002,2025-12-06,11,13,164.1,2.4692307692307693,3.4,0,0,4,3,10,600.0,0.273,-435.9,Normal
BR002,2025-12-06,12,11,116.3,2.4727272727272727,3.4,0,0,2,1,10,600.0,0.194,-483.7,Normal
BR002,2025-12-06,13,6,58.7,2.066666666666667,3.4,0,0,0,1,10,600.0,0.098,-541.3,Normal
BR002,2025-12-06,14,5,90.2,2.5,3.2,0,0,0,2,10,600.0,0.15,-509.8,Normal
BR002,2025-12-06,15,1,9.8,1.3,1.3,0,0,0,0,10,600.0,0.016,-590.2,Normal
BR002,2025-12-06,16,1,5.3,2.2,2.2,0,0,0,0,10,600.0,0.009,-594.7,Normal
BR002,2025-12-08,9,16,165.3,5.1125,18.8,8,0,2,2,10,600.0,0.276,-434.7,Normal
BR002,2025-12-08,10,24,225.0,6.483333333333333,29.4,9,0,7,1,10,600.0,0.375,-375.0,Normal
BR002,2025-12-08,11,18,145.6,3.7777777777777777,23.7,5,0,4,1,10,600.0,0.243,-454.4,Normal
BR002,2025-12-08,12,15,179.2,5.913333333333333,30.9,4,0,1,2,10,600.0,0.299,-420.8,Normal
BR002,2025-12-08,13,13,194.0,4.6923076923076925,23.8,3,0,0,4,10,600.0,0.323,-406.0,Normal
BR002,2025-12-08,14,17,211.6,6.911764705882353,34.3,2,0,0,4,10,600.0,0.353,-388.4,Normal
BR002,2025-12-08,15,11,128.2,2.6636363636363636,3.4,2,0,0,1,10,600.0,0.214,-471.8,Normal
BR002,2025-12-08,16,3,30.3,2.033333333333333,2.6,0,0,0,0,10,600.0,0.05,-569.7,Normal
BR002,2025-12-09,9,3,46.5,1.9333333333333333,2.8,0,0,1,1,10,600.0,0.078,-553.5,Normal
BR002,2025-12-09,10,15,137.2,13.620000000000001,51.2,4,3,1,2,10,600.0,0.229,-462.8,Normal
BR002,2025-12-09,11,14,140.8,4.428571428571429,31.9,5,0,3,2,10,600.0,0.235,-459.2,Normal
BR002,2025-12-09,12,9,131.0,2.033333333333333,3.0,4,0,1,2,10,600.0,0.218,-469.0,Normal
BR002,2025-12-09,13,8,105.0,2.3625,3.1,0,0,0,2,10,600.0,0.175,-495.0,Normal
BR002,2025-12-09,14,7,61.1,2.0142857142857142,3.5,0,0,0,1,10,600.0,0.102,-538.9,Normal
BR002,2025-12-09,15,1,14.7,3.4,3.4,0,0,0,0,10,600.0,0.024,-585.3,Normal
BR002,2025-12-10,9,7,75.8,2.3000000000000003,3.2,0,0,3,1,10,600.0,0.126,-524.2,Normal
BR002,2025-12-10,10,13,181.6,2.207692307692308,6.8,1,0,2,4,10,600.0,0.303,-418.4,Normal
BR002,2025-12-10,11,6,72.3,2.35,3.3,0,0,0,1,10,600.0,0.12,-527.7,Normal
BR002,2025-12-10,12,7,99.7,3.0714285714285716,3.5,0,0,0,2,10,600.0,0.166,-500.3,Normal
BR002,2025-12-10,13,6,85.8,1.6500000000000001,2.8,0,0,1,1,10,600.0,0.143,-514.2,Normal
BR002,2025-12-10,14,7,60.699999999999996,2.1285714285714286,3.4,0,0,1,0,10,600.0,0.101,-539.3,Normal
BR002,2025-12-10,15,2,71.4,2.25,2.3,0,0,0,2,10,600.0,0.119,-528.6,Normal
BR002,2025-12-10,16,2,10.600000000000001,2.65,3.5,0,0,0,0,10,600.0,0.018,-589.4,Normal
BR002,2025-12-11,9,17,193.4,3.364705882352941,12.5,3,0,5,2,10,600.0,0.322,-406.6,Normal
BR002,2025-12-11,10,9,86.9,2.322222222222222,3.2,1,0,1,1,10,600.0,0.145,-513.1,Normal
BR002,2025-12-11,11,12,121.3,2.1166666666666667,3.5,0,0,2,1,10,600.0,0.202,-478.7,Normal
BR002,2025-12-11,12,7,74.7,2.1142857142857143,2.9,0,0,0,0,10,600.0,0.124,-525.3,Normal
BR002,2025-12-11,13,8,103.6,1.825,3.4,0,0,0,1,10,600.0,0.173,-496.4,Normal
BR002,2025-12-11,14,5,67.6,2.06,3.2,0,0,0,1,10,600.0,0.113,-532.4,Normal
BR002,2025-12-11,15,3,44.8,2.3333333333333335,3.0,0,0,0,1,10,600.0,0.075,-555.2,Normal
BR002,2025-12-11,16,1,3.1,2.3,2.3,0,0,0,0,10,600.0,0.005,-596.9,Normal
BR002,2025-12-12,9,10,85.7,4.95,18.8,2,0,4,0,10,600.0,0.143,-514.3,Normal
BR002,2025-12-12,10,25,371.9,7.224,30.6,6,0,2,8,10,600.0,0.62,-228.1,Normal
BR002,2025-12-12,11,15,197.7,4.633333333333334,23.1,8,0,1,2,10,600.0,0.329,-402.3,Normal
BR002,2025-12-12,12,12,153.7,4.483333333333333,19.3,4,0,2,3,10,600.0,0.256,-446.3,Normal
BR002,2025-12-12,13,10,95.8,2.2199999999999998,3.5,0,0,1,0,10,600.0,0.16,-504.2,Normal
BR002,2025-12-12,14,9,121.9,2.7222222222222223,3.6,1,0,0,3,10,600.0,0.203,-478.1,Normal
BR002,2025-12-12,15,4,24.0,2.225,3.3,0,0,0,0,10,600.0,0.04,-576.0,Normal
BR002,2025-12-12,16,1,17.2,1.7,1.7,0,0,0,1,10,600.0,0.029,-582.8,Normal
BR002,2025-12-15,9,15,174.7,7.733333333333333,43.7,4,1,5,2,10,600.0,0.291,-425.3,Normal
BR002,2025-12-15,10,17,207.9,3.1470588235294117,18.5,2,0,4,3,10,600.0,0.347,-392.1,Normal
BR002,2025-12-15,11,16,155.9,5.66875,41.5,3,1,3,2,10,600.0,0.26,-444.1,Normal
BR002,2025-12-15,12,17,170.2,3.911764705882353,19.8,3,0,0,1,10,600.0,0.284,-429.8,Normal
BR002,2025-12-15,13,11,128.8,2.2545454545454544,3.5,2,0,0,2,10,600.0,0.215,-471.2,Normal
BR002,2025-12-15,14,8,86.9,1.95,3.4,0,0,0,2,10,600.0,0.145,-513.1,Normal
BR002,2025-12-15,15,5,70.4,2.82,3.3,0,0,0,1,10,600.0,0.117,-529.6,Normal
BR002,2025-12-16,9,7,100.2,2.2714285714285714,3.0,0,0,3,2,10,600.0,0.167,-499.8,Normal
BR002,2025-12-16,10,10,170.7,5.43,17.0,3,0,3,3,10,600.0,0.284,-429.3,Normal
BR002,2025-12-16,11,10,134.0,1.9,3.3,1,0,1,2,10,600.0,0.223,-466.0,Normal
BR002,2025-12-16,12,8,153.5,2.4375,3.4,2,0,0,3,10,600.0,0.256,-446.5,Normal
BR002,2025-12-16,13,4,49.5,1.95,3.4,0,0,0,1,10,600.0,0.082,-550.5,Normal
BR002,2025-12-16,14,12,144.3,2.033333333333333,3.5,0,0,0,1,10,600.0,0.241,-455.7,Normal
BR002,2025-12-16,15,3,29.1,2.466666666666667,3.1,0,0,0,0,10,600.0,0.048,-570.9,Normal
BR002,2025-12-17,9,9,123.9,2.2555555555555555,3.2,0,0,4,2,10,600.0,0.207,-476.1,Normal
BR002,2025-12-17,10,13,129.6,2.5846153846153848,11.4,2,0,1,1,10,600.0,0.216,-470.4,Normal
BR002,2025-12-17,11,11,113.2,2.0636363636363635,3.2,1,0,2,0,10,600.0,0.189,-486.8,Normal
BR002,2025-12-17,12,9,199.7,7.444444444444445,36.7,1,0,2,3,10,600.0,0.333,-400.3,Normal
BR002,2025-12-17,13,12,114.1,3.5583333333333336,18.0,2,0,0,2,10,600.0,0.19,-485.9,Normal
BR002,2025-12-17,14,6,58.3,2.4,3.1,0,0,0,1,10,600.0,0.097,-541.7,Normal
BR002,2025-12-17,15,3,43.0,2.8333333333333335,3.5,0,0,0,1,10,600.0,0.072,-557.0,Normal
BR002,2025-12-17,16,2,21.4,2.6500000000000004,3.1,0,0,0,0,10,600.0,0.036,-578.6,Normal
BR002,2025-12-18,9,7,90.8,2.2,5.0,1,0,2,1,10,600.0,0.151,-509.2,Normal
BR002,2025-12-18,10,13,200.0,3.1076923076923078,15.6,1,0,1,5,10,600.0,0.333,-400.0,Normal
BR002,2025-12-18,11,13,175.9,3.223076923076923,14.3,1,0,4,3,10,600.0,0.293,-424.1,Normal
BR002,2025-12-18,12,7,103.1,2.0428571428571427,3.4,0,0,0,2,10,600.0,0.172,-496.9,Normal
BR002,2025-12-18,13,6,39.4,2.6,3.5,0,0,0,0,10,600.0,0.066,-560.6,Normal
BR002,2025-12-18,14,2,10.0,2.3499999999999996,2.8,0,0,0,0,10,600.0,0.017,-590.0,Normal
BR002,2025-12-18,15,2,14.9,1.6,1.8,0,0,0,0,10,600.0,0.025,-585.1,Normal
BR002,2025-12-19,9,9,105.89999999999999,2.433333333333333,3.5,0,0,1,2,10,600.0,0.176,-494.1,Normal
BR002,2025-12-19,10,11,166.1,5.663636363636363,22.7,1,0,0,4,10,600.0,0.277,-433.9,Normal
BR002,2025-12-19,11,10,111.5,2.04,2.9,0,0,3,1,10,600.0,0.186,-488.5,Normal
BR002,2025-12-19,12,11,123.7,2.0454545454545454,3.5,0,0,1,1,10,600.0,0.206,-476.3,Normal
BR002,2025-12-19,13,7,96.2,2.142857142857143,3.4,0,0,0,1,10,600.0,0.16,-503.8,Normal
BR002,2025-12-19,14,20,247.2,5.42,19.5,2,0,4,5,10,600.0,0.412,-352.8,Normal
BR002,2025-12-19,15,6,85.19999999999999,1.8666666666666665,3.1,1,0,1,2,10,600.0,0.142,-514.8,Normal
BR002,2025-12-19,16,1,6.8,0.8,0.8,1,0,0,0,10,600.0,0.011,-593.2,Normal
BR002,2025-12-20,9,9,131.0,21.077777777777776,52.3,6,3,2,6,10,600.0,0.218,-469.0,Moderate
BR002,2025-12-20,10,18,239.9,3.3333333333333335,14.7,5,0,1,2,10,600.0,0.4,-360.1,Normal
BR002,2025-12-20,11,10,127.19999999999999,1.7,2.8,3,0,1,1,10,600.0,0.212,-472.8,Normal
BR002,2025-12-20,12,10,186.8,2.09,3.4,0,0,2,4,10,600.0,0.311,-413.2,Normal
BR002,2025-12-20,13,4,43.5,1.525,1.8,0,0,0,0,10,600.0,0.072,-556.5,Normal
BR002,2025-12-20,14,9,118.3,2.1888888888888887,3.4,0,0,2,1,10,600.0,0.197,-481.7,Normal
BR002,2025-12-20,15,4,40.5,1.975,2.7,0,0,0,0,10,600.0,0.068,-559.5,Normal
BR002,2025-12-22,9,12,144.1,2.15,3.4,0,0,3,2,10,600.0,0.24,-455.9,Normal
BR002,2025-12-22,10,22,308.5,6.677272727272728,31.5,3,0,3,6,10,600.0,0.514,-291.5,Normal
BR002,2025-12-22,11,9,143.8,2.5777777777777775,3.4,0,0,1,3,10,600.0,0.24,-456.2,Normal
BR002,2025-12-22,12,10,96.4,2.41,3.5,1,0,0,1,10,600.0,0.161,-503.6,Normal
BR002,2025-12-22,13,7,107.7,2.1,3.5,0,0,0,2,10,600.0,0.18,-492.3,Normal
BR002,2025-12-22,14,9,133.6,2.3777777777777778,3.4,0,0,0,3,10,600.0,0.223,-466.4,Normal
BR002,2025-12-22,15,7,46.0,2.6,3.4,0,0,0,0,10,600.0,0.077,-554.0,Normal
BR002,2025-12-23,9,19,258.6,3.1999999999999997,15.2,1,0,4,6,10,600.0,0.431,-341.4,Normal
BR002,2025-12-23,10,8,117.8,2.425,3.3,0,0,1,1,10,600.0,0.196,-482.2,Normal
BR002,2025-12-23,11,9,100.9,2.177777777777778,3.4,1,0,2,1,10,600.0,0.168,-499.1,Normal
BR002,2025-12-23,12,12,153.5,2.2916666666666665,3.5,0,0,3,2,10,600.0,0.256,-446.5,Normal
BR002,2025-12-23,13,8,113.2,2.65,3.4,0,0,0,3,10,600.0,0.189,-486.8,Normal
BR002,2025-12-23,14,7,56.6,2.5142857142857147,3.5,0,0,0,0,10,600.0,0.094,-543.4,Normal
BR002,2025-12-23,15,3,67.0,2.533333333333333,3.5,0,0,0,1,10,600.0,0.112,-533.0,Normal
BR002,2025-12-24,9,16,162.5,4.75625,19.4,2,0,4,1,10,600.0,0.271,-437.5,Normal
BR002,2025-12-24,10,13,111.2,2.338461538461538,3.4,1,0,2,0,10,600.0,0.185,-488.8,Normal
BR002,2025-12-24,11,9,150.9,1.7777777777777777,2.9,0,0,0,3,10,600.0,0.252,-449.1,Normal
BR002,2025-12-24,12,11,114.3,3.1363636363636362,12.2,1,0,3,1,10,600.0,0.19,-485.7,Normal
BR002,2025-12-24,13,9,123.0,2.3333333333333335,3.1,0,0,0,2,10,600.0,0.205,-477.0,Normal
BR002,2025-12-24,14,2,40.2,1.4,1.5,0,0,0,1,10,600.0,0.067,-559.8,Normal
BR002,2025-12-24,15,4,49.4,1.95,2.7,0,0,0,0,10,600.0,0.082,-550.6,Normal
BR002,2025-12-26,9,11,148.6,4.218181818181818,15.2,2,0,1,1,10,600.0,0.248,-451.4,Normal
BR002,2025-12-26,10,14,220.4,4.428571428571429,26.9,2,0,1,5,10,600.0,0.367,-379.6,Normal
BR002,2025-12-26,11,18,213.7,3.0444444444444443,14.4,3,0,4,3,10,600.0,0.356,-386.3,Normal
BR002,2025-12-26,12,10,163.6,2.29,3.8,1,0,1,2,10,600.0,0.273,-436.4,Normal
BR002,2025-12-26,13,10,117.6,2.25,3.2,0,0,1,2,10,600.0,0.196,-482.4,Normal
BR002,2025-12-26,14,9,125.6,4.855555555555556,28.3,1,0,0,2,10,600.0,0.209,-474.4,Normal
BR002,2025-12-26,15,7,145.9,2.142857142857143,3.4,0,0,0,4,10,600.0,0.243,-454.1,Normal
BR002,2025-12-26,16,1,11.1,1.4,1.4,0,0,0,0,10,600.0,0.018,-588.9,Normal
BR002,2025-12-29,9,14,149.6,3.3285714285714287,14.9,1,0,3,2,10,600.0,0.249,-450.4,Normal
BR002,2025-12-29,10,17,168.29999999999998,4.188235294117647,25.0,1,0,5,1,10,600.0,0.28,-431.7,Normal
BR002,2025-12-29,11,24,234.3,3.579166666666667,12.4,4,0,4,2,10,600.0,0.39,-365.7,Normal
BR002,2025-12-29,12,12,148.3,3.9250000000000003,12.4,3,0,1,2,10,600.0,0.247,-451.7,Normal
BR002,2025-12-29,13,16,197.2,7.01875,45.4,5,0,0,3,10,600.0,0.329,-402.8,Normal
BR002,2025-12-29,14,22,234.8,9.113636363636363,32.3,8,0,0,3,10,600.0,0.391,-365.2,Normal
BR002,2025-12-29,15,18,196.7,4.933333333333334,21.7,7,0,0,1,10,600.0,0.328,-403.3,Normal
BR002,2025-12-29,16,3,37.2,1.7666666666666666,2.8,5,0,0,0,10,600.0,0.062,-562.8,Normal
BR002,2025-12-30,9,16,148.8,2.9,14.3,1,0,4,2,10,600.0,0.248,-451.2,Normal
BR002,2025-12-30,10,23,231.3,4.573913043478261,27.1,3,0,9,1,10,600.0,0.386,-368.7,Normal
BR002,2025-12-30,11,13,119.6,3.161538461538462,19.3,2,0,1,1,10,600.0,0.199,-480.4,Normal
BR002,2025-12-30,12,14,192.0,3.107142857142857,16.1,1,0,0,4,10,600.0,0.32,-408.0,Normal
BR002,2025-12-30,13,11,172.5,3.1818181818181817,12.1,1,0,0,4,10,600.0,0.288,-427.5,Normal
BR002,2025-12-30,14,10,120.1,3.8,17.0,1,0,0,3,10,600.0,0.2,-479.9,Normal
BR002,2025-12-30,15,8,103.1,1.8875000000000002,3.2,0,0,0,1,10,600.0,0.172,-496.9,Normal
BR002,2025-12-30,16,1,11.5,1.3,1.3,0,0,0,0,10,600.0,0.019,-588.5,Normal
BR002,2025-12-31,9,16,178.3,3.45,12.0,1,0,1,3,10,600.0,0.297,-421.7,Normal
BR002,2025-12-31,10,23,244.0,10.98695652173913,52.5,10,2,7,1,10,600.0,0.407,-356.0,Normal
BR002,2025-12-31,11,19,186.4,4.063157894736842,20.7,8,0,3,1,10,600.0,0.311,-413.6,Normal
BR002,2025-12-31,12,16,203.0,3.03125,15.3,9,0,1,4,10,600.0,0.338,-397.0,Normal
BR002,2025-12-31,13,13,158.0,2.0461538461538464,3.3,0,0,1,3,10,600.0,0.263,-442.0,Normal
BR002,2025-12-31,14,10,94.9,1.54,3.0,0,0,0,1,10,600.0,0.158,-505.1,Normal
BR002,2025-12-31,15,3,27.1,2.0666666666666664,3.4,0,0,0,0,10,600.0,0.045,-572.9,Normal
BR002,2025-12-31,16,1,11.0,1.2,1.2,0,0,0,0,10,600.0,0.018,-589.0,Normal
BR002,2026-01-02,9,15,253.2,7.239999999999999,39.6,3,1,2,5,10,600.0,0.422,-346.8,Normal
BR002,2026-01-02,10,17,188.1,8.111764705882353,31.8,5,0,3,1,10,600.0,0.314,-411.9,Normal
BR002,2026-01-02,11,18,238.4,2.5944444444444446,8.1,4,0,5,3,10,600.0,0.397,-361.6,Normal
BR002,2026-01-02,12,11,161.9,7.381818181818182,34.1,2,0,1,3,10,600.0,0.27,-438.1,Normal
BR002,2026-01-02,13,18,224.9,5.205555555555556,26.7,3,0,0,3,10,600.0,0.375,-375.1,Normal
BR002,2026-01-02,14,9,74.5,2.3777777777777778,3.3,2,0,0,0,10,600.0,0.124,-525.5,Normal
BR002,2026-01-02,15,1,15.9,2.9,2.9,0,0,0,0,10,600.0,0.026,-584.1,Normal
BR002,2026-01-03,9,15,210.60000000000002,8.326666666666666,24.5,6,0,2,3,10,600.0,0.351,-389.4,Normal
BR002,2026-01-03,10,18,171.9,5.977777777777778,26.9,5,0,4,2,10,600.0,0.287,-428.1,Normal
BR002,2026-01-03,11,11,118.4,3.5818181818181816,14.5,3,0,3,2,10,600.0,0.197,-481.6,Normal
BR002,2026-01-03,12,16,201.9,2.9,9.3,1,0,2,3,10,600.0,0.336,-398.1,Normal
BR002,2026-01-03,13,9,124.89999999999999,2.1555555555555554,2.9,0,0,0,3,10,600.0,0.208,-475.1,Normal
BR002,2026-01-03,14,9,107.7,4.6,29.0,1,0,0,0,10,600.0,0.18,-492.3,Normal
BR002,2026-01-03,15,8,54.6,2.125,3.3,0,0,0,0,10,600.0,0.091,-545.4,Normal
BR002,2026-01-03,16,3,30.4,2.2,3.2,0,0,0,1,10,600.0,0.051,-569.6,Normal
BR002,2026-01-05,9,15,193.8,15.566666666666666,64.5,9,1,4,2,10,600.0,0.323,-406.2,Moderate
BR002,2026-01-05,10,21,183.8,23.966666666666665,63.3,20,3,4,4,10,600.0,0.306,-416.2,Moderate
BR002,2026-01-05,11,19,192.9,18.73157894736842,55.9,21,3,2,4,10,600.0,0.322,-407.1,Moderate
BR002,2026-01-05,12,8,92.7,4.025,15.6,20,0,3,0,10,600.0,0.154,-507.3,Normal
BR002,2026-01-05,13,13,202.2,11.353846153846153,36.2,20,0,0,2,10,600.0,0.337,-397.8,Normal
BR002,2026-01-05,14,13,145.6,12.692307692307692,63.6,19,0,0,2,10,600.0,0.243,-454.4,Normal
BR002,2026-01-05,15,10,89.3,2.0100000000000002,3.6,18,0,0,1,10,600.0,0.149,-510.7,Normal
BR002,2026-01-05,16,1,10.7,1.1,1.1,14,0,0,0,10,600.0,0.018,-589.3,Normal
BR002,2026-01-06,9,15,183.5,3.966666666666667,15.7,2,0,2,2,10,600.0,0.306,-416.5,Normal
BR002,2026-01-06,10,10,113.8,1.73,2.9,1,0,3,1,10,600.0,0.19,-486.2,Normal
BR002,2026-01-06,11,9,156.2,2.4000000000000004,3.1,0,0,0,4,10,600.0,0.26,-443.8,Normal
BR002,2026-01-06,12,6,80.30000000000001,5.45,23.3,1,0,1,1,10,600.0,0.134,-519.7,Normal
BR002,2026-01-06,13,12,192.1,1.9333333333333333,3.0,0,0,1,4,10,600.0,0.32,-407.9,Normal
BR002,2026-01-06,14,7,71.0,1.942857142857143,3.2,0,0,0,0,10,600.0,0.118,-529.0,Normal
BR002,2026-01-06,15,2,28.9,2.35,3.5,0,0,0,1,10,600.0,0.048,-571.1,Normal
BR002,2026-01-06,16,1,10.0,2.0,2.0,0,0,0,0,10,600.0,0.017,-590.0,Normal
BR002,2026-01-07,9,11,172.6,2.1,3.2,0,0,2,3,10,600.0,0.288,-427.4,Normal
BR002,2026-01-07,10,3,68.0,1.6333333333333335,2.2,0,0,1,2,10,600.0,0.113,-532.0,Normal
BR002,2026-01-07,11,10,94.3,2.35,3.3,0,0,2,1,10,600.0,0.157,-505.7,Normal
BR002,2026-01-07,12,2,23.9,1.95,2.9,0,0,0,0,10,600.0,0.04,-576.1,Normal
BR002,2026-01-07,13,6,79.1,2.4833333333333334,3.3,0,0,0,1,10,600.0,0.132,-520.9,Normal
BR002,2026-01-07,14,9,105.0,3.4444444444444446,14.1,1,0,0,1,10,600.0,0.175,-495.0,Normal
BR002,2026-01-07,15,5,60.7,2.12,3.5,0,0,0,1,10,600.0,0.101,-539.3,Normal
BR002,2026-01-08,9,13,140.1,3.9538461538461536,12.3,3,0,3,1,10,600.0,0.233,-459.9,Normal
BR002,2026-01-08,10,14,217.10000000000002,7.157142857142857,46.8,2,1,2,5,10,600.0,0.362,-382.9,Normal
BR002,2026-01-08,11,9,140.7,2.0444444444444443,3.3,1,0,3,4,10,600.0,0.234,-459.3,Normal
BR002,2026-01-08,12,10,107.3,2.45,3.4,0,0,0,0,10,600.0,0.179,-492.7,Normal
BR002,2026-01-08,13,8,100.4,1.65,2.1,0,0,0,1,10,600.0,0.167,-499.6,Normal
BR002,2026-01-08,14,5,89.0,2.2,3.3,0,0,0,2,10,600.0,0.148,-511.0,Normal
BR002,2026-01-08,15,5,61.6,1.92,2.8,0,0,0,1,10,600.0,0.103,-538.4,Normal
BR002,2026-01-08,16,1,23.7,3.2,3.2,0,0,0,1,10,600.0,0.04,-576.3,Normal
BR002,2026-01-09,9,14,143.4,5.221428571428571,27.3,2,0,0,0,10,600.0,0.239,-456.6,Normal
BR002,2026-01-09,10,15,182.1,2.993333333333333,14.7,3,0,3,5,10,600.0,0.304,-417.9,Normal
BR002,2026-01-09,11,8,121.9,2.675,5.9,1,0,1,3,10,600.0,0.203,-478.1,Normal
BR002,2026-01-09,12,17,202.5,2.5470588235294116,10.6,1,0,3,1,10,600.0,0.338,-397.5,Normal
BR002,2026-01-09,13,10,201.3,1.9300000000000002,3.1,0,0,3,3,10,600.0,0.336,-398.7,Normal
BR002,2026-01-09,14,7,136.39999999999998,2.3428571428571425,3.3,0,0,0,2,10,600.0,0.227,-463.6,Normal
BR002,2026-01-09,15,3,56.2,2.5,3.5,0,0,0,1,10,600.0,0.094,-543.8,Normal
BR002,2026-01-09,16,2,16.8,3.3,3.5,0,0,0,0,10,600.0,0.028,-583.2,Normal
BR002,2026-01-12,9,15,150.5,4.54,21.8,1,0,4,1,10,600.0,0.251,-449.5,Normal
BR002,2026-01-12,10,13,189.29999999999998,2.023076923076923,3.5,0,0,3,3,10,600.0,0.315,-410.7,Normal
BR002,2026-01-12,11,8,93.6,1.6875,2.8,0,0,2,0,10,600.0,0.156,-506.4,Normal
BR002,2026-01-12,12,8,92.5,1.8125,3.4,0,0,0,0,10,600.0,0.154,-507.5,Normal
BR002,2026-01-12,13,8,89.0,2.525,3.4,0,0,0,1,10,600.0,0.148,-511.0,Normal
BR002,2026-01-12,14,8,104.60000000000001,2.025,3.4,0,0,0,1,10,600.0,0.174,-495.4,Normal
BR002,2026-01-12,15,4,34.199999999999996,1.525,2.1,0,0,0,0,10,600.0,0.057,-565.8,Normal
BR002,2026-01-12,16,1,19.4,2.1,2.1,0,0,0,0,10,600.0,0.032,-580.6,Normal
BR002,2026-01-13,9,12,196.9,2.775,6.0,1,0,2,4,10,600.0,0.328,-403.1,Normal
BR002,2026-01-13,10,11,82.10000000000001,2.309090909090909,3.2,2,0,2,0,10,600.0,0.137,-517.9,Normal
BR002,2026-01-13,11,13,191.6,2.838461538461538,8.8,1,0,3,2,10,600.0,0.319,-408.4,Normal
BR002,2026-01-13,12,7,105.5,2.0714285714285716,3.6,1,0,0,2,10,600.0,0.176,-494.5,Normal
BR002,2026-01-13,13,14,190.9,1.8785714285714286,3.2,0,0,1,3,10,600.0,0.318,-409.1,Normal
BR002,2026-01-13,14,8,153.6,2.2875,3.1,0,0,0,4,10,600.0,0.256,-446.4,Normal
BR002,2026-01-13,15,5,57.599999999999994,2.42,3.4,0,0,0,1,10,600.0,0.096,-542.4,Normal
BR002,2026-01-15,9,15,252.0,6.12,30.4,2,0,1,4,10,600.0,0.42,-348.0,Normal
BR002,2026-01-15,10,17,201.6,5.2176470588235295,26.5,3,0,3,1,10,600.0,0.336,-398.4,Normal
BR002,2026-01-15,11,11,152.3,2.018181818181818,2.8,1,0,3,2,10,600.0,0.254,-447.7,Normal
BR002,2026-01-15,12,10,116.0,1.8699999999999999,3.5,2,0,2,2,10,600.0,0.193,-484.0,Normal
BR002,2026-01-15,13,5,60.2,2.52,3.4,0,0,0,1,10,600.0,0.1,-539.8,Normal
BR002,2026-01-15,14,9,121.10000000000001,1.6333333333333335,2.7,0,0,0,3,10,600.0,0.202,-478.9,Normal
BR002,2026-01-15,15,3,25.0,1.4333333333333333,1.8,0,0,0,0,10,600.0,0.042,-575.0,Normal
BR002,2026-01-16,9,17,248.6,7.388235294117647,37.8,5,0,2,6,10,600.0,0.414,-351.4,Normal
BR002,2026-01-16,10,10,78.8,1.9600000000000002,3.4,3,0,2,1,10,600.0,0.131,-521.2,Normal
BR002,2026-01-16,11,7,64.3,1.8714285714285714,3.3,4,0,0,0,10,600.0,0.107,-535.7,Normal
BR002,2026-01-16,12,17,201.7,2.0411764705882356,4.5,2,0,5,3,10,600.0,0.336,-398.3,Normal
BR002,2026-01-16,13,12,168.4,2.5416666666666665,4.8,2,0,1,2,10,600.0,0.281,-431.6,Normal
BR002,2026-01-16,14,8,94.8,2.3375,3.5,1,0,0,1,10,600.0,0.158,-505.2,Normal
BR002,2026-01-16,15,6,94.0,1.9000000000000001,2.6,0,0,0,1,10,600.0,0.157,-506.0,Normal
BR002,2026-01-16,16,1,15.3,2.0,2.0,0,0,0,0,10,600.0,0.026,-584.7,Normal
BR002,2026-01-17,9,12,135.4,2.35,3.9,1,0,3,1,10,600.0,0.226,-464.6,Normal
BR002,2026-01-17,10,13,128.7,6.492307692307692,22.2,3,0,2,1,10,600.0,0.214,-471.3,Normal
BR002,2026-01-17,11,12,198.8,2.066666666666667,2.8,1,0,1,5,10,600.0,0.331,-401.2,Normal
BR002,2026-01-17,12,8,120.60000000000001,1.7375,3.0,0,0,0,1,10,600.0,0.201,-479.4,Normal
BR002,2026-01-17,13,9,121.9,2.066666666666667,3.3,0,0,0,2,10,600.0,0.203,-478.1,Normal
BR002,2026-01-17,14,6,117.1,2.35,3.5,0,0,2,3,10,600.0,0.195,-482.9,Normal
BR002,2026-01-17,15,7,91.5,2.257142857142857,3.4,0,0,1,1,10,600.0,0.152,-508.5,Normal
BR002,2026-01-19,9,19,216.1,7.252631578947369,51.1,4,1,4,2,10,600.0,0.36,-383.9,Normal
BR002,2026-01-19,10,20,325.1,4.76,23.7,4,0,5,4,10,600.0,0.542,-274.9,Normal
BR002,2026-01-19,11,17,188.3,12.929411764705883,50.7,5,1,3,2,10,600.0,0.314,-411.7,Normal
BR002,2026-01-19,12,14,188.3,3.357142857142857,13.3,3,0,0,3,10,600.0,0.314,-411.7,Normal
BR002,2026-01-19,13,7,97.9,2.357142857142857,2.8,4,0,0,1,10,600.0,0.163,-502.1,Normal
BR002,2026-01-19,14,5,59.4,2.3600000000000003,3.4,0,0,0,1,10,600.0,0.099,-540.6,Normal
BR002,2026-01-19,15,9,106.5,2.0999999999999996,3.5,0,0,0,2,10,600.0,0.178,-493.5,Normal
BR002,2026-01-19,16,1,16.0,1.2,1.2,0,0,0,0,10,600.0,0.027,-584.0,Normal
BR002,2026-01-20,9,13,158.8,1.7461538461538462,3.4,0,0,3,1,10,600.0,0.265,-441.2,Normal
BR002,2026-01-20,10,11,150.2,2.909090909090909,12.5,2,0,3,2,10,600.0,0.25,-449.8,Normal
BR002,2026-01-20,11,10,82.10000000000001,2.09,3.1,1,0,2,1,10,600.0,0.137,-517.9,Normal
BR002,2026-01-20,12,11,123.80000000000001,2.0727272727272728,3.3,0,0,1,2,10,600.0,0.206,-476.2,Normal
BR002,2026-01-20,13,8,96.8,4.3375,14.6,2,0,0,0,10,600.0,0.161,-503.2,Normal
BR002,2026-01-20,14,14,127.3,2.042857142857143,3.1,1,0,0,1,10,600.0,0.212,-472.7,Normal
BR002,2026-01-20,15,3,46.9,2.6,3.4,0,0,0,1,10,600.0,0.078,-553.1,Normal
BR002,2026-01-20,16,1,5.3,0.9,0.9,0,0,0,0,10,600.0,0.009,-594.7,Normal
BR002,2026-01-21,9,14,244.5,4.564285714285714,26.4,2,0,3,5,10,600.0,0.408,-355.5,Normal
BR002,2026-01-21,10,13,192.9,2.3692307692307693,5.2,1,0,3,3,10,600.0,0.322,-407.1,Normal
BR002,2026-01-21,11,8,143.6,2.05,3.3,0,0,1,3,10,600.0,0.239,-456.4,Normal
BR002,2026-01-21,12,5,55.8,2.1,2.6,0,0,0,0,10,600.0,0.093,-544.2,Normal
BR002,2026-01-21,13,7,94.1,2.0285714285714285,2.6,0,0,0,2,10,600.0,0.157,-505.9,Normal
BR002,2026-01-21,14,9,121.0,1.6888888888888889,3.0,0,0,0,2,10,600.0,0.202,-479.0,Normal
BR002,2026-01-21,15,3,37.099999999999994,1.7333333333333334,2.0,0,0,0,0,10,600.0,0.062,-562.9,Normal
BR002,2026-01-21,16,3,31.3,2.3333333333333335,3.0,0,0,0,0,10,600.0,0.052,-568.7,Normal
BR002,2026-01-22,9,11,181.1,2.1454545454545455,3.5,1,0,1,3,10,600.0,0.302,-418.9,Normal
BR002,2026-01-22,10,12,120.5,2.1999999999999997,3.4,0,0,3,1,10,600.0,0.201,-479.5,Normal
BR002,2026-01-22,11,12,140.70000000000002,1.8,3.0,0,0,2,3,10,600.0,0.235,-459.3,Normal
BR002,2026-01-22,12,8,84.8,2.275,3.1,0,0,1,1,10,600.0,0.141,-515.2,Normal
BR002,2026-01-22,13,9,150.9,2.2666666666666666,3.4,0,0,0,3,10,600.0,0.252,-449.1,Normal
BR002,2026-01-22,14,4,35.8,2.425,3.3,0,0,0,0,10,600.0,0.06,-564.2,Normal
BR002,2026-01-22,15,5,48.599999999999994,2.0,3.1,0,0,0,0,10,600.0,0.081,-551.4,Normal
BR002,2026-01-22,16,2,6.2,2.3499999999999996,2.4,0,0,0,0,10,600.0,0.01,-593.8,Normal
BR002,2026-01-23,9,14,173.8,3.0,13.6,1,0,3,3,10,600.0,0.29,-426.2,Normal
BR002,2026-01-23,10,11,125.9,2.690909090909091,6.3,1,0,4,0,10,600.0,0.21,-474.1,Normal
BR002,2026-01-23,11,11,147.9,2.3454545454545457,5.5,1,0,2,3,10,600.0,0.246,-452.1,Normal
BR002,2026-01-23,12,12,222.70000000000002,4.366666666666666,16.6,3,0,3,4,10,600.0,0.371,-377.3,Normal
BR002,2026-01-23,13,9,110.3,2.622222222222222,3.4,1,0,0,2,10,600.0,0.184,-489.7,Normal
BR002,2026-01-23,14,13,153.3,5.3076923076923075,34.7,2,0,0,2,10,600.0,0.256,-446.7,Normal
BR002,2026-01-23,15,11,132.6,3.272727272727273,18.0,1,0,0,2,10,600.0,0.221,-467.4,Normal
BR002,2026-01-27,9,7,109.4,2.142857142857143,3.4,0,0,0,3,10,600.0,0.182,-490.6,Normal
BR002,2026-01-27,10,14,141.3,9.671428571428569,37.9,2,0,2,2,10,600.0,0.236,-458.7,Normal
BR002,2026-01-27,11,14,159.8,2.2142857142857144,3.3,1,0,3,2,10,600.0,0.266,-440.2,Normal
BR002,2026-01-27,12,10,140.70000000000002,6.99,25.7,2,0,3,3,10,600.0,0.235,-459.3,Normal
BR002,2026-01-27,13,11,155.79999999999998,1.9181818181818182,3.4,1,0,1,3,10,600.0,0.26,-444.2,Normal
BR002,2026-01-27,14,6,85.2,1.9333333333333333,2.8,0,0,0,0,10,600.0,0.142,-514.8,Normal
BR002,2026-01-27,15,3,36.4,2.2333333333333334,2.6,0,0,0,0,10,600.0,0.061,-563.6,Normal
BR002,2026-01-28,9,9,89.9,5.388888888888889,29.9,1,0,0,0,10,600.0,0.15,-510.1,Normal
BR002,2026-01-28,10,23,276.0,14.130434782608695,50.7,8,2,5,4,10,600.0,0.46,-324.0,Normal
BR002,2026-01-28,11,19,170.9,4.089473684210526,13.6,7,0,3,1,10,600.0,0.285,-429.1,Normal
BR002,2026-01-28,12,16,219.9,12.38125,43.9,7,0,1,3,10,600.0,0.366,-380.1,Normal
BR002,2026-01-28,13,10,153.5,2.3600000000000003,3.5,5,0,3,2,10,600.0,0.256,-446.5,Normal
BR002,2026-01-28,14,8,111.10000000000001,2.25,3.3,6,0,1,2,10,600.0,0.185,-488.9,Normal
BR002,2026-01-28,15,11,122.8,2.4454545454545453,3.5,0,0,0,2,10,600.0,0.205,-477.2,Normal
BR002,2026-01-29,9,21,183.0,7.247619047619047,31.3,4,0,3,1,10,600.0,0.305,-417.0,Normal
BR002,2026-01-29,10,18,171.0,9.544444444444444,48.2,7,1,4,0,10,600.0,0.285,-429.0,Normal
BR002,2026-01-29,11,16,212.3,9.09375,25.4,11,0,2,4,10,600.0,0.354,-387.7,Normal
BR002,2026-01-29,12,12,184.4,4.408333333333333,11.6,10,0,1,3,10,600.0,0.307,-415.6,Normal
BR002,2026-01-29,13,7,94.1,1.6285714285714286,2.4,5,0,0,2,10,600.0,0.157,-505.9,Normal
BR002,2026-01-29,14,5,46.3,1.92,3.5,1,0,0,1,10,600.0,0.077,-553.7,Normal
BR002,2026-01-29,15,7,65.5,2.414285714285714,3.5,0,0,0,1,10,600.0,0.109,-534.5,Normal
BR002,2026-01-30,9,19,294.0,11.026315789473685,52.0,9,1,4,6,10,600.0,0.49,-306.0,Normal
BR002,2026-01-30,10,22,334.7,11.65,44.1,8,2,7,7,10,600.0,0.558,-265.3,Normal
BR002,2026-01-30,11,19,215.7,5.373684210526315,30.3,8,0,2,3,10,600.0,0.36,-384.3,Normal
BR002,2026-01-30,12,19,206.7,6.7894736842105265,20.2,7,0,0,5,10,600.0,0.344,-393.3,Normal
BR002,2026-01-30,13,21,255.1,4.5476190476190474,30.4,6,0,0,3,10,600.0,0.425,-344.9,Normal
BR002,2026-01-30,14,11,146.3,2.2181818181818183,4.9,3,0,0,0,10,600.0,0.244,-453.7,Normal
BR002,2026-01-30,15,4,57.0,2.175,3.3,0,0,0,0,10,600.0,0.095,-543.0,Normal
BR002,2026-01-31,9,21,213.9,8.338095238095239,50.1,6,2,4,5,10,600.0,0.356,-386.1,Normal
BR002,2026-01-31,10,23,282.6,10.956521739130435,50.0,4,2,5,4,10,600.0,0.471,-317.4,Normal
BR002,2026-01-31,11,17,201.8,10.952941176470588,52.1,7,0,2,4,10,600.0,0.336,-398.2,Normal
BR002,2026-01-31,12,15,197.5,5.866666666666666,23.6,6,0,0,2,10,600.0,0.329,-402.5,Normal
BR002,2026-01-31,13,14,210.6,2.4,3.3,6,0,0,3,10,600.0,0.351,-389.4,Normal
BR002,2026-01-31,14,9,158.8,1.7777777777777777,3.4,0,0,0,3,10,600.0,0.265,-441.2,Normal
BR002,2026-01-31,15,2,24.099999999999998,2.2,3.4,0,0,0,1,10,600.0,0.04,-575.9,Normal
BR002,2026-02-02,9,18,201.7,2.8222222222222224,6.5,3,0,3,2,10,600.0,0.336,-398.3,Normal
BR002,2026-02-02,10,10,119.1,7.01,51.1,4,0,1,1,10,600.0,0.198,-480.9,Normal
BR002,2026-02-02,11,20,254.8,3.655,17.1,3,0,4,3,10,600.0,0.425,-345.2,Normal
BR002,2026-02-02,12,16,217.8,2.575,8.4,2,0,4,3,10,600.0,0.363,-382.2,Normal
BR002,2026-02-02,13,14,166.4,2.357142857142857,3.4,0,0,1,3,10,600.0,0.277,-433.6,Normal
BR002,2026-02-02,14,10,114.8,1.9100000000000001,3.1,0,0,1,1,10,600.0,0.191,-485.2,Normal
BR002,2026-02-02,15,10,132.6,2.4,3.0,0,0,0,2,10,600.0,0.221,-467.4,Normal
BR002,2026-02-02,16,1,5.0,2.7,2.7,0,0,0,0,10,600.0,0.008,-595.0,Normal
BR002,2026-02-03,9,15,148.6,8.24,37.5,6,0,4,2,10,600.0,0.248,-451.4,Normal
BR002,2026-02-03,10,17,216.7,3.3705882352941177,13.9,7,0,6,2,10,600.0,0.361,-383.3,Normal
BR002,2026-02-03,11,11,143.3,3.0727272727272723,8.6,4,0,1,2,10,600.0,0.239,-456.7,Normal
BR002,2026-02-03,12,16,226.2,3.3,22.6,1,0,0,5,10,600.0,0.377,-373.8,Normal
BR002,2026-02-03,13,5,59.099999999999994,2.08,3.3,0,0,0,1,10,600.0,0.098,-540.9,Normal
BR002,2026-02-03,14,7,78.7,1.7285714285714284,2.5,0,0,0,1,10,600.0,0.131,-521.3,Normal
BR002,2026-02-03,15,3,34.7,2.4,2.9,0,0,0,1,10,600.0,0.058,-565.3,Normal
BR002,2026-02-03,16,3,39.8,2.733333333333333,3.5,0,0,0,0,10,600.0,0.066,-560.2,Normal
BR002,2026-02-04,9,17,206.9,6.764705882352941,38.6,4,0,5,3,10,600.0,0.345,-393.1,Normal
BR002,2026-02-04,10,18,179.1,1.8722222222222225,3.3,3,0,3,3,10,600.0,0.298,-420.9,Normal
BR002,2026-02-04,11,15,236.3,9.46,32.9,5,0,2,5,10,600.0,0.394,-363.7,Normal
BR002,2026-02-04,12,13,167.3,4.092307692307693,23.2,4,0,2,2,10,600.0,0.279,-432.7,Normal
BR002,2026-02-04,13,10,109.3,2.27,3.2,1,0,0,2,10,600.0,0.182,-490.7,Normal
BR002,2026-02-04,14,10,78.4,2.37,3.4,0,0,0,1,10,600.0,0.131,-521.6,Normal
BR002,2026-02-04,15,1,7.8,1.3,1.3,0,0,0,0,10,600.0,0.013,-592.2,Normal
BR002,2026-02-04,16,1,17.1,3.4,3.4,0,0,0,0,10,600.0,0.028,-582.9,Normal
BR002,2026-02-05,9,12,171.2,3.2416666666666667,10.6,1,0,1,4,10,600.0,0.285,-428.8,Normal
BR002,2026-02-05,10,10,139.8,6.1899999999999995,27.5,2,0,2,1,10,600.0,0.233,-460.2,Normal
BR002,2026-02-05,11,21,224.0,2.8714285714285714,10.5,2,0,7,4,10,600.0,0.373,-376.0,Normal
BR002,2026-02-05,12,10,170.0,1.92,3.3,1,0,1,3,10,600.0,0.283,-430.0,Normal
BR002,2026-02-05,13,10,128.5,2.45,3.4,0,0,0,2,10,600.0,0.214,-471.5,Normal
BR002,2026-02-05,14,6,79.3,2.1999999999999997,3.3,0,0,0,0,10,600.0,0.132,-520.7,Normal
BR002,2026-02-05,15,5,76.1,2.52,3.3,0,0,0,1,10,600.0,0.127,-523.9,Normal
BR002,2026-02-05,16,1,22.8,1.4,1.4,0,0,0,0,10,600.0,0.038,-577.2,Normal
BR002,2026-02-06,9,17,239.0,6.835294117647059,37.7,2,0,3,5,10,600.0,0.398,-361.0,Normal
BR002,2026-02-06,10,8,117.0,2.0875,3.4,1,0,2,3,10,600.0,0.195,-483.0,Normal
BR002,2026-02-06,11,14,139.2,2.1928571428571426,3.4,0,0,2,0,10,600.0,0.232,-460.8,Normal
BR002,2026-02-06,12,11,121.5,5.081818181818182,21.8,1,0,0,2,10,600.0,0.202,-478.5,Normal
BR002,2026-02-06,13,12,119.2,2.3333333333333335,3.5,0,0,2,1,10,600.0,0.199,-480.8,Normal
BR002,2026-02-06,14,6,126.5,2.5833333333333335,3.5,0,0,0,3,10,600.0,0.211,-473.5,Normal
BR002,2026-02-06,15,3,61.7,2.066666666666667,3.3,0,0,0,1,10,600.0,0.103,-538.3,Normal
BR002,2026-02-07,9,14,175.29999999999998,2.4071428571428575,3.4,0,0,0,2,10,600.0,0.292,-424.7,Normal
BR002,2026-02-07,10,14,225.5,3.207142857142857,9.7,2,0,3,4,10,600.0,0.376,-374.5,Normal
BR002,2026-02-07,11,13,172.6,3.923076923076923,12.9,2,0,3,3,10,600.0,0.288,-427.4,Normal
BR002,2026-02-07,12,7,82.3,1.885714285714286,3.0,1,0,1,1,10,600.0,0.137,-517.7,Normal
BR002,2026-02-07,13,6,52.8,1.6833333333333333,3.4,0,0,0,0,10,600.0,0.088,-547.2,Normal
BR002,2026-02-07,14,11,87.2,1.8454545454545455,2.5,0,0,0,0,10,600.0,0.145,-512.8,Normal
BR002,2026-02-07,15,4,58.5,2.6,3.4,0,0,0,1,10,600.0,0.098,-541.5,Normal
BR002,2026-02-09,9,9,132.4,1.8888888888888888,3.0,0,0,0,3,10,600.0,0.221,-467.6,Normal
BR002,2026-02-09,10,13,126.2,6.730769230769231,24.4,2,0,3,2,10,600.0,0.21,-473.8,Normal
BR002,2026-02-09,11,15,195.7,2.0,3.2,1,0,2,3,10,600.0,0.326,-404.3,Normal
BR002,2026-02-09,12,10,101.3,5.75,21.1,2,0,3,1,10,600.0,0.169,-498.7,Normal
BR002,2026-02-09,13,16,166.9,2.1625,3.7,1,0,1,1,10,600.0,0.278,-433.1,Normal
BR002,2026-02-09,14,10,80.4,2.09,3.4,1,0,0,0,10,600.0,0.134,-519.6,Normal
BR002,2026-02-09,15,8,63.8,1.7375,3.3,0,0,0,0,10,600.0,0.106,-536.2,Normal
BR002,2026-02-09,16,1,25.7,1.4,1.4,0,0,0,1,10,600.0,0.043,-574.3,Normal
BR002,2026-02-10,9,11,130.2,9.990909090909092,38.6,1,1,2,2,10,600.0,0.217,-469.8,Normal
BR002,2026-02-10,10,14,139.3,22.585714285714285,63.5,7,2,4,1,10,600.0,0.232,-460.7,Moderate
BR002,2026-02-10,11,14,172.7,12.814285714285715,53.8,10,1,4,3,10,600.0,0.288,-427.3,Normal
BR002,2026-02-10,12,7,62.6,5.457142857142857,13.8,11,0,0,0,10,600.0,0.104,-537.4,Normal
BR002,2026-02-10,13,7,89.2,7.157142857142857,35.8,9,0,0,2,10,600.0,0.149,-510.8,Normal
BR002,2026-02-10,14,10,101.6,2.4899999999999998,3.4,5,0,0,1,10,600.0,0.169,-498.4,Normal
BR002,2026-02-10,15,2,45.3,1.4500000000000002,1.6,0,0,0,2,10,600.0,0.076,-554.7,Normal
BR002,2026-02-10,16,1,13.7,2.7,2.7,0,0,0,0,10,600.0,0.023,-586.3,Normal
BR002,2026-02-11,9,6,65.2,2.533333333333333,3.3,0,0,2,1,10,600.0,0.109,-534.8,Normal
BR002,2026-02-11,10,12,141.3,2.5166666666666666,8.7,1,0,3,2,10,600.0,0.236,-458.7,Normal
BR002,2026-02-11,11,9,114.2,2.7333333333333334,5.9,1,0,0,2,10,600.0,0.19,-485.8,Normal
BR002,2026-02-11,12,8,88.5,2.0375,3.2,0,0,0,2,10,600.0,0.148,-511.5,Normal
BR002,2026-02-11,13,7,57.3,1.9142857142857144,3.4,0,0,0,0,10,600.0,0.096,-542.7,Normal
BR002,2026-02-11,14,9,80.39999999999999,2.2333333333333334,2.9,0,0,0,1,10,600.0,0.134,-519.6,Normal
BR002,2026-02-11,15,3,70.6,2.6999999999999997,3.4,0,0,0,2,10,600.0,0.118,-529.4,Normal
BR002,2026-02-12,9,14,238.4,8.700000000000001,46.5,2,0,0,5,10,600.0,0.397,-361.6,Normal
BR002,2026-02-12,10,12,151.1,1.9166666666666667,3.4,1,0,4,1,10,600.0,0.252,-448.9,Normal
BR002,2026-02-12,11,13,128.9,3.0999999999999996,9.3,1,0,2,1,10,600.0,0.215,-471.1,Normal
BR002,2026-02-12,12,9,158.2,2.111111111111111,3.1,0,0,1,3,10,600.0,0.264,-441.8,Normal
BR002,2026-02-12,13,12,136.4,2.308333333333333,6.6,1,0,0,2,10,600.0,0.227,-463.6,Normal
BR002,2026-02-12,14,6,89.2,2.2666666666666666,3.5,0,0,0,2,10,600.0,0.149,-510.8,Normal
BR002,2026-02-12,15,3,50.300000000000004,2.3666666666666667,2.7,0,0,0,1,10,600.0,0.084,-549.7,Normal
BR002,2026-02-12,16,1,5.3,0.8,0.8,0,0,0,0,10,600.0,0.009,-594.7,Normal
BR002,2026-02-13,9,12,140.5,2.5166666666666666,3.5,1,0,3,3,10,600.0,0.234,-459.5,Normal
BR002,2026-02-13,10,16,227.9,6.31875,37.4,2,0,4,3,10,600.0,0.38,-372.1,Normal
BR002,2026-02-13,11,15,135.9,4.680000000000001,26.3,3,0,2,0,10,600.0,0.226,-464.1,Normal
BR002,2026-02-13,12,11,158.9,2.372727272727273,3.4,2,0,0,2,10,600.0,0.265,-441.1,Normal
BR002,2026-02-13,13,9,125.60000000000001,2.3,3.5,0,0,0,1,10,600.0,0.209,-474.4,Normal
BR002,2026-02-13,14,7,149.7,2.2857142857142856,3.1,1,0,0,5,10,600.0,0.249,-450.3,Normal
BR002,2026-02-13,15,6,62.2,2.6333333333333333,3.5,0,0,0,1,10,600.0,0.104,-537.8,Normal
BR002,2026-02-13,16,2,28.6,1.4,1.8,0,0,0,1,10,600.0,0.048,-571.4,Normal
BR002,2026-02-16,9,9,162.7,2.7222222222222223,3.5,0,0,1,3,10,600.0,0.271,-437.3,Normal
BR002,2026-02-16,10,9,113.5,2.0,2.9,0,0,1,2,10,600.0,0.189,-486.5,Normal
BR002,2026-02-16,11,13,159.8,2.5999999999999996,6.0,1,0,4,3,10,600.0,0.266,-440.2,Normal
BR002,2026-02-16,12,14,176.70000000000002,2.2714285714285714,7.0,1,0,3,4,10,600.0,0.295,-423.3,Normal
BR002,2026-02-16,13,4,42.3,1.975,3.2,0,0,0,1,10,600.0,0.07,-557.7,Normal
BR002,2026-02-16,14,10,80.9,4.659999999999999,28.0,1,0,0,0,10,600.0,0.135,-519.1,Normal
BR002,2026-02-16,15,9,112.8,1.6444444444444446,2.9,0,0,0,2,10,600.0,0.188,-487.2,Normal
BR002,2026-02-17,9,12,163.3,9.833333333333334,37.5,4,0,4,3,10,600.0,0.272,-436.7,Normal
BR002,2026-02-17,10,11,126.39999999999999,1.981818181818182,3.5,3,0,1,1,10,600.0,0.211,-473.6,Normal
BR002,2026-02-17,11,10,140.9,1.8399999999999999,3.0,2,0,1,1,10,600.0,0.235,-459.1,Normal
BR002,2026-02-17,12,6,77.1,2.566666666666667,3.4,0,0,1,0,10,600.0,0.128,-522.9,Normal
BR002,2026-02-17,13,12,159.1,2.283333333333333,3.4,1,0,2,3,10,600.0,0.265,-440.9,Normal
BR002,2026-02-17,14,9,70.4,2.7444444444444445,3.4,0,0,0,1,10,600.0,0.117,-529.6,Normal
BR002,2026-02-17,15,5,30.3,2.44,3.3,0,0,0,0,10,600.0,0.05,-569.7,Normal
BR002,2026-02-17,16,1,16.1,1.9,1.9,0,0,0,0,10,600.0,0.027,-583.9,Normal
BR002,2026-02-18,9,7,65.8,2.3428571428571425,2.9,0,0,2,0,10,600.0,0.11,-534.2,Normal
BR002,2026-02-18,10,16,210.1,3.84375,15.1,1,0,4,3,10,600.0,0.35,-389.9,Normal
BR002,2026-02-18,11,14,162.0,3.6714285714285713,9.9,4,0,2,1,10,600.0,0.27,-438.0,Normal
BR002,2026-02-18,12,9,75.30000000000001,2.022222222222222,3.1,3,0,0,2,10,600.0,0.126,-524.7,Normal
BR002,2026-02-18,13,9,111.5,1.6555555555555557,2.9,2,0,0,2,10,600.0,0.186,-488.5,Normal
BR002,2026-02-18,14,6,55.699999999999996,2.35,3.3,0,0,0,1,10,600.0,0.093,-544.3,Normal
BR002,2026-02-18,15,4,47.6,2.2,3.1,0,0,0,0,10,600.0,0.079,-552.4,Normal
BR002,2026-02-18,16,1,13.8,2.0,2.0,0,0,0,0,10,600.0,0.023,-586.2,Normal
BR002,2026-02-19,9,7,122.10000000000001,1.7857142857142858,3.0,0,0,0,2,10,600.0,0.204,-477.9,Normal
BR002,2026-02-19,10,6,73.2,3.6,9.1,1,0,1,0,10,600.0,0.122,-526.8,Normal
BR002,2026-02-19,11,13,125.1,2.4615384615384617,3.4,0,0,4,1,10,600.0,0.208,-474.9,Normal
BR002,2026-02-19,12,10,145.3,8.709999999999999,33.9,2,0,1,3,10,600.0,0.242,-454.7,Normal
BR002,2026-02-19,13,12,130.9,2.0166666666666666,2.8,1,0,2,2,10,600.0,0.218,-469.1,Normal
BR002,2026-02-19,14,9,84.2,1.6,3.0,0,0,1,0,10,600.0,0.14,-515.8,Normal
BR002,2026-02-19,15,6,75.2,2.4166666666666665,3.3,0,0,0,0,10,600.0,0.125,-524.8,Normal
BR002,2026-02-19,16,2,14.5,1.5499999999999998,1.7,0,0,0,0,10,600.0,0.024,-585.5,Normal
BR002,2026-02-20,9,10,66.4,1.78,2.9,1,0,3,0,10,600.0,0.111,-533.6,Normal
BR002,2026-02-20,10,23,324.1,8.92608695652174,31.3,6,0,6,6,10,600.0,0.54,-275.9,Normal
BR002,2026-02-20,11,8,99.8,1.9375,3.2,3,0,0,2,10,600.0,0.166,-500.2,Normal
BR002,2026-02-20,12,9,90.4,4.0,18.3,5,0,0,0,10,600.0,0.151,-509.6,Normal
BR002,2026-02-20,13,10,115.4,2.1,3.4,0,0,0,2,10,600.0,0.192,-484.6,Normal
BR002,2026-02-20,14,8,123.8,2.7625,6.3,1,0,0,1,10,600.0,0.206,-476.2,Normal
BR002,2026-02-20,15,7,79.1,1.6857142857142857,3.0,0,0,0,1,10,600.0,0.132,-520.9,Normal
BR002,2026-02-21,9,13,141.6,3.9615384615384617,16.5,2,0,2,2,10,600.0,0.236,-458.4,Normal
BR002,2026-02-21,10,8,69.8,2.7625,8.2,1,0,3,0,10,600.0,0.116,-530.2,Normal
BR002,2026-02-21,11,11,143.7,2.372727272727273,3.4,1,0,2,3,10,600.0,0.24,-456.3,Normal
BR002,2026-02-21,12,14,182.2,2.5214285714285714,7.4,1,0,0,2,10,600.0,0.304,-417.8,Normal
BR002,2026-02-21,13,7,74.8,1.957142857142857,3.0,0,0,0,0,10,600.0,0.125,-525.2,Normal
BR002,2026-02-21,14,8,103.4,2.2125,3.3,0,0,0,1,10,600.0,0.172,-496.6,Normal
BR002,2026-02-21,15,5,87.9,1.8199999999999998,2.9,0,0,0,2,10,600.0,0.147,-512.1,Normal
BR002,2026-02-23,9,14,192.9,16.307142857142857,50.9,9,3,3,5,10,600.0,0.322,-407.1,Moderate
BR002,2026-02-23,10,21,275.2,9.09047619047619,40.6,8,1,5,3,10,600.0,0.459,-324.8,Normal
BR002,2026-02-23,11,18,219.6,2.9944444444444445,10.1,8,0,1,3,10,600.0,0.366,-380.4,Normal
BR002,2026-02-23,12,7,51.0,1.657142857142857,2.6,4,0,0,0,10,600.0,0.085,-549.0,Normal
BR002,2026-02-23,13,13,151.0,2.023076923076923,3.5,0,0,0,1,10,600.0,0.252,-449.0,Normal
BR002,2026-02-23,14,4,52.4,2.0,2.6,0,0,0,0,10,600.0,0.087,-547.6,Normal
BR002,2026-02-23,15,7,67.4,1.9285714285714286,2.9,0,0,0,0,10,600.0,0.112,-532.6,Normal
BR002,2026-02-24,9,6,64.4,2.1333333333333333,3.3,0,0,0,0,10,600.0,0.107,-535.6,Normal
BR002,2026-02-24,10,17,170.5,4.664705882352941,26.5,4,0,4,2,10,600.0,0.284,-429.5,Normal
BR002,2026-02-24,11,11,114.6,1.8727272727272728,3.1,3,0,3,2,10,600.0,0.191,-485.4,Normal
BR002,2026-02-24,12,10,100.8,2.33,3.2,1,0,1,1,10,600.0,0.168,-499.2,Normal
BR002,2026-02-24,13,4,35.1,2.025,3.4,0,0,0,0,10,600.0,0.058,-564.9,Normal
BR002,2026-02-24,14,6,83.7,2.5166666666666666,3.4,0,0,0,1,10,600.0,0.14,-516.3,Normal
BR002,2026-02-24,15,4,23.1,1.6,2.1,0,0,0,0,10,600.0,0.038,-576.9,Normal
BR002,2026-02-24,16,1,6.4,1.4,1.4,0,0,0,0,10,600.0,0.011,-593.6,Normal
BR002,2026-02-25,9,10,155.8,1.97,3.2,0,0,2,2,10,600.0,0.26,-444.2,Normal
BR002,2026-02-25,10,7,91.0,1.6857142857142857,2.9,0,0,1,2,10,600.0,0.152,-509.0,Normal
BR002,2026-02-25,11,7,83.7,2.1142857142857143,3.1,0,0,1,1,10,600.0,0.14,-516.3,Normal
BR002,2026-02-25,12,8,127.5,2.2375,3.4,0,0,0,1,10,600.0,0.212,-472.5,Normal
BR002,2026-02-25,13,6,97.0,2.066666666666667,3.5,0,0,1,1,10,600.0,0.162,-503.0,Normal
BR002,2026-02-25,14,5,89.30000000000001,1.7399999999999998,3.4,0,0,0,2,10,600.0,0.149,-510.7,Normal
BR002,2026-02-25,15,4,76.2,2.15,3.5,0,0,0,2,10,600.0,0.127,-523.8,Normal
BR002,2026-02-25,16,2,24.0,2.2,3.3,0,0,0,0,10,600.0,0.04,-576.0,Normal
BR002,2026-02-26,9,16,147.3,2.30625,3.5,0,0,4,1,10,600.0,0.246,-452.7,Normal
BR002,2026-02-26,10,8,130.1,4.3875,20.7,2,0,3,3,10,600.0,0.217,-469.9,Normal
BR002,2026-02-26,11,14,209.8,3.6571428571428575,15.0,3,0,2,3,10,600.0,0.35,-390.2,Normal
BR002,2026-02-26,12,7,61.5,2.2,3.4,0,0,0,0,10,600.0,0.102,-538.5,Normal
BR002,2026-02-26,13,7,72.3,2.0285714285714285,3.1,0,0,0,1,10,600.0,0.12,-527.7,Normal
BR002,2026-02-26,14,7,113.89999999999999,3.1285714285714286,8.9,1,0,0,3,10,600.0,0.19,-486.1,Normal
BR002,2026-02-26,15,7,37.7,2.257142857142857,3.1,0,0,0,0,10,600.0,0.063,-562.3,Normal
BR002,2026-02-26,16,1,6.5,2.0,2.0,0,0,0,0,10,600.0,0.011,-593.5,Normal
BR002,2026-02-27,9,14,198.4,6.0,19.5,3,0,3,3,10,600.0,0.331,-401.6,Normal
BR002,2026-02-27,10,14,128.6,31.307142857142857,64.2,14,3,2,2,10,600.0,0.214,-471.4,High
BR002,2026-02-27,11,19,220.3,12.210526315789474,34.9,20,0,4,2,10,600.0,0.367,-379.7,Normal
BR002,2026-02-27,12,7,78.4,21.442857142857143,64.0,18,2,0,3,10,600.0,0.131,-521.6,Moderate
BR002,2026-02-27,13,15,165.3,19.486666666666668,63.0,23,4,5,6,10,600.0,0.276,-434.7,Moderate
BR002,2026-02-27,14,12,148.4,21.433333333333334,50.9,27,3,0,5,10,600.0,0.247,-451.6,Moderate
BR002,2026-02-27,15,9,89.0,5.988888888888889,19.5,29,0,0,0,10,600.0,0.148,-511.0,Normal
BR002,2026-02-27,16,1,4.5,2.0,2.0,24,0,0,0,10,600.0,0.008,-595.5,Normal
BR002,2026-03-02,9,20,181.2,5.9,24.7,4,0,3,2,10,600.0,0.302,-418.8,Normal
BR002,2026-03-02,10,21,323.3,7.042857142857143,28.4,6,0,4,5,10,600.0,0.539,-276.7,Normal
BR002,2026-03-02,11,19,194.6,7.5,25.7,10,0,6,1,10,600.0,0.324,-405.4,Normal
BR002,2026-03-02,12,10,89.7,1.9600000000000002,3.3,8,0,1,0,10,600.0,0.15,-510.3,Normal
BR002,2026-03-02,13,7,92.1,2.042857142857143,2.8,0,0,0,3,10,600.0,0.154,-507.9,Normal
BR002,2026-03-02,14,12,136.0,1.9833333333333334,3.2,0,0,0,1,10,600.0,0.227,-464.0,Normal
BR002,2026-03-02,15,5,49.699999999999996,1.94,3.1,0,0,0,1,10,600.0,0.083,-550.3,Normal
BR002,2026-03-02,16,1,20.7,3.1,3.1,0,0,0,0,10,600.0,0.034,-579.3,Normal
BR002,2026-03-03,9,19,289.0,4.515789473684211,18.3,2,0,3,5,10,600.0,0.482,-311.0,Normal
BR002,2026-03-03,10,14,214.5,4.685714285714285,26.1,1,0,1,3,10,600.0,0.358,-385.5,Normal
BR002,2026-03-03,11,13,149.7,2.661538461538462,6.4,1,0,3,1,10,600.0,0.249,-450.3,Normal
BR002,2026-03-03,12,13,160.3,3.5923076923076924,18.6,1,0,1,2,10,600.0,0.267,-439.7,Normal
BR002,2026-03-03,13,8,68.39999999999999,2.3,3.5,0,0,2,1,10,600.0,0.114,-531.6,Normal
BR002,2026-03-03,14,10,100.1,1.9600000000000002,2.7,0,0,1,1,10,600.0,0.167,-499.9,Normal
BR002,2026-03-03,15,4,22.099999999999998,1.825,3.3,0,0,1,0,10,600.0,0.037,-577.9,Normal
BR002,2026-03-05,9,7,79.8,4.8999999999999995,22.6,1,0,1,1,10,600.0,0.133,-520.2,Normal
BR002,2026-03-05,10,8,104.1,2.125,3.5,0,0,2,1,10,600.0,0.174,-495.9,Normal
BR002,2026-03-05,11,21,252.1,8.242857142857142,40.2,7,0,4,3,10,600.0,0.42,-347.9,Normal
BR002,2026-03-05,12,15,232.0,2.7266666666666666,12.2,6,0,3,6,10,600.0,0.387,-368.0,Normal
BR002,2026-03-05,13,12,153.5,1.8416666666666666,4.1,2,0,2,2,10,600.0,0.256,-446.5,Normal
BR002,2026-03-05,14,12,161.7,2.158333333333333,3.4,0,0,0,2,10,600.0,0.269,-438.3,Normal
BR002,2026-03-05,15,2,12.3,2.15,3.4,0,0,0,0,10,600.0,0.02,-587.7,Normal
BR002,2026-03-06,9,23,329.3,8.578260869565218,43.7,3,1,3,5,10,600.0,0.549,-270.7,Normal
BR002,2026-03-06,10,18,209.7,7.3500000000000005,44.5,3,1,2,4,10,600.0,0.35,-390.3,Normal
BR002,2026-03-06,11,11,148.7,3.409090909090909,15.4,2,0,3,4,10,600.0,0.248,-451.3,Normal
BR002,2026-03-06,12,16,150.7,7.21875,31.0,3,0,4,2,10,600.0,0.251,-449.3,Normal
BR002,2026-03-06,13,17,194.6,4.370588235294117,28.4,2,0,0,2,10,600.0,0.324,-405.4,Normal
BR002,2026-03-06,14,10,138.8,2.66,3.3,1,0,2,3,10,600.0,0.231,-461.2,Normal
BR002,2026-03-06,15,6,89.0,1.6666666666666667,3.2,0,0,0,3,10,600.0,0.148,-511.0,Normal
BR002,2026-03-06,16,2,34.8,2.55,3.0,0,0,0,0,10,600.0,0.058,-565.2,Normal
BR002,2026-03-07,9,19,270.1,3.0473684210526315,11.6,2,0,7,5,10,600.0,0.45,-329.9,Normal
BR002,2026-03-07,10,15,171.6,3.56,21.1,1,0,2,2,10,600.0,0.286,-428.4,Normal
BR002,2026-03-07,11,12,160.5,1.7416666666666665,2.8,0,0,2,2,10,600.0,0.268,-439.5,Normal
BR002,2026-03-07,12,7,92.39999999999999,2.1571428571428575,3.2,0,0,0,1,10,600.0,0.154,-507.6,Normal
BR002,2026-03-07,13,7,123.4,1.7285714285714284,3.4,0,0,0,3,10,600.0,0.206,-476.6,Normal
BR002,2026-03-07,14,10,94.7,1.8800000000000001,3.0,0,0,0,0,10,600.0,0.158,-505.3,Normal
BR002,2026-03-07,15,4,27.599999999999998,2.65,3.4,0,0,0,0,10,600.0,0.046,-572.4,Normal
BR002,2026-03-07,16,2,20.8,2.05,2.4,0,0,0,0,10,600.0,0.035,-579.2,Normal
BR002,2026-03-09,9,17,239.8,12.370588235294118,41.4,5,1,2,5,10,600.0,0.4,-360.2,Normal
BR002,2026-03-09,10,16,212.6,3.4312500000000004,18.6,4,0,1,2,10,600.0,0.354,-387.4,Normal
BR002,2026-03-09,11,14,222.1,2.0,3.5,3,0,4,3,10,600.0,0.37,-377.9,Normal
BR002,2026-03-09,12,15,209.4,3.4933333333333336,19.3,2,0,2,3,10,600.0,0.349,-390.6,Normal
BR002,2026-03-09,13,10,134.1,3.11,9.7,1,0,1,1,10,600.0,0.224,-465.9,Normal
BR002,2026-03-09,14,5,45.0,2.44,3.4,0,0,0,0,10,600.0,0.075,-555.0,Normal
BR002,2026-03-09,15,5,44.8,2.42,3.1,0,0,0,0,10,600.0,0.075,-555.2,Normal
BR002,2026-03-09,16,4,33.9,1.875,2.1,0,0,0,0,10,600.0,0.056,-566.1,Normal
BR002,2026-03-10,9,6,49.1,1.8666666666666665,2.7,0,0,0,1,10,600.0,0.082,-550.9,Normal
BR002,2026-03-10,10,9,94.7,1.9333333333333331,3.5,0,0,3,0,10,600.0,0.158,-505.3,Normal
BR002,2026-03-10,11,15,161.1,3.58,12.0,1,0,5,2,10,600.0,0.268,-438.9,Normal
BR002,2026-03-10,12,8,82.0,2.0,3.0,0,0,1,1,10,600.0,0.137,-518.0,Normal
BR002,2026-03-10,13,7,128.7,2.1,2.8,0,0,0,2,10,600.0,0.214,-471.3,Normal
BR002,2026-03-10,14,10,131.5,2.38,3.3,0,0,0,2,10,600.0,0.219,-468.5,Normal
BR002,2026-03-10,15,2,14.8,1.5,2.1,0,0,0,0,10,600.0,0.025,-585.2,Normal
BR002,2026-03-10,16,2,18.2,2.0,2.2,0,0,0,0,10,600.0,0.03,-581.8,Normal
BR002,2026-03-11,9,11,110.8,20.136363636363637,64.9,7,2,2,1,10,600.0,0.185,-489.2,Moderate
BR002,2026-03-11,10,19,282.6,19.663157894736845,64.7,17,3,5,7,10,600.0,0.471,-317.4,Moderate
BR002,2026-03-11,11,9,89.3,19.200000000000003,42.6,20,1,0,2,10,600.0,0.149,-510.7,Moderate
BR002,2026-03-11,12,9,72.2,7.033333333333333,23.5,19,0,0,0,10,600.0,0.12,-527.8,Normal
BR002,2026-03-11,13,4,34.800000000000004,2.35,3.2,19,0,0,0,10,600.0,0.058,-565.2,Normal
BR002,2026-03-11,14,9,124.0,2.1222222222222222,3.2,13,0,0,2,10,600.0,0.207,-476.0,Normal
BR002,2026-03-11,15,3,34.0,1.8999999999999997,2.3,6,0,0,0,10,600.0,0.057,-566.0,Normal
BR002,2026-03-12,9,8,120.9,1.9875,3.4,1,0,1,1,10,600.0,0.202,-479.1,Normal
BR002,2026-03-12,10,13,101.8,21.415384615384614,63.9,5,3,1,2,10,600.0,0.17,-498.2,Moderate
BR002,2026-03-12,11,12,179.7,14.541666666666666,63.4,7,1,2,3,10,600.0,0.3,-420.3,Normal
BR002,2026-03-12,12,14,158.3,25.714285714285715,65.0,8,2,1,2,10,600.0,0.264,-441.7,High
BR002,2026-03-12,13,9,164.70000000000002,12.100000000000001,47.2,7,0,0,4,10,600.0,0.274,-435.3,Normal
BR002,2026-03-12,14,6,81.3,3.4666666666666663,8.1,7,0,2,1,10,600.0,0.135,-518.7,Normal
BR002,2026-03-12,15,4,41.4,2.175,2.6,5,0,0,0,10,600.0,0.069,-558.6,Normal
BR002,2026-03-13,9,8,82.1,2.05,3.5,1,0,1,1,10,600.0,0.137,-517.9,Normal
BR002,2026-03-13,10,13,108.3,13.399999999999999,50.5,4,3,2,0,10,600.0,0.18,-491.7,Normal
BR002,2026-03-13,11,16,223.7,2.4875,9.3,3,0,4,1,10,600.0,0.373,-376.3,Normal
BR002,2026-03-13,12,11,102.6,7.4818181818181815,27.9,3,0,2,2,10,600.0,0.171,-497.4,Normal
BR002,2026-03-13,13,11,129.5,2.1363636363636362,3.3,1,0,1,3,10,600.0,0.216,-470.5,Normal
BR002,2026-03-13,14,5,81.5,2.2,3.1,2,0,0,1,10,600.0,0.136,-518.5,Normal
BR002,2026-03-13,15,5,94.8,2.1,2.8,0,0,0,2,10,600.0,0.158,-505.2,Normal
BR002,2026-03-16,9,13,149.3,4.053846153846154,17.3,1,0,2,0,10,600.0,0.249,-450.7,Normal
BR002,2026-03-16,10,21,167.7,9.152380952380952,51.2,3,1,1,1,10,600.0,0.279,-432.3,Normal
BR002,2026-03-16,11,15,141.9,2.9466666666666668,9.4,2,0,2,1,10,600.0,0.237,-458.1,Normal
BR002,2026-03-16,12,10,113.4,3.17,14.0,2,0,2,1,10,600.0,0.189,-486.6,Normal
BR002,2026-03-16,13,10,126.1,2.08,3.3,0,0,0,2,10,600.0,0.21,-473.9,Normal
BR002,2026-03-16,14,11,141.6,6.0636363636363635,24.5,1,0,0,3,10,600.0,0.236,-458.4,Normal
BR002,2026-03-16,15,7,111.3,2.4285714285714284,3.4,0,0,1,3,10,600.0,0.186,-488.7,Normal
BR002,2026-03-17,9,11,154.1,2.4909090909090907,5.5,1,0,2,2,10,600.0,0.257,-445.9,Normal
BR002,2026-03-17,10,9,101.7,2.177777777777778,3.3,0,0,1,1,10,600.0,0.17,-498.3,Normal
BR002,2026-03-17,11,7,70.2,2.2142857142857144,3.3,1,0,0,1,10,600.0,0.117,-529.8,Normal
BR002,2026-03-17,12,13,116.2,2.246153846153846,3.5,0,0,3,0,10,600.0,0.194,-483.8,Normal
BR002,2026-03-17,13,7,63.9,2.314285714285714,3.3,0,0,0,0,10,600.0,0.106,-536.1,Normal
BR002,2026-03-17,14,2,7.800000000000001,1.8,2.6,0,0,0,0,10,600.0,0.013,-592.2,Normal
BR002,2026-03-17,15,3,58.5,2.4333333333333336,3.2,0,0,0,1,10,600.0,0.098,-541.5,Normal
BR002,2026-03-18,9,13,155.8,2.423076923076923,3.4,0,0,3,2,10,600.0,0.26,-444.2,Normal
BR002,2026-03-18,10,9,120.2,1.6777777777777778,3.4,0,0,2,4,10,600.0,0.2,-479.8,Normal
BR002,2026-03-18,11,6,37.0,2.433333333333333,3.3,0,0,0,0,10,600.0,0.062,-563.0,Normal
BR002,2026-03-18,12,14,191.2,6.314285714285715,30.9,2,0,1,4,10,600.0,0.319,-408.8,Normal
BR002,2026-03-18,13,10,129.4,1.8699999999999999,3.2,1,0,2,2,10,600.0,0.216,-470.6,Normal
BR002,2026-03-18,14,8,133.0,1.8625,3.2,0,0,1,4,10,600.0,0.222,-467.0,Normal
BR002,2026-03-18,15,5,39.9,2.46,3.1,0,0,1,0,10,600.0,0.066,-560.1,Normal
BR002,2026-03-19,9,7,75.7,12.671428571428569,52.4,3,1,2,1,10,600.0,0.126,-524.3,Normal
BR002,2026-03-19,10,13,112.89999999999999,12.669230769230769,30.7,4,0,4,1,10,600.0,0.188,-487.1,Normal
BR002,2026-03-19,11,14,189.4,16.285714285714285,57.1,4,1,2,3,10,600.0,0.316,-410.6,Moderate
BR002,2026-03-19,12,13,69.3,25.923076923076923,57.6,11,5,1,2,10,600.0,0.115,-530.7,High
BR002,2026-03-19,13,9,101.2,12.177777777777779,41.7,10,1,0,2,10,600.0,0.169,-498.8,Normal
BR002,2026-03-19,14,6,74.8,10.733333333333334,50.1,9,0,0,1,10,600.0,0.125,-525.2,Normal
BR002,2026-03-19,15,5,36.1,2.2399999999999998,3.0,8,0,0,0,10,600.0,0.06,-563.9,Normal
BR002,2026-03-21,9,11,102.5,1.9545454545454546,3.0,0,0,2,2,10,600.0,0.171,-497.5,Normal
BR002,2026-03-21,10,11,146.6,3.9,13.9,1,0,2,1,10,600.0,0.244,-453.4,Normal
BR002,2026-03-21,11,11,158.1,4.209090909090909,23.5,1,0,3,3,10,600.0,0.264,-441.9,Normal
BR002,2026-03-21,12,12,127.2,2.475,3.5,0,0,0,1,10,600.0,0.212,-472.8,Normal
BR002,2026-03-21,13,4,45.800000000000004,2.8000000000000003,3.1,0,0,0,1,10,600.0,0.076,-554.2,Normal
BR002,2026-03-21,14,7,85.8,2.314285714285714,3.3,0,0,0,1,10,600.0,0.143,-514.2,Normal
BR002,2026-03-21,15,4,69.8,2.675,3.2,0,0,0,1,10,600.0,0.116,-530.2,Normal
BR002,2026-03-21,16,1,18.4,3.1,3.1,0,0,0,0,10,600.0,0.031,-581.6,Normal
BR002,2026-03-23,9,9,71.5,2.2666666666666666,3.5,0,0,2,1,10,600.0,0.119,-528.5,Normal
BR002,2026-03-23,10,26,285.6,7.138461538461538,37.4,3,0,8,2,10,600.0,0.476,-314.4,Normal
BR002,2026-03-23,11,15,181.1,2.493333333333333,3.9,3,0,2,4,10,600.0,0.302,-418.9,Normal
BR002,2026-03-23,12,14,154.2,3.3285714285714287,11.0,2,0,0,1,10,600.0,0.257,-445.8,Normal
BR002,2026-03-23,13,8,107.5,2.0875,3.0,0,0,0,3,10,600.0,0.179,-492.5,Normal
BR002,2026-03-23,14,7,93.2,2.085714285714286,3.5,0,0,0,2,10,600.0,0.155,-506.8,Normal
BR002,2026-03-23,15,8,66.4,2.675,3.5,0,0,0,0,10,600.0,0.111,-533.6,Normal
BR002,2026-03-24,9,17,179.4,3.6294117647058823,15.3,2,0,3,1,10,600.0,0.299,-420.6,Normal
BR002,2026-03-24,10,11,135.2,5.545454545454546,30.4,2,0,1,2,10,600.0,0.225,-464.8,Normal
BR002,2026-03-24,11,10,140.6,2.04,3.4,1,0,2,2,10,600.0,0.234,-459.4,Normal
BR002,2026-03-24,12,6,73.1,2.0833333333333335,3.3,0,0,0,2,10,600.0,0.122,-526.9,Normal
BR002,2026-03-24,13,13,158.5,1.9538461538461538,3.3,0,0,3,1,10,600.0,0.264,-441.5,Normal
BR002,2026-03-24,14,9,136.7,2.2444444444444445,3.2,0,0,0,3,10,600.0,0.228,-463.3,Normal
BR002,2026-03-24,15,5,61.199999999999996,2.4,3.1,0,0,0,1,10,600.0,0.102,-538.8,Normal
BR002,2026-03-25,9,10,108.5,4.17,19.6,1,0,2,1,10,600.0,0.181,-491.5,Normal
BR002,2026-03-25,10,10,126.4,2.2,3.4,0,0,1,2,10,600.0,0.211,-473.6,Normal
BR002,2026-03-25,11,10,127.8,2.19,3.5,0,0,2,2,10,600.0,0.213,-472.2,Normal
BR002,2026-03-25,12,6,59.300000000000004,2.25,3.0,0,0,0,1,10,600.0,0.099,-540.7,Normal
BR002,2026-03-25,13,9,130.8,2.111111111111111,3.1,0,0,3,3,10,600.0,0.218,-469.2,Normal
BR002,2026-03-25,14,8,92.0,2.2125,3.2,0,0,0,0,10,600.0,0.153,-508.0,Normal
BR002,2026-03-25,15,3,45.8,2.1333333333333333,3.3,0,0,0,1,10,600.0,0.076,-554.2,Normal
BR002,2026-03-25,16,2,16.9,2.35,2.6,0,0,0,0,10,600.0,0.028,-583.1,Normal
BR002,2026-03-26,9,14,132.0,6.45,20.3,4,0,3,1,10,600.0,0.22,-468.0,Normal
BR002,2026-03-26,10,12,106.2,3.0083333333333333,11.6,3,0,2,2,10,600.0,0.177,-493.8,Normal
BR002,2026-03-26,11,13,137.4,2.146153846153846,3.2,2,0,2,1,10,600.0,0.229,-462.6,Normal
BR002,2026-03-26,12,6,82.7,1.8666666666666665,3.2,0,0,1,1,10,600.0,0.138,-517.3,Normal
BR002,2026-03-26,13,8,121.2,2.2125,3.4,0,0,0,3,10,600.0,0.202,-478.8,Normal
BR002,2026-03-26,14,4,71.7,1.65,2.9,0,0,0,1,10,600.0,0.12,-528.3,Normal
BR002,2026-03-26,15,3,24.7,1.9000000000000001,3.1,0,0,0,0,10,600.0,0.041,-575.3,Normal
BR002,2026-03-26,16,2,24.0,1.55,1.6,0,0,0,0,10,600.0,0.04,-576.0,Normal
BR002,2026-03-27,9,5,55.0,2.2600000000000002,3.2,0,0,1,0,10,600.0,0.092,-545.0,Normal
BR002,2026-03-27,10,10,126.89999999999999,4.29,22.8,3,0,0,1,10,600.0,0.212,-473.1,Normal
BR002,2026-03-27,11,25,244.0,3.5959999999999996,21.9,4,0,6,3,10,600.0,0.407,-356.0,Normal
BR002,2026-03-27,12,11,137.7,2.036363636363636,3.2,2,0,2,3,10,600.0,0.229,-462.3,Normal
BR002,2026-03-27,13,7,73.80000000000001,2.0285714285714285,3.3,0,0,1,0,10,600.0,0.123,-526.2,Normal
BR002,2026-03-27,14,6,115.5,2.1166666666666667,3.5,0,0,0,2,10,600.0,0.192,-484.5,Normal
BR002,2026-03-27,15,7,86.3,2.0571428571428574,3.2,0,0,0,1,10,600.0,0.144,-513.7,Normal
BR002,2026-03-27,16,1,14.3,3.4,3.4,0,0,0,0,10,600.0,0.024,-585.7,Normal
BR003,2025-10-01,9,7,70.3,2.3428571428571425,3.3,0,0,1,1,12,720.0,0.098,-649.7,Normal
BR003,2025-10-01,10,14,169.5,4.607142857142857,28.5,2,0,1,2,12,720.0,0.235,-550.5,Normal
BR003,2025-10-01,11,11,132.20000000000002,2.4363636363636365,3.4,1,0,0,1,12,720.0,0.184,-587.8,Normal
BR003,2025-10-01,12,17,151.2,6.2823529411764705,34.1,5,0,2,2,12,720.0,0.21,-568.8,Normal
BR003,2025-10-01,13,11,147.4,2.127272727272727,2.8,4,0,2,2,12,720.0,0.205,-572.6,Normal
BR003,2025-10-01,14,9,149.7,2.3444444444444446,3.3,3,0,1,3,12,720.0,0.208,-570.3,Normal
BR003,2025-10-01,15,4,76.60000000000001,2.175,2.7,0,0,0,1,12,720.0,0.106,-643.4,Normal
BR003,2025-10-03,9,16,138.29999999999998,2.19375,3.4,0,0,3,1,12,720.0,0.192,-581.7,Normal
BR003,2025-10-03,10,11,89.2,2.381818181818182,3.2,0,0,3,0,12,720.0,0.124,-630.8,Normal
BR003,2025-10-03,11,23,198.5,2.8304347826086955,11.2,1,0,4,2,12,720.0,0.276,-521.5,Normal
BR003,2025-10-03,12,20,187.7,14.430000000000001,50.1,7,3,4,3,12,720.0,0.261,-532.3,Normal
BR003,2025-10-03,13,17,200.0,3.4058823529411764,19.5,4,0,0,2,12,720.0,0.278,-520.0,Normal
BR003,2025-10-03,14,13,104.0,3.9153846153846152,21.0,6,0,0,1,12,720.0,0.144,-616.0,Normal
BR003,2025-10-03,15,12,120.5,1.9583333333333333,2.9,2,0,0,1,12,720.0,0.167,-599.5,Normal
BR003,2025-10-03,16,1,6.8,1.1,1.1,0,0,0,0,12,720.0,0.009,-713.2,Normal
BR003,2025-10-04,9,9,80.9,2.411111111111111,3.0,0,0,1,0,12,720.0,0.112,-639.1,Normal
BR003,2025-10-04,10,19,155.1,7.184210526315789,32.6,4,0,4,0,12,720.0,0.215,-564.9,Normal
BR003,2025-10-04,11,18,166.4,3.1555555555555554,10.1,5,0,5,1,12,720.0,0.231,-553.6,Normal
BR003,2025-10-04,12,12,131.0,5.383333333333333,27.8,4,0,2,0,12,720.0,0.182,-589.0,Normal
BR003,2025-10-04,13,11,106.0,2.3363636363636364,3.2,1,0,0,2,12,720.0,0.147,-614.0,Normal
BR003,2025-10-04,14,8,86.0,2.3625,3.4,0,0,0,1,12,720.0,0.119,-634.0,Normal
BR003,2025-10-04,15,7,51.699999999999996,2.2714285714285714,3.3,0,0,0,0,12,720.0,0.072,-668.3,Normal
BR003,2025-10-04,16,2,8.3,2.5,2.8,0,0,0,0,12,720.0,0.012,-711.7,Normal
BR003,2025-10-06,9,10,103.1,2.69,6.5,1,0,1,1,12,720.0,0.143,-616.9,Normal
BR003,2025-10-06,10,13,61.0,31.45384615384615,63.4,8,6,2,0,12,720.0,0.085,-659.0,High
BR003,2025-10-06,11,19,233.4,8.336842105263159,42.6,9,0,1,4,12,720.0,0.324,-486.6,Normal
BR003,2025-10-06,12,16,264.7,10.0875,42.2,8,2,2,4,12,720.0,0.368,-455.3,Normal
BR003,2025-10-06,13,12,121.8,3.725,12.5,6,0,1,2,12,720.0,0.169,-598.2,Normal
BR003,2025-10-06,14,10,70.4,2.55,3.4,5,0,1,0,12,720.0,0.098,-649.6,Normal
BR003,2025-10-06,15,3,30.1,1.5666666666666667,2.0,0,0,0,0,12,720.0,0.042,-689.9,Normal
BR003,2025-10-06,16,1,17.7,1.9,1.9,0,0,0,1,12,720.0,0.025,-702.3,Normal
BR003,2025-10-07,9,8,57.8,5.175,25.4,1,0,2,0,12,720.0,0.08,-662.2,Normal
BR003,2025-10-07,10,19,152.9,14.0,64.9,7,2,2,2,12,720.0,0.212,-567.1,Normal
BR003,2025-10-07,11,11,123.7,6.154545454545455,18.2,9,0,3,0,12,720.0,0.172,-596.3,Normal
BR003,2025-10-07,12,11,138.9,4.454545454545454,16.3,7,0,0,3,12,720.0,0.193,-581.1,Normal
BR003,2025-10-07,13,6,45.7,3.3166666666666664,9.0,6,0,0,0,12,720.0,0.063,-674.3,Normal
BR003,2025-10-07,14,5,82.89999999999999,1.7,2.5,0,0,0,2,12,720.0,0.115,-637.1,Normal
BR003,2025-10-07,15,4,26.2,2.15,3.0,0,0,0,0,12,720.0,0.036,-693.8,Normal
BR003,2025-10-08,9,7,44.2,2.6142857142857143,3.5,0,0,0,0,12,720.0,0.061,-675.8,Normal
BR003,2025-10-08,10,7,85.6,2.814285714285714,3.4,0,0,1,2,12,720.0,0.119,-634.4,Normal
BR003,2025-10-08,11,9,105.1,1.788888888888889,2.9,0,0,0,1,12,720.0,0.146,-614.9,Normal
BR003,2025-10-08,12,11,136.9,2.2545454545454544,3.4,0,0,1,2,12,720.0,0.19,-583.1,Normal
BR003,2025-10-08,13,4,37.0,1.75,2.2,0,0,0,0,12,720.0,0.051,-683.0,Normal
BR003,2025-10-08,14,7,41.2,2.0142857142857142,3.1,0,0,3,0,12,720.0,0.057,-678.8,Normal
BR003,2025-10-08,15,3,35.7,1.866666666666667,3.2,0,0,1,0,12,720.0,0.05,-684.3,Normal
BR003,2025-10-09,9,15,143.2,2.3666666666666667,3.4,0,0,1,1,12,720.0,0.199,-576.8,Normal
BR003,2025-10-09,10,12,138.3,2.1999999999999997,3.2,0,0,2,1,12,720.0,0.192,-581.7,Normal
BR003,2025-10-09,11,8,91.2,2.5,3.4,0,0,0,1,12,720.0,0.127,-628.8,Normal
BR003,2025-10-09,12,8,53.7,2.0625,3.4,0,0,0,0,12,720.0,0.075,-666.3,Normal
BR003,2025-10-09,13,9,132.3,2.477777777777778,3.5,0,0,2,2,12,720.0,0.184,-587.7,Normal
BR003,2025-10-09,14,6,64.6,2.3666666666666667,2.9,0,0,0,0,12,720.0,0.09,-655.4,Normal
BR003,2025-10-09,15,4,32.3,1.6,1.9,0,0,1,1,12,720.0,0.045,-687.7,Normal
BR003,2025-10-10,9,13,94.6,5.8307692307692305,29.5,1,0,3,0,12,720.0,0.131,-625.4,Normal
BR003,2025-10-10,10,21,221.7,3.1904761904761907,22.5,1,0,1,1,12,720.0,0.308,-498.3,Normal
BR003,2025-10-10,11,14,106.2,2.1785714285714284,3.4,0,0,5,0,12,720.0,0.148,-613.8,Normal
BR003,2025-10-10,12,11,132.2,3.1454545454545455,15.2,1,0,1,2,12,720.0,0.184,-587.8,Normal
BR003,2025-10-10,13,15,130.3,2.1933333333333334,3.5,0,0,0,0,12,720.0,0.181,-589.7,Normal
BR003,2025-10-10,14,4,55.1,2.15,3.1,0,0,0,0,12,720.0,0.077,-664.9,Normal
BR003,2025-10-10,15,2,28.6,3.4,3.4,0,0,0,0,12,720.0,0.04,-691.4,Normal
BR003,2025-10-10,16,2,34.4,2.3,3.3,0,0,0,1,12,720.0,0.048,-685.6,Normal
BR003,2025-10-13,9,12,129.7,2.316666666666667,3.5,0,0,1,1,12,720.0,0.18,-590.3,Normal
BR003,2025-10-13,10,11,156.8,3.2363636363636363,15.9,2,0,1,3,12,720.0,0.218,-563.2,Normal
BR003,2025-10-13,11,15,139.2,2.6599999999999997,5.4,1,0,3,1,12,720.0,0.193,-580.8,Normal
BR003,2025-10-13,12,11,80.6,2.227272727272727,3.3,0,0,0,1,12,720.0,0.112,-639.4,Normal
BR003,2025-10-13,13,11,103.0,2.3454545454545457,3.3,0,0,1,2,12,720.0,0.143,-617.0,Normal
BR003,2025-10-13,14,13,137.6,3.4076923076923076,10.6,2,0,2,1,12,720.0,0.191,-582.4,Normal
BR003,2025-10-13,15,6,80.5,2.3333333333333335,3.4,0,0,0,1,12,720.0,0.112,-639.5,Normal
BR003,2025-10-14,9,9,79.3,1.9000000000000001,3.2,0,0,0,0,12,720.0,0.11,-640.7,Normal
BR003,2025-10-14,10,12,69.6,2.0500000000000003,3.2,0,0,2,0,12,720.0,0.097,-650.4,Normal
BR003,2025-10-14,11,9,137.6,2.3666666666666667,3.5,0,0,2,2,12,720.0,0.191,-582.4,Normal
BR003,2025-10-14,12,5,30.900000000000002,2.18,2.8,0,0,1,0,12,720.0,0.043,-689.1,Normal
BR003,2025-10-14,13,7,79.30000000000001,2.557142857142857,3.5,0,0,1,0,12,720.0,0.11,-640.7,Normal
BR003,2025-10-14,14,8,117.2,1.9,2.9,0,0,0,2,12,720.0,0.163,-602.8,Normal
BR003,2025-10-14,15,3,23.7,1.6333333333333335,1.9,0,0,0,0,12,720.0,0.033,-696.3,Normal
BR003,2025-10-15,9,7,76.3,2.5714285714285716,3.1,0,0,0,2,12,720.0,0.106,-643.7,Normal
BR003,2025-10-15,10,12,155.5,4.416666666666667,15.7,2,0,2,3,12,720.0,0.216,-564.5,Normal
BR003,2025-10-15,11,16,113.9,2.06875,3.4,1,0,6,0,12,720.0,0.158,-606.1,Normal
BR003,2025-10-15,12,5,56.2,2.38,3.3,0,0,0,0,12,720.0,0.078,-663.8,Normal
BR003,2025-10-15,13,8,81.89999999999999,2.2875,3.3,0,0,1,0,12,720.0,0.114,-638.1,Normal
BR003,2025-10-15,14,4,25.7,2.65,3.1,0,0,0,0,12,720.0,0.036,-694.3,Normal
BR003,2025-10-15,15,11,163.7,2.727272727272727,3.4,0,0,0,4,12,720.0,0.227,-556.3,Normal
BR003,2025-10-15,16,1,5.4,1.0,1.0,0,0,0,0,12,720.0,0.008,-714.6,Normal
BR003,2025-10-16,9,12,172.6,2.1166666666666667,3.5,0,0,4,2,12,720.0,0.24,-547.4,Normal
BR003,2025-10-16,10,9,98.3,2.288888888888889,3.4,0,0,2,1,12,720.0,0.137,-621.7,Normal
BR003,2025-10-16,11,7,53.9,2.414285714285714,3.1,0,0,1,0,12,720.0,0.075,-666.1,Normal
BR003,2025-10-16,12,12,144.4,2.1666666666666665,3.5,0,0,1,2,12,720.0,0.201,-575.6,Normal
BR003,2025-10-16,13,7,44.8,2.6714285714285713,3.4,0,0,0,0,12,720.0,0.062,-675.2,Normal
BR003,2025-10-16,14,5,46.9,2.38,3.4,0,0,0,1,12,720.0,0.065,-673.1,Normal
BR003,2025-10-16,15,4,53.9,2.9,3.4,0,0,0,1,12,720.0,0.075,-666.1,Normal
BR003,2025-10-17,9,21,259.1,3.8619047619047615,23.3,2,0,3,4,12,720.0,0.36,-460.9,Normal
BR003,2025-10-17,10,9,140.9,6.2444444444444445,28.2,2,0,1,2,12,720.0,0.196,-579.1,Normal
BR003,2025-10-17,11,20,183.4,2.13,3.3,1,0,3,3,12,720.0,0.255,-536.6,Normal
BR003,2025-10-17,12,4,58.8,2.175,3.3,0,0,1,1,12,720.0,0.082,-661.2,Normal
BR003,2025-10-17,13,11,92.3,2.3272727272727276,3.4,0,0,3,1,12,720.0,0.128,-627.7,Normal
BR003,2025-10-17,14,8,53.5,5.4625,13.7,2,0,0,0,12,720.0,0.074,-666.5,Normal
BR003,2025-10-17,15,10,130.1,2.2399999999999998,3.4,0,0,0,2,12,720.0,0.181,-589.9,Normal
BR003,2025-10-17,16,1,16.2,1.5,1.5,1,0,0,0,12,720.0,0.022,-703.8,Normal
BR003,2025-10-18,9,5,53.4,2.0,2.8,0,0,0,0,12,720.0,0.074,-666.6,Normal
BR003,2025-10-18,10,15,235.5,6.12,36.7,3,0,2,4,12,720.0,0.327,-484.5,Normal
BR003,2025-10-18,11,15,180.7,2.8333333333333335,12.0,2,0,3,2,12,720.0,0.251,-539.3,Normal
BR003,2025-10-18,12,14,142.4,2.15,3.3,2,0,2,1,12,720.0,0.198,-577.6,Normal
BR003,2025-10-18,13,7,71.5,1.7714285714285716,3.0,0,0,0,1,12,720.0,0.099,-648.5,Normal
BR003,2025-10-18,14,6,55.2,1.9000000000000001,2.9,0,0,0,0,12,720.0,0.077,-664.8,Normal
BR003,2025-10-18,15,4,63.9,1.725,2.1,0,0,0,2,12,720.0,0.089,-656.1,Normal
BR003,2025-10-18,16,2,24.4,2.5,3.2,0,0,0,1,12,720.0,0.034,-695.6,Normal
BR003,2025-10-22,9,3,25.5,2.4,3.2,0,0,0,0,12,720.0,0.035,-694.5,Normal
BR003,2025-10-22,10,6,78.8,2.216666666666667,3.4,0,0,2,1,12,720.0,0.109,-641.2,Normal
BR003,2025-10-22,11,7,86.1,2.2,3.5,0,0,3,1,12,720.0,0.12,-633.9,Normal
BR003,2025-10-22,12,10,145.0,1.73,3.3,0,0,1,3,12,720.0,0.201,-575.0,Normal
BR003,2025-10-22,13,14,156.0,2.1714285714285713,3.3,0,0,2,2,12,720.0,0.217,-564.0,Normal
BR003,2025-10-22,14,6,56.0,1.95,3.5,0,0,0,0,12,720.0,0.078,-664.0,Normal
BR003,2025-10-22,15,10,97.7,1.8800000000000001,2.7,0,0,0,1,12,720.0,0.136,-622.3,Normal
BR003,2025-10-22,16,1,16.5,1.9,1.9,0,0,0,0,12,720.0,0.023,-703.5,Normal
BR003,2025-10-23,9,9,64.1,2.022222222222222,3.3,0,0,1,1,12,720.0,0.089,-655.9,Normal
BR003,2025-10-23,10,17,132.4,2.2588235294117647,3.3,1,0,2,1,12,720.0,0.184,-587.6,Normal
BR003,2025-10-23,11,8,88.69999999999999,2.225,3.3,0,0,1,1,12,720.0,0.123,-631.3,Normal
BR003,2025-10-23,12,6,62.599999999999994,2.6,3.5,0,0,0,1,12,720.0,0.087,-657.4,Normal
BR003,2025-10-23,13,4,66.3,2.3,3.5,0,0,2,1,12,720.0,0.092,-653.7,Normal
BR003,2025-10-23,14,2,30.6,2.6500000000000004,2.7,0,0,0,0,12,720.0,0.042,-689.4,Normal
BR003,2025-10-23,15,1,6.0,2.8,2.8,0,0,0,0,12,720.0,0.008,-714.0,Normal
BR003,2025-10-23,16,2,21.3,2.7,3.3,0,0,0,1,12,720.0,0.03,-698.7,Normal
BR003,2025-10-24,9,14,134.8,2.3000000000000003,3.3,0,0,2,1,12,720.0,0.187,-585.2,Normal
BR003,2025-10-24,10,15,219.7,2.933333333333333,9.3,2,0,4,3,12,720.0,0.305,-500.3,Normal
BR003,2025-10-24,11,16,161.9,2.23125,3.3,1,0,3,2,12,720.0,0.225,-558.1,Normal
BR003,2025-10-24,12,10,104.3,2.23,3.0,0,0,0,1,12,720.0,0.145,-615.7,Normal
BR003,2025-10-24,13,11,132.2,1.9636363636363634,3.0,0,0,0,2,12,720.0,0.184,-587.8,Normal
BR003,2025-10-24,14,8,82.8,1.825,2.6,0,0,0,2,12,720.0,0.115,-637.2,Normal
BR003,2025-10-24,15,7,70.5,1.8714285714285717,3.2,0,0,0,0,12,720.0,0.098,-649.5,Normal
BR003,2025-10-24,16,2,9.3,2.0,2.9,0,0,0,0,12,720.0,0.013,-710.7,Normal
BR003,2025-10-27,9,10,139.9,4.5200000000000005,18.6,1,0,3,1,12,720.0,0.194,-580.1,Normal
BR003,2025-10-27,10,18,164.9,3.6222222222222222,14.8,3,0,4,2,12,720.0,0.229,-555.1,Normal
BR003,2025-10-27,11,18,167.4,2.1722222222222225,3.4,2,0,2,0,12,720.0,0.232,-552.6,Normal
BR003,2025-10-27,12,11,95.4,1.8181818181818181,2.7,0,0,2,1,12,720.0,0.132,-624.6,Normal
BR003,2025-10-27,13,10,67.7,2.18,3.2,0,0,1,0,12,720.0,0.094,-652.3,Normal
BR003,2025-10-27,14,7,80.60000000000001,1.7571428571428573,2.7,0,0,0,2,12,720.0,0.112,-639.4,Normal
BR003,2025-10-27,15,8,102.5,2.3375,3.0,0,0,0,2,12,720.0,0.142,-617.5,Normal
BR003,2025-10-27,16,2,15.3,2.95,3.1,0,0,0,0,12,720.0,0.021,-704.7,Normal
BR003,2025-10-28,9,16,155.4,2.51875,7.4,1,0,5,1,12,720.0,0.216,-564.6,Normal
BR003,2025-10-28,10,21,214.3,13.59047619047619,50.3,6,4,2,6,12,720.0,0.298,-505.7,Normal
BR003,2025-10-28,11,14,110.0,2.7857142857142856,11.2,4,0,3,0,12,720.0,0.153,-610.0,Normal
BR003,2025-10-28,12,18,190.70000000000002,4.466666666666667,18.9,5,0,0,2,12,720.0,0.265,-529.3,Normal
BR003,2025-10-28,13,12,113.9,2.158333333333333,3.1,1,0,0,0,12,720.0,0.158,-606.1,Normal
BR003,2025-10-28,14,14,209.8,1.9928571428571427,3.4,0,0,0,4,12,720.0,0.291,-510.2,Normal
BR003,2025-10-28,15,4,86.8,2.45,3.2,0,0,0,1,12,720.0,0.121,-633.2,Normal
BR003,2025-10-28,16,1,30.3,3.5,3.5,0,0,0,1,12,720.0,0.042,-689.7,Normal
BR003,2025-10-29,9,18,135.9,2.5444444444444443,3.4,0,0,2,0,12,720.0,0.189,-584.1,Normal
BR003,2025-10-29,10,16,160.1,5.66875,26.6,2,0,4,1,12,720.0,0.222,-559.9,Normal
BR003,2025-10-29,11,18,208.9,2.738888888888889,14.4,1,0,1,2,12,720.0,0.29,-511.1,Normal
BR003,2025-10-29,12,16,167.9,2.65,5.8,1,0,2,3,12,720.0,0.233,-552.1,Normal
BR003,2025-10-29,13,6,52.0,1.7166666666666666,3.0,0,0,0,0,12,720.0,0.072,-668.0,Normal
BR003,2025-10-29,14,8,104.3,2.2375,3.3,0,0,3,2,12,720.0,0.145,-615.7,Normal
BR003,2025-10-29,15,8,53.900000000000006,2.425,3.5,0,0,0,1,12,720.0,0.075,-666.1,Normal
BR003,2025-10-29,16,2,21.299999999999997,2.45,2.9,0,0,0,0,12,720.0,0.03,-698.7,Normal
BR003,2025-10-30,9,21,248.8,8.957142857142857,39.1,6,1,3,5,12,720.0,0.346,-471.2,Normal
BR003,2025-10-30,10,25,307.2,6.392,27.0,6,0,6,3,12,720.0,0.427,-412.8,Normal
BR003,2025-10-30,11,16,159.5,7.80625,47.1,4,0,3,2,12,720.0,0.222,-560.5,Normal
BR003,2025-10-30,12,20,253.9,3.7849999999999993,18.7,3,0,2,4,12,720.0,0.353,-466.1,Normal
BR003,2025-10-30,13,9,97.0,2.1888888888888887,3.3,3,0,0,1,12,720.0,0.135,-623.0,Normal
BR003,2025-10-30,14,11,126.3,2.0636363636363635,3.2,1,0,0,3,12,720.0,0.175,-593.7,Normal
BR003,2025-10-30,15,5,22.1,1.8799999999999997,2.3,0,0,0,0,12,720.0,0.031,-697.9,Normal
BR003,2025-10-31,9,34,360.9,12.461764705882352,46.8,10,4,8,4,12,720.0,0.501,-359.1,Normal
BR003,2025-10-31,10,26,295.0,10.142307692307693,32.4,12,0,5,3,12,720.0,0.41,-425.0,Normal
BR003,2025-10-31,11,18,234.0,4.9944444444444445,15.3,13,0,3,4,12,720.0,0.325,-486.0,Normal
BR003,2025-10-31,12,20,145.9,5.74,27.7,11,0,2,0,12,720.0,0.203,-574.1,Normal
BR003,2025-10-31,13,19,284.5,2.878947368421053,9.8,5,0,0,5,12,720.0,0.395,-435.5,Normal
BR003,2025-10-31,14,15,157.9,2.4466666666666668,8.1,2,0,0,3,12,720.0,0.219,-562.1,Normal
BR003,2025-10-31,15,5,66.7,1.9600000000000002,2.9,0,0,0,1,12,720.0,0.093,-653.3,Normal
BR003,2025-10-31,16,1,16.5,1.4,1.4,0,0,0,0,12,720.0,0.023,-703.5,Normal
BR003,2025-11-03,9,20,198.1,6.38,43.2,2,1,7,2,12,720.0,0.275,-521.9,Normal
BR003,2025-11-03,10,15,112.2,3.013333333333333,13.1,2,0,0,0,12,720.0,0.156,-607.8,Normal
BR003,2025-11-03,11,18,138.4,9.022222222222222,40.4,4,1,1,1,12,720.0,0.192,-581.6,Normal
BR003,2025-11-03,12,20,203.6,4.795,19.5,5,0,3,3,12,720.0,0.283,-516.4,Normal
BR003,2025-11-03,13,18,162.4,3.533333333333333,19.7,3,0,0,3,12,720.0,0.226,-557.6,Normal
BR003,2025-11-03,14,11,144.5,2.0090909090909093,3.3,1,0,0,3,12,720.0,0.201,-575.5,Normal
BR003,2025-11-03,15,5,56.699999999999996,2.46,3.4,1,0,0,0,12,720.0,0.079,-663.3,Normal
BR003,2025-11-03,16,1,5.5,1.4,1.4,0,0,0,0,12,720.0,0.008,-714.5,Normal
BR003,2025-11-04,9,16,242.5,3.4499999999999997,20.3,2,0,1,5,12,720.0,0.337,-477.5,Normal
BR003,2025-11-04,10,9,90.80000000000001,1.9444444444444444,3.4,1,0,3,1,12,720.0,0.126,-629.2,Normal
BR003,2025-11-04,11,10,136.6,1.8,2.9,0,0,1,3,12,720.0,0.19,-583.4,Normal
BR003,2025-11-04,12,9,91.0,2.522222222222222,3.4,0,0,0,1,12,720.0,0.126,-629.0,Normal
BR003,2025-11-04,13,16,176.0,5.99375,31.7,1,0,3,2,12,720.0,0.244,-544.0,Normal
BR003,2025-11-04,14,17,162.7,1.7529411764705882,3.5,0,0,0,2,12,720.0,0.226,-557.3,Normal
BR003,2025-11-04,15,5,52.0,2.8,3.3,0,0,0,1,12,720.0,0.072,-668.0,Normal
BR003,2025-11-04,16,1,3.7,2.0,2.0,0,0,0,0,12,720.0,0.005,-716.3,Normal
BR003,2025-11-05,9,14,95.8,2.0785714285714287,3.5,0,0,7,0,12,720.0,0.133,-624.2,Normal
BR003,2025-11-05,10,16,138.2,4.29375,26.0,3,0,1,0,12,720.0,0.192,-581.8,Normal
BR003,2025-11-05,11,21,202.9,2.9047619047619047,15.8,2,0,1,2,12,720.0,0.282,-517.1,Normal
BR003,2025-11-05,12,17,173.4,3.0588235294117645,10.7,2,0,0,1,12,720.0,0.241,-546.6,Normal
BR003,2025-11-05,13,11,100.6,2.1,3.5,1,0,0,2,12,720.0,0.14,-619.4,Normal
BR003,2025-11-05,14,14,207.7,1.7571428571428573,3.0,0,0,0,3,12,720.0,0.288,-512.3,Normal
BR003,2025-11-05,15,3,31.6,2.233333333333333,3.4,0,0,0,0,12,720.0,0.044,-688.4,Normal
BR003,2025-11-06,9,10,121.8,2.2600000000000002,3.3,0,0,0,1,12,720.0,0.169,-598.2,Normal
BR003,2025-11-06,10,15,163.8,6.666666666666667,33.4,3,0,5,1,12,720.0,0.228,-556.2,Normal
BR003,2025-11-06,11,15,252.2,2.6,8.4,1,0,2,4,12,720.0,0.35,-467.8,Normal
BR003,2025-11-06,12,7,86.8,2.2714285714285714,3.4,2,0,2,0,12,720.0,0.121,-633.2,Normal
BR003,2025-11-06,13,9,131.1,1.5777777777777777,2.6,0,0,1,3,12,720.0,0.182,-588.9,Normal
BR003,2025-11-06,14,10,132.5,2.1399999999999997,3.4,0,0,0,2,12,720.0,0.184,-587.5,Normal
BR003,2025-11-06,15,2,14.4,1.05,1.1,0,0,0,0,12,720.0,0.02,-705.6,Normal
BR003,2025-11-07,9,14,115.4,2.164285714285714,3.4,0,0,4,0,12,720.0,0.16,-604.6,Normal
BR003,2025-11-07,10,16,131.3,4.63125,30.4,2,0,2,2,12,720.0,0.182,-588.7,Normal
BR003,2025-11-07,11,13,166.2,2.223076923076923,3.2,0,0,2,2,12,720.0,0.231,-553.8,Normal
BR003,2025-11-07,12,10,118.6,1.97,3.4,1,0,0,2,12,720.0,0.165,-601.4,Normal
BR003,2025-11-07,13,12,163.0,2.183333333333333,3.3,0,0,0,3,12,720.0,0.226,-557.0,Normal
BR003,2025-11-07,14,8,80.3,1.75,3.0,0,0,0,1,12,720.0,0.112,-639.7,Normal
BR003,2025-11-07,15,5,59.0,2.2199999999999998,3.0,0,0,0,1,12,720.0,0.082,-661.0,Normal
BR003,2025-11-10,9,18,168.3,4.572222222222222,24.3,3,0,2,2,12,720.0,0.234,-551.7,Normal
BR003,2025-11-10,10,12,189.4,5.233333333333333,25.9,2,0,1,4,12,720.0,0.263,-530.6,Normal
BR003,2025-11-10,11,16,193.1,2.79375,6.7,2,0,4,2,12,720.0,0.268,-526.9,Normal
BR003,2025-11-10,12,12,129.1,2.3666666666666667,4.4,1,0,2,2,12,720.0,0.179,-590.9,Normal
BR003,2025-11-10,13,18,217.9,2.5277777777777777,4.0,1,0,3,5,12,720.0,0.303,-502.1,Normal
BR003,2025-11-10,14,10,65.1,2.3600000000000003,3.4,0,0,0,0,12,720.0,0.09,-654.9,Normal
BR003,2025-11-10,15,3,41.4,2.6333333333333333,3.1,0,0,0,1,12,720.0,0.057,-678.6,Normal
BR003,2025-11-10,16,2,15.0,2.15,2.4,0,0,0,0,12,720.0,0.021,-705.0,Normal
BR003,2025-11-11,9,11,110.0,2.0090909090909093,3.5,0,0,2,2,12,720.0,0.153,-610.0,Normal
BR003,2025-11-11,10,15,164.5,5.9399999999999995,17.7,3,0,4,1,12,720.0,0.228,-555.5,Normal
BR003,2025-11-11,11,13,188.1,2.2615384615384615,3.2,2,0,2,3,12,720.0,0.261,-531.9,Normal
BR003,2025-11-11,12,5,44.8,1.7799999999999998,2.4,0,0,0,0,12,720.0,0.062,-675.2,Normal
BR003,2025-11-11,13,7,75.6,2.4857142857142853,3.3,0,0,0,1,12,720.0,0.105,-644.4,Normal
BR003,2025-11-11,14,3,36.2,2.433333333333333,3.4,0,0,0,1,12,720.0,0.05,-683.8,Normal
BR003,2025-11-11,15,4,27.4,2.075,2.7,0,0,0,0,12,720.0,0.038,-692.6,Normal
BR003,2025-11-12,9,7,52.5,2.9714285714285715,9.1,1,0,2,0,12,720.0,0.073,-667.5,Normal
BR003,2025-11-12,10,10,97.60000000000001,18.3,55.4,4,1,2,1,12,720.0,0.136,-622.4,Moderate
BR003,2025-11-12,11,20,215.2,13.52,37.4,11,0,5,1,12,720.0,0.299,-504.8,Normal
BR003,2025-11-12,12,7,42.2,2.742857142857143,5.9,10,0,0,0,12,720.0,0.059,-677.8,Normal
BR003,2025-11-12,13,15,134.6,6.22,28.7,9,0,0,1,12,720.0,0.187,-585.4,Normal
BR003,2025-11-12,14,6,52.4,2.4166666666666665,3.1,0,0,0,0,12,720.0,0.073,-667.6,Normal
BR003,2025-11-12,15,7,66.4,2.042857142857143,3.3,2,0,0,1,12,720.0,0.092,-653.6,Normal
BR003,2025-11-13,9,8,74.5,1.7375,2.5,0,0,0,1,12,720.0,0.103,-645.5,Normal
BR003,2025-11-13,10,8,74.3,2.25,3.2,0,0,1,1,12,720.0,0.103,-645.7,Normal
BR003,2025-11-13,11,11,144.4,2.227272727272727,3.4,0,0,2,3,12,720.0,0.201,-575.6,Normal
BR003,2025-11-13,12,2,20.700000000000003,2.45,3.3,0,0,1,0,12,720.0,0.029,-699.3,Normal
BR003,2025-11-13,13,7,112.8,2.0571428571428574,3.1,0,0,2,2,12,720.0,0.157,-607.2,Normal
BR003,2025-11-13,14,10,166.1,1.9,3.1,0,0,0,3,12,720.0,0.231,-553.9,Normal
BR003,2025-11-13,15,4,40.3,1.8,2.5,0,0,0,1,12,720.0,0.056,-679.7,Normal
BR003,2025-11-14,9,15,158.6,2.32,3.5,0,0,1,1,12,720.0,0.22,-561.4,Normal
BR003,2025-11-14,10,12,133.5,2.308333333333333,3.3,0,0,2,1,12,720.0,0.185,-586.5,Normal
BR003,2025-11-14,11,10,150.7,2.06,3.2,0,0,1,3,12,720.0,0.209,-569.3,Normal
BR003,2025-11-14,12,13,140.4,2.269230769230769,3.3,0,0,3,2,12,720.0,0.195,-579.6,Normal
BR003,2025-11-14,13,10,89.4,2.13,3.0,0,0,4,0,12,720.0,0.124,-630.6,Normal
BR003,2025-11-14,14,7,94.7,1.7428571428571427,2.9,0,0,0,1,12,720.0,0.132,-625.3,Normal
BR003,2025-11-14,15,5,46.5,2.2600000000000002,3.1,0,0,0,0,12,720.0,0.065,-673.5,Normal
BR003,2025-11-14,16,1,8.0,1.9,1.9,0,0,0,0,12,720.0,0.011,-712.0,Normal
BR003,2025-11-15,9,11,105.2,2.290909090909091,3.3,0,0,3,1,12,720.0,0.146,-614.8,Normal
BR003,2025-11-15,10,12,128.6,2.1750000000000003,3.4,0,0,0,2,12,720.0,0.179,-591.4,Normal
BR003,2025-11-15,11,13,167.7,2.1307692307692307,3.5,0,0,3,2,12,720.0,0.233,-552.3,Normal
BR003,2025-11-15,12,11,95.7,2.790909090909091,5.8,1,0,1,1,12,720.0,0.133,-624.3,Normal
BR003,2025-11-15,13,10,95.2,1.86,2.6,0,0,3,1,12,720.0,0.132,-624.8,Normal
BR003,2025-11-15,14,6,52.7,2.8833333333333333,3.4,0,0,0,0,12,720.0,0.073,-667.3,Normal
BR003,2025-11-15,15,6,92.2,2.3833333333333333,3.4,0,0,0,1,12,720.0,0.128,-627.8,Normal
BR003,2025-11-15,16,1,5.1,2.0,2.0,0,0,0,0,12,720.0,0.007,-714.9,Normal
BR003,2025-11-17,9,14,172.3,2.3000000000000003,5.5,1,0,4,3,12,720.0,0.239,-547.7,Normal
BR003,2025-11-17,10,10,84.5,2.0,3.1,0,0,4,0,12,720.0,0.117,-635.5,Normal
BR003,2025-11-17,11,10,49.9,2.5100000000000002,3.4,0,0,0,0,12,720.0,0.069,-670.1,Normal
BR003,2025-11-17,12,19,158.7,3.4842105263157896,18.5,1,0,2,2,12,720.0,0.22,-561.3,Normal
BR003,2025-11-17,13,7,45.4,1.6285714285714286,2.2,0,0,0,0,12,720.0,0.063,-674.6,Normal
BR003,2025-11-17,14,4,32.5,2.15,2.8,0,0,0,0,12,720.0,0.045,-687.5,Normal
BR003,2025-11-17,15,9,78.5,1.8111111111111111,2.6,0,0,0,0,12,720.0,0.109,-641.5,Normal
BR003,2025-11-18,9,6,43.1,2.3666666666666667,3.2,0,0,0,0,12,720.0,0.06,-676.9,Normal
BR003,2025-11-18,10,8,76.7,2.025,3.3,0,0,0,1,12,720.0,0.107,-643.3,Normal
BR003,2025-11-18,11,8,74.1,2.3,3.3,0,0,1,0,12,720.0,0.103,-645.9,Normal
BR003,2025-11-18,12,9,74.0,1.8888888888888888,3.1,0,0,2,0,12,720.0,0.103,-646.0,Normal
BR003,2025-11-18,13,15,226.9,2.1933333333333334,3.4,0,0,3,5,12,720.0,0.315,-493.1,Normal
BR003,2025-11-18,14,3,13.7,2.2333333333333334,3.4,0,0,0,0,12,720.0,0.019,-706.3,Normal
BR003,2025-11-18,15,5,59.5,1.98,2.9,0,0,0,1,12,720.0,0.083,-660.5,Normal
BR003,2025-11-19,9,11,96.8,10.700000000000001,36.0,4,0,3,1,12,720.0,0.134,-623.2,Normal
BR003,2025-11-19,10,17,175.3,8.011764705882353,36.0,3,0,2,4,12,720.0,0.243,-544.7,Normal
BR003,2025-11-19,11,13,150.0,2.423076923076923,3.2,2,0,3,4,12,720.0,0.208,-570.0,Normal
BR003,2025-11-19,12,9,68.1,2.0999999999999996,3.4,0,0,0,0,12,720.0,0.095,-651.9,Normal
BR003,2025-11-19,13,8,90.9,2.5125,3.5,0,0,0,1,12,720.0,0.126,-629.1,Normal
BR003,2025-11-19,14,8,60.8,7.4375,44.1,1,1,0,1,12,720.0,0.084,-659.2,Normal
BR003,2025-11-19,15,11,140.3,2.1363636363636362,3.5,0,0,0,2,12,720.0,0.195,-579.7,Normal
BR003,2025-11-20,9,11,142.7,2.0545454545454547,3.4,1,0,3,2,12,720.0,0.198,-577.3,Normal
BR003,2025-11-20,10,12,180.1,1.9666666666666668,3.4,0,0,1,3,12,720.0,0.25,-539.9,Normal
BR003,2025-11-20,11,14,185.3,2.1928571428571426,3.2,0,0,2,3,12,720.0,0.257,-534.7,Normal
BR003,2025-11-20,12,13,138.2,1.7692307692307692,3.3,0,0,2,1,12,720.0,0.192,-581.8,Normal
BR003,2025-11-20,13,8,82.8,1.7625,2.9,0,0,0,1,12,720.0,0.115,-637.2,Normal
BR003,2025-11-20,14,5,61.9,1.72,2.8,0,0,0,1,12,720.0,0.086,-658.1,Normal
BR003,2025-11-20,15,5,62.599999999999994,2.46,3.3,0,0,0,2,12,720.0,0.087,-657.4,Normal
BR003,2025-11-20,16,1,9.0,3.4,3.4,0,0,0,0,12,720.0,0.012,-711.0,Normal
BR003,2025-11-21,9,12,126.8,10.391666666666667,50.4,2,0,2,2,12,720.0,0.176,-593.2,Normal
BR003,2025-11-21,10,20,190.3,8.865,49.5,3,1,1,3,12,720.0,0.264,-529.7,Normal
BR003,2025-11-21,11,12,109.19999999999999,6.033333333333334,22.2,4,0,2,2,12,720.0,0.152,-610.8,Normal
BR003,2025-11-21,12,16,196.6,4.4375,16.8,3,0,5,3,12,720.0,0.273,-523.4,Normal
BR003,2025-11-21,13,10,132.89999999999998,2.1,3.4,1,0,0,2,12,720.0,0.185,-587.1,Normal
BR003,2025-11-21,14,9,90.39999999999999,14.277777777777779,54.8,2,1,0,1,12,720.0,0.126,-629.6,Normal
BR003,2025-11-21,15,7,41.8,1.8142857142857143,3.1,1,0,0,0,12,720.0,0.058,-678.2,Normal
BR003,2025-11-24,9,16,216.3,4.731249999999999,32.4,1,0,3,2,12,720.0,0.3,-503.7,Normal
BR003,2025-11-24,10,26,212.1,7.9,39.3,6,1,4,1,12,720.0,0.295,-507.9,Normal
BR003,2025-11-24,11,14,155.5,2.2642857142857142,3.6,5,0,3,1,12,720.0,0.216,-564.5,Normal
BR003,2025-11-24,12,13,151.79999999999998,2.3,3.4,5,0,3,3,12,720.0,0.211,-568.2,Normal
BR003,2025-11-24,13,15,189.6,2.24,3.4,0,0,1,3,12,720.0,0.263,-530.4,Normal
BR003,2025-11-24,14,11,126.5,2.3000000000000003,3.5,0,0,1,4,12,720.0,0.176,-593.5,Normal
BR003,2025-11-24,15,7,71.5,2.042857142857143,2.9,0,0,0,2,12,720.0,0.099,-648.5,Normal
BR003,2025-11-25,9,8,142.3,1.9875,3.2,0,0,0,3,12,720.0,0.198,-577.7,Normal
BR003,2025-11-25,10,14,127.1,5.9071428571428575,24.5,2,0,1,1,12,720.0,0.177,-592.9,Normal
BR003,2025-11-25,11,9,74.4,2.0,3.2,1,0,1,0,12,720.0,0.103,-645.6,Normal
BR003,2025-11-25,12,8,75.7,1.9375,3.2,0,0,1,1,12,720.0,0.105,-644.3,Normal
BR003,2025-11-25,13,6,67.7,2.5166666666666666,3.5,0,0,2,0,12,720.0,0.094,-652.3,Normal
BR003,2025-11-25,14,8,100.0,2.2,3.2,0,0,2,0,12,720.0,0.139,-620.0,Normal
BR003,2025-11-25,15,5,45.3,1.98,2.7,0,0,0,0,12,720.0,0.063,-674.7,Normal
BR003,2025-11-25,16,1,7.0,3.3,3.3,0,0,0,0,12,720.0,0.01,-713.0,Normal
BR003,2025-11-26,9,10,115.0,2.2399999999999998,3.2,0,0,1,0,12,720.0,0.16,-605.0,Normal
BR003,2025-11-26,10,11,122.0,5.5636363636363635,24.8,2,0,3,1,12,720.0,0.169,-598.0,Normal
BR003,2025-11-26,11,15,154.0,2.1133333333333333,5.9,1,0,2,2,12,720.0,0.214,-566.0,Normal
BR003,2025-11-26,12,13,135.4,2.215384615384615,3.1,0,0,2,2,12,720.0,0.188,-584.6,Normal
BR003,2025-11-26,13,9,70.3,1.9888888888888887,3.5,0,0,1,0,12,720.0,0.098,-649.7,Normal
BR003,2025-11-26,14,5,39.1,2.56,3.0,0,0,0,0,12,720.0,0.054,-680.9,Normal
BR003,2025-11-26,15,4,35.7,2.125,3.3,0,0,0,0,12,720.0,0.05,-684.3,Normal
BR003,2025-11-27,9,6,59.9,2.183333333333333,3.2,0,0,1,0,12,720.0,0.083,-660.1,Normal
BR003,2025-11-27,10,17,138.20000000000002,2.5941176470588236,5.6,1,0,2,2,12,720.0,0.192,-581.8,Normal
BR003,2025-11-27,11,11,120.4,2.381818181818182,3.4,0,0,1,3,12,720.0,0.167,-599.6,Normal
BR003,2025-11-27,12,8,78.0,2.0375,3.1,0,0,3,0,12,720.0,0.108,-642.0,Normal
BR003,2025-11-27,13,3,25.0,2.766666666666667,3.2,0,0,0,0,12,720.0,0.035,-695.0,Normal
BR003,2025-11-27,14,9,133.3,1.7666666666666666,3.2,0,0,0,2,12,720.0,0.185,-586.7,Normal
BR003,2025-11-27,15,3,24.1,1.9666666666666666,2.3,0,0,0,0,12,720.0,0.033,-695.9,Normal
BR003,2025-11-27,16,1,36.0,1.8,1.8,0,0,0,1,12,720.0,0.05,-684.0,Normal
BR003,2025-11-28,9,23,321.2,3.582608695652174,15.9,2,0,4,6,12,720.0,0.446,-398.8,Normal
BR003,2025-11-28,10,17,162.5,14.770588235294117,47.3,8,3,3,3,12,720.0,0.226,-557.5,Normal
BR003,2025-11-28,11,24,305.59999999999997,4.35,16.4,7,0,4,6,12,720.0,0.424,-414.4,Normal
BR003,2025-11-28,12,9,82.6,10.055555555555555,34.4,4,0,0,0,12,720.0,0.115,-637.4,Normal
BR003,2025-11-28,13,19,173.6,3.0894736842105264,16.0,3,0,0,0,12,720.0,0.241,-546.4,Normal
BR003,2025-11-28,14,14,144.3,3.3857142857142857,13.3,2,0,0,2,12,720.0,0.2,-575.7,Normal
BR003,2025-11-28,15,6,66.3,2.0166666666666666,3.0,1,0,0,1,12,720.0,0.092,-653.7,Normal
BR003,2025-11-28,16,1,4.0,2.0,2.0,0,0,0,0,12,720.0,0.006,-716.0,Normal
BR003,2025-11-29,9,19,206.5,7.831578947368421,44.4,4,0,4,1,12,720.0,0.287,-513.5,Normal
BR003,2025-11-29,10,26,252.3,5.269230769230769,28.4,5,0,3,2,12,720.0,0.35,-467.7,Normal
BR003,2025-11-29,11,21,246.9,3.3904761904761904,15.1,4,0,4,3,12,720.0,0.343,-473.1,Normal
BR003,2025-11-29,12,21,251.7,5.114285714285715,17.0,4,0,0,4,12,720.0,0.35,-468.3,Normal
BR003,2025-11-29,13,14,135.1,1.9714285714285715,3.2,1,0,0,1,12,720.0,0.188,-584.9,Normal
BR003,2025-11-29,14,8,56.7,2.0,3.5,3,0,0,0,12,720.0,0.079,-663.3,Normal
BR003,2025-11-29,15,7,65.2,2.3428571428571425,3.4,0,0,0,0,12,720.0,0.091,-654.8,Normal
BR003,2025-11-29,16,1,15.2,2.8,2.8,0,0,0,0,12,720.0,0.021,-704.8,Normal
BR003,2025-12-01,9,19,199.3,4.38421052631579,28.3,2,0,2,3,12,720.0,0.277,-520.7,Normal
BR003,2025-12-01,10,22,282.9,5.045454545454546,30.9,4,0,4,5,12,720.0,0.393,-437.1,Normal
BR003,2025-12-01,11,21,165.1,2.8238095238095235,9.0,4,0,5,0,12,720.0,0.229,-554.9,Normal
BR003,2025-12-01,12,12,90.1,2.1333333333333333,3.4,2,0,0,0,12,720.0,0.125,-629.9,Normal
BR003,2025-12-01,13,8,102.0,2.2,3.0,0,0,0,3,12,720.0,0.142,-618.0,Normal
BR003,2025-12-01,14,9,83.5,2.288888888888889,3.4,0,0,0,1,12,720.0,0.116,-636.5,Normal
BR003,2025-12-01,15,7,81.0,2.3428571428571425,3.5,0,0,0,1,12,720.0,0.112,-639.0,Normal
BR003,2025-12-01,16,2,11.399999999999999,2.35,2.5,0,0,0,0,12,720.0,0.016,-708.6,Normal
BR003,2025-12-02,9,22,231.0,6.663636363636363,38.5,4,0,4,5,12,720.0,0.321,-489.0,Normal
BR003,2025-12-02,10,14,157.9,3.4071428571428575,16.4,3,0,1,3,12,720.0,0.219,-562.1,Normal
BR003,2025-12-02,11,8,139.2,1.975,2.6,3,0,1,3,12,720.0,0.193,-580.8,Normal
BR003,2025-12-02,12,15,126.2,7.286666666666667,32.6,5,0,3,1,12,720.0,0.175,-593.8,Normal
BR003,2025-12-02,13,21,190.7,3.2095238095238097,15.6,4,0,0,1,12,720.0,0.265,-529.3,Normal
BR003,2025-12-02,14,6,49.3,2.35,3.0,2,0,0,0,12,720.0,0.068,-670.7,Normal
BR003,2025-12-02,15,3,32.5,2.066666666666667,3.1,0,0,0,1,12,720.0,0.045,-687.5,Normal
BR003,2025-12-03,9,11,79.1,15.754545454545456,48.7,5,1,1,2,12,720.0,0.11,-640.9,Moderate
BR003,2025-12-03,10,28,361.7,9.239285714285714,37.8,8,0,6,5,12,720.0,0.502,-358.3,Normal
BR003,2025-12-03,11,13,94.7,2.1307692307692307,3.2,7,0,0,0,12,720.0,0.132,-625.3,Normal
BR003,2025-12-03,12,11,109.5,2.0272727272727273,3.5,4,0,1,0,12,720.0,0.152,-610.5,Normal
BR003,2025-12-03,13,6,135.9,1.6833333333333333,2.0,0,0,0,3,12,720.0,0.189,-584.1,Normal
BR003,2025-12-03,14,7,95.2,2.157142857142857,3.1,0,0,0,1,12,720.0,0.132,-624.8,Normal
BR003,2025-12-03,15,3,25.0,1.5,2.1,0,0,0,0,12,720.0,0.035,-695.0,Normal
BR003,2025-12-04,9,10,92.39999999999999,2.2199999999999998,3.4,0,0,4,1,12,720.0,0.128,-627.6,Normal
BR003,2025-12-04,10,16,129.0,6.95,43.6,2,2,2,1,12,720.0,0.179,-591.0,Normal
BR003,2025-12-04,11,18,188.9,3.211111111111111,10.6,3,0,4,1,12,720.0,0.262,-531.1,Normal
BR003,2025-12-04,12,9,69.3,2.5,3.3,1,0,0,0,12,720.0,0.096,-650.7,Normal
BR003,2025-12-04,13,10,78.8,2.02,3.1,0,0,1,0,12,720.0,0.109,-641.2,Normal
BR003,2025-12-04,14,8,100.0,1.8875,2.8,0,0,0,2,12,720.0,0.139,-620.0,Normal
BR003,2025-12-04,15,6,57.3,2.3000000000000003,3.3,0,0,0,1,12,720.0,0.08,-662.7,Normal
BR003,2025-12-05,9,18,248.6,10.705555555555556,44.3,9,2,4,4,12,720.0,0.345,-471.4,Normal
BR003,2025-12-05,10,22,225.5,8.55909090909091,50.6,8,1,4,3,12,720.0,0.313,-494.5,Normal
BR003,2025-12-05,11,24,239.6,6.529166666666668,38.7,6,0,5,3,12,720.0,0.333,-480.4,Normal
BR003,2025-12-05,12,19,266.1,4.173684210526315,24.0,5,0,1,4,12,720.0,0.37,-453.9,Normal
BR003,2025-12-05,13,15,162.9,2.6266666666666665,13.5,3,0,1,1,12,720.0,0.226,-557.1,Normal
BR003,2025-12-05,14,9,99.2,2.033333333333333,3.1,0,0,0,1,12,720.0,0.138,-620.8,Normal
BR003,2025-12-05,15,3,25.8,2.533333333333333,3.5,0,0,0,0,12,720.0,0.036,-694.2,Normal
BR003,2025-12-05,16,1,5.7,1.2,1.2,0,0,0,0,12,720.0,0.008,-714.3,Normal
BR003,2025-12-06,9,13,144.6,2.169230769230769,3.3,1,0,4,2,12,720.0,0.201,-575.4,Normal
BR003,2025-12-06,10,17,144.0,3.9176470588235293,22.5,2,0,3,1,12,720.0,0.2,-576.0,Normal
BR003,2025-12-06,11,17,155.1,2.4176470588235297,8.4,1,0,2,1,12,720.0,0.215,-564.9,Normal
BR003,2025-12-06,12,9,69.6,2.7,3.5,0,0,0,0,12,720.0,0.097,-650.4,Normal
BR003,2025-12-06,13,12,139.9,2.375,3.5,0,0,0,2,12,720.0,0.194,-580.1,Normal
BR003,2025-12-06,14,12,172.4,2.158333333333333,3.2,0,0,0,2,12,720.0,0.239,-547.6,Normal
BR003,2025-12-06,15,7,68.3,2.742857142857143,3.2,0,0,0,0,12,720.0,0.095,-651.7,Normal
BR003,2025-12-06,16,2,10.0,1.95,2.9,0,0,0,0,12,720.0,0.014,-710.0,Normal
BR003,2025-12-08,9,18,247.2,13.288888888888888,41.8,10,2,4,4,12,720.0,0.343,-472.8,Normal
BR003,2025-12-08,10,23,297.2,7.804347826086956,30.8,11,0,5,4,12,720.0,0.413,-422.8,Normal
BR003,2025-12-08,11,16,200.8,4.14375,21.4,10,0,2,4,12,720.0,0.279,-519.2,Normal
BR003,2025-12-08,12,16,209.4,2.29375,5.2,2,0,0,5,12,720.0,0.291,-510.6,Normal
BR003,2025-12-08,13,13,121.1,2.3923076923076922,3.4,1,0,0,2,12,720.0,0.168,-598.9,Normal
BR003,2025-12-08,14,10,136.0,1.61,3.1,0,0,0,2,12,720.0,0.189,-584.0,Normal
BR003,2025-12-08,15,4,52.0,2.125,3.2,0,0,0,0,12,720.0,0.072,-668.0,Normal
BR003,2025-12-09,9,10,115.6,2.29,3.2,0,0,2,1,12,720.0,0.161,-604.4,Normal
BR003,2025-12-09,10,11,78.3,2.5545454545454547,7.1,1,0,1,0,12,720.0,0.109,-641.7,Normal
BR003,2025-12-09,11,8,76.19999999999999,2.1875,3.4,0,0,1,2,12,720.0,0.106,-643.8,Normal
BR003,2025-12-09,12,9,66.4,2.3111111111111113,3.5,0,0,3,0,12,720.0,0.092,-653.6,Normal
BR003,2025-12-09,13,10,94.3,2.15,3.5,0,0,1,0,12,720.0,0.131,-625.7,Normal
BR003,2025-12-09,14,7,84.9,1.7857142857142858,2.6,0,0,0,1,12,720.0,0.118,-635.1,Normal
BR003,2025-12-09,15,3,22.0,2.733333333333333,3.3,0,0,0,0,12,720.0,0.031,-698.0,Normal
BR003,2025-12-10,9,8,68.1,1.9625,3.2,0,0,0,1,12,720.0,0.095,-651.9,Normal
BR003,2025-12-10,10,12,141.4,2.0500000000000003,4.3,1,0,4,1,12,720.0,0.196,-578.6,Normal
BR003,2025-12-10,11,11,156.9,2.0636363636363635,3.1,0,0,2,2,12,720.0,0.218,-563.1,Normal
BR003,2025-12-10,12,6,94.8,2.066666666666667,2.7,0,0,1,2,12,720.0,0.132,-625.2,Normal
BR003,2025-12-10,13,7,82.7,2.1285714285714286,3.1,0,0,1,1,12,720.0,0.115,-637.3,Normal
BR003,2025-12-10,14,10,103.8,1.8199999999999998,2.5,0,0,0,1,12,720.0,0.144,-616.2,Normal
BR003,2025-12-10,15,6,122.1,1.8166666666666667,3.0,0,0,0,1,12,720.0,0.17,-597.9,Normal
BR003,2025-12-11,9,9,112.89999999999999,2.0,3.0,0,0,1,1,12,720.0,0.157,-607.1,Normal
BR003,2025-12-11,10,17,143.2,5.064705882352941,23.0,3,0,5,1,12,720.0,0.199,-576.8,Normal
BR003,2025-12-11,11,14,147.2,2.35,8.3,2,0,1,2,12,720.0,0.204,-572.8,Normal
BR003,2025-12-11,12,10,62.0,2.2600000000000002,3.2,1,0,0,0,12,720.0,0.086,-658.0,Normal
BR003,2025-12-11,13,7,71.3,2.1714285714285713,2.9,0,0,0,1,12,720.0,0.099,-648.7,Normal
BR003,2025-12-11,14,6,38.1,1.9166666666666667,2.6,0,0,0,0,12,720.0,0.053,-681.9,Normal
BR003,2025-12-11,15,2,20.7,0.95,1.0,0,0,0,0,12,720.0,0.029,-699.3,Normal
BR003,2025-12-12,9,9,104.7,8.377777777777778,56.5,1,1,2,1,12,720.0,0.145,-615.3,Normal
BR003,2025-12-12,10,19,185.6,11.105263157894736,58.3,4,1,4,1,12,720.0,0.258,-534.4,Normal
BR003,2025-12-12,11,12,143.2,10.291666666666666,35.8,5,0,2,2,12,720.0,0.199,-576.8,Normal
BR003,2025-12-12,12,8,52.0,2.15,3.2,4,0,0,0,12,720.0,0.072,-668.0,Normal
BR003,2025-12-12,13,8,98.0,2.2875,3.3,0,0,0,2,12,720.0,0.136,-622.0,Normal
BR003,2025-12-12,14,4,42.2,1.75,3.4,0,0,0,0,12,720.0,0.059,-677.8,Normal
BR003,2025-12-12,15,7,97.6,1.957142857142857,3.0,0,0,0,2,12,720.0,0.136,-622.4,Normal
BR003,2025-12-12,16,1,4.1,1.5,1.5,0,0,0,0,12,720.0,0.006,-715.9,Normal
BR003,2025-12-15,9,18,180.2,3.9444444444444446,16.6,3,0,1,2,12,720.0,0.25,-539.8,Normal
BR003,2025-12-15,10,19,158.4,3.268421052631579,16.0,2,0,1,2,12,720.0,0.22,-561.6,Normal
BR003,2025-12-15,11,14,205.70000000000002,1.9785714285714284,3.4,0,0,1,6,12,720.0,0.286,-514.3,Normal
BR003,2025-12-15,12,7,55.5,2.2,3.2,1,0,2,0,12,720.0,0.077,-664.5,Normal
BR003,2025-12-15,13,11,163.6,2.0090909090909093,3.3,0,0,2,3,12,720.0,0.227,-556.4,Normal
BR003,2025-12-15,14,6,59.9,2.733333333333333,3.5,0,0,0,1,12,720.0,0.083,-660.1,Normal
BR003,2025-12-15,15,4,84.5,2.125,3.2,0,0,1,2,12,720.0,0.117,-635.5,Normal
BR003,2025-12-15,16,1,12.0,2.5,2.5,0,0,0,0,12,720.0,0.017,-708.0,Normal
BR003,2025-12-16,9,9,162.6,2.2222222222222223,4.5,1,0,3,4,12,720.0,0.226,-557.4,Normal
BR003,2025-12-16,10,18,192.7,7.583333333333333,21.8,5,0,5,2,12,720.0,0.268,-527.3,Normal
BR003,2025-12-16,11,11,162.0,4.445454545454546,16.1,3,0,2,3,12,720.0,0.225,-558.0,Normal
BR003,2025-12-16,12,12,116.30000000000001,7.258333333333333,38.6,4,0,0,1,12,720.0,0.162,-603.7,Normal
BR003,2025-12-16,13,10,119.8,2.48,3.3,0,0,0,2,12,720.0,0.166,-600.2,Normal
BR003,2025-12-16,14,5,56.699999999999996,2.2600000000000002,3.3,0,0,0,1,12,720.0,0.079,-663.3,Normal
BR003,2025-12-16,15,3,21.6,2.4,3.1,0,0,0,0,12,720.0,0.03,-698.4,Normal
BR003,2025-12-16,16,3,50.8,2.3333333333333335,3.1,0,0,0,0,12,720.0,0.071,-669.2,Normal
BR003,2025-12-17,9,12,120.2,2.158333333333333,3.5,0,0,1,1,12,720.0,0.167,-599.8,Normal
BR003,2025-12-17,10,12,154.2,2.65,4.5,2,0,3,3,12,720.0,0.214,-565.8,Normal
BR003,2025-12-17,11,15,175.8,6.453333333333333,32.5,3,0,1,1,12,720.0,0.244,-544.2,Normal
BR003,2025-12-17,12,13,93.4,2.4461538461538463,3.4,1,0,4,0,12,720.0,0.13,-626.6,Normal
BR003,2025-12-17,13,5,64.39999999999999,2.44,3.4,2,0,0,0,12,720.0,0.089,-655.6,Normal
BR003,2025-12-17,14,7,63.0,2.1714285714285713,3.5,0,0,0,0,12,720.0,0.088,-657.0,Normal
BR003,2025-12-17,15,3,19.9,1.9666666666666668,2.4,0,0,0,0,12,720.0,0.028,-700.1,Normal
BR003,2025-12-18,9,3,19.9,2.4,3.2,0,0,2,0,12,720.0,0.028,-700.1,Normal
BR003,2025-12-18,10,13,159.0,3.5615384615384613,14.0,2,0,2,2,12,720.0,0.221,-561.0,Normal
BR003,2025-12-18,11,7,55.9,2.642857142857143,3.4,0,0,1,0,12,720.0,0.078,-664.1,Normal
BR003,2025-12-18,12,9,79.8,2.4222222222222225,3.4,1,0,0,1,12,720.0,0.111,-640.2,Normal
BR003,2025-12-18,13,6,80.1,2.183333333333333,3.4,0,0,0,1,12,720.0,0.111,-639.9,Normal
BR003,2025-12-18,14,5,62.0,2.18,3.0,0,0,0,1,12,720.0,0.086,-658.0,Normal
BR003,2025-12-18,15,5,94.8,2.3,3.3,0,0,0,2,12,720.0,0.132,-625.2,Normal
BR003,2025-12-18,16,3,38.3,1.7666666666666666,2.5,0,0,0,1,12,720.0,0.053,-681.7,Normal
BR003,2025-12-19,9,11,126.7,2.018181818181818,3.1,0,0,1,2,12,720.0,0.176,-593.3,Normal
BR003,2025-12-19,10,14,181.6,7.3999999999999995,39.2,5,0,2,3,12,720.0,0.252,-538.4,Normal
BR003,2025-12-19,11,12,117.3,2.4,5.2,4,0,3,1,12,720.0,0.163,-602.7,Normal
BR003,2025-12-19,12,8,85.4,2.0125,3.2,1,0,0,2,12,720.0,0.119,-634.6,Normal
BR003,2025-12-19,13,11,101.1,2.5090909090909093,3.5,0,0,0,1,12,720.0,0.14,-618.9,Normal
BR003,2025-12-19,14,5,31.4,2.2,3.4,0,0,0,0,12,720.0,0.044,-688.6,Normal
BR003,2025-12-19,15,2,24.599999999999998,1.4,1.4,0,0,0,0,12,720.0,0.034,-695.4,Normal
BR003,2025-12-20,9,19,196.2,3.9421052631578952,21.6,2,0,4,2,12,720.0,0.272,-523.8,Normal
BR003,2025-12-20,10,21,195.8,5.699999999999999,24.9,6,0,3,2,12,720.0,0.272,-524.2,Normal
BR003,2025-12-20,11,11,111.7,2.4272727272727272,3.8,5,0,0,1,12,720.0,0.155,-608.3,Normal
BR003,2025-12-20,12,6,69.2,2.5666666666666664,3.3,5,0,0,2,12,720.0,0.096,-650.8,Normal
BR003,2025-12-20,13,7,85.7,1.8285714285714285,3.3,0,0,0,0,12,720.0,0.119,-634.3,Normal
BR003,2025-12-20,14,5,48.599999999999994,1.94,2.6,0,0,0,1,12,720.0,0.067,-671.4,Normal
BR003,2025-12-20,15,7,54.1,2.1142857142857143,3.0,0,0,0,0,12,720.0,0.075,-665.9,Normal
BR003,2025-12-22,9,12,138.9,2.158333333333333,3.5,0,0,1,0,12,720.0,0.193,-581.1,Normal
BR003,2025-12-22,10,16,186.9,5.668749999999999,20.3,2,0,2,2,12,720.0,0.26,-533.1,Normal
BR003,2025-12-22,11,12,165.8,1.9083333333333332,3.0,0,0,2,3,12,720.0,0.23,-554.2,Normal
BR003,2025-12-22,12,10,60.4,1.85,3.0,1,0,1,0,12,720.0,0.084,-659.6,Normal
BR003,2025-12-22,13,11,117.6,2.290909090909091,3.4,0,0,1,2,12,720.0,0.163,-602.4,Normal
BR003,2025-12-22,14,12,84.2,1.6833333333333333,3.1,0,0,2,0,12,720.0,0.117,-635.8,Normal
BR003,2025-12-22,15,9,110.4,2.2,3.5,0,0,1,3,12,720.0,0.153,-609.6,Normal
BR003,2025-12-23,9,11,70.0,2.4727272727272727,3.3,0,0,4,0,12,720.0,0.097,-650.0,Normal
BR003,2025-12-23,10,14,165.5,3.15,16.1,2,0,2,2,12,720.0,0.23,-554.5,Normal
BR003,2025-12-23,11,14,111.4,2.3428571428571425,3.5,3,0,3,0,12,720.0,0.155,-608.6,Normal
BR003,2025-12-23,12,8,78.7,1.925,3.4,1,0,1,1,12,720.0,0.109,-641.3,Normal
BR003,2025-12-23,13,9,61.3,2.3222222222222224,3.2,0,0,0,0,12,720.0,0.085,-658.7,Normal
BR003,2025-12-23,14,10,125.3,1.86,3.3,0,0,0,1,12,720.0,0.174,-594.7,Normal
BR003,2025-12-23,15,4,54.8,2.525,3.3,0,0,0,1,12,720.0,0.076,-665.2,Normal
BR003,2025-12-23,16,1,7.5,0.9,0.9,0,0,0,0,12,720.0,0.01,-712.5,Normal
BR003,2025-12-24,9,17,170.20000000000002,6.041176470588235,31.3,4,0,3,1,12,720.0,0.236,-549.8,Normal
BR003,2025-12-24,10,12,180.3,2.25,3.4,0,0,4,2,12,720.0,0.25,-539.7,Normal
BR003,2025-12-24,11,12,136.1,2.1,3.2,3,0,3,1,12,720.0,0.189,-583.9,Normal
BR003,2025-12-24,12,8,71.3,2.1375,3.5,0,0,0,1,12,720.0,0.099,-648.7,Normal
BR003,2025-12-24,13,8,59.0,2.625,3.5,0,0,0,0,12,720.0,0.082,-661.0,Normal
BR003,2025-12-24,14,6,96.7,2.1833333333333336,2.9,0,0,0,1,12,720.0,0.134,-623.3,Normal
BR003,2025-12-24,15,4,27.7,2.15,3.1,0,0,0,0,12,720.0,0.038,-692.3,Normal
BR003,2025-12-24,16,2,14.6,2.3,3.0,0,0,0,0,12,720.0,0.02,-705.4,Normal
BR003,2025-12-26,9,18,223.7,2.477777777777778,7.3,2,0,4,5,12,720.0,0.311,-496.3,Normal
BR003,2025-12-26,10,18,149.4,5.738888888888889,25.7,3,0,4,1,12,720.0,0.208,-570.6,Normal
BR003,2025-12-26,11,12,128.0,2.308333333333333,3.5,4,0,0,0,12,720.0,0.178,-592.0,Normal
BR003,2025-12-26,12,16,204.8,2.3,3.4,2,0,2,2,12,720.0,0.284,-515.2,Normal
BR003,2025-12-26,13,15,182.29999999999998,1.72,2.8,0,0,2,4,12,720.0,0.253,-537.7,Normal
BR003,2025-12-26,14,7,85.1,2.314285714285714,3.5,0,0,1,1,12,720.0,0.118,-634.9,Normal
BR003,2025-12-26,15,10,129.8,1.94,3.4,0,0,1,2,12,720.0,0.18,-590.2,Normal
BR003,2025-12-26,16,1,4.1,2.2,2.2,0,0,0,0,12,720.0,0.006,-715.9,Normal
BR003,2025-12-29,9,22,175.5,4.213636363636364,48.5,2,0,5,2,12,720.0,0.244,-544.5,Normal
BR003,2025-12-29,10,21,308.7,6.661904761904762,41.3,4,1,2,5,12,720.0,0.429,-411.3,Normal
BR003,2025-12-29,11,17,221.4,6.364705882352942,19.2,8,0,3,2,12,720.0,0.308,-498.6,Normal
BR003,2025-12-29,12,15,155.5,5.373333333333333,23.9,7,0,2,1,12,720.0,0.216,-564.5,Normal
BR003,2025-12-29,13,12,122.30000000000001,2.2583333333333333,3.2,1,0,2,2,12,720.0,0.17,-597.7,Normal
BR003,2025-12-29,14,18,233.1,8.600000000000001,40.0,2,1,2,5,12,720.0,0.324,-486.9,Normal
BR003,2025-12-29,15,17,169.8,5.447058823529411,20.3,6,0,1,1,12,720.0,0.236,-550.2,Normal
BR003,2025-12-29,16,2,39.800000000000004,2.15,3.4,3,0,0,1,12,720.0,0.055,-680.2,Normal
BR003,2025-12-30,9,12,119.9,1.9749999999999999,3.4,0,0,1,1,12,720.0,0.167,-600.1,Normal
BR003,2025-12-30,10,18,216.5,8.649999999999999,29.5,7,0,4,2,12,720.0,0.301,-503.5,Normal
BR003,2025-12-30,11,21,188.2,2.804761904761905,12.8,9,0,1,1,12,720.0,0.261,-531.8,Normal
BR003,2025-12-30,12,12,159.7,2.0749999999999997,3.0,8,0,1,1,12,720.0,0.222,-560.3,Normal
BR003,2025-12-30,13,11,107.3,1.6909090909090911,2.9,0,0,0,0,12,720.0,0.149,-612.7,Normal
BR003,2025-12-30,14,12,162.5,4.758333333333334,21.2,2,0,0,1,12,720.0,0.226,-557.5,Normal
BR003,2025-12-30,15,9,129.6,1.9777777777777779,3.0,1,0,2,0,12,720.0,0.18,-590.4,Normal
BR003,2025-12-31,9,20,192.9,3.5100000000000002,10.4,2,0,7,2,12,720.0,0.268,-527.1,Normal
BR003,2025-12-31,10,25,211.1,4.276,21.3,3,0,5,1,12,720.0,0.293,-508.9,Normal
BR003,2025-12-31,11,12,120.60000000000001,2.125,3.2,2,0,2,3,12,720.0,0.168,-599.4,Normal
BR003,2025-12-31,12,16,239.0,3.55,17.6,2,0,0,4,12,720.0,0.332,-481.0,Normal
BR003,2025-12-31,13,8,83.9,2.3125,3.4,1,0,0,1,12,720.0,0.117,-636.1,Normal
BR003,2025-12-31,14,10,145.8,3.35,15.9,1,0,0,3,12,720.0,0.202,-574.2,Normal
BR003,2025-12-31,15,7,78.2,1.8142857142857143,2.9,0,0,0,0,12,720.0,0.109,-641.8,Normal
BR003,2025-12-31,16,1,5.4,0.8,0.8,0,0,0,0,12,720.0,0.008,-714.6,Normal
BR003,2026-01-02,9,23,269.0,7.782608695652174,35.2,3,0,1,3,12,720.0,0.374,-451.0,Normal
BR003,2026-01-02,10,15,156.2,2.646666666666667,5.7,4,0,3,2,12,720.0,0.217,-563.8,Normal
BR003,2026-01-02,11,16,193.5,4.73125,25.7,3,0,7,3,12,720.0,0.269,-526.5,Normal
BR003,2026-01-02,12,16,150.7,4.86875,29.5,1,0,1,0,12,720.0,0.209,-569.3,Normal
BR003,2026-01-02,13,17,147.2,2.264705882352941,7.6,2,0,0,2,12,720.0,0.204,-572.8,Normal
BR003,2026-01-02,14,10,98.0,2.34,3.3,0,0,0,1,12,720.0,0.136,-622.0,Normal
BR003,2026-01-02,15,6,56.7,1.7,2.9,0,0,0,0,12,720.0,0.079,-663.3,Normal
BR003,2026-01-02,16,2,42.300000000000004,2.35,3.1,0,0,0,1,12,720.0,0.059,-677.7,Normal
BR003,2026-01-03,9,14,127.7,2.607142857142857,3.3,0,0,2,2,12,720.0,0.177,-592.3,Normal
BR003,2026-01-03,10,17,191.5,4.035294117647059,25.6,1,0,3,2,12,720.0,0.266,-528.5,Normal
BR003,2026-01-03,11,14,175.0,1.9285714285714286,3.0,0,0,4,2,12,720.0,0.243,-545.0,Normal
BR003,2026-01-03,12,13,175.9,4.323076923076924,18.0,2,0,1,3,12,720.0,0.244,-544.1,Normal
BR003,2026-01-03,13,12,96.8,2.0749999999999997,3.3,1,0,0,0,12,720.0,0.134,-623.2,Normal
BR003,2026-01-03,14,12,108.0,1.9000000000000001,2.8,0,0,0,2,12,720.0,0.15,-612.0,Normal
BR003,2026-01-03,15,4,52.199999999999996,2.625,3.4,0,0,0,1,12,720.0,0.072,-667.8,Normal
BR003,2026-01-03,16,3,20.0,2.3000000000000003,3.3,0,0,0,0,12,720.0,0.028,-700.0,Normal
BR003,2026-01-05,9,22,282.6,11.122727272727273,42.2,7,2,7,4,12,720.0,0.392,-437.4,Normal
BR003,2026-01-05,10,16,194.8,5.76875,27.2,6,0,3,4,12,720.0,0.271,-525.2,Normal
BR003,2026-01-05,11,15,155.79999999999998,1.7666666666666666,3.4,4,0,3,2,12,720.0,0.216,-564.2,Normal
BR003,2026-01-05,12,12,139.0,2.3416666666666663,3.4,1,0,0,3,12,720.0,0.193,-581.0,Normal
BR003,2026-01-05,13,12,101.7,2.0833333333333335,3.4,0,0,0,1,12,720.0,0.141,-618.3,Normal
BR003,2026-01-05,14,13,102.0,4.676923076923076,26.9,1,0,0,0,12,720.0,0.142,-618.0,Normal
BR003,2026-01-05,15,7,59.199999999999996,1.7571428571428573,3.3,0,0,0,0,12,720.0,0.082,-660.8,Normal
BR003,2026-01-05,16,1,4.7,2.4,2.4,0,0,0,0,12,720.0,0.007,-715.3,Normal
BR003,2026-01-06,9,3,49.5,2.1,2.8,0,0,1,1,12,720.0,0.069,-670.5,Normal
BR003,2026-01-06,10,12,122.6,2.0416666666666665,3.5,0,0,2,1,12,720.0,0.17,-597.4,Normal
BR003,2026-01-06,11,10,77.1,2.43,3.3,0,0,2,1,12,720.0,0.107,-642.9,Normal
BR003,2026-01-06,12,8,96.7,2.4,3.3,0,0,1,1,12,720.0,0.134,-623.3,Normal
BR003,2026-01-06,13,10,85.0,2.3600000000000003,3.1,0,0,1,0,12,720.0,0.118,-635.0,Normal
BR003,2026-01-06,14,5,47.199999999999996,3.04,3.5,0,0,0,0,12,720.0,0.066,-672.8,Normal
BR003,2026-01-06,15,3,52.0,1.5,1.7,0,0,0,1,12,720.0,0.072,-668.0,Normal
BR003,2026-01-07,9,15,197.7,2.3466666666666667,3.5,0,0,4,2,12,720.0,0.275,-522.3,Normal
BR003,2026-01-07,10,11,109.60000000000001,2.4181818181818184,7.1,1,0,4,0,12,720.0,0.152,-610.4,Normal
BR003,2026-01-07,11,9,115.1,2.033333333333333,2.8,0,0,1,2,12,720.0,0.16,-604.9,Normal
BR003,2026-01-07,12,11,163.6,2.4545454545454546,3.5,0,0,0,3,12,720.0,0.227,-556.4,Normal
BR003,2026-01-07,13,7,138.0,2.142857142857143,3.4,0,0,1,3,12,720.0,0.192,-582.0,Normal
BR003,2026-01-07,14,8,83.7,2.275,3.2,0,0,0,1,12,720.0,0.116,-636.3,Normal
BR003,2026-01-07,15,4,44.400000000000006,1.15,1.4,0,0,0,1,12,720.0,0.062,-675.6,Normal
BR003,2026-01-07,16,3,62.6,2.033333333333333,2.5,0,0,0,1,12,720.0,0.087,-657.4,Normal
BR003,2026-01-08,9,13,114.3,2.4076923076923076,3.4,0,0,4,1,12,720.0,0.159,-605.7,Normal
BR003,2026-01-08,10,12,126.5,2.2583333333333333,3.4,0,0,2,1,12,720.0,0.176,-593.5,Normal
BR003,2026-01-08,11,12,140.1,3.5500000000000003,18.7,1,0,2,2,12,720.0,0.195,-579.9,Normal
BR003,2026-01-08,12,10,106.7,2.37,3.5,0,0,0,0,12,720.0,0.148,-613.3,Normal
BR003,2026-01-08,13,8,65.8,1.75,3.3,0,0,0,1,12,720.0,0.091,-654.2,Normal
BR003,2026-01-08,14,8,69.1,2.1125,3.0,0,0,0,0,12,720.0,0.096,-650.9,Normal
BR003,2026-01-08,15,4,76.1,1.725,2.2,0,0,0,1,12,720.0,0.106,-643.9,Normal
BR003,2026-01-08,16,1,14.0,1.2,1.2,0,0,0,1,12,720.0,0.019,-706.0,Normal
BR003,2026-01-09,9,14,210.0,1.7357142857142858,3.4,0,0,3,3,12,720.0,0.292,-510.0,Normal
BR003,2026-01-09,10,10,78.4,2.71,4.0,1,0,3,0,12,720.0,0.109,-641.6,Normal
BR003,2026-01-09,11,16,205.6,1.81875,3.5,0,0,0,4,12,720.0,0.286,-514.4,Normal
BR003,2026-01-09,12,14,136.6,2.542857142857143,3.5,0,0,3,2,12,720.0,0.19,-583.4,Normal
BR003,2026-01-09,13,8,82.1,1.7375,3.2,0,0,1,2,12,720.0,0.114,-637.9,Normal
BR003,2026-01-09,14,7,71.8,1.9857142857142858,3.2,0,0,0,1,12,720.0,0.1,-648.2,Normal
BR003,2026-01-09,15,8,60.9,2.125,3.4,0,0,0,0,12,720.0,0.085,-659.1,Normal
BR003,2026-01-12,9,17,187.1,3.2058823529411766,19.7,1,0,3,2,12,720.0,0.26,-532.9,Normal
BR003,2026-01-12,10,23,239.1,7.352173913043478,39.7,7,1,5,2,12,720.0,0.332,-480.9,Normal
BR003,2026-01-12,11,18,178.6,2.1055555555555556,4.2,5,0,2,1,12,720.0,0.248,-541.4,Normal
BR003,2026-01-12,12,7,78.5,1.7571428571428573,3.3,6,0,0,0,12,720.0,0.109,-641.5,Normal
BR003,2026-01-12,13,10,81.6,2.2600000000000002,3.5,0,0,0,1,12,720.0,0.113,-638.4,Normal
BR003,2026-01-12,14,15,141.0,2.1533333333333333,5.9,1,0,0,1,12,720.0,0.196,-579.0,Normal
BR003,2026-01-12,15,4,30.6,1.6,2.2,0,0,0,0,12,720.0,0.042,-689.4,Normal
BR003,2026-01-12,16,2,37.9,2.5,3.5,0,0,0,1,12,720.0,0.053,-682.1,Normal
BR003,2026-01-13,9,4,40.5,1.625,2.3,0,0,1,1,12,720.0,0.056,-679.5,Normal
BR003,2026-01-13,10,7,71.4,2.6142857142857143,3.1,1,0,0,1,12,720.0,0.099,-648.6,Normal
BR003,2026-01-13,11,11,137.4,1.8909090909090909,3.2,0,0,1,1,12,720.0,0.191,-582.6,Normal
BR003,2026-01-13,12,6,73.2,2.3,3.4,0,0,2,1,12,720.0,0.102,-646.8,Normal
BR003,2026-01-13,13,7,73.5,1.5714285714285714,2.2,0,0,1,1,12,720.0,0.102,-646.5,Normal
BR003,2026-01-13,14,5,68.5,8.34,33.0,1,0,0,1,12,720.0,0.095,-651.5,Normal
BR003,2026-01-13,15,7,55.3,2.6999999999999997,3.1,0,0,0,1,12,720.0,0.077,-664.7,Normal
BR003,2026-01-13,16,3,46.8,1.7333333333333332,2.9,0,0,0,1,12,720.0,0.065,-673.2,Normal
BR003,2026-01-15,9,17,176.3,4.923529411764706,23.5,4,0,4,2,12,720.0,0.245,-543.7,Normal
BR003,2026-01-15,10,14,160.8,2.2357142857142858,3.2,3,0,2,3,12,720.0,0.223,-559.2,Normal
BR003,2026-01-15,11,13,149.0,2.769230769230769,9.2,1,0,1,2,12,720.0,0.207,-571.0,Normal
BR003,2026-01-15,12,7,100.9,1.614285714285714,3.4,0,0,0,1,12,720.0,0.14,-619.1,Normal
BR003,2026-01-15,13,10,117.9,2.09,3.3,0,0,0,1,12,720.0,0.164,-602.1,Normal
BR003,2026-01-15,14,6,43.6,1.7,2.5,0,0,0,0,12,720.0,0.061,-676.4,Normal
BR003,2026-01-15,15,2,47.2,2.05,2.8,0,0,0,1,12,720.0,0.066,-672.8,Normal
BR003,2026-01-15,16,1,6.8,1.6,1.6,0,0,0,0,12,720.0,0.009,-713.2,Normal
BR003,2026-01-16,9,15,142.60000000000002,2.2733333333333334,3.3,0,0,3,2,12,720.0,0.198,-577.4,Normal
BR003,2026-01-16,10,20,223.7,6.975,29.2,4,0,3,3,12,720.0,0.311,-496.3,Normal
BR003,2026-01-16,11,12,117.2,3.091666666666667,16.2,3,0,2,2,12,720.0,0.163,-602.8,Normal
BR003,2026-01-16,12,5,62.8,2.62,3.5,3,0,1,2,12,720.0,0.087,-657.2,Normal
BR003,2026-01-16,13,12,179.8,2.0833333333333335,5.0,1,0,1,4,12,720.0,0.25,-540.2,Normal
BR003,2026-01-16,14,12,114.9,2.275,3.2,0,0,1,0,12,720.0,0.16,-605.1,Normal
BR003,2026-01-16,15,7,67.0,2.585714285714286,3.3,0,0,0,1,12,720.0,0.093,-653.0,Normal
BR003,2026-01-17,9,10,137.5,3.09,12.0,1,0,3,1,12,720.0,0.191,-582.5,Normal
BR003,2026-01-17,10,17,186.7,2.8529411764705883,9.9,1,0,3,2,12,720.0,0.259,-533.3,Normal
BR003,2026-01-17,11,12,121.6,2.1083333333333334,3.4,0,0,2,2,12,720.0,0.169,-598.4,Normal
BR003,2026-01-17,12,12,138.5,2.475,3.3,0,0,2,2,12,720.0,0.192,-581.5,Normal
BR003,2026-01-17,13,8,88.3,2.2625,3.2,0,0,0,1,12,720.0,0.123,-631.7,Normal
BR003,2026-01-17,14,12,87.9,2.1083333333333334,3.2,0,0,0,1,12,720.0,0.122,-632.1,Normal
BR003,2026-01-17,15,4,31.6,1.7000000000000002,2.7,0,0,0,0,12,720.0,0.044,-688.4,Normal
BR003,2026-01-17,16,1,2.6,2.0,2.0,0,0,0,0,12,720.0,0.004,-717.4,Normal
BR003,2026-01-19,9,12,133.2,2.625,9.6,2,0,0,1,12,720.0,0.185,-586.8,Normal
BR003,2026-01-19,10,15,116.2,6.38,42.7,1,1,5,0,12,720.0,0.161,-603.8,Normal
BR003,2026-01-19,11,16,175.3,2.0625,3.4,1,0,3,2,12,720.0,0.243,-544.7,Normal
BR003,2026-01-19,12,13,243.4,4.507692307692308,21.5,2,0,2,2,12,720.0,0.338,-476.6,Normal
BR003,2026-01-19,13,16,200.1,3.475,11.6,3,0,0,3,12,720.0,0.278,-519.9,Normal
BR003,2026-01-19,14,7,58.3,1.8714285714285714,3.4,0,0,0,0,12,720.0,0.081,-661.7,Normal
BR003,2026-01-19,15,8,93.2,2.225,3.2,0,0,0,1,12,720.0,0.129,-626.8,Normal
BR003,2026-01-20,9,10,71.1,2.46,3.5,0,0,2,0,12,720.0,0.099,-648.9,Normal
BR003,2026-01-20,10,15,184.8,2.3066666666666666,3.4,0,0,1,1,12,720.0,0.257,-535.2,Normal
BR003,2026-01-20,11,10,121.7,2.41,3.2,0,0,1,2,12,720.0,0.169,-598.3,Normal
BR003,2026-01-20,12,7,46.8,2.1,2.6,0,0,0,0,12,720.0,0.065,-673.2,Normal
BR003,2026-01-20,13,11,135.1,2.118181818181818,3.5,0,0,1,3,12,720.0,0.188,-584.9,Normal
BR003,2026-01-20,14,6,43.3,2.2333333333333334,2.9,0,0,1,0,12,720.0,0.06,-676.7,Normal
BR003,2026-01-20,15,4,21.1,1.825,2.5,0,0,1,0,12,720.0,0.029,-698.9,Normal
BR003,2026-01-21,9,12,165.3,2.216666666666667,3.1,1,0,6,3,12,720.0,0.23,-554.7,Normal
BR003,2026-01-21,10,15,126.6,2.24,3.5,0,0,1,1,12,720.0,0.176,-593.4,Normal
BR003,2026-01-21,11,5,62.3,1.8800000000000001,3.5,0,0,1,1,12,720.0,0.087,-657.7,Normal
BR003,2026-01-21,12,6,106.8,2.3833333333333333,3.1,0,0,0,2,12,720.0,0.148,-613.2,Normal
BR003,2026-01-21,13,3,34.8,1.9666666666666666,2.3,0,0,0,0,12,720.0,0.048,-685.2,Normal
BR003,2026-01-21,14,5,63.4,2.32,3.0,0,0,0,1,12,720.0,0.088,-656.6,Normal
BR003,2026-01-21,15,5,36.8,2.2,2.9,0,0,0,0,12,720.0,0.051,-683.2,Normal
BR003,2026-01-22,9,9,111.89999999999999,2.3444444444444446,3.3,0,0,2,2,12,720.0,0.155,-608.1,Normal
BR003,2026-01-22,10,11,131.7,2.4454545454545453,4.3,1,0,3,3,12,720.0,0.183,-588.3,Normal
BR003,2026-01-22,11,17,224.7,5.2176470588235295,22.7,4,0,3,3,12,720.0,0.312,-495.3,Normal
BR003,2026-01-22,12,17,175.6,19.958823529411767,64.8,7,5,0,6,12,720.0,0.244,-544.4,Moderate
BR003,2026-01-22,13,10,151.79999999999998,5.590000000000001,21.8,5,0,0,3,12,720.0,0.211,-568.2,Normal
BR003,2026-01-22,14,7,97.19999999999999,1.6714285714285713,3.0,6,0,0,1,12,720.0,0.135,-622.8,Normal
BR003,2026-01-22,15,1,21.2,2.8,2.8,0,0,0,1,12,720.0,0.029,-698.8,Normal
BR003,2026-01-23,9,16,163.3,3.8625,20.6,1,0,2,2,12,720.0,0.227,-556.7,Normal
BR003,2026-01-23,10,15,124.2,4.193333333333333,29.1,1,0,4,0,12,720.0,0.173,-595.8,Normal
BR003,2026-01-23,11,14,137.3,2.292857142857143,3.5,0,0,1,2,12,720.0,0.191,-582.7,Normal
BR003,2026-01-23,12,8,54.1,2.3125,3.1,0,0,1,0,12,720.0,0.075,-665.9,Normal
BR003,2026-01-23,13,10,98.2,2.46,3.4,0,0,0,2,12,720.0,0.136,-621.8,Normal
BR003,2026-01-23,14,11,62.2,2.390909090909091,3.3,0,0,0,0,12,720.0,0.086,-657.8,Normal
BR003,2026-01-23,15,6,116.80000000000001,2.1999999999999997,3.5,0,0,0,3,12,720.0,0.162,-603.2,Normal
BR003,2026-01-27,9,16,172.6,2.63125,7.3,1,0,3,1,12,720.0,0.24,-547.4,Normal
BR003,2026-01-27,10,9,134.0,1.9666666666666666,2.8,0,0,0,3,12,720.0,0.186,-586.0,Normal
BR003,2026-01-27,11,15,164.3,2.0933333333333333,4.4,1,0,4,2,12,720.0,0.228,-555.7,Normal
BR003,2026-01-27,12,12,79.0,1.925,3.2,0,0,2,0,12,720.0,0.11,-641.0,Normal
BR003,2026-01-27,13,11,130.2,2.6,3.4,0,0,1,1,12,720.0,0.181,-589.8,Normal
BR003,2026-01-27,14,5,39.0,2.12,3.0,0,0,0,0,12,720.0,0.054,-681.0,Normal
BR003,2026-01-27,15,4,38.0,2.525,3.3,0,0,0,0,12,720.0,0.053,-682.0,Normal
BR003,2026-01-27,16,1,5.9,0.9,0.9,0,0,0,0,12,720.0,0.008,-714.1,Normal
BR003,2026-01-28,9,23,246.0,10.660869565217391,45.1,6,1,3,4,12,720.0,0.342,-474.0,Normal
BR003,2026-01-28,10,23,203.79999999999998,9.52608695652174,46.9,7,0,4,2,12,720.0,0.283,-516.2,Normal
BR003,2026-01-28,11,16,224.8,5.19375,30.3,4,0,5,5,12,720.0,0.312,-495.2,Normal
BR003,2026-01-28,12,14,152.8,1.9857142857142858,3.4,1,0,0,3,12,720.0,0.212,-567.2,Normal
BR003,2026-01-28,13,11,121.2,2.272727272727273,3.4,0,0,0,1,12,720.0,0.168,-598.8,Normal
BR003,2026-01-28,14,8,115.9,1.7875,3.2,0,0,0,3,12,720.0,0.161,-604.1,Normal
BR003,2026-01-28,15,6,38.3,2.216666666666667,3.4,0,0,0,0,12,720.0,0.053,-681.7,Normal
BR003,2026-01-28,16,2,21.7,2.45,2.9,0,0,0,0,12,720.0,0.03,-698.3,Normal
BR003,2026-01-29,9,10,160.5,1.61,2.8,0,0,1,3,12,720.0,0.223,-559.5,Normal
BR003,2026-01-29,10,17,216.6,6.105882352941176,20.2,5,0,1,2,12,720.0,0.301,-503.4,Normal
BR003,2026-01-29,11,22,220.2,3.1636363636363636,16.4,4,0,2,1,12,720.0,0.306,-499.8,Normal
BR003,2026-01-29,12,9,93.5,2.088888888888889,3.3,1,0,0,0,12,720.0,0.13,-626.5,Normal
BR003,2026-01-29,13,7,54.7,2.2142857142857144,3.5,0,0,1,1,12,720.0,0.076,-665.3,Normal
BR003,2026-01-29,14,9,90.5,2.122222222222222,3.3,0,0,2,0,12,720.0,0.126,-629.5,Normal
BR003,2026-01-29,15,3,28.6,1.5,1.7,0,0,0,0,12,720.0,0.04,-691.4,Normal
BR003,2026-01-29,16,1,49.1,2.1,2.1,0,0,0,1,12,720.0,0.068,-670.9,Normal
BR003,2026-01-30,9,21,183.6,5.3238095238095235,37.1,2,0,6,2,12,720.0,0.255,-536.4,Normal
BR003,2026-01-30,10,36,301.7,14.630555555555556,52.5,13,4,4,3,12,720.0,0.419,-418.3,Normal
BR003,2026-01-30,11,20,205.3,7.359999999999999,39.6,14,0,0,2,12,720.0,0.285,-514.7,Normal
BR003,2026-01-30,12,22,214.8,6.163636363636363,20.7,13,0,4,2,12,720.0,0.298,-505.2,Normal
BR003,2026-01-30,13,21,206.3,2.9476190476190474,11.2,3,0,3,1,12,720.0,0.287,-513.7,Normal
BR003,2026-01-30,14,12,91.2,3.908333333333333,15.5,1,0,1,0,12,720.0,0.127,-628.8,Normal
BR003,2026-01-30,15,12,140.6,2.283333333333333,3.4,0,0,0,3,12,720.0,0.195,-579.4,Normal
BR003,2026-01-30,16,1,10.4,1.5,1.5,0,0,0,0,12,720.0,0.014,-709.6,Normal
BR003,2026-01-31,9,15,159.9,12.493333333333334,40.3,8,2,2,1,12,720.0,0.222,-560.1,Normal
BR003,2026-01-31,10,28,361.5,6.917857142857143,40.8,7,1,7,7,12,720.0,0.502,-358.5,Normal
BR003,2026-01-31,11,19,253.7,2.8631578947368426,9.3,5,0,5,4,12,720.0,0.352,-466.3,Normal
BR003,2026-01-31,12,11,94.5,9.5,36.7,3,0,2,1,12,720.0,0.131,-625.5,Normal
BR003,2026-01-31,13,20,180.7,2.38,8.9,4,0,2,3,12,720.0,0.251,-539.3,Normal
BR003,2026-01-31,14,13,139.8,2.9153846153846152,8.8,1,0,0,1,12,720.0,0.194,-580.2,Normal
BR003,2026-01-31,15,15,118.7,1.9733333333333334,3.5,0,0,0,1,12,720.0,0.165,-601.3,Normal
BR003,2026-01-31,16,2,13.0,1.0,1.2,0,0,0,0,12,720.0,0.018,-707.0,Normal
BR003,2026-02-02,9,19,190.9,5.557894736842105,37.3,2,0,6,3,12,720.0,0.265,-529.1,Normal
BR003,2026-02-02,10,20,229.1,2.9699999999999998,10.2,3,0,2,5,12,720.0,0.318,-490.9,Normal
BR003,2026-02-02,11,13,156.1,2.161538461538462,3.3,1,0,3,3,12,720.0,0.217,-563.9,Normal
BR003,2026-02-02,12,9,80.8,6.199999999999999,23.5,2,0,1,2,12,720.0,0.112,-639.2,Normal
BR003,2026-02-02,13,12,105.5,2.341666666666667,5.8,1,0,2,1,12,720.0,0.147,-614.5,Normal
BR003,2026-02-02,14,17,187.2,2.4529411764705884,3.4,1,0,0,2,12,720.0,0.26,-532.8,Normal
BR003,2026-02-02,15,8,84.8,1.65,3.4,0,0,0,1,12,720.0,0.118,-635.2,Normal
BR003,2026-02-02,16,1,3.1,3.1,3.1,0,0,0,0,12,720.0,0.004,-716.9,Normal
BR003,2026-02-03,9,12,122.4,2.408333333333333,3.4,0,0,2,1,12,720.0,0.17,-597.6,Normal
BR003,2026-02-03,10,9,112.2,2.1444444444444444,3.8,1,0,2,3,12,720.0,0.156,-607.8,Normal
BR003,2026-02-03,11,11,119.0,1.9272727272727272,3.4,0,0,2,2,12,720.0,0.165,-601.0,Normal
BR003,2026-02-03,12,17,180.3,6.370588235294117,33.9,3,0,3,0,12,720.0,0.25,-539.7,Normal
BR003,2026-02-03,13,13,122.8,2.4846153846153842,3.4,2,0,1,3,12,720.0,0.171,-597.2,Normal
BR003,2026-02-03,14,8,72.9,1.525,2.1,1,0,0,1,12,720.0,0.101,-647.1,Normal
BR003,2026-02-03,15,7,143.3,2.185714285714286,3.3,0,0,0,3,12,720.0,0.199,-576.7,Normal
BR003,2026-02-04,9,12,110.2,2.4,3.5,1,0,1,1,12,720.0,0.153,-609.8,Normal
BR003,2026-02-04,10,17,220.9,2.4529411764705884,3.4,0,0,3,3,12,720.0,0.307,-499.1,Normal
BR003,2026-02-04,11,10,82.8,1.95,3.3,1,0,1,0,12,720.0,0.115,-637.2,Normal
BR003,2026-02-04,12,13,100.60000000000001,3.8230769230769233,18.6,2,0,0,0,12,720.0,0.14,-619.4,Normal
BR003,2026-02-04,13,16,160.6,1.85625,3.3,1,0,5,1,12,720.0,0.223,-559.4,Normal
BR003,2026-02-04,14,7,56.4,1.8142857142857143,2.9,0,0,0,0,12,720.0,0.078,-663.6,Normal
BR003,2026-02-04,15,6,95.0,1.8666666666666665,2.6,0,0,1,2,12,720.0,0.132,-625.0,Normal
BR003,2026-02-05,9,13,110.6,2.6076923076923078,7.6,2,0,1,0,12,720.0,0.154,-609.4,Normal
BR003,2026-02-05,10,18,225.7,3.677777777777778,24.7,1,0,3,3,12,720.0,0.313,-494.3,Normal
BR003,2026-02-05,11,16,205.3,1.80625,3.0,1,0,5,3,12,720.0,0.285,-514.7,Normal
BR003,2026-02-05,12,14,182.9,2.0785714285714283,3.1,0,0,1,2,12,720.0,0.254,-537.1,Normal
BR003,2026-02-05,13,10,103.4,2.45,3.5,0,0,0,0,12,720.0,0.144,-616.6,Normal
BR003,2026-02-05,14,5,41.4,2.38,3.4,0,0,0,0,12,720.0,0.057,-678.6,Normal
BR003,2026-02-05,15,7,105.6,1.8571428571428572,2.9,0,0,0,2,12,720.0,0.147,-614.4,Normal
BR003,2026-02-06,9,13,228.6,4.261538461538462,29.1,1,0,0,5,12,720.0,0.318,-491.4,Normal
BR003,2026-02-06,10,18,208.7,3.4833333333333334,17.1,3,0,3,2,12,720.0,0.29,-511.3,Normal
BR003,2026-02-06,11,10,95.4,2.4699999999999998,3.4,0,0,1,2,12,720.0,0.132,-624.6,Normal
BR003,2026-02-06,12,15,165.9,2.1266666666666665,3.4,2,0,5,3,12,720.0,0.23,-554.1,Normal
BR003,2026-02-06,13,9,119.5,2.0777777777777775,3.3,0,0,0,2,12,720.0,0.166,-600.5,Normal
BR003,2026-02-06,14,8,96.7,2.15,2.7,0,0,0,1,12,720.0,0.134,-623.3,Normal
BR003,2026-02-06,15,7,105.80000000000001,2.442857142857143,3.2,0,0,0,2,12,720.0,0.147,-614.2,Normal
BR003,2026-02-06,16,1,3.3,3.5,3.5,0,0,0,0,12,720.0,0.005,-716.7,Normal
BR003,2026-02-07,9,5,28.0,2.16,3.1,0,0,0,0,12,720.0,0.039,-692.0,Normal
BR003,2026-02-07,10,12,108.5,2.85,12.3,1,0,3,0,12,720.0,0.151,-611.5,Normal
BR003,2026-02-07,11,7,47.300000000000004,2.142857142857143,3.2,0,0,0,0,12,720.0,0.066,-672.7,Normal
BR003,2026-02-07,12,12,138.7,2.3833333333333333,3.4,0,0,1,2,12,720.0,0.193,-581.3,Normal
BR003,2026-02-07,13,8,70.6,2.075,3.5,0,0,2,1,12,720.0,0.098,-649.4,Normal
BR003,2026-02-07,14,4,47.3,1.65,3.1,0,0,0,1,12,720.0,0.066,-672.7,Normal
BR003,2026-02-07,15,8,130.7,2.1375,3.4,0,0,1,2,12,720.0,0.182,-589.3,Normal
BR003,2026-02-07,16,2,25.6,2.2,3.2,0,0,1,0,12,720.0,0.036,-694.4,Normal
BR003,2026-02-09,9,8,86.4,2.35,3.4,0,0,2,0,12,720.0,0.12,-633.6,Normal
BR003,2026-02-09,10,17,158.0,2.4411764705882355,11.1,1,0,5,2,12,720.0,0.219,-562.0,Normal
BR003,2026-02-09,11,12,101.2,2.8166666666666664,3.5,0,0,0,1,12,720.0,0.141,-618.8,Normal
BR003,2026-02-09,12,6,58.9,2.4499999999999997,3.3,0,0,0,0,12,720.0,0.082,-661.1,Normal
BR003,2026-02-09,13,13,144.9,2.1846153846153844,3.4,0,0,0,1,12,720.0,0.201,-575.1,Normal
BR003,2026-02-09,14,4,48.3,2.325,3.1,0,0,0,0,12,720.0,0.067,-671.7,Normal
BR003,2026-02-09,15,6,89.4,2.466666666666667,3.2,0,0,0,2,12,720.0,0.124,-630.6,Normal
BR003,2026-02-09,16,1,6.3,1.1,1.1,0,0,0,0,12,720.0,0.009,-713.7,Normal
BR003,2026-02-10,9,14,139.8,2.4857142857142853,3.5,0,0,3,3,12,720.0,0.194,-580.2,Normal
BR003,2026-02-10,10,15,116.5,2.1933333333333334,3.4,1,0,6,0,12,720.0,0.162,-603.5,Normal
BR003,2026-02-10,11,12,116.6,1.9416666666666667,3.2,0,0,1,0,12,720.0,0.162,-603.4,Normal
BR003,2026-02-10,12,10,99.1,1.75,3.1,0,0,0,2,12,720.0,0.138,-620.9,Normal
BR003,2026-02-10,13,5,68.3,2.12,3.4,0,0,0,1,12,720.0,0.095,-651.7,Normal
BR003,2026-02-10,14,2,19.7,2.05,3.3,0,0,0,0,12,720.0,0.027,-700.3,Normal
BR003,2026-02-10,15,7,61.599999999999994,1.5142857142857142,2.3,0,0,0,1,12,720.0,0.086,-658.4,Normal
BR003,2026-02-10,16,1,5.9,1.8,1.8,0,0,0,0,12,720.0,0.008,-714.1,Normal
BR003,2026-02-11,9,12,125.0,1.75,2.9,0,0,4,2,12,720.0,0.174,-595.0,Normal
BR003,2026-02-11,10,21,265.7,2.8666666666666667,10.0,3,0,3,4,12,720.0,0.369,-454.3,Normal
BR003,2026-02-11,11,10,142.9,2.62,3.5,2,0,1,3,12,720.0,0.198,-577.1,Normal
BR003,2026-02-11,12,14,137.6,2.2285714285714286,3.2,1,0,2,1,12,720.0,0.191,-582.4,Normal
BR003,2026-02-11,13,8,47.8,2.15,3.4,0,0,0,0,12,720.0,0.066,-672.2,Normal
BR003,2026-02-11,14,4,25.6,2.175,3.4,0,0,0,0,12,720.0,0.036,-694.4,Normal
BR003,2026-02-11,15,6,52.0,2.783333333333333,3.5,0,0,0,0,12,720.0,0.072,-668.0,Normal
BR003,2026-02-11,16,1,4.7,1.3,1.3,0,0,0,0,12,720.0,0.007,-715.3,Normal
BR003,2026-02-12,9,11,120.0,2.5272727272727273,3.2,0,0,3,1,12,720.0,0.167,-600.0,Normal
BR003,2026-02-12,10,15,209.89999999999998,3.4133333333333336,9.3,4,0,3,3,12,720.0,0.292,-510.1,Normal
BR003,2026-02-12,11,11,126.6,2.3181818181818183,7.9,5,0,3,1,12,720.0,0.176,-593.4,Normal
BR003,2026-02-12,12,11,122.1,1.7545454545454546,3.2,4,0,1,0,12,720.0,0.17,-597.9,Normal
BR003,2026-02-12,13,14,136.2,1.8285714285714287,3.2,0,0,0,2,12,720.0,0.189,-583.8,Normal
BR003,2026-02-12,14,4,47.9,2.85,3.3,0,0,0,1,12,720.0,0.067,-672.1,Normal
BR003,2026-02-12,15,4,41.2,1.1,1.8,0,0,0,0,12,720.0,0.057,-678.8,Normal
BR003,2026-02-13,9,5,77.8,1.9600000000000002,3.5,0,0,0,2,12,720.0,0.108,-642.2,Normal
BR003,2026-02-13,10,21,180.1,6.961904761904761,32.6,3,0,2,1,12,720.0,0.25,-539.9,Normal
BR003,2026-02-13,11,18,260.4,4.438888888888889,30.7,2,0,4,4,12,720.0,0.362,-459.6,Normal
BR003,2026-02-13,12,14,208.4,2.0714285714285716,3.3,1,0,2,4,12,720.0,0.289,-511.6,Normal
BR003,2026-02-13,13,8,79.8,2.0375,3.2,0,0,0,1,12,720.0,0.111,-640.2,Normal
BR003,2026-02-13,14,8,67.2,1.9375,3.3,0,0,0,0,12,720.0,0.093,-652.8,Normal
BR003,2026-02-13,15,6,81.5,1.5666666666666667,3.2,0,0,1,2,12,720.0,0.113,-638.5,Normal
BR003,2026-02-13,16,1,8.6,1.8,1.8,0,0,0,0,12,720.0,0.012,-711.4,Normal
BR003,2026-02-16,9,16,190.5,1.9937500000000001,3.4,0,0,2,2,12,720.0,0.265,-529.5,Normal
BR003,2026-02-16,10,11,84.3,2.6818181818181817,3.5,0,0,0,0,12,720.0,0.117,-635.7,Normal
BR003,2026-02-16,11,15,172.4,2.32,3.4,0,0,2,1,12,720.0,0.239,-547.6,Normal
BR003,2026-02-16,12,10,83.2,2.31,3.5,1,0,2,0,12,720.0,0.116,-636.8,Normal
BR003,2026-02-16,13,9,145.7,2.533333333333333,3.5,0,0,1,3,12,720.0,0.202,-574.3,Normal
BR003,2026-02-16,14,9,108.4,1.8888888888888888,3.1,0,0,1,0,12,720.0,0.151,-611.6,Normal
BR003,2026-02-16,15,2,8.3,1.0,1.1,0,0,0,0,12,720.0,0.012,-711.7,Normal
BR003,2026-02-16,16,2,9.6,2.3,3.2,0,0,0,0,12,720.0,0.013,-710.4,Normal
BR003,2026-02-17,9,14,125.7,3.0357142857142856,11.9,1,0,5,1,12,720.0,0.175,-594.3,Normal
BR003,2026-02-17,10,14,180.8,2.564285714285714,9.9,1,0,0,2,12,720.0,0.251,-539.2,Normal
BR003,2026-02-17,11,13,153.9,1.9538461538461538,3.3,0,0,1,2,12,720.0,0.214,-566.1,Normal
BR003,2026-02-17,12,6,40.3,1.8666666666666665,3.0,0,0,1,0,12,720.0,0.056,-679.7,Normal
BR003,2026-02-17,13,6,56.599999999999994,2.1999999999999997,3.5,0,0,0,1,12,720.0,0.079,-663.4,Normal
BR003,2026-02-17,14,12,144.1,2.158333333333333,3.5,0,0,1,1,12,720.0,0.2,-575.9,Normal
BR003,2026-02-17,15,4,39.0,2.25,2.8,0,0,0,0,12,720.0,0.054,-681.0,Normal
BR003,2026-02-18,9,7,61.8,2.457142857142857,3.3,0,0,1,0,12,720.0,0.086,-658.2,Normal
BR003,2026-02-18,10,12,107.2,2.25,3.1,0,0,3,1,12,720.0,0.149,-612.8,Normal
BR003,2026-02-18,11,11,132.8,1.8909090909090909,3.0,0,0,4,1,12,720.0,0.184,-587.2,Normal
BR003,2026-02-18,12,10,128.4,2.05,3.1,0,0,0,3,12,720.0,0.178,-591.6,Normal
BR003,2026-02-18,13,11,168.0,2.4181818181818184,3.4,0,0,0,4,12,720.0,0.233,-552.0,Normal
BR003,2026-02-18,14,12,145.4,1.6500000000000001,2.5,0,0,0,2,12,720.0,0.202,-574.6,Normal
BR003,2026-02-18,15,4,32.9,2.3,3.5,0,0,0,0,12,720.0,0.046,-687.1,Normal
BR003,2026-02-18,16,1,3.0,1.6,1.6,0,0,0,0,12,720.0,0.004,-717.0,Normal
BR003,2026-02-19,9,4,21.1,2.15,3.1,0,0,0,0,12,720.0,0.029,-698.9,Normal
BR003,2026-02-19,10,10,98.5,3.28,16.8,1,0,2,1,12,720.0,0.137,-621.5,Normal
BR003,2026-02-19,11,9,114.9,2.3333333333333335,3.0,0,0,4,1,12,720.0,0.16,-605.1,Normal
BR003,2026-02-19,12,9,114.8,2.2444444444444445,2.9,0,0,1,2,12,720.0,0.159,-605.2,Normal
BR003,2026-02-19,13,9,119.3,1.9444444444444444,3.1,0,0,0,2,12,720.0,0.166,-600.7,Normal
BR003,2026-02-19,14,10,110.3,1.94,2.7,0,0,0,1,12,720.0,0.153,-609.7,Normal
BR003,2026-02-19,15,7,86.0,2.314285714285714,3.4,0,0,0,2,12,720.0,0.119,-634.0,Normal
BR003,2026-02-19,16,1,13.0,1.6,1.6,0,0,0,0,12,720.0,0.018,-707.0,Normal
BR003,2026-02-20,9,18,172.4,3.322222222222222,12.8,2,0,5,2,12,720.0,0.239,-547.6,Normal
BR003,2026-02-20,10,20,267.5,5.654999999999999,27.4,3,0,4,6,12,720.0,0.372,-452.5,Normal
BR003,2026-02-20,11,14,158.4,2.3428571428571425,3.5,2,0,3,3,12,720.0,0.22,-561.6,Normal
BR003,2026-02-20,12,11,167.0,2.018181818181818,3.5,1,0,0,3,12,720.0,0.232,-553.0,Normal
BR003,2026-02-20,13,9,76.1,2.1333333333333333,4.3,1,0,0,1,12,720.0,0.106,-643.9,Normal
BR003,2026-02-20,14,9,127.10000000000001,2.111111111111111,3.4,0,0,0,2,12,720.0,0.177,-592.9,Normal
BR003,2026-02-20,15,7,80.3,2.4285714285714284,3.5,0,0,0,2,12,720.0,0.112,-639.7,Normal
BR003,2026-02-21,9,10,103.69999999999999,3.19,15.1,1,0,1,1,12,720.0,0.144,-616.3,Normal
BR003,2026-02-21,10,16,171.1,4.1125,29.1,1,0,4,2,12,720.0,0.238,-548.9,Normal
BR003,2026-02-21,11,9,92.5,2.022222222222222,3.3,0,0,0,0,12,720.0,0.128,-627.5,Normal
BR003,2026-02-21,12,13,120.0,2.523076923076923,3.4,0,0,2,0,12,720.0,0.167,-600.0,Normal
BR003,2026-02-21,13,12,178.9,2.25,3.5,0,0,1,3,12,720.0,0.248,-541.1,Normal
BR003,2026-02-21,14,3,33.2,2.566666666666667,3.1,0,0,0,0,12,720.0,0.046,-686.8,Normal
BR003,2026-02-21,15,4,39.2,2.75,3.1,0,0,0,1,12,720.0,0.054,-680.8,Normal
BR003,2026-02-23,9,9,113.7,3.6555555555555554,16.9,1,0,1,3,12,720.0,0.158,-606.3,Normal
BR003,2026-02-23,10,21,241.0,4.947619047619048,36.6,2,0,4,3,12,720.0,0.335,-479.0,Normal
BR003,2026-02-23,11,14,165.1,2.2714285714285714,3.3,1,0,3,2,12,720.0,0.229,-554.9,Normal
BR003,2026-02-23,12,9,66.2,1.9222222222222223,3.8,1,0,0,1,12,720.0,0.092,-653.8,Normal
BR003,2026-02-23,13,18,161.0,2.038888888888889,3.5,1,0,2,1,12,720.0,0.224,-559.0,Normal
BR003,2026-02-23,14,12,105.7,2.1333333333333333,3.3,0,0,2,1,12,720.0,0.147,-614.3,Normal
BR003,2026-02-23,15,3,61.5,2.1999999999999997,2.9,0,0,0,1,12,720.0,0.085,-658.5,Normal
BR003,2026-02-24,9,11,121.9,3.4454545454545453,12.9,2,0,3,2,12,720.0,0.169,-598.1,Normal
BR003,2026-02-24,10,16,178.6,1.88125,3.1,1,0,2,1,12,720.0,0.248,-541.4,Normal
BR003,2026-02-24,11,9,81.9,3.7666666666666666,14.2,1,0,2,0,12,720.0,0.114,-638.1,Normal
BR003,2026-02-24,12,11,104.3,2.118181818181818,3.5,0,0,1,1,12,720.0,0.145,-615.7,Normal
BR003,2026-02-24,13,9,120.1,2.4000000000000004,3.3,0,0,0,2,12,720.0,0.167,-599.9,Normal
BR003,2026-02-24,14,4,67.3,2.25,2.7,0,0,0,2,12,720.0,0.093,-652.7,Normal
BR003,2026-02-24,15,6,76.6,2.0500000000000003,2.8,0,0,0,1,12,720.0,0.106,-643.4,Normal
BR003,2026-02-24,16,1,6.9,1.3,1.3,0,0,0,0,12,720.0,0.01,-713.1,Normal
BR003,2026-02-25,9,17,176.4,2.111764705882353,3.5,0,0,1,2,12,720.0,0.245,-543.6,Normal
BR003,2026-02-25,10,13,133.2,1.876923076923077,3.4,0,0,3,1,12,720.0,0.185,-586.8,Normal
BR003,2026-02-25,11,12,138.4,3.4333333333333336,15.9,1,0,2,2,12,720.0,0.192,-581.6,Normal
BR003,2026-02-25,12,9,118.8,1.9444444444444444,3.4,0,0,1,3,12,720.0,0.165,-601.2,Normal
BR003,2026-02-25,13,9,80.9,1.9444444444444444,3.3,0,0,0,1,12,720.0,0.112,-639.1,Normal
BR003,2026-02-25,14,3,11.100000000000001,2.5,3.0,0,0,0,0,12,720.0,0.015,-708.9,Normal
BR003,2026-02-25,15,8,116.1,2.0875,3.5,0,0,0,1,12,720.0,0.161,-603.9,Normal
BR003,2026-02-26,9,8,89.60000000000001,2.1875,3.2,0,0,1,1,12,720.0,0.124,-630.4,Normal
BR003,2026-02-26,10,10,78.4,2.25,3.5,0,0,0,1,12,720.0,0.109,-641.6,Normal
BR003,2026-02-26,11,10,138.4,2.3,3.4,0,0,1,3,12,720.0,0.192,-581.6,Normal
BR003,2026-02-26,12,7,90.0,2.185714285714286,3.0,0,0,0,2,12,720.0,0.125,-630.0,Normal
BR003,2026-02-26,13,14,158.9,2.2357142857142858,3.4,0,0,4,2,12,720.0,0.221,-561.1,Normal
BR003,2026-02-26,14,8,160.9,2.1875,3.3,0,0,2,3,12,720.0,0.223,-559.1,Normal
BR003,2026-02-26,15,4,64.69999999999999,1.425,1.9,0,0,0,1,12,720.0,0.09,-655.3,Normal
BR003,2026-02-27,9,15,184.0,2.4066666666666667,10.9,1,0,3,2,12,720.0,0.256,-536.0,Normal
BR003,2026-02-27,10,15,154.6,2.9133333333333336,16.9,1,0,3,2,12,720.0,0.215,-565.4,Normal
BR003,2026-02-27,11,19,196.29999999999998,3.9578947368421056,27.5,2,0,2,1,12,720.0,0.273,-523.7,Normal
BR003,2026-02-27,12,15,174.2,2.2066666666666666,3.5,0,0,1,3,12,720.0,0.242,-545.8,Normal
BR003,2026-02-27,13,8,39.5,2.05,3.3,1,0,0,0,12,720.0,0.055,-680.5,Normal
BR003,2026-02-27,14,11,100.3,2.0818181818181816,3.3,0,0,0,0,12,720.0,0.139,-619.7,Normal
BR003,2026-02-27,15,4,71.6,2.25,3.1,0,0,0,1,12,720.0,0.099,-648.4,Normal
BR003,2026-03-02,9,13,86.4,2.123076923076923,3.3,0,0,4,0,12,720.0,0.12,-633.6,Normal
BR003,2026-03-02,10,19,184.7,2.5789473684210527,5.1,1,0,6,1,12,720.0,0.257,-535.3,Normal
BR003,2026-03-02,11,13,156.9,1.9461538461538461,3.4,0,0,2,3,12,720.0,0.218,-563.1,Normal
BR003,2026-03-02,12,14,90.1,2.564285714285714,7.8,1,0,2,0,12,720.0,0.125,-629.9,Normal
BR003,2026-03-02,13,11,103.8,2.1454545454545455,3.5,0,0,0,1,12,720.0,0.144,-616.2,Normal
BR003,2026-03-02,14,10,90.30000000000001,9.430000000000001,37.2,2,0,0,1,12,720.0,0.125,-629.7,Normal
BR003,2026-03-02,15,13,93.2,2.0538461538461537,3.1,1,0,0,0,12,720.0,0.129,-626.8,Normal
BR003,2026-03-02,16,1,8.8,3.3,3.3,0,0,0,0,12,720.0,0.012,-711.2,Normal
BR003,2026-03-03,9,14,140.0,2.692857142857143,10.8,1,0,2,2,12,720.0,0.194,-580.0,Normal
BR003,2026-03-03,10,18,200.20000000000002,4.105555555555556,18.8,3,0,3,3,12,720.0,0.278,-519.8,Normal
BR003,2026-03-03,11,14,155.7,5.978571428571429,26.4,4,0,2,3,12,720.0,0.216,-564.3,Normal
BR003,2026-03-03,12,17,204.6,3.635294117647059,20.7,2,0,2,4,12,720.0,0.284,-515.4,Normal
BR003,2026-03-03,13,10,108.2,2.12,3.4,3,0,1,2,12,720.0,0.15,-611.8,Normal
BR003,2026-03-03,14,12,135.70000000000002,2.9250000000000003,7.2,1,0,2,3,12,720.0,0.188,-584.3,Normal
BR003,2026-03-03,15,6,77.9,1.6833333333333333,2.5,0,0,0,1,12,720.0,0.108,-642.1,Normal
BR003,2026-03-05,9,14,194.3,2.357142857142857,3.4,0,0,2,2,12,720.0,0.27,-525.7,Normal
BR003,2026-03-05,10,15,142.9,3.1533333333333333,11.8,3,0,4,2,12,720.0,0.198,-577.1,Normal
BR003,2026-03-05,11,11,141.7,2.1,3.5,2,0,2,2,12,720.0,0.197,-578.3,Normal
BR003,2026-03-05,12,8,76.7,2.75,3.4,0,0,0,0,12,720.0,0.107,-643.3,Normal
BR003,2026-03-05,13,13,116.8,2.207692307692308,3.3,0,0,0,0,12,720.0,0.162,-603.2,Normal
BR003,2026-03-05,14,7,66.2,2.5714285714285716,3.4,0,0,0,0,12,720.0,0.092,-653.8,Normal
BR003,2026-03-05,15,9,99.2,2.1222222222222222,3.2,0,0,0,3,12,720.0,0.138,-620.8,Normal
BR003,2026-03-05,16,2,20.1,2.0,2.3,0,0,0,0,12,720.0,0.028,-699.9,Normal
BR003,2026-03-06,9,13,162.0,2.4692307692307693,3.5,0,0,2,3,12,720.0,0.225,-558.0,Normal
BR003,2026-03-06,10,18,153.3,8.677777777777777,39.6,3,1,4,2,12,720.0,0.213,-566.7,Normal
BR003,2026-03-06,11,23,225.4,7.543478260869565,30.8,5,0,2,3,12,720.0,0.313,-494.6,Normal
BR003,2026-03-06,12,19,242.9,3.1578947368421053,15.1,5,0,4,4,12,720.0,0.337,-477.1,Normal
BR003,2026-03-06,13,15,150.5,2.2066666666666666,3.4,3,0,2,1,12,720.0,0.209,-569.5,Normal
BR003,2026-03-06,14,6,63.9,2.216666666666667,3.4,0,0,1,0,12,720.0,0.089,-656.1,Normal
BR003,2026-03-06,15,5,85.1,2.38,3.5,0,0,1,1,12,720.0,0.118,-634.9,Normal
BR003,2026-03-06,16,2,19.1,2.15,2.3,0,0,0,0,12,720.0,0.027,-700.9,Normal
BR003,2026-03-07,9,12,206.8,2.716666666666667,9.5,1,0,6,4,12,720.0,0.287,-513.2,Normal
BR003,2026-03-07,10,11,84.4,2.3636363636363638,3.4,0,0,1,1,12,720.0,0.117,-635.6,Normal
BR003,2026-03-07,11,12,138.3,2.2416666666666667,3.3,0,0,0,2,12,720.0,0.192,-581.7,Normal
BR003,2026-03-07,12,7,85.6,1.8857142857142857,3.4,0,0,0,1,12,720.0,0.119,-634.4,Normal
BR003,2026-03-07,13,11,106.5,4.118181818181818,15.5,2,0,0,2,12,720.0,0.148,-613.5,Normal
BR003,2026-03-07,14,13,107.1,2.3846153846153846,3.5,1,0,0,1,12,720.0,0.149,-612.9,Normal
BR003,2026-03-07,15,5,81.80000000000001,2.56,3.1,0,0,0,1,12,720.0,0.114,-638.2,Normal
BR003,2026-03-09,9,15,148.5,2.453333333333333,3.4,0,0,5,2,12,720.0,0.206,-571.5,Normal
BR003,2026-03-09,10,15,157.4,8.139999999999999,35.4,3,0,2,1,12,720.0,0.219,-562.6,Normal
BR003,2026-03-09,11,20,139.1,3.2049999999999996,11.4,3,0,2,0,12,720.0,0.193,-580.9,Normal
BR003,2026-03-09,12,12,158.2,4.758333333333334,33.1,2,0,1,3,12,720.0,0.22,-561.8,Normal
BR003,2026-03-09,13,10,89.5,2.68,3.5,2,0,0,1,12,720.0,0.124,-630.5,Normal
BR003,2026-03-09,14,6,91.6,1.7833333333333332,3.5,0,0,0,2,12,720.0,0.127,-628.4,Normal
BR003,2026-03-09,15,8,97.9,2.6,3.5,0,0,0,1,12,720.0,0.136,-622.1,Normal
BR003,2026-03-10,9,12,91.4,2.2333333333333334,3.4,0,0,2,0,12,720.0,0.127,-628.6,Normal
BR003,2026-03-10,10,14,140.0,2.1142857142857143,3.3,0,0,2,1,12,720.0,0.194,-580.0,Normal
BR003,2026-03-10,11,10,60.6,1.8,3.3,0,0,3,0,12,720.0,0.084,-659.4,Normal
BR003,2026-03-10,12,10,144.2,2.08,3.4,0,0,0,3,12,720.0,0.2,-575.8,Normal
BR003,2026-03-10,13,10,82.7,2.57,3.2,0,0,0,0,12,720.0,0.115,-637.3,Normal
BR003,2026-03-10,14,5,53.5,1.6600000000000001,2.9,0,0,0,1,12,720.0,0.074,-666.5,Normal
BR003,2026-03-10,15,4,24.5,1.25,1.9,0,0,0,0,12,720.0,0.034,-695.5,Normal
BR003,2026-03-11,9,12,151.5,2.15,3.2,0,0,2,1,12,720.0,0.21,-568.5,Normal
BR003,2026-03-11,10,13,122.1,2.3461538461538463,3.4,0,0,3,1,12,720.0,0.17,-597.9,Normal
BR003,2026-03-11,11,13,125.7,2.4384615384615382,5.1,1,0,4,0,12,720.0,0.175,-594.3,Normal
BR003,2026-03-11,12,10,94.1,1.92,3.1,0,0,0,1,12,720.0,0.131,-625.9,Normal
BR003,2026-03-11,13,13,107.8,2.0,3.5,0,0,0,1,12,720.0,0.15,-612.2,Normal
BR003,2026-03-11,14,7,42.9,2.2142857142857144,3.3,0,0,0,0,12,720.0,0.06,-677.1,Normal
BR003,2026-03-11,15,2,8.0,3.05,3.4,0,0,0,0,12,720.0,0.011,-712.0,Normal
BR003,2026-03-12,9,21,279.0,2.7142857142857144,9.6,1,0,5,4,12,720.0,0.388,-441.0,Normal
BR003,2026-03-12,10,8,46.2,2.3875,3.3,0,0,3,0,12,720.0,0.064,-673.8,Normal
BR003,2026-03-12,11,12,174.5,2.341666666666667,3.5,0,0,0,4,12,720.0,0.242,-545.5,Normal
BR003,2026-03-12,12,6,82.1,2.0666666666666664,2.8,0,0,0,1,12,720.0,0.114,-637.9,Normal
BR003,2026-03-12,13,9,168.4,2.3,3.3,0,0,0,5,12,720.0,0.234,-551.6,Normal
BR003,2026-03-12,14,9,112.6,2.322222222222222,3.0,0,0,0,2,12,720.0,0.156,-607.4,Normal
BR003,2026-03-12,15,4,50.800000000000004,2.5,3.5,0,0,0,1,12,720.0,0.071,-669.2,Normal
BR003,2026-03-13,9,16,215.2,1.93125,5.3,1,0,4,5,12,720.0,0.299,-504.8,Normal
BR003,2026-03-13,10,13,160.2,3.6846153846153844,13.5,2,0,1,2,12,720.0,0.222,-559.8,Normal
BR003,2026-03-13,11,13,104.39999999999999,2.0,3.3,1,0,2,2,12,720.0,0.145,-615.6,Normal
BR003,2026-03-13,12,14,124.5,2.857142857142857,7.6,1,0,3,2,12,720.0,0.173,-595.5,Normal
BR003,2026-03-13,13,14,224.4,1.9928571428571427,3.1,1,0,0,4,12,720.0,0.312,-495.6,Normal
BR003,2026-03-13,14,10,71.3,2.02,3.1,0,0,2,0,12,720.0,0.099,-648.7,Normal
BR003,2026-03-13,15,6,32.3,2.4499999999999997,3.3,0,0,0,0,12,720.0,0.045,-687.7,Normal
BR003,2026-03-13,16,3,31.799999999999997,2.233333333333333,3.3,0,0,0,0,12,720.0,0.044,-688.2,Normal
BR003,2026-03-16,9,17,155.3,2.2705882352941176,3.5,0,0,1,1,12,720.0,0.216,-564.7,Normal
BR003,2026-03-16,10,16,180.7,4.88125,15.4,5,0,2,4,12,720.0,0.251,-539.3,Normal
BR003,2026-03-16,11,15,143.4,2.3733333333333335,3.5,5,0,2,1,12,720.0,0.199,-576.6,Normal
BR003,2026-03-16,12,10,184.79999999999998,1.7600000000000002,3.4,3,0,2,5,12,720.0,0.257,-535.2,Normal
BR003,2026-03-16,13,8,123.1,1.925,3.2,0,0,0,2,12,720.0,0.171,-596.9,Normal
BR003,2026-03-16,14,6,71.9,1.7166666666666668,2.3,0,0,1,1,12,720.0,0.1,-648.1,Normal
BR003,2026-03-16,15,7,58.9,2.442857142857143,3.2,0,0,0,0,12,720.0,0.082,-661.1,Normal
BR003,2026-03-17,9,13,133.2,2.430769230769231,3.2,0,0,4,2,12,720.0,0.185,-586.8,Normal
BR003,2026-03-17,10,9,85.7,2.211111111111111,3.4,0,0,1,1,12,720.0,0.119,-634.3,Normal
BR003,2026-03-17,11,9,122.0,1.9666666666666666,2.5,0,0,0,3,12,720.0,0.169,-598.0,Normal
BR003,2026-03-17,12,9,94.7,1.7000000000000002,2.8,0,0,0,1,12,720.0,0.132,-625.3,Normal
BR003,2026-03-17,13,7,38.0,1.9857142857142858,3.2,0,0,0,0,12,720.0,0.053,-682.0,Normal
BR003,2026-03-17,14,4,40.2,2.425,3.4,0,0,0,1,12,720.0,0.056,-679.8,Normal
BR003,2026-03-17,15,4,77.4,1.85,2.3,0,0,0,2,12,720.0,0.108,-642.6,Normal
BR003,2026-03-17,16,1,21.5,2.2,2.2,0,0,0,0,12,720.0,0.03,-698.5,Normal
BR003,2026-03-18,9,11,102.4,2.1545454545454543,7.0,1,0,0,1,12,720.0,0.142,-617.6,Normal
BR003,2026-03-18,10,11,157.6,2.0727272727272728,3.4,0,0,1,3,12,720.0,0.219,-562.4,Normal
BR003,2026-03-18,11,10,107.1,2.0300000000000002,3.2,0,0,1,1,12,720.0,0.149,-612.9,Normal
BR003,2026-03-18,12,13,126.6,2.7384615384615385,7.0,2,0,3,3,12,720.0,0.176,-593.4,Normal
BR003,2026-03-18,13,13,169.7,2.023076923076923,3.4,1,0,2,2,12,720.0,0.236,-550.3,Normal
BR003,2026-03-18,14,6,98.2,1.7666666666666666,3.4,0,0,1,1,12,720.0,0.136,-621.8,Normal
BR003,2026-03-18,15,7,44.0,2.457142857142857,2.9,0,0,0,0,12,720.0,0.061,-676.0,Normal
BR003,2026-03-18,16,1,2.0,3.3,3.3,0,0,0,0,12,720.0,0.003,-718.0,Normal
BR003,2026-03-19,9,14,136.8,2.7214285714285715,9.3,1,0,3,2,12,720.0,0.19,-583.2,Normal
BR003,2026-03-19,10,15,164.8,2.6266666666666665,4.2,1,0,3,2,12,720.0,0.229,-555.2,Normal
BR003,2026-03-19,11,6,45.8,1.8833333333333335,3.3,0,0,1,0,12,720.0,0.064,-674.2,Normal
BR003,2026-03-19,12,14,119.5,2.7714285714285714,9.6,1,0,0,1,12,720.0,0.166,-600.5,Normal
BR003,2026-03-19,13,9,62.6,2.488888888888889,3.5,0,0,0,1,12,720.0,0.087,-657.4,Normal
BR003,2026-03-19,14,6,63.7,1.5166666666666666,2.5,0,0,0,1,12,720.0,0.088,-656.3,Normal
BR003,2026-03-19,15,4,17.5,1.825,3.3,0,0,0,0,12,720.0,0.024,-702.5,Normal
BR003,2026-03-19,16,1,3.8,0.9,0.9,0,0,0,0,12,720.0,0.005,-716.2,Normal
BR003,2026-03-21,9,14,187.0,3.607142857142857,23.8,1,0,1,3,12,720.0,0.26,-533.0,Normal
BR003,2026-03-21,10,12,121.3,3.533333333333333,12.5,2,0,3,1,12,720.0,0.168,-598.7,Normal
BR003,2026-03-21,11,13,119.9,2.2846153846153845,3.5,0,0,3,1,12,720.0,0.167,-600.1,Normal
BR003,2026-03-21,12,10,87.0,2.3600000000000003,3.0,1,0,2,1,12,720.0,0.121,-633.0,Normal
BR003,2026-03-21,13,12,131.7,2.0749999999999997,3.3,0,0,1,2,12,720.0,0.183,-588.3,Normal
BR003,2026-03-21,14,6,53.0,2.3833333333333333,3.5,0,0,0,0,12,720.0,0.074,-667.0,Normal
BR003,2026-03-21,15,7,129.0,2.1,2.7,0,0,0,3,12,720.0,0.179,-591.0,Normal
BR003,2026-03-23,9,18,169.7,6.038888888888888,33.4,3,0,2,0,12,720.0,0.236,-550.3,Normal
BR003,2026-03-23,10,19,231.1,5.1947368421052635,25.5,2,0,7,4,12,720.0,0.321,-488.9,Normal
BR003,2026-03-23,11,12,145.6,2.0166666666666666,3.5,1,0,5,2,12,720.0,0.202,-574.4,Normal
BR003,2026-03-23,12,11,138.7,6.254545454545454,30.6,3,0,0,1,12,720.0,0.193,-581.3,Normal
BR003,2026-03-23,13,21,208.1,3.2,11.1,2,0,0,3,12,720.0,0.289,-511.9,Normal
BR003,2026-03-23,14,17,192.2,7.505882352941177,36.1,4,0,0,4,12,720.0,0.267,-527.8,Normal
BR003,2026-03-23,15,7,64.5,1.7142857142857142,2.9,2,0,0,0,12,720.0,0.09,-655.5,Normal
BR003,2026-03-23,16,2,15.600000000000001,1.75,2.5,3,0,0,0,12,720.0,0.022,-704.4,Normal
BR003,2026-03-24,9,11,101.69999999999999,2.3545454545454545,8.3,1,0,4,1,12,720.0,0.141,-618.3,Normal
BR003,2026-03-24,10,14,105.7,5.685714285714285,39.7,1,1,2,0,12,720.0,0.147,-614.3,Normal
BR003,2026-03-24,11,18,200.3,2.788888888888889,13.9,1,0,3,3,12,720.0,0.278,-519.7,Normal
BR003,2026-03-24,12,14,166.9,2.0357142857142856,3.5,0,0,0,3,12,720.0,0.232,-553.1,Normal
BR003,2026-03-24,13,7,110.5,1.7571428571428573,2.9,0,0,0,4,12,720.0,0.153,-609.5,Normal
BR003,2026-03-24,14,6,63.9,1.95,2.9,0,0,0,0,12,720.0,0.089,-656.1,Normal
BR003,2026-03-24,15,9,137.1,2.022222222222222,3.2,0,0,0,2,12,720.0,0.19,-582.9,Normal
BR003,2026-03-25,9,15,158.4,2.1,3.3,0,0,5,1,12,720.0,0.22,-561.6,Normal
BR003,2026-03-25,10,7,84.89999999999999,2.6714285714285713,3.4,0,0,1,2,12,720.0,0.118,-635.1,Normal
BR003,2026-03-25,11,14,142.3,1.8714285714285714,3.5,0,0,1,1,12,720.0,0.198,-577.7,Normal
BR003,2026-03-25,12,10,137.4,1.98,3.1,0,0,0,1,12,720.0,0.191,-582.6,Normal
BR003,2026-03-25,13,8,50.5,2.4875,3.5,0,0,0,0,12,720.0,0.07,-669.5,Normal
BR003,2026-03-25,14,6,80.7,2.5500000000000003,3.0,0,0,0,1,12,720.0,0.112,-639.3,Normal
BR003,2026-03-25,15,5,29.8,1.94,2.9,0,0,0,0,12,720.0,0.041,-690.2,Normal
BR003,2026-03-26,9,11,153.0,4.427272727272728,28.4,2,0,1,3,12,720.0,0.212,-567.0,Normal
BR003,2026-03-26,10,19,213.0,2.805263157894737,5.8,1,0,3,3,12,720.0,0.296,-507.0,Normal
BR003,2026-03-26,11,7,65.1,2.1285714285714286,3.3,0,0,2,0,12,720.0,0.09,-654.9,Normal
BR003,2026-03-26,12,7,51.3,2.2714285714285714,3.2,0,0,0,0,12,720.0,0.071,-668.7,Normal
BR003,2026-03-26,13,9,52.2,2.0444444444444443,3.4,0,0,0,1,12,720.0,0.073,-667.8,Normal
BR003,2026-03-26,14,5,49.0,2.2800000000000002,3.1,0,0,0,0,12,720.0,0.068,-671.0,Normal
BR003,2026-03-26,15,6,83.9,2.65,3.3,0,0,0,2,12,720.0,0.117,-636.1,Normal
BR003,2026-03-26,16,1,27.8,2.4,2.4,0,0,0,1,12,720.0,0.039,-692.2,Normal
BR003,2026-03-27,9,22,233.4,9.563636363636363,41.9,6,1,4,5,12,720.0,0.324,-486.6,Normal
BR003,2026-03-27,10,20,235.8,4.735,21.0,4,0,1,4,12,720.0,0.328,-484.2,Normal
BR003,2026-03-27,11,15,206.79999999999998,3.0066666666666664,13.7,5,0,3,4,12,720.0,0.287,-513.2,Normal
BR003,2026-03-27,12,13,135.8,4.092307692307693,30.2,1,0,1,2,12,720.0,0.189,-584.2,Normal
BR003,2026-03-27,13,12,131.4,2.0166666666666666,3.3,0,0,4,1,12,720.0,0.182,-588.6,Normal
BR003,2026-03-27,14,14,109.9,4.278571428571429,21.7,1,0,2,1,12,720.0,0.153,-610.1,Normal
BR003,2026-03-27,15,7,66.0,2.4,3.5,0,0,1,1,12,720.0,0.092,-654.0,Normal
BR004,2025-10-01,9,7,117.5,1.9428571428571428,3.2,0,0,1,2,7,420.0,0.28,-302.5,Normal
BR004,2025-10-01,10,7,56.199999999999996,1.8571428571428572,2.8,0,0,1,0,7,420.0,0.134,-363.8,Normal
BR004,2025-10-01,11,9,99.0,2.388888888888889,3.3,0,0,2,2,7,420.0,0.236,-321.0,Normal
BR004,2025-10-01,12,10,159.1,5.45,20.1,2,0,1,2,7,420.0,0.379,-260.9,Normal
BR004,2025-10-01,13,1,10.9,3.4,3.4,0,0,0,0,7,420.0,0.026,-409.1,Normal
BR004,2025-10-01,14,9,136.6,2.6888888888888887,3.4,1,0,0,2,7,420.0,0.325,-283.4,Normal
BR004,2025-10-01,15,3,34.0,2.4,3.1,0,0,0,0,7,420.0,0.081,-386.0,Normal
BR004,2025-10-03,9,20,169.0,10.135,41.0,8,1,3,2,7,420.0,0.402,-251.0,Normal
BR004,2025-10-03,10,11,66.6,10.727272727272727,51.9,7,1,2,1,7,420.0,0.159,-353.4,Normal
BR004,2025-10-03,11,14,234.9,5.45,18.2,7,0,2,4,7,420.0,0.559,-185.1,Normal
BR004,2025-10-03,12,12,151.6,6.516666666666667,34.6,4,0,1,2,7,420.0,0.361,-268.4,Normal
BR004,2025-10-03,13,9,132.5,7.444444444444445,40.8,3,1,0,2,7,420.0,0.315,-287.5,Normal
BR004,2025-10-03,14,11,94.0,2.909090909090909,7.8,3,0,0,0,7,420.0,0.224,-326.0,Normal
BR004,2025-10-03,15,3,43.0,1.8999999999999997,2.8,1,0,0,0,7,420.0,0.102,-377.0,Normal
BR004,2025-10-04,9,11,106.7,2.9545454545454546,8.0,1,0,3,1,7,420.0,0.254,-313.3,Normal
BR004,2025-10-04,10,11,117.1,27.563636363636363,64.5,9,3,3,4,7,420.0,0.279,-302.9,High
BR004,2025-10-04,11,15,118.4,13.16,50.2,12,1,4,1,7,420.0,0.282,-301.6,Normal
BR004,2025-10-04,12,12,141.6,28.175,64.6,16,4,1,3,7,420.0,0.337,-278.4,High
BR004,2025-10-04,13,13,74.5,38.66153846153846,64.1,28,5,1,0,7,420.0,0.177,-345.5,Critical
BR004,2025-10-04,14,16,111.3,38.73125,64.6,42,7,0,4,7,420.0,0.265,-308.7,Critical
BR004,2025-10-04,15,10,86.9,33.95,64.9,45,4,0,2,7,420.0,0.207,-333.1,High
BR004,2025-10-04,16,1,12.1,8.0,8.0,46,0,0,0,7,420.0,0.029,-407.9,Normal
BR004,2025-10-06,9,15,177.70000000000002,9.193333333333333,39.8,3,1,5,4,7,420.0,0.423,-242.3,Normal
BR004,2025-10-06,10,9,154.9,5.433333333333334,32.4,2,0,1,1,7,420.0,0.369,-265.1,Normal
BR004,2025-10-06,11,9,86.7,1.7555555555555555,2.8,0,0,0,0,7,420.0,0.206,-333.3,Normal
BR004,2025-10-06,12,6,44.300000000000004,3.5499999999999994,11.7,1,0,0,0,7,420.0,0.105,-375.7,Normal
BR004,2025-10-06,13,12,179.3,2.775,3.5,1,0,0,4,7,420.0,0.427,-240.7,Normal
BR004,2025-10-06,14,4,47.6,1.7,2.1,0,0,0,1,7,420.0,0.113,-372.4,Normal
BR004,2025-10-06,15,6,84.9,1.9833333333333332,3.0,0,0,0,0,7,420.0,0.202,-335.1,Normal
BR004,2025-10-07,9,11,103.8,2.0818181818181816,3.4,0,0,1,0,7,420.0,0.247,-316.2,Normal
BR004,2025-10-07,10,8,116.30000000000001,1.7625,2.6,0,0,0,2,7,420.0,0.277,-303.7,Normal
BR004,2025-10-07,11,5,85.0,2.04,3.1,0,0,2,1,7,420.0,0.202,-335.0,Normal
BR004,2025-10-07,12,9,90.0,2.2555555555555555,3.4,1,0,3,1,7,420.0,0.214,-330.0,Normal
BR004,2025-10-07,13,3,70.0,1.866666666666667,2.7,0,0,0,2,7,420.0,0.167,-350.0,Normal
BR004,2025-10-07,14,11,145.9,3.209090909090909,10.7,2,0,0,4,7,420.0,0.347,-274.1,Normal
BR004,2025-10-07,15,4,24.299999999999997,1.75,2.6,0,0,1,0,7,420.0,0.058,-395.7,Normal
BR004,2025-10-07,16,2,15.8,1.2,1.4,1,0,0,0,7,420.0,0.038,-404.2,Normal
BR004,2025-10-08,9,10,154.9,5.13,28.9,2,0,3,2,7,420.0,0.369,-265.1,Normal
BR004,2025-10-08,10,12,120.2,2.441666666666667,6.5,1,0,1,1,7,420.0,0.286,-299.8,Normal
BR004,2025-10-08,11,4,41.3,2.25,3.0,1,0,0,0,7,420.0,0.098,-378.7,Normal
BR004,2025-10-08,12,4,28.0,2.55,3.2,0,0,0,0,7,420.0,0.067,-392.0,Normal
BR004,2025-10-08,13,3,31.099999999999998,2.4,3.1,0,0,0,1,7,420.0,0.074,-388.9,Normal
BR004,2025-10-08,14,2,13.6,1.85,2.9,0,0,0,0,7,420.0,0.032,-406.4,Normal
BR004,2025-10-08,15,3,59.3,1.9333333333333333,2.5,0,0,0,1,7,420.0,0.141,-360.7,Normal
BR004,2025-10-09,9,8,116.9,5.2125,29.4,1,0,2,1,7,420.0,0.278,-303.1,Normal
BR004,2025-10-09,10,13,131.1,4.3076923076923075,16.1,2,0,2,3,7,420.0,0.312,-288.9,Normal
BR004,2025-10-09,11,8,69.0,2.075,3.3,1,0,0,0,7,420.0,0.164,-351.0,Normal
BR004,2025-10-09,12,5,99.5,1.8,2.7,0,0,2,2,7,420.0,0.237,-320.5,Normal
BR004,2025-10-09,13,8,95.7,2.6625,6.5,1,0,0,1,7,420.0,0.228,-324.3,Normal
BR004,2025-10-09,14,3,50.9,2.3333333333333335,2.5,0,0,0,1,7,420.0,0.121,-369.1,Normal
BR004,2025-10-09,15,4,69.9,2.125,2.6,0,0,0,2,7,420.0,0.166,-350.1,Normal
BR004,2025-10-10,9,9,138.8,2.7666666666666666,7.6,1,0,1,2,7,420.0,0.33,-281.2,Normal
BR004,2025-10-10,10,6,69.6,2.3166666666666664,3.3,0,0,0,0,7,420.0,0.166,-350.4,Normal
BR004,2025-10-10,11,4,36.3,1.9,2.4,0,0,0,0,7,420.0,0.086,-383.7,Normal
BR004,2025-10-10,12,7,81.1,4.8,22.2,1,0,0,1,7,420.0,0.193,-338.9,Normal
BR004,2025-10-10,13,6,71.8,4.366666666666666,15.1,2,0,3,1,7,420.0,0.171,-348.2,Normal
BR004,2025-10-10,14,7,104.2,2.1714285714285713,3.0,1,0,2,1,7,420.0,0.248,-315.8,Normal
BR004,2025-10-10,15,2,15.600000000000001,2.1,2.7,0,0,0,0,7,420.0,0.037,-404.4,Normal
BR004,2025-10-13,9,10,117.8,2.59,3.5,0,0,1,2,7,420.0,0.28,-302.2,Normal
BR004,2025-10-13,10,11,136.8,2.6999999999999997,4.8,2,0,3,2,7,420.0,0.326,-283.2,Normal
BR004,2025-10-13,11,9,100.7,2.4000000000000004,3.1,0,0,1,2,7,420.0,0.24,-319.3,Normal
BR004,2025-10-13,12,7,131.2,2.4714285714285715,3.5,1,0,0,3,7,420.0,0.312,-288.8,Normal
BR004,2025-10-13,13,6,53.7,2.6666666666666665,3.5,0,0,0,1,7,420.0,0.128,-366.3,Normal
BR004,2025-10-13,14,9,136.5,1.7777777777777777,2.7,0,0,0,4,7,420.0,0.325,-283.5,Normal
BR004,2025-10-13,15,2,11.8,2.0,3.0,0,0,0,0,7,420.0,0.028,-408.2,Normal
BR004,2025-10-14,9,13,173.3,4.684615384615385,23.8,2,0,2,3,7,420.0,0.413,-246.7,Normal
BR004,2025-10-14,10,10,100.8,6.57,19.4,2,0,3,0,7,420.0,0.24,-319.2,Normal
BR004,2025-10-14,11,8,93.0,2.2125,3.2,1,0,0,0,7,420.0,0.221,-327.0,Normal
BR004,2025-10-14,12,5,53.7,1.9600000000000002,3.0,0,0,1,1,7,420.0,0.128,-366.3,Normal
BR004,2025-10-14,13,5,42.400000000000006,1.94,3.2,0,0,0,0,7,420.0,0.101,-377.6,Normal
BR004,2025-10-14,14,6,55.3,2.25,2.7,0,0,0,1,7,420.0,0.132,-364.7,Normal
BR004,2025-10-14,15,3,21.6,1.8,2.5,0,0,0,0,7,420.0,0.051,-398.4,Normal
BR004,2025-10-15,9,8,101.1,1.9,2.7,0,0,2,1,7,420.0,0.241,-318.9,Normal
BR004,2025-10-15,10,5,76.8,2.2199999999999998,2.6,0,0,1,1,7,420.0,0.183,-343.2,Normal
BR004,2025-10-15,11,7,79.8,2.357142857142857,3.5,0,0,3,1,7,420.0,0.19,-340.2,Normal
BR004,2025-10-15,12,8,92.4,2.0,3.0,0,0,0,2,7,420.0,0.22,-327.6,Normal
BR004,2025-10-15,13,2,31.1,1.6,2.0,0,0,0,0,7,420.0,0.074,-388.9,Normal
BR004,2025-10-15,14,7,103.7,3.8714285714285714,13.5,1,0,0,3,7,420.0,0.247,-316.3,Normal
BR004,2025-10-15,15,4,35.6,2.3,3.0,0,0,0,0,7,420.0,0.085,-384.4,Normal
BR004,2025-10-15,16,1,7.9,1.9,1.9,0,0,0,0,7,420.0,0.019,-412.1,Normal
BR004,2025-10-16,9,10,124.8,6.5200000000000005,29.0,4,0,4,1,7,420.0,0.297,-295.2,Normal
BR004,2025-10-16,10,4,50.2,2.575,3.4,0,0,0,1,7,420.0,0.12,-369.8,Normal
BR004,2025-10-16,11,8,100.9,2.2625,3.3,3,0,1,1,7,420.0,0.24,-319.1,Normal
BR004,2025-10-16,12,6,77.2,1.5166666666666666,2.9,0,0,0,2,7,420.0,0.184,-342.8,Normal
BR004,2025-10-16,13,4,40.3,2.25,2.4,0,0,0,0,7,420.0,0.096,-379.7,Normal
BR004,2025-10-16,14,8,75.8,2.0375,3.2,0,0,0,1,7,420.0,0.18,-344.2,Normal
BR004,2025-10-16,15,5,81.60000000000001,1.6800000000000002,2.8,0,0,0,2,7,420.0,0.194,-338.4,Normal
BR004,2025-10-17,9,13,191.4,6.661538461538461,30.0,4,0,2,3,7,420.0,0.456,-228.6,Normal
BR004,2025-10-17,10,5,31.6,3.8,13.2,3,0,1,0,7,420.0,0.075,-388.4,Normal
BR004,2025-10-17,11,12,157.6,2.7083333333333335,7.4,3,0,1,3,7,420.0,0.375,-262.4,Normal
BR004,2025-10-17,12,8,66.8,2.2125,4.2,1,0,2,1,7,420.0,0.159,-353.2,Normal
BR004,2025-10-17,13,6,42.3,2.5833333333333335,3.3,0,0,0,0,7,420.0,0.101,-377.7,Normal
BR004,2025-10-17,14,8,85.89999999999999,2.025,3.2,0,0,0,1,7,420.0,0.205,-334.1,Normal
BR004,2025-10-17,15,4,46.1,3.275,3.5,0,0,0,2,7,420.0,0.11,-373.9,Normal
BR004,2025-10-18,9,7,80.9,8.471428571428572,40.2,3,1,1,2,7,420.0,0.193,-339.1,Normal
BR004,2025-10-18,10,15,209.5,5.760000000000001,17.5,5,0,3,4,7,420.0,0.499,-210.5,Normal
BR004,2025-10-18,11,9,116.6,2.8,3.9,3,0,2,1,7,420.0,0.278,-303.4,Normal
BR004,2025-10-18,12,8,91.4,4.75,20.7,2,0,1,0,7,420.0,0.218,-328.6,Normal
BR004,2025-10-18,13,8,88.10000000000001,3.0999999999999996,9.1,2,0,0,1,7,420.0,0.21,-331.9,Normal
BR004,2025-10-18,14,4,57.0,2.375,3.3,1,0,0,1,7,420.0,0.136,-363.0,Normal
BR004,2025-10-18,15,3,54.199999999999996,2.6,2.9,0,0,0,1,7,420.0,0.129,-365.8,Normal
BR004,2025-10-22,9,5,100.4,2.68,2.9,0,0,1,3,7,420.0,0.239,-319.6,Normal
BR004,2025-10-22,10,12,140.7,2.591666666666667,3.2,0,0,3,3,7,420.0,0.335,-279.3,Normal
BR004,2025-10-22,11,5,43.7,2.08,3.2,0,0,0,0,7,420.0,0.104,-376.3,Normal
BR004,2025-10-22,12,4,38.7,1.5999999999999999,2.8,0,0,1,1,7,420.0,0.092,-381.3,Normal
BR004,2025-10-22,13,3,51.3,1.5666666666666667,2.0,0,0,0,1,7,420.0,0.122,-368.7,Normal
BR004,2025-10-22,14,2,18.5,2.45,2.5,0,0,0,0,7,420.0,0.044,-401.5,Normal
BR004,2025-10-22,15,2,11.8,2.05,2.2,0,0,0,0,7,420.0,0.028,-408.2,Normal
BR004,2025-10-22,16,2,12.0,2.45,3.4,0,0,0,0,7,420.0,0.029,-408.0,Normal
BR004,2025-10-23,9,4,54.699999999999996,1.7,2.8,0,0,1,1,7,420.0,0.13,-365.3,Normal
BR004,2025-10-23,10,5,71.2,13.179999999999998,35.3,3,0,2,1,7,420.0,0.17,-348.8,Normal
BR004,2025-10-23,11,13,200.1,2.9384615384615382,10.7,4,0,2,4,7,420.0,0.476,-219.9,Normal
BR004,2025-10-23,12,4,28.3,2.65,3.5,2,0,0,0,7,420.0,0.067,-391.7,Normal
BR004,2025-10-23,13,3,16.2,2.0,3.4,0,0,0,0,7,420.0,0.039,-403.8,Normal
BR004,2025-10-23,14,6,65.8,2.716666666666667,3.5,0,0,0,1,7,420.0,0.157,-354.2,Normal
BR004,2025-10-23,15,2,39.7,1.35,1.8,0,0,0,1,7,420.0,0.095,-380.3,Normal
BR004,2025-10-23,16,1,8.3,2.4,2.4,0,0,0,0,7,420.0,0.02,-411.7,Normal
BR004,2025-10-24,9,8,72.0,1.9,5.1,1,0,0,0,7,420.0,0.171,-348.0,Normal
BR004,2025-10-24,10,9,106.2,9.811111111111112,37.2,3,0,2,0,7,420.0,0.253,-313.8,Normal
BR004,2025-10-24,11,12,164.7,2.975,8.5,2,0,2,2,7,420.0,0.392,-255.3,Normal
BR004,2025-10-24,12,8,68.2,2.35,3.2,1,0,1,0,7,420.0,0.162,-351.8,Normal
BR004,2025-10-24,13,5,87.5,2.1399999999999997,3.1,0,0,2,2,7,420.0,0.208,-332.5,Normal
BR004,2025-10-24,14,6,33.4,2.1999999999999997,3.0,0,0,1,0,7,420.0,0.08,-386.6,Normal
BR004,2025-10-24,15,5,73.0,2.2600000000000002,3.2,0,0,0,1,7,420.0,0.174,-347.0,Normal
BR004,2025-10-27,9,12,116.4,1.8499999999999999,3.5,1,0,4,1,7,420.0,0.277,-303.6,Normal
BR004,2025-10-27,10,10,111.7,2.8,9.8,1,0,1,2,7,420.0,0.266,-308.3,Normal
BR004,2025-10-27,11,7,73.0,2.185714285714286,3.1,0,0,1,1,7,420.0,0.174,-347.0,Normal
BR004,2025-10-27,12,10,136.1,7.13,28.1,2,0,0,3,7,420.0,0.324,-283.9,Normal
BR004,2025-10-27,13,9,105.9,2.066666666666667,2.7,0,0,0,0,7,420.0,0.252,-314.1,Normal
BR004,2025-10-27,14,2,17.799999999999997,3.05,3.4,1,0,0,0,7,420.0,0.042,-402.2,Normal
BR004,2025-10-27,15,4,87.9,1.8250000000000002,3.2,0,0,0,2,7,420.0,0.209,-332.1,Normal
BR004,2025-10-27,16,1,3.0,2.2,2.2,0,0,0,0,7,420.0,0.007,-417.0,Normal
BR004,2025-10-28,9,10,114.1,6.909999999999999,28.4,2,0,1,1,7,420.0,0.272,-305.9,Normal
BR004,2025-10-28,10,6,80.5,4.0,11.6,1,0,2,1,7,420.0,0.192,-339.5,Normal
BR004,2025-10-28,11,16,162.4,2.925,11.1,1,0,4,1,7,420.0,0.387,-257.6,Normal
BR004,2025-10-28,12,8,89.39999999999999,8.1875,29.8,2,0,1,1,7,420.0,0.213,-330.6,Normal
BR004,2025-10-28,13,8,82.2,2.475,3.3,0,0,1,1,7,420.0,0.196,-337.8,Normal
BR004,2025-10-28,14,9,109.69999999999999,1.8444444444444446,3.3,1,0,0,2,7,420.0,0.261,-310.3,Normal
BR004,2025-10-28,15,2,7.7,2.55,3.3,0,0,0,0,7,420.0,0.018,-412.3,Normal
BR004,2025-10-28,16,1,8.7,2.9,2.9,0,0,0,0,7,420.0,0.021,-411.3,Normal
BR004,2025-10-29,9,13,139.8,11.100000000000001,48.8,7,1,1,1,7,420.0,0.333,-280.2,Normal
BR004,2025-10-29,10,15,217.1,8.74,39.0,6,1,4,3,7,420.0,0.517,-202.9,Normal
BR004,2025-10-29,11,13,143.5,4.823076923076924,21.6,4,0,2,2,7,420.0,0.342,-276.5,Normal
BR004,2025-10-29,12,6,56.1,2.65,3.3,1,0,0,1,7,420.0,0.134,-363.9,Normal
BR004,2025-10-29,13,4,20.4,2.15,3.3,0,0,0,0,7,420.0,0.049,-399.6,Normal
BR004,2025-10-29,14,8,86.9,3.525,13.8,1,0,0,0,7,420.0,0.207,-333.1,Normal
BR004,2025-10-29,15,4,55.3,2.1,3.3,0,0,0,2,7,420.0,0.132,-364.7,Normal
BR004,2025-10-29,16,1,9.9,2.9,2.9,0,0,0,0,7,420.0,0.024,-410.1,Normal
BR004,2025-10-30,9,12,117.0,11.808333333333332,41.9,8,1,5,2,7,420.0,0.279,-303.0,Normal
BR004,2025-10-30,10,19,206.3,9.989473684210527,51.3,7,1,4,2,7,420.0,0.491,-213.7,Normal
BR004,2025-10-30,11,12,124.60000000000001,6.741666666666667,49.5,7,0,0,1,7,420.0,0.297,-295.4,Normal
BR004,2025-10-30,12,10,115.0,4.83,29.1,5,0,2,1,7,420.0,0.274,-305.0,Normal
BR004,2025-10-30,13,11,133.70000000000002,2.518181818181818,5.8,1,0,0,2,7,420.0,0.318,-286.3,Normal
BR004,2025-10-30,14,8,111.0,1.8375,2.9,0,0,0,2,7,420.0,0.264,-309.0,Normal
BR004,2025-10-30,15,2,28.0,2.8499999999999996,2.9,0,0,0,0,7,420.0,0.067,-392.0,Normal
BR004,2025-10-31,9,9,69.30000000000001,22.022222222222222,50.2,3,3,1,2,7,420.0,0.165,-350.7,Moderate
BR004,2025-10-31,10,8,73.10000000000001,20.7,56.2,5,2,2,2,7,420.0,0.174,-346.9,Moderate
BR004,2025-10-31,11,11,157.0,24.627272727272725,43.7,15,2,2,4,7,420.0,0.374,-263.0,Moderate
BR004,2025-10-31,12,15,164.4,26.746666666666666,63.6,23,2,2,2,7,420.0,0.391,-255.6,High
BR004,2025-10-31,13,11,103.9,24.99090909090909,63.1,28,2,2,2,7,420.0,0.247,-316.1,Moderate
BR004,2025-10-31,14,8,145.6,21.85,63.4,29,0,0,3,7,420.0,0.347,-274.4,Moderate
BR004,2025-10-31,15,8,72.6,8.2375,42.9,28,1,0,1,7,420.0,0.173,-347.4,Normal
BR004,2025-10-31,16,1,18.1,3.2,3.2,28,0,0,0,7,420.0,0.043,-401.9,Normal
BR004,2025-11-03,9,17,156.2,5.670588235294118,32.6,3,0,5,1,7,420.0,0.372,-263.8,Normal
BR004,2025-11-03,10,10,131.7,11.98,45.3,5,1,4,3,7,420.0,0.314,-288.3,Normal
BR004,2025-11-03,11,15,178.1,3.5533333333333332,13.6,5,0,1,3,7,420.0,0.424,-241.9,Normal
BR004,2025-11-03,12,13,166.9,8.169230769230769,44.3,6,0,0,2,7,420.0,0.397,-253.1,Normal
BR004,2025-11-03,13,6,70.5,2.1166666666666667,3.4,4,0,0,0,7,420.0,0.168,-349.5,Normal
BR004,2025-11-03,14,6,57.900000000000006,2.266666666666667,3.2,5,0,0,1,7,420.0,0.138,-362.1,Normal
BR004,2025-11-03,15,4,61.5,2.025,2.4,0,0,0,1,7,420.0,0.146,-358.5,Normal
BR004,2025-11-03,16,1,20.5,3.4,3.4,0,0,0,0,7,420.0,0.049,-399.5,Normal
BR004,2025-11-04,9,5,60.2,1.8800000000000001,2.8,0,0,1,0,7,420.0,0.143,-359.8,Normal
BR004,2025-11-04,10,9,93.7,2.8111111111111113,3.5,0,0,3,1,7,420.0,0.223,-326.3,Normal
BR004,2025-11-04,11,8,77.5,2.875,5.7,1,0,1,1,7,420.0,0.185,-342.5,Normal
BR004,2025-11-04,12,11,130.8,1.9272727272727272,3.5,0,0,1,1,7,420.0,0.311,-289.2,Normal
BR004,2025-11-04,13,9,101.4,2.2222222222222223,3.0,0,0,0,1,7,420.0,0.241,-318.6,Normal
BR004,2025-11-04,14,6,60.5,2.0500000000000003,2.9,0,0,0,0,7,420.0,0.144,-359.5,Normal
BR004,2025-11-04,15,7,82.6,2.4857142857142853,3.4,0,0,0,1,7,420.0,0.197,-337.4,Normal
BR004,2025-11-04,16,1,12.7,2.0,2.0,0,0,0,0,7,420.0,0.03,-407.3,Normal
BR004,2025-11-05,9,13,164.3,10.215384615384616,51.6,5,1,3,3,7,420.0,0.391,-255.7,Normal
BR004,2025-11-05,10,12,120.6,3.375,9.8,5,0,6,2,7,420.0,0.287,-299.4,Normal
BR004,2025-11-05,11,6,77.7,4.8,16.6,3,0,0,1,7,420.0,0.185,-342.3,Normal
BR004,2025-11-05,12,10,150.0,7.919999999999999,35.3,1,0,0,2,7,420.0,0.357,-270.0,Normal
BR004,2025-11-05,13,10,107.3,2.65,3.5,0,0,0,1,7,420.0,0.255,-312.7,Normal
BR004,2025-11-05,14,7,115.7,4.671428571428572,24.2,1,0,0,3,7,420.0,0.275,-304.3,Normal
BR004,2025-11-05,15,6,92.9,1.6500000000000001,2.9,0,0,0,2,7,420.0,0.221,-327.1,Normal
BR004,2025-11-06,9,4,69.69999999999999,2.6500000000000004,3.2,0,0,2,2,7,420.0,0.166,-350.3,Normal
BR004,2025-11-06,10,5,86.5,9.78,18.9,2,0,3,2,7,420.0,0.206,-333.5,Normal
BR004,2025-11-06,11,6,82.6,2.183333333333333,3.4,1,0,0,2,7,420.0,0.197,-337.4,Normal
BR004,2025-11-06,12,9,73.8,23.655555555555555,61.2,4,2,1,0,7,420.0,0.176,-346.2,Moderate
BR004,2025-11-06,13,9,82.7,21.444444444444443,50.0,6,2,0,2,7,420.0,0.197,-337.3,Moderate
BR004,2025-11-06,14,7,100.5,13.857142857142858,41.6,7,0,0,1,7,420.0,0.239,-319.5,Normal
BR004,2025-11-06,15,4,30.6,7.325,22.0,6,0,0,0,7,420.0,0.073,-389.4,Normal
BR004,2025-11-07,9,11,151.7,4.954545454545454,19.3,2,0,3,3,7,420.0,0.361,-268.3,Normal
BR004,2025-11-07,10,17,205.3,8.276470588235293,44.6,3,1,2,4,7,420.0,0.489,-214.7,Normal
BR004,2025-11-07,11,11,206.0,3.9545454545454546,12.7,3,0,1,6,7,420.0,0.49,-214.0,Normal
BR004,2025-11-07,12,11,114.7,2.972727272727273,6.5,1,0,0,1,7,420.0,0.273,-305.3,Normal
BR004,2025-11-07,13,2,17.9,3.15,3.3,0,0,0,0,7,420.0,0.043,-402.1,Normal
BR004,2025-11-07,14,8,59.199999999999996,3.0625,3.4,0,0,0,0,7,420.0,0.141,-360.8,Normal
BR004,2025-11-07,15,2,32.8,2.2,3.3,0,0,0,0,7,420.0,0.078,-387.2,Normal
BR004,2025-11-07,16,2,8.0,2.05,3.1,0,0,0,0,7,420.0,0.019,-412.0,Normal
BR004,2025-11-10,9,8,64.8,6.3875,17.5,2,0,3,0,7,420.0,0.154,-355.2,Normal
BR004,2025-11-10,10,17,194.4,22.45294117647059,52.2,11,2,3,2,7,420.0,0.463,-225.6,Moderate
BR004,2025-11-10,11,13,145.5,10.13846153846154,33.6,12,0,1,1,7,420.0,0.346,-274.5,Normal
BR004,2025-11-10,12,5,78.9,1.7,2.6,10,0,0,1,7,420.0,0.188,-341.1,Normal
BR004,2025-11-10,13,10,138.79999999999998,3.37,14.4,7,0,0,2,7,420.0,0.33,-281.2,Normal
BR004,2025-11-10,14,10,126.1,4.8,26.4,2,0,0,2,7,420.0,0.3,-293.9,Normal
BR004,2025-11-10,15,2,72.69999999999999,2.25,2.9,0,0,0,2,7,420.0,0.173,-347.3,Normal
BR004,2025-11-10,16,1,8.2,2.3,2.3,0,0,0,0,7,420.0,0.02,-411.8,Normal
BR004,2025-11-11,9,6,75.5,2.6333333333333333,3.9,1,0,0,1,7,420.0,0.18,-344.5,Normal
BR004,2025-11-11,10,11,159.4,2.1545454545454543,3.1,1,0,0,3,7,420.0,0.38,-260.6,Normal
BR004,2025-11-11,11,10,127.5,2.27,3.4,1,0,2,2,7,420.0,0.304,-292.5,Normal
BR004,2025-11-11,12,5,66.7,2.2800000000000002,3.4,0,0,1,1,7,420.0,0.159,-353.3,Normal
BR004,2025-11-11,13,8,124.1,2.2125,3.1,0,0,1,4,7,420.0,0.295,-295.9,Normal
BR004,2025-11-11,14,4,74.8,2.9,3.5,0,0,0,2,7,420.0,0.178,-345.2,Normal
BR004,2025-11-11,15,2,14.3,2.65,2.9,0,0,0,0,7,420.0,0.034,-405.7,Normal
BR004,2025-11-12,9,10,124.3,3.9299999999999997,16.9,1,0,2,3,7,420.0,0.296,-295.7,Normal
BR004,2025-11-12,10,10,90.3,4.6899999999999995,22.0,1,0,3,1,7,420.0,0.215,-329.7,Normal
BR004,2025-11-12,11,8,100.6,2.45,3.4,0,0,1,1,7,420.0,0.24,-319.4,Normal
BR004,2025-11-12,12,3,39.3,2.266666666666667,3.0,0,0,0,1,7,420.0,0.094,-380.7,Normal
BR004,2025-11-12,13,8,125.0,3.55,16.4,1,0,0,2,7,420.0,0.298,-295.0,Normal
BR004,2025-11-12,14,8,70.6,2.3375,2.9,0,0,0,0,7,420.0,0.168,-349.4,Normal
BR004,2025-11-12,15,1,20.8,2.4,2.4,0,0,0,0,7,420.0,0.05,-399.2,Normal
BR004,2025-11-13,9,4,41.3,2.375,3.1,0,0,1,0,7,420.0,0.098,-378.7,Normal
BR004,2025-11-13,10,5,36.7,1.98,3.1,0,0,0,0,7,420.0,0.087,-383.3,Normal
BR004,2025-11-13,11,4,72.1,2.6,3.3,0,0,1,1,7,420.0,0.172,-347.9,Normal
BR004,2025-11-13,12,7,68.2,2.557142857142857,3.5,0,0,1,0,7,420.0,0.162,-351.8,Normal
BR004,2025-11-13,13,6,109.4,1.8166666666666667,3.4,0,0,0,1,7,420.0,0.26,-310.6,Normal
BR004,2025-11-13,14,3,28.6,2.6999999999999997,3.4,0,0,0,0,7,420.0,0.068,-391.4,Normal
BR004,2025-11-13,15,4,40.9,1.825,3.3,0,0,0,0,7,420.0,0.097,-379.1,Normal
BR004,2025-11-14,9,9,113.2,2.2,3.4,0,0,3,1,7,420.0,0.27,-306.8,Normal
BR004,2025-11-14,10,8,93.1,6.625,26.1,2,0,1,2,7,420.0,0.222,-326.9,Normal
BR004,2025-11-14,11,11,152.0,5.109090909090909,16.0,2,0,1,2,7,420.0,0.362,-268.0,Normal
BR004,2025-11-14,12,8,104.5,7.5125,23.8,2,0,1,1,7,420.0,0.249,-315.5,Normal
BR004,2025-11-14,13,9,81.1,2.1555555555555554,3.3,1,0,0,1,7,420.0,0.193,-338.9,Normal
BR004,2025-11-14,14,5,58.0,2.06,3.3,0,0,0,1,7,420.0,0.138,-362.0,Normal
BR004,2025-11-14,15,5,48.1,2.2800000000000002,3.4,0,0,0,1,7,420.0,0.115,-371.9,Normal
BR004,2025-11-14,16,1,12.5,2.1,2.1,0,0,0,0,7,420.0,0.03,-407.5,Normal
BR004,2025-11-15,9,11,77.10000000000001,6.045454545454546,32.9,3,0,2,0,7,420.0,0.184,-342.9,Normal
BR004,2025-11-15,10,16,213.5,7.75,41.0,6,1,6,3,7,420.0,0.508,-206.5,Normal
BR004,2025-11-15,11,12,155.7,4.108333333333333,14.2,5,0,1,1,7,420.0,0.371,-264.3,Normal
BR004,2025-11-15,12,2,21.200000000000003,16.5,30.9,1,0,0,0,7,420.0,0.05,-398.8,Moderate
BR004,2025-11-15,13,9,75.7,1.8555555555555554,3.2,1,0,0,0,7,420.0,0.18,-344.3,Normal
BR004,2025-11-15,14,8,71.6,2.4125,3.3,0,0,0,0,7,420.0,0.17,-348.4,Normal
BR004,2025-11-15,15,3,32.7,2.1,2.8,0,0,0,1,7,420.0,0.078,-387.3,Normal
BR004,2025-11-17,9,13,239.29999999999998,8.2,36.9,4,0,3,6,7,420.0,0.57,-180.7,Normal
BR004,2025-11-17,10,18,179.6,17.4,52.3,10,5,2,3,7,420.0,0.428,-240.4,Moderate
BR004,2025-11-17,11,17,206.8,13.029411764705882,45.3,11,1,3,3,7,420.0,0.492,-213.2,Normal
BR004,2025-11-17,12,10,143.0,4.88,19.0,10,0,2,0,7,420.0,0.34,-277.0,Normal
BR004,2025-11-17,13,5,57.0,2.6399999999999997,3.3,7,0,0,1,7,420.0,0.136,-363.0,Normal
BR004,2025-11-17,14,3,65.4,2.0333333333333337,3.1,1,0,0,1,7,420.0,0.156,-354.6,Normal
BR004,2025-11-17,15,3,33.5,2.3666666666666667,3.3,2,0,0,1,7,420.0,0.08,-386.5,Normal
BR004,2025-11-18,9,7,57.7,3.0142857142857147,6.9,1,0,3,0,7,420.0,0.137,-362.3,Normal
BR004,2025-11-18,10,8,105.10000000000001,2.125,3.3,0,0,1,1,7,420.0,0.25,-314.9,Normal
BR004,2025-11-18,11,12,133.8,3.5749999999999997,12.7,2,0,3,1,7,420.0,0.319,-286.2,Normal
BR004,2025-11-18,12,8,74.8,1.9,3.2,1,0,0,1,7,420.0,0.178,-345.2,Normal
BR004,2025-11-18,13,6,131.3,9.116666666666667,24.3,2,0,0,4,7,420.0,0.313,-288.7,Normal
BR004,2025-11-18,14,7,86.9,6.257142857142858,27.1,2,0,0,1,7,420.0,0.207,-333.1,Normal
BR004,2025-11-18,15,6,74.3,2.15,3.1,1,0,0,0,7,420.0,0.177,-345.7,Normal
BR004,2025-11-19,9,10,105.8,2.6100000000000003,3.5,0,0,2,0,7,420.0,0.252,-314.2,Normal
BR004,2025-11-19,10,15,181.6,11.08,33.6,5,0,2,2,7,420.0,0.432,-238.4,Normal
BR004,2025-11-19,11,7,115.9,2.257142857142857,3.4,3,0,2,2,7,420.0,0.276,-304.1,Normal
BR004,2025-11-19,12,7,66.7,3.9285714285714284,13.1,4,0,0,1,7,420.0,0.159,-353.3,Normal
BR004,2025-11-19,13,6,100.7,1.8,2.5,1,0,0,2,7,420.0,0.24,-319.3,Normal
BR004,2025-11-19,14,8,72.6,2.3,3.1,0,0,0,0,7,420.0,0.173,-347.4,Normal
BR004,2025-11-19,15,2,11.0,2.5,2.9,0,0,0,0,7,420.0,0.026,-409.0,Normal
BR004,2025-11-20,9,6,90.4,2.6166666666666667,3.4,0,0,1,2,7,420.0,0.215,-329.6,Normal
BR004,2025-11-20,10,10,126.7,5.15,22.6,2,0,1,2,7,420.0,0.302,-293.3,Normal
BR004,2025-11-20,11,10,119.7,4.09,19.9,1,0,2,1,7,420.0,0.285,-300.3,Normal
BR004,2025-11-20,12,8,50.5,2.1375,3.5,0,0,2,0,7,420.0,0.12,-369.5,Normal
BR004,2025-11-20,13,9,101.4,2.2444444444444445,3.4,0,0,0,1,7,420.0,0.241,-318.6,Normal
BR004,2025-11-20,14,5,70.1,2.06,3.3,0,0,0,2,7,420.0,0.167,-349.9,Normal
BR004,2025-11-20,15,2,25.0,2.3,2.9,0,0,0,0,7,420.0,0.06,-395.0,Normal
BR004,2025-11-21,9,14,100.0,3.707142857142857,24.0,1,0,5,0,7,420.0,0.238,-320.0,Normal
BR004,2025-11-21,10,12,166.3,2.433333333333333,3.7,2,0,1,3,7,420.0,0.396,-253.7,Normal
BR004,2025-11-21,11,9,76.4,2.111111111111111,3.3,1,0,0,0,7,420.0,0.182,-343.6,Normal
BR004,2025-11-21,12,7,56.0,3.9428571428571426,12.3,2,0,0,0,7,420.0,0.133,-364.0,Normal
BR004,2025-11-21,13,5,40.7,2.18,3.4,1,0,0,0,7,420.0,0.097,-379.3,Normal
BR004,2025-11-21,14,6,69.3,1.9000000000000001,2.5,0,0,0,1,7,420.0,0.165,-350.7,Normal
BR004,2025-11-21,15,5,94.3,2.7800000000000002,3.4,0,0,0,3,7,420.0,0.225,-325.7,Normal
BR004,2025-11-21,16,1,13.8,2.3,2.3,0,0,0,0,7,420.0,0.033,-406.2,Normal
BR004,2025-11-24,9,10,110.4,1.94,3.4,0,0,0,1,7,420.0,0.263,-309.6,Normal
BR004,2025-11-24,10,12,141.8,4.408333333333333,13.4,4,0,2,0,7,420.0,0.338,-278.2,Normal
BR004,2025-11-24,11,8,85.7,3.9000000000000004,17.1,2,0,1,1,7,420.0,0.204,-334.3,Normal
BR004,2025-11-24,12,7,124.1,2.585714285714286,3.5,1,0,1,2,7,420.0,0.295,-295.9,Normal
BR004,2025-11-24,13,6,59.800000000000004,2.5166666666666666,2.9,0,0,1,0,7,420.0,0.142,-360.2,Normal
BR004,2025-11-24,14,2,36.9,2.15,2.5,0,0,1,0,7,420.0,0.088,-383.1,Normal
BR004,2025-11-24,15,4,45.300000000000004,1.5,3.0,0,0,0,1,7,420.0,0.108,-374.7,Normal
BR004,2025-11-24,16,2,38.0,3.0999999999999996,3.4,0,0,0,1,7,420.0,0.09,-382.0,Normal
BR004,2025-11-25,9,12,158.3,2.4250000000000003,5.6,1,0,4,2,7,420.0,0.377,-261.7,Normal
BR004,2025-11-25,10,10,114.30000000000001,5.45,26.8,1,0,1,2,7,420.0,0.272,-305.7,Normal
BR004,2025-11-25,11,6,67.5,2.316666666666667,3.3,0,0,1,1,7,420.0,0.161,-352.5,Normal
BR004,2025-11-25,12,8,119.39999999999999,9.3875,34.3,2,0,0,2,7,420.0,0.284,-300.6,Normal
BR004,2025-11-25,13,7,69.6,1.4857142857142858,2.3,1,0,0,2,7,420.0,0.166,-350.4,Normal
BR004,2025-11-25,14,5,90.6,2.3600000000000003,3.1,0,0,0,2,7,420.0,0.216,-329.4,Normal
BR004,2025-11-25,15,2,22.0,2.4,3.0,0,0,0,0,7,420.0,0.052,-398.0,Normal
BR004,2025-11-25,16,1,7.1,1.6,1.6,0,0,0,0,7,420.0,0.017,-412.9,Normal
BR004,2025-11-26,9,6,113.2,2.433333333333333,3.3,0,0,1,3,7,420.0,0.27,-306.8,Normal
BR004,2025-11-26,10,14,192.4,6.6571428571428575,40.0,2,0,3,3,7,420.0,0.458,-227.6,Normal
BR004,2025-11-26,11,8,113.9,1.625,2.9,1,0,1,1,7,420.0,0.271,-306.1,Normal
BR004,2025-11-26,12,4,66.0,1.475,2.0,0,0,0,1,7,420.0,0.157,-354.0,Normal
BR004,2025-11-26,13,8,91.3,2.125,3.4,0,0,0,3,7,420.0,0.217,-328.7,Normal
BR004,2025-11-26,14,3,52.4,1.5,1.6,0,0,0,1,7,420.0,0.125,-367.6,Normal
BR004,2025-11-26,15,4,72.30000000000001,2.05,2.9,0,0,0,2,7,420.0,0.172,-347.7,Normal
BR004,2025-11-27,9,7,79.3,4.042857142857143,13.9,1,0,2,0,7,420.0,0.189,-340.7,Normal
BR004,2025-11-27,10,5,81.5,1.8199999999999998,3.3,0,0,0,2,7,420.0,0.194,-338.5,Normal
BR004,2025-11-27,11,5,58.4,1.8800000000000001,2.2,0,0,2,1,7,420.0,0.139,-361.6,Normal
BR004,2025-11-27,12,4,19.8,1.9,2.5,0,0,0,0,7,420.0,0.047,-400.2,Normal
BR004,2025-11-27,13,7,134.5,2.2,3.5,0,0,1,1,7,420.0,0.32,-285.5,Normal
BR004,2025-11-27,14,4,60.2,1.9000000000000001,3.0,0,0,0,1,7,420.0,0.143,-359.8,Normal
BR004,2025-11-27,15,5,38.5,2.44,3.0,0,0,0,0,7,420.0,0.092,-381.5,Normal
BR004,2025-11-27,16,1,6.4,3.1,3.1,0,0,0,0,7,420.0,0.015,-413.6,Normal
BR004,2025-11-28,9,21,230.0,9.095238095238095,37.8,3,0,5,0,7,420.0,0.548,-190.0,Normal
BR004,2025-11-28,10,12,124.6,4.508333333333334,19.7,4,0,4,1,7,420.0,0.297,-295.4,Normal
BR004,2025-11-28,11,17,201.3,13.911764705882353,45.5,9,2,2,4,7,420.0,0.479,-218.7,Normal
BR004,2025-11-28,12,14,143.2,4.571428571428571,21.6,8,0,2,2,7,420.0,0.341,-276.8,Normal
BR004,2025-11-28,13,7,49.2,1.957142857142857,3.0,3,0,0,0,7,420.0,0.117,-370.8,Normal
BR004,2025-11-28,14,10,154.9,4.34,19.6,3,0,0,3,7,420.0,0.369,-265.1,Normal
BR004,2025-11-28,15,6,66.3,3.516666666666667,9.3,2,0,0,1,7,420.0,0.158,-353.7,Normal
BR004,2025-11-29,9,17,167.5,8.652941176470588,52.0,6,2,2,2,7,420.0,0.399,-252.5,Normal
BR004,2025-11-29,10,17,188.6,13.194117647058825,50.2,5,2,4,3,7,420.0,0.449,-231.4,Normal
BR004,2025-11-29,11,13,155.7,2.623076923076923,7.0,5,0,2,3,7,420.0,0.371,-264.3,Normal
BR004,2025-11-29,12,11,129.9,5.790909090909091,28.6,4,0,2,0,7,420.0,0.309,-290.1,Normal
BR004,2025-11-29,13,15,185.5,4.22,16.0,4,0,1,3,7,420.0,0.442,-234.5,Normal
BR004,2025-11-29,14,8,106.9,6.6625000000000005,27.8,2,0,0,1,7,420.0,0.255,-313.1,Normal
BR004,2025-11-29,15,9,111.7,3.1,6.7,3,0,0,0,7,420.0,0.266,-308.3,Normal
BR004,2025-11-29,16,1,8.0,3.4,3.4,1,0,0,0,7,420.0,0.019,-412.0,Normal
BR004,2025-12-01,9,11,82.1,5.827272727272727,16.5,3,0,3,0,7,420.0,0.195,-337.9,Normal
BR004,2025-12-01,10,12,161.5,2.6,5.0,2,0,4,3,7,420.0,0.385,-258.5,Normal
BR004,2025-12-01,11,10,83.5,2.67,7.6,1,0,0,1,7,420.0,0.199,-336.5,Normal
BR004,2025-12-01,12,8,163.1,3.475,11.9,1,0,0,3,7,420.0,0.388,-256.9,Normal
BR004,2025-12-01,13,6,126.9,2.6333333333333333,5.4,2,0,0,3,7,420.0,0.302,-293.1,Normal
BR004,2025-12-01,14,9,98.0,4.144444444444445,22.5,3,0,0,1,7,420.0,0.233,-322.0,Normal
BR004,2025-12-01,15,5,48.7,2.46,2.9,2,0,0,0,7,420.0,0.116,-371.3,Normal
BR004,2025-12-02,9,12,175.0,3.1916666666666664,13.5,1,0,1,3,7,420.0,0.417,-245.0,Normal
BR004,2025-12-02,10,9,59.3,17.4,38.5,4,1,2,0,7,420.0,0.141,-360.7,Moderate
BR004,2025-12-02,11,13,159.2,5.446153846153846,26.4,5,0,0,1,7,420.0,0.379,-260.8,Normal
BR004,2025-12-02,12,6,92.7,2.4833333333333334,3.3,4,0,3,2,7,420.0,0.221,-327.3,Normal
BR004,2025-12-02,13,6,61.5,1.7833333333333332,3.3,0,0,1,1,7,420.0,0.146,-358.5,Normal
BR004,2025-12-02,14,4,57.8,1.975,2.4,0,0,0,1,7,420.0,0.138,-362.2,Normal
BR004,2025-12-02,15,7,121.2,2.3857142857142857,3.4,0,0,0,3,7,420.0,0.289,-298.8,Normal
BR004,2025-12-03,9,8,99.0,6.05,29.3,2,0,2,1,7,420.0,0.236,-321.0,Normal
BR004,2025-12-03,10,10,129.8,1.8599999999999999,2.8,1,0,3,2,7,420.0,0.309,-290.2,Normal
BR004,2025-12-03,11,10,104.2,4.58,18.7,1,0,1,1,7,420.0,0.248,-315.8,Normal
BR004,2025-12-03,12,13,207.9,5.276923076923077,19.4,5,0,0,5,7,420.0,0.495,-212.1,Normal
BR004,2025-12-03,13,9,102.9,3.1222222222222222,8.0,2,0,0,1,7,420.0,0.245,-317.1,Normal
BR004,2025-12-03,14,5,61.5,2.54,3.4,0,0,0,1,7,420.0,0.146,-358.5,Normal
BR004,2025-12-03,15,3,52.2,1.8,2.1,0,0,0,1,7,420.0,0.124,-367.8,Normal
BR004,2025-12-04,9,9,74.5,2.111111111111111,3.4,0,0,1,0,7,420.0,0.177,-345.5,Normal
BR004,2025-12-04,10,5,50.2,3.3,8.8,1,0,2,0,7,420.0,0.12,-369.8,Normal
BR004,2025-12-04,11,6,67.4,2.1166666666666667,3.3,0,0,1,1,7,420.0,0.16,-352.6,Normal
BR004,2025-12-04,12,7,93.1,6.314285714285715,23.0,2,0,2,2,7,420.0,0.222,-326.9,Normal
BR004,2025-12-04,13,11,149.6,2.3272727272727276,3.4,1,0,2,1,7,420.0,0.356,-270.4,Normal
BR004,2025-12-04,14,7,63.9,5.214285714285714,22.9,1,0,0,1,7,420.0,0.152,-356.1,Normal
BR004,2025-12-04,15,5,65.2,2.34,3.4,0,0,0,1,7,420.0,0.155,-354.8,Normal
BR004,2025-12-04,16,3,50.4,2.3333333333333335,3.0,0,0,0,1,7,420.0,0.12,-369.6,Normal
BR004,2025-12-05,9,20,239.5,10.165,35.9,6,0,2,3,7,420.0,0.57,-180.5,Normal
BR004,2025-12-05,10,8,102.5,12.4625,39.2,8,1,1,1,7,420.0,0.244,-317.5,Normal
BR004,2025-12-05,11,18,160.3,8.600000000000001,32.8,7,0,3,1,7,420.0,0.382,-259.7,Normal
BR004,2025-12-05,12,16,189.0,6.53125,32.9,4,0,2,1,7,420.0,0.45,-231.0,Normal
BR004,2025-12-05,13,8,113.4,2.8125,6.6,1,0,1,0,7,420.0,0.27,-306.6,Normal
BR004,2025-12-05,14,12,168.20000000000002,2.0,3.4,0,0,2,2,7,420.0,0.4,-251.8,Normal
BR004,2025-12-05,15,1,25.2,2.3,2.3,0,0,0,1,7,420.0,0.06,-394.8,Normal
BR004,2025-12-05,16,1,19.9,1.9,1.9,0,0,0,0,7,420.0,0.047,-400.1,Normal
BR004,2025-12-06,9,11,102.7,2.036363636363636,3.4,0,0,5,0,7,420.0,0.245,-317.3,Normal
BR004,2025-12-06,10,11,107.6,2.5545454545454547,5.0,1,0,1,2,7,420.0,0.256,-312.4,Normal
BR004,2025-12-06,11,6,81.8,1.9666666666666668,2.7,0,0,1,1,7,420.0,0.195,-338.2,Normal
BR004,2025-12-06,12,11,150.3,15.072727272727274,46.6,6,1,0,3,7,420.0,0.358,-269.7,Moderate
BR004,2025-12-06,13,6,43.3,2.5833333333333335,4.3,5,0,0,0,7,420.0,0.103,-376.7,Normal
BR004,2025-12-06,14,2,22.9,2.75,2.9,4,0,0,0,7,420.0,0.055,-397.1,Normal
BR004,2025-12-06,15,2,17.8,1.4500000000000002,1.8,3,0,0,0,7,420.0,0.042,-402.2,Normal
BR004,2025-12-06,16,1,4.1,2.2,2.2,0,0,0,0,7,420.0,0.01,-415.9,Normal
BR004,2025-12-08,9,6,67.0,6.3500000000000005,16.1,1,0,3,0,7,420.0,0.16,-353.0,Normal
BR004,2025-12-08,10,17,141.0,3.135294117647059,10.7,5,0,2,1,7,420.0,0.336,-279.0,Normal
BR004,2025-12-08,11,8,43.6,22.0875,46.0,5,2,1,0,7,420.0,0.104,-376.4,Moderate
BR004,2025-12-08,12,11,97.2,5.509090909090909,22.3,2,0,2,1,7,420.0,0.231,-322.8,Normal
BR004,2025-12-08,13,7,96.7,2.1142857142857143,3.5,4,0,0,1,7,420.0,0.23,-323.3,Normal
BR004,2025-12-08,14,11,142.0,2.5,6.8,1,0,0,2,7,420.0,0.338,-278.0,Normal
BR004,2025-12-08,15,4,41.800000000000004,2.6,3.4,0,0,0,0,7,420.0,0.1,-378.2,Normal
BR004,2025-12-08,16,1,16.8,1.2,1.2,0,0,0,0,7,420.0,0.04,-403.2,Normal
BR004,2025-12-09,9,7,43.0,2.4857142857142853,3.4,0,0,1,0,7,420.0,0.102,-377.0,Normal
BR004,2025-12-09,10,10,125.6,2.7399999999999998,6.3,1,0,3,3,7,420.0,0.299,-294.4,Normal
BR004,2025-12-09,11,8,95.9,2.2875,3.1,0,0,1,1,7,420.0,0.228,-324.1,Normal
BR004,2025-12-09,12,7,56.2,1.5714285714285714,3.4,0,0,0,0,7,420.0,0.134,-363.8,Normal
BR004,2025-12-09,13,4,18.6,2.0,3.5,0,0,0,0,7,420.0,0.044,-401.4,Normal
BR004,2025-12-09,14,4,64.5,1.825,2.4,0,0,0,1,7,420.0,0.154,-355.5,Normal
BR004,2025-12-09,15,2,27.299999999999997,1.85,2.1,0,0,0,0,7,420.0,0.065,-392.7,Normal
BR004,2025-12-10,9,9,118.7,2.211111111111111,3.3,0,0,2,2,7,420.0,0.283,-301.3,Normal
BR004,2025-12-10,10,6,118.69999999999999,1.3500000000000003,2.2,0,0,1,3,7,420.0,0.283,-301.3,Normal
BR004,2025-12-10,11,6,47.3,2.766666666666667,3.3,0,0,0,1,7,420.0,0.113,-372.7,Normal
BR004,2025-12-10,12,8,94.6,3.45,8.5,2,0,1,2,7,420.0,0.225,-325.4,Normal
BR004,2025-12-10,13,3,14.1,2.3000000000000003,2.6,0,0,0,0,7,420.0,0.034,-405.9,Normal
BR004,2025-12-10,14,3,46.8,2.2333333333333334,3.1,1,0,0,0,7,420.0,0.111,-373.2,Normal
BR004,2025-12-10,15,4,46.1,2.6,3.5,0,0,0,0,7,420.0,0.11,-373.9,Normal
BR004,2025-12-11,9,9,114.89999999999999,15.455555555555556,59.1,3,1,2,2,7,420.0,0.274,-305.1,Moderate
BR004,2025-12-11,10,14,119.8,31.392857142857142,63.6,12,5,2,2,7,420.0,0.285,-300.2,High
BR004,2025-12-11,11,14,70.9,36.93571428571429,64.9,21,6,1,1,7,420.0,0.169,-349.1,Critical
BR004,2025-12-11,12,4,63.3,39.875,63.8,20,0,0,2,7,420.0,0.151,-356.7,Critical
BR004,2025-12-11,13,5,103.1,11.02,26.9,19,0,0,2,7,420.0,0.245,-316.9,Normal
BR004,2025-12-11,14,5,57.9,12.919999999999998,59.4,20,1,0,1,7,420.0,0.138,-362.1,Normal
BR004,2025-12-11,15,6,111.1,2.316666666666667,3.0,18,0,0,2,7,420.0,0.265,-308.9,Normal
BR004,2025-12-12,9,14,184.3,4.614285714285714,19.5,2,0,3,5,7,420.0,0.439,-235.7,Normal
BR004,2025-12-12,10,12,125.5,11.558333333333332,44.1,4,1,1,1,7,420.0,0.299,-294.5,Normal
BR004,2025-12-12,11,13,162.0,5.023076923076923,28.9,3,0,4,2,7,420.0,0.386,-258.0,Normal
BR004,2025-12-12,12,8,113.9,1.9625,3.2,1,0,0,2,7,420.0,0.271,-306.1,Normal
BR004,2025-12-12,13,3,34.5,3.0666666666666664,3.3,0,0,0,0,7,420.0,0.082,-385.5,Normal
BR004,2025-12-12,14,11,95.1,2.6363636363636362,7.3,1,0,0,1,7,420.0,0.226,-324.9,Normal
BR004,2025-12-12,15,5,104.8,2.7399999999999998,3.4,0,0,0,2,7,420.0,0.25,-315.2,Normal
BR004,2025-12-12,16,1,5.3,2.3,2.3,0,0,0,0,7,420.0,0.013,-414.7,Normal
BR004,2025-12-15,9,7,98.3,3.0,7.8,1,0,1,2,7,420.0,0.234,-321.7,Normal
BR004,2025-12-15,10,13,108.6,14.307692307692308,41.7,5,2,4,0,7,420.0,0.259,-311.4,Normal
BR004,2025-12-15,11,9,130.2,1.8444444444444446,3.1,4,0,1,2,7,420.0,0.31,-289.8,Normal
BR004,2025-12-15,12,7,89.0,3.1714285714285713,7.7,2,0,0,2,7,420.0,0.212,-331.0,Normal
BR004,2025-12-15,13,11,182.79999999999998,8.0,30.4,3,0,0,4,7,420.0,0.435,-237.2,Normal
BR004,2025-12-15,14,7,83.2,2.1714285714285713,3.0,2,0,0,1,7,420.0,0.198,-336.8,Normal
BR004,2025-12-15,15,4,23.2,2.4,2.5,0,0,0,0,7,420.0,0.055,-396.8,Normal
BR004,2025-12-16,9,3,34.2,2.1333333333333333,2.8,0,0,0,0,7,420.0,0.081,-385.8,Normal
BR004,2025-12-16,10,11,157.4,7.3090909090909095,47.2,1,0,3,2,7,420.0,0.375,-262.6,Normal
BR004,2025-12-16,11,9,94.8,3.5999999999999996,14.6,1,0,1,1,7,420.0,0.226,-325.2,Normal
BR004,2025-12-16,12,10,123.6,2.07,3.3,0,0,1,2,7,420.0,0.294,-296.4,Normal
BR004,2025-12-16,13,4,44.4,2.0,3.5,0,0,0,1,7,420.0,0.106,-375.6,Normal
BR004,2025-12-16,14,5,87.7,1.86,2.8,0,0,1,1,7,420.0,0.209,-332.3,Normal
BR004,2025-12-16,15,3,27.2,1.8333333333333333,1.9,0,0,0,0,7,420.0,0.065,-392.8,Normal
BR004,2025-12-17,9,6,62.1,1.7333333333333334,3.2,0,0,0,1,7,420.0,0.148,-357.9,Normal
BR004,2025-12-17,10,10,126.19999999999999,7.8,27.7,2,0,2,1,7,420.0,0.3,-293.8,Normal
BR004,2025-12-17,11,11,175.3,1.9909090909090907,3.2,2,0,2,3,7,420.0,0.417,-244.7,Normal
BR004,2025-12-17,12,5,31.7,1.6800000000000002,2.5,1,0,1,0,7,420.0,0.075,-388.3,Normal
BR004,2025-12-17,13,6,68.3,2.15,3.5,0,0,0,1,7,420.0,0.163,-351.7,Normal
BR004,2025-12-17,14,8,77.6,2.0375,3.5,0,0,1,0,7,420.0,0.185,-342.4,Normal
BR004,2025-12-17,15,2,31.099999999999998,2.95,3.4,0,0,1,1,7,420.0,0.074,-388.9,Normal
BR004,2025-12-17,16,1,8.0,1.3,1.3,0,0,0,0,7,420.0,0.019,-412.0,Normal
BR004,2025-12-18,9,6,83.1,1.6833333333333333,3.3,0,0,1,1,7,420.0,0.198,-336.9,Normal
BR004,2025-12-18,10,13,181.7,8.076923076923077,35.5,4,0,2,2,7,420.0,0.433,-238.3,Normal
BR004,2025-12-18,11,5,48.3,2.2199999999999998,3.6,2,0,1,0,7,420.0,0.115,-371.7,Normal
BR004,2025-12-18,12,5,61.2,1.8399999999999999,3.1,3,0,0,0,7,420.0,0.146,-358.8,Normal
BR004,2025-12-18,13,2,15.5,0.9,1.0,0,0,1,0,7,420.0,0.037,-404.5,Normal
BR004,2025-12-18,14,6,87.0,1.6500000000000001,2.4,0,0,1,2,7,420.0,0.207,-333.0,Normal
BR004,2025-12-18,15,5,91.2,2.82,3.5,0,0,0,1,7,420.0,0.217,-328.8,Normal
BR004,2025-12-18,16,1,36.2,2.5,2.5,0,0,0,1,7,420.0,0.086,-383.8,Normal
BR004,2025-12-19,9,10,161.5,5.67,33.8,3,0,2,2,7,420.0,0.385,-258.5,Normal
BR004,2025-12-19,10,17,241.4,11.805882352941175,50.5,4,1,4,4,7,420.0,0.575,-178.6,Normal
BR004,2025-12-19,11,15,174.4,8.413333333333332,32.8,3,0,0,4,7,420.0,0.415,-245.6,Normal
BR004,2025-12-19,12,8,99.89999999999999,2.1625,3.0,1,0,0,1,7,420.0,0.238,-320.1,Normal
BR004,2025-12-19,13,4,58.4,2.4,3.2,1,0,0,0,7,420.0,0.139,-361.6,Normal
BR004,2025-12-19,14,5,65.7,1.8399999999999999,3.4,0,0,0,1,7,420.0,0.156,-354.3,Normal
BR004,2025-12-19,15,4,45.099999999999994,2.55,3.4,0,0,0,0,7,420.0,0.107,-374.9,Normal
BR004,2025-12-19,16,1,6.1,2.3,2.3,0,0,0,0,7,420.0,0.015,-413.9,Normal
BR004,2025-12-20,9,9,129.4,2.066666666666667,5.1,1,0,1,3,7,420.0,0.308,-290.6,Normal
BR004,2025-12-20,10,11,127.9,6.6,27.6,3,0,2,2,7,420.0,0.305,-292.1,Normal
BR004,2025-12-20,11,7,67.1,4.342857142857143,16.1,2,0,2,1,7,420.0,0.16,-352.9,Normal
BR004,2025-12-20,12,8,97.9,2.0875,3.1,1,0,1,2,7,420.0,0.233,-322.1,Normal
BR004,2025-12-20,13,6,60.8,1.9000000000000001,3.2,0,0,0,0,7,420.0,0.145,-359.2,Normal
BR004,2025-12-20,14,3,41.5,1.8,2.8,0,0,0,0,7,420.0,0.099,-378.5,Normal
BR004,2025-12-20,15,3,32.9,1.9333333333333333,3.3,0,0,0,1,7,420.0,0.078,-387.1,Normal
BR004,2025-12-22,9,15,169.5,7.706666666666666,44.0,2,0,2,3,7,420.0,0.404,-250.5,Normal
BR004,2025-12-22,10,10,153.1,2.4,3.3,1,0,0,2,7,420.0,0.365,-266.9,Normal
BR004,2025-12-22,11,12,130.5,7.8,25.8,5,0,4,2,7,420.0,0.311,-289.5,Normal
BR004,2025-12-22,12,5,72.7,2.18,3.2,1,0,1,1,7,420.0,0.173,-347.3,Normal
BR004,2025-12-22,13,4,41.4,2.175,3.2,4,0,1,0,7,420.0,0.099,-378.6,Normal
BR004,2025-12-22,14,3,26.2,2.533333333333333,3.2,0,0,0,0,7,420.0,0.062,-393.8,Normal
BR004,2025-12-22,15,3,19.1,2.466666666666667,3.1,0,0,0,0,7,420.0,0.045,-400.9,Normal
BR004,2025-12-22,16,1,4.1,1.7,1.7,0,0,0,0,7,420.0,0.01,-415.9,Normal
BR004,2025-12-23,9,14,179.0,2.9714285714285715,10.6,1,0,3,1,7,420.0,0.426,-241.0,Normal
BR004,2025-12-23,10,6,56.8,2.6666666666666665,3.4,0,0,1,0,7,420.0,0.135,-363.2,Normal
BR004,2025-12-23,11,6,117.4,2.8166666666666664,3.4,0,0,0,2,7,420.0,0.28,-302.6,Normal
BR004,2025-12-23,12,6,91.5,2.033333333333333,3.3,0,0,1,2,7,420.0,0.218,-328.5,Normal
BR004,2025-12-23,13,2,32.4,1.1,1.1,0,0,0,1,7,420.0,0.077,-387.6,Normal
BR004,2025-12-23,14,7,91.1,1.9142857142857144,3.0,0,0,0,1,7,420.0,0.217,-328.9,Normal
BR004,2025-12-23,16,1,5.3,1.8,1.8,0,0,0,0,7,420.0,0.013,-414.7,Normal
BR004,2025-12-24,9,8,106.0,2.475,8.4,1,0,1,3,7,420.0,0.252,-314.0,Normal
BR004,2025-12-24,10,5,30.5,2.08,3.2,0,0,1,0,7,420.0,0.073,-389.5,Normal
BR004,2025-12-24,11,4,24.4,2.475,3.2,0,0,0,0,7,420.0,0.058,-395.6,Normal
BR004,2025-12-24,12,10,150.2,2.21,3.7,1,0,3,3,7,420.0,0.358,-269.8,Normal
BR004,2025-12-24,13,5,54.6,2.32,3.4,0,0,0,1,7,420.0,0.13,-365.4,Normal
BR004,2025-12-24,14,7,71.0,8.171428571428573,23.9,2,0,0,1,7,420.0,0.169,-349.0,Normal
BR004,2025-12-24,15,7,75.9,1.7571428571428573,3.3,1,0,0,1,7,420.0,0.181,-344.1,Normal
BR004,2025-12-26,9,10,175.8,5.1,32.6,1,0,2,3,7,420.0,0.419,-244.2,Normal
BR004,2025-12-26,10,12,137.3,3.6,15.1,3,0,3,2,7,420.0,0.327,-282.7,Normal
BR004,2025-12-26,11,11,109.9,12.381818181818181,43.7,4,0,1,1,7,420.0,0.262,-310.1,Normal
BR004,2025-12-26,12,10,79.0,4.2299999999999995,20.5,3,0,4,0,7,420.0,0.188,-341.0,Normal
BR004,2025-12-26,13,10,175.1,3.12,10.4,2,0,0,3,7,420.0,0.417,-244.9,Normal
BR004,2025-12-26,14,9,98.9,3.0444444444444447,11.3,1,0,0,0,7,420.0,0.235,-321.1,Normal
BR004,2025-12-26,15,5,56.5,2.2600000000000002,2.9,0,0,0,0,7,420.0,0.135,-363.5,Normal
BR004,2025-12-26,16,1,3.0,2.8,2.8,0,0,0,0,7,420.0,0.007,-417.0,Normal
BR004,2025-12-29,9,16,165.1,2.89375,9.7,2,0,4,0,7,420.0,0.393,-254.9,Normal
BR004,2025-12-29,10,13,180.4,4.7153846153846155,27.7,2,0,3,2,7,420.0,0.43,-239.6,Normal
BR004,2025-12-29,11,19,251.5,5.878947368421053,25.0,3,0,4,4,7,420.0,0.599,-168.5,Normal
BR004,2025-12-29,12,17,163.2,18.27058823529412,52.3,9,3,0,3,7,420.0,0.389,-256.8,Moderate
BR004,2025-12-29,13,14,132.6,4.428571428571429,11.8,10,0,0,1,7,420.0,0.316,-287.4,Normal
BR004,2025-12-29,14,10,97.9,6.7299999999999995,31.1,8,0,0,1,7,420.0,0.233,-322.1,Normal
BR004,2025-12-29,15,5,50.3,2.66,3.3,0,0,0,0,7,420.0,0.12,-369.7,Normal
BR004,2025-12-30,9,12,181.4,3.641666666666667,10.0,2,0,1,4,7,420.0,0.432,-238.6,Normal
BR004,2025-12-30,10,10,114.3,5.67,25.3,3,0,2,2,7,420.0,0.272,-305.7,Normal
BR004,2025-12-30,11,9,139.5,3.0999999999999996,9.8,2,0,0,2,7,420.0,0.332,-280.5,Normal
BR004,2025-12-30,12,15,202.7,6.053333333333333,21.0,3,0,4,4,7,420.0,0.483,-217.3,Normal
BR004,2025-12-30,13,7,82.60000000000001,1.6857142857142855,2.3,2,0,0,1,7,420.0,0.197,-337.4,Normal
BR004,2025-12-30,14,3,37.9,1.6666666666666667,2.1,0,0,0,1,7,420.0,0.09,-382.1,Normal
BR004,2025-12-30,15,4,29.599999999999998,2.05,3.4,0,0,0,0,7,420.0,0.07,-390.4,Normal
BR004,2025-12-31,9,8,72.7,1.675,4.2,1,0,2,1,7,420.0,0.173,-347.3,Normal
BR004,2025-12-31,10,13,137.9,7.184615384615385,32.1,4,0,5,2,7,420.0,0.328,-282.1,Normal
BR004,2025-12-31,11,10,169.3,3.35,14.4,3,0,1,3,7,420.0,0.403,-250.7,Normal
BR004,2025-12-31,12,10,95.4,4.58,18.5,3,0,1,1,7,420.0,0.227,-324.6,Normal
BR004,2025-12-31,13,8,90.3,2.4,3.4,0,0,0,1,7,420.0,0.215,-329.7,Normal
BR004,2025-12-31,14,5,50.0,2.46,3.3,0,0,0,0,7,420.0,0.119,-370.0,Normal
BR004,2025-12-31,15,7,99.7,1.8428571428571427,2.9,0,0,0,1,7,420.0,0.237,-320.3,Normal
BR004,2025-12-31,16,1,7.1,2.4,2.4,0,0,0,0,7,420.0,0.017,-412.9,Normal
BR004,2026-01-02,9,15,163.29999999999998,31.720000000000002,64.4,8,5,3,4,7,420.0,0.389,-256.7,High
BR004,2026-01-02,10,18,202.5,27.811111111111114,62.4,23,5,5,3,7,420.0,0.482,-217.5,High
BR004,2026-01-02,11,12,66.1,40.06666666666667,64.7,29,6,2,1,7,420.0,0.157,-353.9,Critical
BR004,2026-01-02,12,15,167.8,38.84666666666667,64.8,46,3,1,2,7,420.0,0.4,-252.2,Critical
BR004,2026-01-02,13,13,67.0,34.823076923076925,64.4,52,5,1,0,7,420.0,0.16,-353.0,High
BR004,2026-01-02,14,7,106.5,22.085714285714285,64.3,53,2,0,3,7,420.0,0.254,-313.5,Moderate
BR004,2026-01-02,15,12,131.2,29.258333333333336,56.0,59,1,0,2,7,420.0,0.312,-288.8,High
BR004,2026-01-03,9,3,12.2,7.766666666666667,19.0,1,0,1,0,7,420.0,0.029,-407.8,Normal
BR004,2026-01-03,10,12,178.4,3.516666666666667,9.5,1,0,1,4,7,420.0,0.425,-241.6,Normal
BR004,2026-01-03,11,14,138.9,3.5714285714285716,13.8,4,0,4,2,7,420.0,0.331,-281.1,Normal
BR004,2026-01-03,12,8,89.60000000000001,6.05,34.3,3,0,0,0,7,420.0,0.213,-330.4,Normal
BR004,2026-01-03,13,11,109.30000000000001,2.2545454545454544,2.8,2,0,0,1,7,420.0,0.26,-310.7,Normal
BR004,2026-01-03,14,6,80.5,2.183333333333333,3.2,0,0,0,1,7,420.0,0.192,-339.5,Normal
BR004,2026-01-03,15,4,50.5,2.75,3.4,0,0,0,1,7,420.0,0.12,-369.5,Normal
BR004,2026-01-05,9,10,119.39999999999999,3.37,11.3,1,0,1,2,7,420.0,0.284,-300.6,Normal
BR004,2026-01-05,10,9,99.1,9.711111111111112,39.4,3,0,1,1,7,420.0,0.236,-320.9,Normal
BR004,2026-01-05,11,15,194.8,11.186666666666667,36.7,9,0,1,4,7,420.0,0.464,-225.2,Normal
BR004,2026-01-05,12,11,118.4,3.3,10.8,8,0,0,0,7,420.0,0.282,-301.6,Normal
BR004,2026-01-05,13,7,86.1,2.085714285714286,2.9,0,0,2,0,7,420.0,0.205,-333.9,Normal
BR004,2026-01-05,14,7,92.10000000000001,1.9714285714285715,4.3,1,0,2,1,7,420.0,0.219,-327.9,Normal
BR004,2026-01-05,15,6,68.4,2.533333333333333,3.4,0,0,0,1,7,420.0,0.163,-351.6,Normal
BR004,2026-01-06,9,11,164.9,7.336363636363637,22.0,3,0,3,4,7,420.0,0.393,-255.1,Normal
BR004,2026-01-06,10,6,68.4,2.2666666666666666,2.9,2,0,1,0,7,420.0,0.163,-351.6,Normal
BR004,2026-01-06,11,3,39.2,1.7,2.7,1,0,0,0,7,420.0,0.093,-380.8,Normal
BR004,2026-01-06,12,7,62.9,2.914285714285714,4.5,1,0,0,0,7,420.0,0.15,-357.1,Normal
BR004,2026-01-06,13,5,33.9,2.12,3.3,0,0,0,0,7,420.0,0.081,-386.1,Normal
BR004,2026-01-06,14,5,50.8,1.8399999999999999,3.5,0,0,0,0,7,420.0,0.121,-369.2,Normal
BR004,2026-01-06,15,4,37.7,1.9249999999999998,2.5,0,0,0,0,7,420.0,0.09,-382.3,Normal
BR004,2026-01-07,9,7,71.19999999999999,3.1857142857142855,6.1,1,0,0,1,7,420.0,0.17,-348.8,Normal
BR004,2026-01-07,10,8,96.0,9.487499999999999,32.3,2,0,1,2,7,420.0,0.229,-324.0,Normal
BR004,2026-01-07,11,10,107.7,2.2800000000000002,3.4,1,0,2,2,7,420.0,0.256,-312.3,Normal
BR004,2026-01-07,12,7,55.1,4.785714285714286,14.5,2,0,1,0,7,420.0,0.131,-364.9,Normal
BR004,2026-01-07,13,4,90.1,2.65,3.2,0,0,1,3,7,420.0,0.215,-329.9,Normal
BR004,2026-01-07,14,5,33.5,9.9,41.8,1,1,0,0,7,420.0,0.08,-386.5,Normal
BR004,2026-01-07,15,8,86.4,1.975,3.3,2,0,0,1,7,420.0,0.206,-333.6,Normal
BR004,2026-01-08,9,10,159.3,2.54,8.6,1,0,0,2,7,420.0,0.379,-260.7,Normal
BR004,2026-01-08,10,6,81.7,9.766666666666667,21.6,2,0,2,1,7,420.0,0.195,-338.3,Normal
BR004,2026-01-08,11,12,169.1,5.1000000000000005,23.1,2,0,2,3,7,420.0,0.403,-250.9,Normal
BR004,2026-01-08,12,11,135.0,3.8363636363636364,13.5,1,0,3,2,7,420.0,0.321,-285.0,Normal
BR004,2026-01-08,13,7,115.4,2.7857142857142856,3.4,0,0,0,2,7,420.0,0.275,-304.6,Normal
BR004,2026-01-08,14,5,41.7,2.54,3.1,0,0,0,0,7,420.0,0.099,-378.3,Normal
BR004,2026-01-08,15,4,36.699999999999996,1.975,2.3,0,0,0,0,7,420.0,0.087,-383.3,Normal
BR004,2026-01-09,9,11,149.5,3.272727272727273,13.5,1,0,3,3,7,420.0,0.356,-270.5,Normal
BR004,2026-01-09,10,4,48.7,2.65,3.5,0,0,1,0,7,420.0,0.116,-371.3,Normal
BR004,2026-01-09,11,6,70.6,12.049999999999999,36.8,1,0,1,0,7,420.0,0.168,-349.4,Normal
BR004,2026-01-09,12,12,139.5,3.4,7.3,2,0,2,3,7,420.0,0.332,-280.5,Normal
BR004,2026-01-09,13,11,137.6,2.4363636363636365,3.5,1,0,0,3,7,420.0,0.328,-282.4,Normal
BR004,2026-01-09,14,3,41.2,2.066666666666667,2.7,0,0,0,0,7,420.0,0.098,-378.8,Normal
BR004,2026-01-09,15,3,26.3,2.5,3.0,0,0,0,0,7,420.0,0.063,-393.7,Normal
BR004,2026-01-12,9,9,91.7,3.6333333333333337,15.9,1,0,1,1,7,420.0,0.218,-328.3,Normal
BR004,2026-01-12,10,10,114.3,2.17,5.5,1,0,1,2,7,420.0,0.272,-305.7,Normal
BR004,2026-01-12,11,7,52.4,1.8571428571428572,3.2,0,0,1,0,7,420.0,0.125,-367.6,Normal
BR004,2026-01-12,12,10,105.1,4.15,25.7,1,0,1,0,7,420.0,0.25,-314.9,Normal
BR004,2026-01-12,13,8,131.3,2.475,3.3,0,0,2,2,7,420.0,0.313,-288.7,Normal
BR004,2026-01-12,14,6,54.0,9.4,28.6,2,0,0,0,7,420.0,0.129,-366.0,Normal
BR004,2026-01-12,15,4,27.2,1.65,2.6,0,0,1,0,7,420.0,0.065,-392.8,Normal
BR004,2026-01-13,9,7,131.9,2.1285714285714286,3.3,1,0,0,3,7,420.0,0.314,-288.1,Normal
BR004,2026-01-13,10,11,143.9,5.672727272727273,16.0,4,0,1,2,7,420.0,0.343,-276.1,Normal
BR004,2026-01-13,11,8,63.2,2.2875,3.0,3,0,2,0,7,420.0,0.15,-356.8,Normal
BR004,2026-01-13,12,6,81.3,2.1999999999999997,3.4,1,0,1,2,7,420.0,0.194,-338.7,Normal
BR004,2026-01-13,13,6,74.5,2.0,3.4,0,0,1,0,7,420.0,0.177,-345.5,Normal
BR004,2026-01-13,14,3,47.2,2.4,2.8,0,0,1,1,7,420.0,0.112,-372.8,Normal
BR004,2026-01-13,15,7,95.2,2.0,5.7,1,0,0,2,7,420.0,0.227,-324.8,Normal
BR004,2026-01-15,9,10,95.5,5.25,29.3,1,0,1,0,7,420.0,0.227,-324.5,Normal
BR004,2026-01-15,10,8,139.9,4.9375,13.3,1,0,2,3,7,420.0,0.333,-280.1,Normal
BR004,2026-01-15,11,8,91.6,1.75,2.5,0,0,1,1,7,420.0,0.218,-328.4,Normal
BR004,2026-01-15,12,9,127.2,2.433333333333333,8.4,1,0,2,1,7,420.0,0.303,-292.8,Normal
BR004,2026-01-15,13,7,81.4,2.0142857142857147,3.2,0,0,1,1,7,420.0,0.194,-338.6,Normal
BR004,2026-01-15,14,7,48.7,2.0142857142857147,3.4,0,0,0,0,7,420.0,0.116,-371.3,Normal
BR004,2026-01-15,15,1,3.0,1.2,1.2,0,0,0,0,7,420.0,0.007,-417.0,Normal
BR004,2026-01-16,9,9,72.4,2.1444444444444444,3.1,0,0,0,1,7,420.0,0.172,-347.6,Normal
BR004,2026-01-16,10,12,133.0,2.85,8.3,2,0,2,2,7,420.0,0.317,-287.0,Normal
BR004,2026-01-16,11,7,61.3,2.2857142857142856,3.9,1,0,1,1,7,420.0,0.146,-358.7,Normal
BR004,2026-01-16,12,7,139.9,2.4714285714285715,3.4,0,0,2,3,7,420.0,0.333,-280.1,Normal
BR004,2026-01-16,13,5,42.0,2.2199999999999998,3.2,0,0,0,0,7,420.0,0.1,-378.0,Normal
BR004,2026-01-16,14,7,99.9,2.1,2.9,0,0,1,1,7,420.0,0.238,-320.1,Normal
BR004,2026-01-16,15,4,33.0,1.825,2.5,0,0,0,1,7,420.0,0.079,-387.0,Normal
BR004,2026-01-17,9,14,191.8,15.714285714285714,51.5,6,1,2,4,7,420.0,0.457,-228.2,Moderate
BR004,2026-01-17,10,9,160.8,5.833333333333333,18.7,7,0,2,4,7,420.0,0.383,-259.2,Normal
BR004,2026-01-17,11,8,119.7,15.0,45.8,6,1,1,3,7,420.0,0.285,-300.3,Moderate
BR004,2026-01-17,12,12,147.4,7.816666666666666,43.9,3,1,1,2,7,420.0,0.351,-272.6,Normal
BR004,2026-01-17,13,6,73.2,2.533333333333333,3.2,4,0,2,1,7,420.0,0.174,-346.8,Normal
BR004,2026-01-17,14,13,128.1,2.3461538461538463,7.1,1,0,0,1,7,420.0,0.305,-291.9,Normal
BR004,2026-01-17,15,4,39.699999999999996,1.975,3.0,0,0,0,0,7,420.0,0.095,-380.3,Normal
BR004,2026-01-19,9,11,109.3,2.2363636363636363,3.4,1,0,2,0,7,420.0,0.26,-310.7,Normal
BR004,2026-01-19,10,10,176.2,5.46,16.3,3,0,4,4,7,420.0,0.42,-243.8,Normal
BR004,2026-01-19,11,6,81.5,3.4166666666666665,9.9,2,0,0,2,7,420.0,0.194,-338.5,Normal
BR004,2026-01-19,12,8,151.9,2.0375,3.2,2,0,1,3,7,420.0,0.362,-268.1,Normal
BR004,2026-01-19,13,3,61.199999999999996,2.1666666666666665,2.9,0,0,0,2,7,420.0,0.146,-358.8,Normal
BR004,2026-01-19,14,10,120.5,2.41,3.2,0,0,0,0,7,420.0,0.287,-299.5,Normal
BR004,2026-01-19,15,1,17.5,1.2,1.2,0,0,0,0,7,420.0,0.042,-402.5,Normal
BR004,2026-01-20,9,7,69.0,3.4714285714285715,16.6,1,0,0,0,7,420.0,0.164,-351.0,Normal
BR004,2026-01-20,10,6,60.1,5.033333333333334,18.8,1,0,0,0,7,420.0,0.143,-359.9,Normal
BR004,2026-01-20,11,8,72.8,2.1625,3.1,0,0,2,0,7,420.0,0.173,-347.2,Normal
BR004,2026-01-20,12,8,56.1,1.8,3.5,0,0,2,0,7,420.0,0.134,-363.9,Normal
BR004,2026-01-20,13,3,23.4,2.1999999999999997,3.4,0,0,0,0,7,420.0,0.056,-396.6,Normal
BR004,2026-01-20,14,3,52.7,1.9333333333333333,2.9,0,0,0,1,7,420.0,0.125,-367.3,Normal
BR004,2026-01-20,15,3,20.1,1.5,1.8,0,0,0,0,7,420.0,0.048,-399.9,Normal
BR004,2026-01-20,16,1,11.7,3.2,3.2,0,0,0,0,7,420.0,0.028,-408.3,Normal
BR004,2026-01-21,9,4,60.2,1.675,2.9,0,0,1,1,7,420.0,0.143,-359.8,Normal
BR004,2026-01-21,10,7,86.5,6.042857142857143,29.7,1,0,2,1,7,420.0,0.206,-333.5,Normal
BR004,2026-01-21,11,13,183.0,3.1384615384615384,17.9,2,0,2,4,7,420.0,0.436,-237.0,Normal
BR004,2026-01-21,12,10,140.8,3.81,14.7,1,0,0,2,7,420.0,0.335,-279.2,Normal
BR004,2026-01-21,13,9,94.3,2.4444444444444446,5.6,1,0,0,0,7,420.0,0.225,-325.7,Normal
BR004,2026-01-21,14,3,47.3,2.6,3.4,0,0,0,1,7,420.0,0.113,-372.7,Normal
BR004,2026-01-21,15,1,13.6,1.0,1.0,0,0,0,0,7,420.0,0.032,-406.4,Normal
BR004,2026-01-22,9,5,60.2,2.44,4.2,1,0,0,1,7,420.0,0.143,-359.8,Normal
BR004,2026-01-22,10,11,90.5,2.0545454545454547,3.5,1,0,2,1,7,420.0,0.215,-329.5,Normal
BR004,2026-01-22,11,3,52.8,2.766666666666667,3.4,0,0,0,1,7,420.0,0.126,-367.2,Normal
BR004,2026-01-22,12,10,118.5,2.27,3.5,0,0,2,0,7,420.0,0.282,-301.5,Normal
BR004,2026-01-22,13,7,48.4,2.2142857142857144,3.1,0,0,1,0,7,420.0,0.115,-371.6,Normal
BR004,2026-01-22,14,3,48.599999999999994,1.8666666666666665,2.7,0,0,0,1,7,420.0,0.116,-371.4,Normal
BR004,2026-01-22,15,2,32.900000000000006,1.8,2.0,0,0,0,0,7,420.0,0.078,-387.1,Normal
BR004,2026-01-23,9,7,88.9,2.685714285714286,7.2,1,0,2,0,7,420.0,0.212,-331.1,Normal
BR004,2026-01-23,10,17,234.9,10.158823529411764,40.3,3,1,3,4,7,420.0,0.559,-185.1,Normal
BR004,2026-01-23,11,13,199.79999999999998,3.1076923076923078,14.3,4,0,1,6,7,420.0,0.476,-220.2,Normal
BR004,2026-01-23,12,7,67.0,2.0285714285714285,3.0,3,0,1,1,7,420.0,0.16,-353.0,Normal
BR004,2026-01-23,13,3,45.900000000000006,1.5666666666666667,2.1,0,0,1,0,7,420.0,0.109,-374.1,Normal
BR004,2026-01-23,14,6,73.3,1.95,3.2,0,0,0,1,7,420.0,0.175,-346.7,Normal
BR004,2026-01-23,15,1,10.9,1.0,1.0,0,0,0,0,7,420.0,0.026,-409.1,Normal
BR004,2026-01-27,9,6,84.4,1.7833333333333332,3.2,0,0,1,2,7,420.0,0.201,-335.6,Normal
BR004,2026-01-27,10,6,113.0,2.0833333333333335,3.4,1,0,1,1,7,420.0,0.269,-307.0,Normal
BR004,2026-01-27,11,6,51.8,1.8166666666666667,2.9,0,0,0,0,7,420.0,0.123,-368.2,Normal
BR004,2026-01-27,12,6,47.599999999999994,1.7666666666666666,2.5,0,0,1,1,7,420.0,0.113,-372.4,Normal
BR004,2026-01-27,13,3,41.3,2.3000000000000003,3.1,0,0,1,1,7,420.0,0.098,-378.7,Normal
BR004,2026-01-27,14,5,57.9,2.02,3.0,0,0,0,1,7,420.0,0.138,-362.1,Normal
BR004,2026-01-27,15,4,46.7,2.425,3.4,0,0,0,1,7,420.0,0.111,-373.3,Normal
BR004,2026-01-27,16,1,21.1,1.7,1.7,0,0,0,1,7,420.0,0.05,-398.9,Normal
BR004,2026-01-28,9,8,102.1,7.25,42.1,1,1,3,2,7,420.0,0.243,-317.9,Normal
BR004,2026-01-28,10,12,119.4,2.525,8.3,2,0,2,1,7,420.0,0.284,-300.6,Normal
BR004,2026-01-28,11,6,56.8,1.6166666666666665,2.7,1,0,0,0,7,420.0,0.135,-363.2,Normal
BR004,2026-01-28,12,10,121.5,16.66,37.6,5,0,0,1,7,420.0,0.289,-298.5,Moderate
BR004,2026-01-28,13,8,82.30000000000001,2.3125,3.2,3,0,0,0,7,420.0,0.196,-337.7,Normal
BR004,2026-01-28,14,7,63.199999999999996,1.3857142857142857,1.9,4,0,0,0,7,420.0,0.15,-356.8,Normal
BR004,2026-01-28,15,1,4.9,2.5,2.5,0,0,0,0,7,420.0,0.012,-415.1,Normal
BR004,2026-01-29,9,14,185.7,4.692857142857143,19.8,2,0,4,2,7,420.0,0.442,-234.3,Normal
BR004,2026-01-29,10,11,151.8,18.29090909090909,49.5,7,1,3,3,7,420.0,0.361,-268.2,Moderate
BR004,2026-01-29,11,13,144.4,6.107692307692308,19.5,8,0,2,1,7,420.0,0.344,-275.6,Normal
BR004,2026-01-29,12,14,215.79999999999998,7.378571428571429,28.2,6,0,0,3,7,420.0,0.514,-204.2,Normal
BR004,2026-01-29,13,7,89.7,2.1714285714285713,3.3,3,0,0,1,7,420.0,0.214,-330.3,Normal
BR004,2026-01-29,14,8,119.3,1.925,2.8,2,0,0,3,7,420.0,0.284,-300.7,Normal
BR004,2026-01-29,15,3,41.3,2.6999999999999997,3.5,0,0,0,0,7,420.0,0.098,-378.7,Normal
BR004,2026-01-30,9,13,154.6,7.884615384615385,34.4,2,0,1,1,7,420.0,0.368,-265.4,Normal
BR004,2026-01-30,10,24,263.90000000000003,11.208333333333334,52.1,6,1,5,4,7,420.0,0.628,-156.1,Normal
BR004,2026-01-30,11,15,221.7,7.493333333333334,27.0,7,0,1,7,7,420.0,0.528,-198.3,Normal
BR004,2026-01-30,12,13,155.6,6.592307692307693,23.5,4,0,4,2,7,420.0,0.37,-264.4,Normal
BR004,2026-01-30,13,14,93.5,4.264285714285714,21.5,3,0,1,0,7,420.0,0.223,-326.5,Normal
BR004,2026-01-30,14,12,178.6,13.241666666666667,45.8,6,2,0,5,7,420.0,0.425,-241.4,Normal
BR004,2026-01-30,15,5,60.1,4.44,16.6,5,0,0,0,7,420.0,0.143,-359.9,Normal
BR004,2026-01-31,9,17,211.1,6.482352941176471,29.0,4,0,6,1,7,420.0,0.503,-208.9,Normal
BR004,2026-01-31,10,16,152.3,21.6375,52.3,9,3,0,3,7,420.0,0.363,-267.7,Moderate
BR004,2026-01-31,11,12,197.1,11.275,48.5,11,0,1,4,7,420.0,0.469,-222.9,Normal
BR004,2026-01-31,12,17,165.8,13.941176470588236,52.2,12,2,2,2,7,420.0,0.395,-254.2,Normal
BR004,2026-01-31,13,13,180.8,10.923076923076923,38.9,11,1,2,3,7,420.0,0.43,-239.2,Normal
BR004,2026-01-31,14,9,84.8,2.1333333333333333,3.2,10,0,0,0,7,420.0,0.202,-335.2,Normal
BR004,2026-01-31,15,3,67.8,1.7,2.2,5,0,0,2,7,420.0,0.161,-352.2,Normal
BR004,2026-01-31,16,1,9.2,1.7,1.7,0,0,0,0,7,420.0,0.022,-410.8,Normal
BR004,2026-02-02,9,16,114.3,25.01875,64.8,10,4,3,1,7,420.0,0.272,-305.7,High
BR004,2026-02-02,10,15,116.5,36.18666666666666,64.8,18,6,1,2,7,420.0,0.277,-303.5,Critical
BR004,2026-02-02,11,15,160.1,24.98,61.7,23,3,3,1,7,420.0,0.381,-259.9,Moderate
BR004,2026-02-02,12,10,99.9,23.25,64.7,26,1,1,1,7,420.0,0.238,-320.1,Moderate
BR004,2026-02-02,13,10,104.5,15.4,58.8,26,2,0,2,7,420.0,0.249,-315.5,Moderate
BR004,2026-02-02,14,11,135.8,22.636363636363637,64.6,32,3,2,5,7,420.0,0.323,-284.2,Moderate
BR004,2026-02-02,15,11,104.2,19.19090909090909,59.9,33,2,1,2,7,420.0,0.248,-315.8,Moderate
BR004,2026-02-03,9,10,121.9,2.9,4.3,1,0,1,2,7,420.0,0.29,-298.1,Normal
BR004,2026-02-03,10,12,175.6,10.25,28.0,5,0,1,3,7,420.0,0.418,-244.4,Normal
BR004,2026-02-03,11,10,83.1,4.9,24.5,6,0,2,1,7,420.0,0.198,-336.9,Normal
BR004,2026-02-03,12,8,59.3,2.225,3.4,4,0,2,0,7,420.0,0.141,-360.7,Normal
BR004,2026-02-03,13,5,80.4,2.04,3.1,0,0,0,1,7,420.0,0.191,-339.6,Normal
BR004,2026-02-03,14,4,37.2,1.5750000000000002,2.6,0,0,0,0,7,420.0,0.089,-382.8,Normal
BR004,2026-02-03,15,3,99.5,1.8,3.1,0,0,0,3,7,420.0,0.237,-320.5,Normal
BR004,2026-02-03,16,2,14.6,1.7,2.5,0,0,0,0,7,420.0,0.035,-405.4,Normal
BR004,2026-02-04,9,11,148.9,2.8363636363636364,12.9,1,0,4,3,7,420.0,0.355,-271.1,Normal
BR004,2026-02-04,10,12,116.6,6.474999999999999,36.3,1,0,2,0,7,420.0,0.278,-303.4,Normal
BR004,2026-02-04,11,10,134.6,3.88,15.1,2,0,2,1,7,420.0,0.32,-285.4,Normal
BR004,2026-02-04,12,9,114.9,2.9444444444444446,11.3,1,0,0,2,7,420.0,0.274,-305.1,Normal
BR004,2026-02-04,13,8,84.5,3.7875,17.5,1,0,0,0,7,420.0,0.201,-335.5,Normal
BR004,2026-02-04,14,10,130.70000000000002,6.08,22.8,2,0,0,1,7,420.0,0.311,-289.3,Normal
BR004,2026-02-04,15,6,45.2,2.1166666666666667,2.9,0,0,0,0,7,420.0,0.108,-374.8,Normal
BR004,2026-02-04,16,2,16.6,1.4500000000000002,1.6,1,0,0,0,7,420.0,0.04,-403.4,Normal
BR004,2026-02-05,9,9,121.9,6.122222222222222,30.4,1,0,3,1,7,420.0,0.29,-298.1,Normal
BR004,2026-02-05,10,9,126.9,24.244444444444444,64.1,6,1,1,3,7,420.0,0.302,-293.1,Moderate
BR004,2026-02-05,11,5,51.2,7.42,19.4,7,0,1,1,7,420.0,0.122,-368.8,Normal
BR004,2026-02-05,12,7,81.5,15.185714285714287,45.2,6,1,0,1,7,420.0,0.194,-338.5,Moderate
BR004,2026-02-05,13,5,48.8,12.72,48.7,4,1,0,0,7,420.0,0.116,-371.2,Normal
BR004,2026-02-05,14,8,83.19999999999999,3.8375,18.7,5,0,0,0,7,420.0,0.198,-336.8,Normal
BR004,2026-02-05,15,2,44.7,2.2,3.4,0,0,0,0,7,420.0,0.106,-375.3,Normal
BR004,2026-02-05,16,4,24.4,4.6,12.8,1,0,0,0,7,420.0,0.058,-395.6,Normal
BR004,2026-02-06,9,11,145.1,5.954545454545454,32.9,2,0,5,3,7,420.0,0.345,-274.9,Normal
BR004,2026-02-06,10,15,174.5,13.080000000000002,41.1,7,3,1,3,7,420.0,0.415,-245.5,Normal
BR004,2026-02-06,11,9,104.9,6.2666666666666675,26.0,6,0,0,0,7,420.0,0.25,-315.1,Normal
BR004,2026-02-06,12,4,38.7,1.725,2.3,4,0,0,0,7,420.0,0.092,-381.3,Normal
BR004,2026-02-06,13,8,123.5,7.300000000000001,22.3,3,0,0,2,7,420.0,0.294,-296.5,Normal
BR004,2026-02-06,14,9,104.89999999999999,4.977777777777778,20.4,2,0,0,3,7,420.0,0.25,-315.1,Normal
BR004,2026-02-06,15,2,18.4,1.25,1.4,2,0,0,0,7,420.0,0.044,-401.6,Normal
BR004,2026-02-07,9,9,111.4,5.155555555555555,29.7,1,0,1,2,7,420.0,0.265,-308.6,Normal
BR004,2026-02-07,10,11,106.5,2.4363636363636365,5.4,2,0,3,0,7,420.0,0.254,-313.5,Normal
BR004,2026-02-07,11,8,97.0,2.3,3.4,0,0,2,1,7,420.0,0.231,-323.0,Normal
BR004,2026-02-07,12,7,113.5,2.542857142857143,3.3,0,0,0,2,7,420.0,0.27,-306.5,Normal
BR004,2026-02-07,13,7,52.0,2.442857142857143,3.5,0,0,1,1,7,420.0,0.124,-368.0,Normal
BR004,2026-02-07,14,4,38.6,3.8249999999999997,9.2,1,0,0,0,7,420.0,0.092,-381.4,Normal
BR004,2026-02-07,15,8,78.9,1.825,3.2,0,0,0,2,7,420.0,0.188,-341.1,Normal
BR004,2026-02-07,16,1,6.3,2.4,2.4,0,0,0,0,7,420.0,0.015,-413.7,Normal
BR004,2026-02-09,9,7,109.9,7.014285714285714,34.7,1,0,2,3,7,420.0,0.262,-310.1,Normal
BR004,2026-02-09,10,9,121.8,8.133333333333333,43.1,2,1,2,2,7,420.0,0.29,-298.2,Normal
BR004,2026-02-09,11,10,220.5,2.92,14.0,1,0,0,5,7,420.0,0.525,-199.5,Normal
BR004,2026-02-09,12,5,126.5,1.9,2.5,0,0,0,2,7,420.0,0.301,-293.5,Normal
BR004,2026-02-09,13,6,91.3,2.183333333333333,3.0,0,0,0,2,7,420.0,0.217,-328.7,Normal
BR004,2026-02-09,14,5,80.5,2.1399999999999997,3.0,0,0,0,2,7,420.0,0.192,-339.5,Normal
BR004,2026-02-09,15,3,45.4,1.2,1.3,0,0,0,1,7,420.0,0.108,-374.6,Normal
BR004,2026-02-09,16,1,3.6,1.4,1.4,0,0,0,0,7,420.0,0.009,-416.4,Normal
BR004,2026-02-10,9,12,194.5,6.5249999999999995,22.0,5,0,3,5,7,420.0,0.463,-225.5,Normal
BR004,2026-02-10,10,5,57.5,2.66,3.5,0,0,0,0,7,420.0,0.137,-362.5,Normal
BR004,2026-02-10,11,5,41.4,2.16,2.9,4,0,0,0,7,420.0,0.099,-378.6,Normal
BR004,2026-02-10,12,3,24.9,2.733333333333333,3.5,0,0,1,0,7,420.0,0.059,-395.1,Normal
BR004,2026-02-10,13,9,180.9,2.6888888888888887,7.7,1,0,2,3,7,420.0,0.431,-239.1,Normal
BR004,2026-02-10,14,5,65.8,2.9,3.5,0,0,0,1,7,420.0,0.157,-354.2,Normal
BR004,2026-02-10,15,5,71.1,2.4799999999999995,2.8,0,0,0,1,7,420.0,0.169,-348.9,Normal
BR004,2026-02-11,9,5,48.2,7.1800000000000015,27.1,1,0,0,0,7,420.0,0.115,-371.8,Normal
BR004,2026-02-11,10,12,123.0,12.433333333333332,51.6,5,1,4,1,7,420.0,0.293,-297.0,Normal
BR004,2026-02-11,11,14,151.20000000000002,4.935714285714285,20.9,6,0,0,2,7,420.0,0.36,-268.8,Normal
BR004,2026-02-11,12,4,58.3,2.225,3.0,2,0,0,1,7,420.0,0.139,-361.7,Normal
BR004,2026-02-11,13,6,67.7,2.2333333333333334,3.2,0,0,0,1,7,420.0,0.161,-352.3,Normal
BR004,2026-02-11,14,7,86.0,2.257142857142857,3.2,0,0,0,1,7,420.0,0.205,-334.0,Normal
BR004,2026-02-11,15,3,30.200000000000003,2.5,3.4,0,0,1,0,7,420.0,0.072,-389.8,Normal
BR004,2026-02-12,9,8,84.8,12.4125,41.1,5,1,2,3,7,420.0,0.202,-335.2,Normal
BR004,2026-02-12,10,7,69.9,16.114285714285717,47.6,4,0,0,1,7,420.0,0.166,-350.1,Moderate
BR004,2026-02-12,11,10,126.2,31.6,64.8,13,4,1,6,7,420.0,0.3,-293.8,High
BR004,2026-02-12,12,8,74.10000000000001,36.7375,64.7,19,2,0,1,7,420.0,0.176,-345.9,Critical
BR004,2026-02-12,13,7,31.8,29.314285714285713,55.6,21,2,1,0,7,420.0,0.076,-388.2,High
BR004,2026-02-12,14,7,59.7,5.385714285714286,15.6,21,0,2,0,7,420.0,0.142,-360.3,Normal
BR004,2026-02-12,15,3,44.1,2.1333333333333333,2.7,20,0,0,0,7,420.0,0.105,-375.9,Normal
BR004,2026-02-12,16,1,30.1,3.1,3.1,18,0,0,1,7,420.0,0.072,-389.9,Normal
BR004,2026-02-13,9,11,124.6,3.527272727272727,15.5,1,0,2,1,7,420.0,0.297,-295.4,Normal
BR004,2026-02-13,10,19,223.6,12.9,51.1,10,2,3,3,7,420.0,0.532,-196.4,Normal
BR004,2026-02-13,11,18,216.8,4.833333333333333,14.9,14,0,4,1,7,420.0,0.516,-203.2,Normal
BR004,2026-02-13,12,9,101.3,2.088888888888889,4.0,13,0,1,1,7,420.0,0.241,-318.7,Normal
BR004,2026-02-13,13,5,75.7,2.2,3.4,9,0,1,2,7,420.0,0.18,-344.3,Normal
BR004,2026-02-13,14,7,47.1,2.3000000000000003,3.1,4,0,0,0,7,420.0,0.112,-372.9,Normal
BR004,2026-02-13,15,2,28.5,1.45,1.7,0,0,0,0,7,420.0,0.068,-391.5,Normal
BR004,2026-02-13,16,1,3.9,2.0,2.0,0,0,0,0,7,420.0,0.009,-416.1,Normal
BR004,2026-02-16,9,14,166.1,6.421428571428572,30.7,3,0,3,2,7,420.0,0.395,-253.9,Normal
BR004,2026-02-16,10,10,141.7,3.6799999999999997,9.6,3,0,0,3,7,420.0,0.337,-278.3,Normal
BR004,2026-02-16,11,9,113.1,1.822222222222222,2.6,1,0,0,1,7,420.0,0.269,-306.9,Normal
BR004,2026-02-16,12,13,164.2,3.7,13.2,2,0,3,3,7,420.0,0.391,-255.8,Normal
BR004,2026-02-16,13,12,157.2,5.6499999999999995,28.5,3,0,3,2,7,420.0,0.374,-262.8,Normal
BR004,2026-02-16,14,9,115.7,4.188888888888889,14.0,1,0,0,1,7,420.0,0.275,-304.3,Normal
BR004,2026-02-16,15,7,103.0,1.842857142857143,2.5,0,0,1,1,7,420.0,0.245,-317.0,Normal
BR004,2026-02-16,16,1,29.6,1.2,1.2,0,0,0,1,7,420.0,0.07,-390.4,Normal
BR004,2026-02-17,9,8,78.5,4.6499999999999995,17.4,2,0,0,0,7,420.0,0.187,-341.5,Normal
BR004,2026-02-17,10,9,168.5,5.933333333333334,38.4,1,1,2,5,7,420.0,0.401,-251.5,Normal
BR004,2026-02-17,11,8,70.8,4.0625,19.4,1,0,2,0,7,420.0,0.169,-349.2,Normal
BR004,2026-02-17,12,10,107.8,1.9600000000000002,3.3,1,0,0,1,7,420.0,0.257,-312.2,Normal
BR004,2026-02-17,13,6,89.4,1.6833333333333333,2.9,0,0,0,2,7,420.0,0.213,-330.6,Normal
BR004,2026-02-17,14,6,69.8,2.35,3.3,0,0,0,2,7,420.0,0.166,-350.2,Normal
BR004,2026-02-17,15,2,26.799999999999997,1.9,2.6,0,0,0,1,7,420.0,0.064,-393.2,Normal
BR004,2026-02-18,9,6,47.9,3.4333333333333336,11.1,1,0,1,0,7,420.0,0.114,-372.1,Normal
BR004,2026-02-18,10,11,131.0,2.6818181818181817,6.2,1,0,3,2,7,420.0,0.312,-289.0,Normal
BR004,2026-02-18,11,8,138.4,4.3875,17.3,1,0,0,3,7,420.0,0.33,-281.6,Normal
BR004,2026-02-18,12,7,67.8,2.3285714285714287,3.0,0,0,0,1,7,420.0,0.161,-352.2,Normal
BR004,2026-02-18,13,2,17.2,2.15,2.6,0,0,0,0,7,420.0,0.041,-402.8,Normal
BR004,2026-02-18,14,3,24.4,3.3000000000000003,3.5,0,0,0,0,7,420.0,0.058,-395.6,Normal
BR004,2026-02-18,15,3,71.0,1.7666666666666666,2.7,0,0,0,2,7,420.0,0.169,-349.0,Normal
BR004,2026-02-18,16,2,38.7,1.4,1.7,0,0,0,1,7,420.0,0.092,-381.3,Normal
BR004,2026-02-19,9,11,173.1,8.10909090909091,33.6,4,0,0,3,7,420.0,0.412,-246.9,Normal
BR004,2026-02-19,10,12,137.8,9.791666666666666,48.3,6,1,3,2,7,420.0,0.328,-282.2,Normal
BR004,2026-02-19,11,11,181.0,3.4272727272727277,11.0,7,0,2,5,7,420.0,0.431,-239.0,Normal
BR004,2026-02-19,12,8,121.1,4.375,18.1,6,0,1,1,7,420.0,0.288,-298.9,Normal
BR004,2026-02-19,13,5,83.9,2.2,3.1,0,0,1,2,7,420.0,0.2,-336.1,Normal
BR004,2026-02-19,14,8,81.6,2.55,3.3,0,0,1,1,7,420.0,0.194,-338.4,Normal
BR004,2026-02-19,15,4,28.1,1.9,2.7,0,0,0,0,7,420.0,0.067,-391.9,Normal
BR004,2026-02-20,9,10,132.7,11.58,31.1,4,0,2,2,7,420.0,0.316,-287.3,Normal
BR004,2026-02-20,10,10,137.5,2.87,6.6,3,0,2,3,7,420.0,0.327,-282.5,Normal
BR004,2026-02-20,11,10,122.7,3.3200000000000003,16.1,2,0,0,2,7,420.0,0.292,-297.3,Normal
BR004,2026-02-20,12,7,48.2,2.085714285714286,3.4,0,0,1,0,7,420.0,0.115,-371.8,Normal
BR004,2026-02-20,13,5,34.2,1.58,2.6,0,0,1,0,7,420.0,0.081,-385.8,Normal
BR004,2026-02-20,14,3,34.8,2.1333333333333333,3.2,0,0,0,1,7,420.0,0.083,-385.2,Normal
BR004,2026-02-20,15,2,34.0,2.8,2.9,0,0,0,1,7,420.0,0.081,-386.0,Normal
BR004,2026-02-21,9,7,64.7,2.1142857142857143,3.4,0,0,1,0,7,420.0,0.154,-355.3,Normal
BR004,2026-02-21,10,16,185.6,7.4875,32.5,3,0,1,2,7,420.0,0.442,-234.4,Normal
BR004,2026-02-21,11,8,72.8,2.3875,3.4,2,0,0,1,7,420.0,0.173,-347.2,Normal
BR004,2026-02-21,12,7,107.1,3.414285714285714,10.2,1,0,1,1,7,420.0,0.255,-312.9,Normal
BR004,2026-02-21,13,5,35.2,2.1,3.4,0,0,0,0,7,420.0,0.084,-384.8,Normal
BR004,2026-02-21,14,4,39.1,2.625,3.5,0,0,1,0,7,420.0,0.093,-380.9,Normal
BR004,2026-02-21,15,3,53.5,1.4000000000000001,1.7,0,0,0,1,7,420.0,0.127,-366.5,Normal
BR004,2026-02-21,16,2,17.8,1.9,2.6,0,0,0,0,7,420.0,0.042,-402.2,Normal
BR004,2026-02-23,9,5,46.599999999999994,2.32,3.5,0,0,1,1,7,420.0,0.111,-373.4,Normal
BR004,2026-02-23,10,8,134.4,2.2875,3.5,0,0,1,2,7,420.0,0.32,-285.6,Normal
BR004,2026-02-23,11,4,46.6,2.05,3.4,0,0,0,1,7,420.0,0.111,-373.4,Normal
BR004,2026-02-23,12,9,109.5,28.91111111111111,49.8,7,2,0,0,7,420.0,0.261,-310.5,High
BR004,2026-02-23,13,8,88.39999999999999,3.45,11.3,5,0,3,1,7,420.0,0.21,-331.6,Normal
BR004,2026-02-23,14,11,170.6,3.6363636363636362,12.3,6,0,1,2,7,420.0,0.406,-249.4,Normal
BR004,2026-02-23,15,3,77.6,2.3333333333333335,3.1,0,0,1,1,7,420.0,0.185,-342.4,Normal
BR004,2026-02-24,9,5,48.6,2.42,3.3,0,0,2,0,7,420.0,0.116,-371.4,Normal
BR004,2026-02-24,10,7,130.1,2.142857142857143,3.4,0,0,1,2,7,420.0,0.31,-289.9,Normal
BR004,2026-02-24,11,3,36.2,1.8666666666666665,2.4,0,0,0,0,7,420.0,0.086,-383.8,Normal
BR004,2026-02-24,12,6,84.3,2.4499999999999997,3.4,0,0,0,1,7,420.0,0.201,-335.7,Normal
BR004,2026-02-24,13,5,108.5,1.98,3.3,0,0,0,3,7,420.0,0.258,-311.5,Normal
BR004,2026-02-24,14,5,55.3,2.5,3.3,0,0,0,1,7,420.0,0.132,-364.7,Normal
BR004,2026-02-24,15,5,105.5,2.2600000000000002,3.3,0,0,0,2,7,420.0,0.251,-314.5,Normal
BR004,2026-02-24,16,1,6.8,2.1,2.1,0,0,0,0,7,420.0,0.016,-413.2,Normal
BR004,2026-02-25,9,7,69.6,2.0714285714285716,3.1,0,0,4,0,7,420.0,0.166,-350.4,Normal
BR004,2026-02-25,10,15,191.9,4.133333333333334,22.4,2,0,2,3,7,420.0,0.457,-228.1,Normal
BR004,2026-02-25,11,8,106.6,2.5125,3.4,1,0,0,1,7,420.0,0.254,-313.4,Normal
BR004,2026-02-25,12,3,36.4,1.3666666666666665,2.0,0,0,0,1,7,420.0,0.087,-383.6,Normal
BR004,2026-02-25,13,2,20.5,2.3499999999999996,3.3,0,0,0,0,7,420.0,0.049,-399.5,Normal
BR004,2026-02-25,14,7,109.3,2.3857142857142857,3.2,0,0,0,2,7,420.0,0.26,-310.7,Normal
BR004,2026-02-25,15,1,26.1,1.0,1.0,0,0,0,1,7,420.0,0.062,-393.9,Normal
BR004,2026-02-26,9,7,89.8,2.5285714285714285,3.5,0,0,2,1,7,420.0,0.214,-330.2,Normal
BR004,2026-02-26,10,3,13.5,1.5333333333333332,1.9,0,0,1,0,7,420.0,0.032,-406.5,Normal
BR004,2026-02-26,11,4,48.3,2.525,3.3,0,0,1,1,7,420.0,0.115,-371.7,Normal
BR004,2026-02-26,12,10,95.5,4.87,14.9,2,0,0,0,7,420.0,0.227,-324.5,Normal
BR004,2026-02-26,13,7,111.2,2.357142857142857,3.5,1,0,0,2,7,420.0,0.265,-308.8,Normal
BR004,2026-02-26,14,6,72.9,1.8666666666666665,3.0,0,0,0,1,7,420.0,0.174,-347.1,Normal
BR004,2026-02-26,15,1,17.3,1.7,1.7,0,0,0,0,7,420.0,0.041,-402.7,Normal
BR004,2026-02-27,9,6,85.9,2.3333333333333335,3.5,0,0,1,1,7,420.0,0.205,-334.1,Normal
BR004,2026-02-27,10,18,210.4,8.772222222222222,27.2,6,0,3,4,7,420.0,0.501,-209.6,Normal
BR004,2026-02-27,11,14,141.8,2.857142857142857,7.6,4,0,2,3,7,420.0,0.338,-278.2,Normal
BR004,2026-02-27,12,7,87.6,2.414285714285714,3.2,5,0,1,2,7,420.0,0.209,-332.4,Normal
BR004,2026-02-27,13,4,68.4,7.199999999999999,22.7,1,0,0,1,7,420.0,0.163,-351.6,Normal
BR004,2026-02-27,14,10,126.8,2.0300000000000002,3.4,0,0,3,1,7,420.0,0.302,-293.2,Normal
BR004,2026-02-27,15,8,109.7,1.975,3.0,0,0,0,2,7,420.0,0.261,-310.3,Normal
BR004,2026-02-27,16,1,22.2,1.1,1.1,0,0,0,1,7,420.0,0.053,-397.8,Normal
BR004,2026-03-02,9,12,148.5,1.7916666666666667,3.2,0,0,1,1,7,420.0,0.354,-271.5,Normal
BR004,2026-03-02,10,3,18.299999999999997,15.5,42.7,2,1,0,0,7,420.0,0.044,-401.7,Moderate
BR004,2026-03-02,11,9,137.4,8.711111111111112,42.7,3,1,1,4,7,420.0,0.327,-282.6,Normal
BR004,2026-03-02,12,13,170.1,4.184615384615385,15.5,2,0,2,2,7,420.0,0.405,-249.9,Normal
BR004,2026-03-02,13,8,100.6,3.65,14.2,2,0,1,2,7,420.0,0.24,-319.4,Normal
BR004,2026-03-02,14,10,127.8,3.2,8.2,1,0,1,2,7,420.0,0.304,-292.2,Normal
BR004,2026-03-02,15,6,75.0,2.8333333333333335,3.2,0,0,1,1,7,420.0,0.179,-345.0,Normal
BR004,2026-03-03,9,9,154.5,5.088888888888889,19.5,1,0,2,3,7,420.0,0.368,-265.5,Normal
BR004,2026-03-03,10,11,80.8,13.963636363636363,46.7,4,1,2,1,7,420.0,0.192,-339.2,Normal
BR004,2026-03-03,11,14,156.0,3.335714285714286,15.8,3,0,4,0,7,420.0,0.371,-264.0,Normal
BR004,2026-03-03,12,11,131.1,15.1,43.2,5,1,1,4,7,420.0,0.312,-288.9,Moderate
BR004,2026-03-03,13,12,135.6,4.9750000000000005,21.7,6,0,0,0,7,420.0,0.323,-284.4,Normal
BR004,2026-03-03,14,4,49.5,2.275,3.3,3,0,0,0,7,420.0,0.118,-370.5,Normal
BR004,2026-03-03,15,5,50.6,2.3,3.1,2,0,0,1,7,420.0,0.12,-369.4,Normal
BR004,2026-03-03,16,1,16.6,2.0,2.0,0,0,0,0,7,420.0,0.04,-403.4,Normal
BR004,2026-03-05,9,12,174.8,1.7166666666666668,2.9,1,0,4,4,7,420.0,0.416,-245.2,Normal
BR004,2026-03-05,10,4,28.3,2.725,3.4,0,0,1,0,7,420.0,0.067,-391.7,Normal
BR004,2026-03-05,11,8,64.1,2.1375,3.2,0,0,0,0,7,420.0,0.153,-355.9,Normal
BR004,2026-03-05,12,4,44.400000000000006,2.575,3.3,0,0,0,0,7,420.0,0.106,-375.6,Normal
BR004,2026-03-05,13,7,57.099999999999994,1.7571428571428573,3.5,0,0,0,0,7,420.0,0.136,-362.9,Normal
BR004,2026-03-05,14,5,34.4,2.5799999999999996,3.3,0,0,0,0,7,420.0,0.082,-385.6,Normal
BR004,2026-03-05,15,1,32.4,1.4,1.4,0,0,0,1,7,420.0,0.077,-387.6,Normal
BR004,2026-03-06,9,8,71.4,9.95,26.9,4,0,1,0,7,420.0,0.17,-348.6,Normal
BR004,2026-03-06,10,15,190.7,6.953333333333333,18.5,5,0,2,3,7,420.0,0.454,-229.3,Normal
BR004,2026-03-06,11,5,76.7,1.6,3.1,4,0,0,1,7,420.0,0.183,-343.3,Normal
BR004,2026-03-06,12,6,84.2,2.1,3.3,3,0,0,2,7,420.0,0.2,-335.8,Normal
BR004,2026-03-06,13,6,54.8,2.1999999999999997,2.9,1,0,1,0,7,420.0,0.13,-365.2,Normal
BR004,2026-03-06,14,6,108.1,1.95,3.0,0,0,1,3,7,420.0,0.257,-311.9,Normal
BR004,2026-03-06,15,2,28.8,1.4,1.6,0,0,0,0,7,420.0,0.069,-391.2,Normal
BR004,2026-03-06,16,1,23.3,1.4,1.4,0,0,1,1,7,420.0,0.055,-396.7,Normal
BR004,2026-03-07,9,12,154.4,11.833333333333334,51.2,3,1,0,3,7,420.0,0.368,-265.6,Normal
BR004,2026-03-07,10,15,182.7,5.5600000000000005,19.7,2,0,2,2,7,420.0,0.435,-237.3,Normal
BR004,2026-03-07,11,5,47.5,1.78,3.0,1,0,0,0,7,420.0,0.113,-372.5,Normal
BR004,2026-03-07,12,5,108.5,2.2800000000000002,3.2,0,0,2,3,7,420.0,0.258,-311.5,Normal
BR004,2026-03-07,13,5,63.7,1.9,2.5,0,0,2,0,7,420.0,0.152,-356.3,Normal
BR004,2026-03-07,14,6,67.7,1.9166666666666667,3.3,0,0,0,0,7,420.0,0.161,-352.3,Normal
BR004,2026-03-07,15,2,43.6,2.8,3.2,0,0,0,1,7,420.0,0.104,-376.4,Normal
BR004,2026-03-07,16,1,5.8,3.0,3.0,0,0,0,0,7,420.0,0.014,-414.2,Normal
BR004,2026-03-09,9,8,123.7,2.225,3.1,0,0,1,3,7,420.0,0.295,-296.3,Normal
BR004,2026-03-09,10,7,109.2,11.042857142857144,40.7,4,0,2,2,7,420.0,0.26,-310.8,Normal
BR004,2026-03-09,11,12,124.7,2.8499999999999996,6.1,5,0,3,2,7,420.0,0.297,-295.3,Normal
BR004,2026-03-09,12,2,6.8,2.95,3.5,3,0,1,0,7,420.0,0.016,-413.2,Normal
BR004,2026-03-09,13,5,46.0,1.8199999999999998,2.4,0,0,0,0,7,420.0,0.11,-374.0,Normal
BR004,2026-03-09,14,8,73.3,2.1125,3.4,0,0,0,1,7,420.0,0.175,-346.7,Normal
BR004,2026-03-09,15,3,21.799999999999997,2.6999999999999997,3.2,0,0,0,0,7,420.0,0.052,-398.2,Normal
BR004,2026-03-09,16,1,3.2,2.7,2.7,0,0,0,0,7,420.0,0.008,-416.8,Normal
BR004,2026-03-10,9,7,132.3,1.6714285714285713,2.5,0,0,1,3,7,420.0,0.315,-287.7,Normal
BR004,2026-03-10,10,8,120.0,2.3,3.3,0,0,2,3,7,420.0,0.286,-300.0,Normal
BR004,2026-03-10,11,9,107.0,2.1222222222222222,5.9,1,0,2,1,7,420.0,0.255,-313.0,Normal
BR004,2026-03-10,12,9,101.8,5.944444444444445,25.1,3,0,0,0,7,420.0,0.242,-318.2,Normal
BR004,2026-03-10,13,7,57.199999999999996,2.6285714285714286,3.4,2,0,0,0,7,420.0,0.136,-362.8,Normal
BR004,2026-03-10,14,3,37.599999999999994,2.6999999999999997,3.4,0,0,0,1,7,420.0,0.09,-382.4,Normal
BR004,2026-03-10,15,1,5.4,1.5,1.5,0,0,0,0,7,420.0,0.013,-414.6,Normal
BR004,2026-03-10,16,1,11.2,2.2,2.2,0,0,0,0,7,420.0,0.027,-408.8,Normal
BR004,2026-03-11,9,5,70.8,2.4,3.3,0,0,1,1,7,420.0,0.169,-349.2,Normal
BR004,2026-03-11,10,11,108.7,3.8909090909090907,12.7,1,0,2,1,7,420.0,0.259,-311.3,Normal
BR004,2026-03-11,11,7,124.1,1.8142857142857143,2.9,0,0,1,2,7,420.0,0.295,-295.9,Normal
BR004,2026-03-11,12,6,37.9,2.5,3.5,0,0,0,0,7,420.0,0.09,-382.1,Normal
BR004,2026-03-11,13,3,59.2,1.3666666666666665,1.8,0,0,0,1,7,420.0,0.141,-360.8,Normal
BR004,2026-03-11,14,2,31.6,2.0,2.7,0,0,0,1,7,420.0,0.075,-388.4,Normal
BR004,2026-03-11,16,1,18.0,2.9,2.9,0,0,0,0,7,420.0,0.043,-402.0,Normal
BR004,2026-03-12,9,4,20.3,1.9000000000000001,2.7,0,0,0,0,7,420.0,0.048,-399.7,Normal
BR004,2026-03-12,10,8,130.8,2.1,2.8,0,0,2,2,7,420.0,0.311,-289.2,Normal
BR004,2026-03-12,11,4,38.800000000000004,2.275,3.3,0,0,1,0,7,420.0,0.092,-381.2,Normal
BR004,2026-03-12,12,5,73.8,2.82,3.5,0,0,0,1,7,420.0,0.176,-346.2,Normal
BR004,2026-03-12,13,2,22.1,2.0,2.4,0,0,0,1,7,420.0,0.053,-397.9,Normal
BR004,2026-03-12,14,6,67.9,2.25,2.9,0,0,0,1,7,420.0,0.162,-352.1,Normal
BR004,2026-03-12,15,3,54.2,1.7,1.9,0,0,0,1,7,420.0,0.129,-365.8,Normal
BR004,2026-03-13,9,12,80.8,2.4,3.5,1,0,0,0,7,420.0,0.192,-339.2,Normal
BR004,2026-03-13,10,11,182.5,14.754545454545456,52.2,5,1,3,4,7,420.0,0.435,-237.5,Normal
BR004,2026-03-13,11,13,236.2,5.761538461538462,27.6,7,0,0,5,7,420.0,0.562,-183.8,Normal
BR004,2026-03-13,12,6,60.1,2.716666666666667,4.8,6,0,1,2,7,420.0,0.143,-359.9,Normal
BR004,2026-03-13,13,10,162.8,4.43,17.8,6,0,1,3,7,420.0,0.388,-257.2,Normal
BR004,2026-03-13,14,10,66.9,2.32,3.5,0,0,2,0,7,420.0,0.159,-353.1,Normal
BR004,2026-03-13,15,2,28.0,2.8499999999999996,2.9,0,0,0,0,7,420.0,0.067,-392.0,Normal
BR004,2026-03-16,9,6,81.10000000000001,2.033333333333333,3.2,0,0,2,1,7,420.0,0.193,-338.9,Normal
BR004,2026-03-16,10,13,140.5,5.638461538461538,18.8,3,0,3,1,7,420.0,0.335,-279.5,Normal
BR004,2026-03-16,11,9,121.3,1.8444444444444446,2.4,2,0,1,2,7,420.0,0.289,-298.7,Normal
BR004,2026-03-16,12,9,115.5,8.822222222222223,28.4,1,0,0,2,7,420.0,0.275,-304.5,Normal
BR004,2026-03-16,13,7,98.9,2.5285714285714285,6.6,2,0,0,1,7,420.0,0.235,-321.1,Normal
BR004,2026-03-16,14,8,80.0,2.025,3.3,1,0,0,0,7,420.0,0.19,-340.0,Normal
BR004,2026-03-16,15,4,30.2,1.725,2.4,0,0,0,0,7,420.0,0.072,-389.8,Normal
BR004,2026-03-17,9,9,116.30000000000001,2.0555555555555554,3.1,0,0,2,1,7,420.0,0.277,-303.7,Normal
BR004,2026-03-17,10,6,68.0,2.316666666666667,3.1,0,0,1,1,7,420.0,0.162,-352.0,Normal
BR004,2026-03-17,11,4,53.699999999999996,2.9,3.4,0,0,0,0,7,420.0,0.128,-366.3,Normal
BR004,2026-03-17,12,8,77.7,2.125,3.1,0,0,1,1,7,420.0,0.185,-342.3,Normal
BR004,2026-03-17,13,4,47.7,1.725,3.2,0,0,0,0,7,420.0,0.114,-372.3,Normal
BR004,2026-03-17,14,3,18.5,2.766666666666667,3.3,0,0,0,0,7,420.0,0.044,-401.5,Normal
BR004,2026-03-17,15,5,92.4,1.92,3.2,0,0,0,1,7,420.0,0.22,-327.6,Normal
BR004,2026-03-17,16,1,3.1,1.7,1.7,0,0,0,0,7,420.0,0.007,-416.9,Normal
BR004,2026-03-18,9,8,90.3,2.2375,3.3,0,0,0,1,7,420.0,0.215,-329.7,Normal
BR004,2026-03-18,10,8,71.2,3.925,15.6,1,0,2,0,7,420.0,0.17,-348.8,Normal
BR004,2026-03-18,11,11,130.4,2.3545454545454545,8.5,1,0,2,1,7,420.0,0.31,-289.6,Normal
BR004,2026-03-18,12,2,38.6,1.65,2.3,0,0,1,1,7,420.0,0.092,-381.4,Normal
BR004,2026-03-18,13,5,80.89999999999999,2.6,3.4,0,0,0,1,7,420.0,0.193,-339.1,Normal
BR004,2026-03-18,14,9,161.9,4.288888888888888,22.4,1,0,0,2,7,420.0,0.385,-258.1,Normal
BR004,2026-03-18,15,8,112.9,2.1,3.4,0,0,0,1,7,420.0,0.269,-307.1,Normal
BR004,2026-03-18,16,1,24.1,2.9,2.9,0,0,0,0,7,420.0,0.057,-395.9,Normal
BR004,2026-03-19,9,9,107.6,2.511111111111111,3.5,0,0,3,1,7,420.0,0.256,-312.4,Normal
BR004,2026-03-19,10,4,61.8,2.075,3.0,0,0,1,2,7,420.0,0.147,-358.2,Normal
BR004,2026-03-19,11,3,19.1,2.8000000000000003,3.5,0,0,0,0,7,420.0,0.045,-400.9,Normal
BR004,2026-03-19,12,8,118.0,2.0625,3.7,1,0,0,3,7,420.0,0.281,-302.0,Normal
BR004,2026-03-19,13,8,136.7,2.6,5.9,1,0,0,3,7,420.0,0.325,-283.3,Normal
BR004,2026-03-19,14,8,80.1,1.4625,3.4,0,0,0,0,7,420.0,0.191,-339.9,Normal
BR004,2026-03-19,15,1,7.5,2.7,2.7,0,0,0,0,7,420.0,0.018,-412.5,Normal
BR004,2026-03-21,9,8,116.6,1.8125,2.9,0,0,0,2,7,420.0,0.278,-303.4,Normal
BR004,2026-03-21,10,14,164.0,6.128571428571428,30.5,3,0,1,2,7,420.0,0.39,-256.0,Normal
BR004,2026-03-21,11,10,115.0,6.4300000000000015,43.2,3,0,3,1,7,420.0,0.274,-305.0,Normal
BR004,2026-03-21,12,10,215.1,2.23,3.3,2,0,1,6,7,420.0,0.512,-204.9,Normal
BR004,2026-03-21,13,3,39.2,2.3333333333333335,3.2,1,0,0,1,7,420.0,0.093,-380.8,Normal
BR004,2026-03-21,14,6,77.2,2.2666666666666666,3.3,0,0,2,1,7,420.0,0.184,-342.8,Normal
BR004,2026-03-21,15,3,39.3,2.1999999999999997,3.1,0,0,0,1,7,420.0,0.094,-380.7,Normal
BR004,2026-03-23,9,6,42.0,8.466666666666667,38.6,2,0,1,0,7,420.0,0.1,-378.0,Normal
BR004,2026-03-23,10,14,222.7,8.035714285714286,34.9,2,0,2,4,7,420.0,0.53,-197.3,Normal
BR004,2026-03-23,11,10,125.5,2.62,3.8,3,0,3,4,7,420.0,0.299,-294.5,Normal
BR004,2026-03-23,12,6,78.9,2.3000000000000003,3.3,1,0,0,2,7,420.0,0.188,-341.1,Normal
BR004,2026-03-23,13,4,37.9,2.425,3.0,0,0,0,0,7,420.0,0.09,-382.1,Normal
BR004,2026-03-23,14,9,83.8,2.022222222222222,3.4,0,0,0,1,7,420.0,0.2,-336.2,Normal
BR004,2026-03-23,15,3,18.5,1.8666666666666665,3.0,0,0,0,0,7,420.0,0.044,-401.5,Normal
BR004,2026-03-23,16,2,24.0,3.25,3.4,0,0,0,0,7,420.0,0.057,-396.0,Normal
BR004,2026-03-24,9,7,107.30000000000001,2.9,5.6,1,0,0,2,7,420.0,0.255,-312.7,Normal
BR004,2026-03-24,10,9,116.2,4.066666666666666,12.1,3,0,3,2,7,420.0,0.277,-303.8,Normal
BR004,2026-03-24,11,8,120.1,1.875,2.9,2,0,1,2,7,420.0,0.286,-299.9,Normal
BR004,2026-03-24,12,5,93.7,5.7,20.6,1,0,1,1,7,420.0,0.223,-326.3,Normal
BR004,2026-03-24,13,6,70.4,2.6666666666666665,3.4,0,0,0,1,7,420.0,0.168,-349.6,Normal
BR004,2026-03-24,14,6,66.4,4.533333333333333,14.2,1,0,0,0,7,420.0,0.158,-353.6,Normal
BR004,2026-03-24,15,5,75.2,2.4,3.5,0,0,0,1,7,420.0,0.179,-344.8,Normal
BR004,2026-03-25,9,7,53.1,2.142857142857143,3.1,0,0,3,0,7,420.0,0.126,-366.9,Normal
BR004,2026-03-25,10,8,110.2,2.7375,6.9,1,0,0,3,7,420.0,0.262,-309.8,Normal
BR004,2026-03-25,11,4,28.6,2.225,3.3,0,0,0,0,7,420.0,0.068,-391.4,Normal
BR004,2026-03-25,12,9,124.1,2.511111111111111,3.5,0,0,1,2,7,420.0,0.295,-295.9,Normal
BR004,2026-03-25,13,5,45.8,1.9,2.1,0,0,0,0,7,420.0,0.109,-374.2,Normal
BR004,2026-03-25,14,4,47.6,2.275,3.3,0,0,0,1,7,420.0,0.113,-372.4,Normal
BR004,2026-03-25,15,4,46.099999999999994,2.325,3.0,0,0,0,0,7,420.0,0.11,-373.9,Normal
BR004,2026-03-25,16,1,4.2,2.4,2.4,0,0,0,0,7,420.0,0.01,-415.8,Normal
BR004,2026-03-26,9,10,128.3,6.9,28.4,1,0,2,2,7,420.0,0.305,-291.7,Normal
BR004,2026-03-26,10,7,62.3,1.5142857142857142,2.3,0,0,2,0,7,420.0,0.148,-357.7,Normal
BR004,2026-03-26,11,9,104.39999999999999,2.0555555555555554,3.4,0,0,1,1,7,420.0,0.249,-315.6,Normal
BR004,2026-03-26,12,6,77.8,9.333333333333334,26.9,2,0,0,2,7,420.0,0.185,-342.2,Normal
BR004,2026-03-26,13,9,105.39999999999999,3.0555555555555554,8.6,3,0,0,2,7,420.0,0.251,-314.6,Normal
BR004,2026-03-26,14,3,25.5,2.2,2.7,1,0,0,0,7,420.0,0.061,-394.5,Normal
BR004,2026-03-26,15,2,40.9,1.2,1.4,0,0,0,1,7,420.0,0.097,-379.1,Normal
BR004,2026-03-27,9,11,132.0,10.090909090909092,46.1,4,1,5,1,7,420.0,0.314,-288.0,Normal
BR004,2026-03-27,10,17,237.2,9.74705882352941,30.8,6,0,1,4,7,420.0,0.565,-182.8,Normal
BR004,2026-03-27,11,9,88.8,2.388888888888889,3.5,3,0,2,0,7,420.0,0.211,-331.2,Normal
BR004,2026-03-27,12,7,77.1,17.87142857142857,39.8,4,1,0,2,7,420.0,0.184,-342.9,Moderate
BR004,2026-03-27,13,12,139.5,4.2749999999999995,28.4,3,0,0,3,7,420.0,0.332,-280.5,Normal
BR004,2026-03-27,14,13,120.6,3.9384615384615387,23.9,2,0,0,1,7,420.0,0.287,-299.4,Normal
BR004,2026-03-27,15,3,50.4,1.4666666666666668,1.9,0,0,0,1,7,420.0,0.12,-369.6,Normal
BR005,2025-10-01,9,4,42.300000000000004,1.7999999999999998,2.8,0,0,2,0,5,300.0,0.141,-257.7,Normal
BR005,2025-10-01,10,11,103.4,18.463636363636365,44.5,6,0,0,1,5,300.0,0.345,-196.6,Moderate
BR005,2025-10-01,11,7,93.5,5.728571428571429,24.4,8,0,1,2,5,300.0,0.312,-206.5,Normal
BR005,2025-10-01,12,7,112.5,6.471428571428571,31.7,7,0,1,2,5,300.0,0.375,-187.5,Normal
BR005,2025-10-01,13,7,80.9,2.1571428571428575,3.1,4,0,0,1,5,300.0,0.27,-219.1,Normal
BR005,2025-10-01,14,6,106.1,1.9833333333333332,2.3,2,0,0,2,5,300.0,0.354,-193.9,Normal
BR005,2025-10-01,15,3,79.4,2.9,3.4,0,0,0,1,5,300.0,0.265,-220.6,Normal
BR005,2025-10-03,9,12,156.0,10.375,41.8,8,1,3,2,5,300.0,0.52,-144.0,Normal
BR005,2025-10-03,10,18,172.3,12.744444444444445,45.0,9,1,5,1,5,300.0,0.574,-127.7,Normal
BR005,2025-10-03,11,14,197.9,13.557142857142859,52.2,11,1,1,4,5,300.0,0.66,-102.1,Normal
BR005,2025-10-03,12,9,85.0,5.133333333333334,15.2,12,0,0,1,5,300.0,0.283,-215.0,Normal
BR005,2025-10-03,13,8,97.6,4.5375,17.7,8,0,0,1,5,300.0,0.325,-202.4,Normal
BR005,2025-10-03,14,7,133.4,3.6,13.0,5,0,0,3,5,300.0,0.445,-166.6,Normal
BR005,2025-10-03,15,5,54.2,2.62,4.9,1,0,0,0,5,300.0,0.181,-245.8,Normal
BR005,2025-10-04,9,13,105.9,15.353846153846153,51.2,8,3,2,2,5,300.0,0.353,-194.1,Moderate
BR005,2025-10-04,10,13,166.3,14.023076923076925,44.8,9,1,2,4,5,300.0,0.554,-133.7,Normal
BR005,2025-10-04,11,11,155.3,14.590909090909092,41.5,8,1,2,3,5,300.0,0.518,-144.7,Normal
BR005,2025-10-04,12,12,163.3,9.625,35.9,8,0,0,2,5,300.0,0.544,-136.7,Normal
BR005,2025-10-04,13,5,72.6,1.78,3.4,6,0,0,1,5,300.0,0.242,-227.4,Normal
BR005,2025-10-04,14,4,33.8,2.475,3.4,4,0,0,0,5,300.0,0.113,-266.2,Normal
BR005,2025-10-04,15,4,36.2,2.1,2.5,1,0,0,0,5,300.0,0.121,-263.8,Normal
BR005,2025-10-06,9,11,121.4,8.290909090909091,27.1,4,0,1,2,5,300.0,0.405,-178.6,Normal
BR005,2025-10-06,10,11,131.8,5.0181818181818185,19.6,3,0,4,1,5,300.0,0.439,-168.2,Normal
BR005,2025-10-06,11,12,105.3,5.633333333333333,26.7,3,0,1,1,5,300.0,0.351,-194.7,Normal
BR005,2025-10-06,12,5,41.4,3.28,8.2,1,0,0,0,5,300.0,0.138,-258.6,Normal
BR005,2025-10-06,13,4,46.2,1.525,2.1,0,0,0,0,5,300.0,0.154,-253.8,Normal
BR005,2025-10-06,14,5,73.5,2.52,3.2,0,0,0,1,5,300.0,0.245,-226.5,Normal
BR005,2025-10-06,15,2,14.3,1.9,2.6,0,0,0,0,5,300.0,0.048,-285.7,Normal
BR005,2025-10-07,9,6,46.5,2.1333333333333333,2.8,0,0,3,0,5,300.0,0.155,-253.5,Normal
BR005,2025-10-07,10,4,38.8,1.9249999999999998,3.4,0,0,0,0,5,300.0,0.129,-261.2,Normal
BR005,2025-10-07,11,6,70.6,2.466666666666667,3.3,0,0,1,1,5,300.0,0.235,-229.4,Normal
BR005,2025-10-07,12,2,18.8,1.55,1.6,0,0,0,0,5,300.0,0.063,-281.2,Normal
BR005,2025-10-07,13,3,42.5,2.566666666666667,3.2,0,0,0,1,5,300.0,0.142,-257.5,Normal
BR005,2025-10-07,14,6,85.7,1.7666666666666666,3.0,0,0,0,2,5,300.0,0.286,-214.3,Normal
BR005,2025-10-07,15,3,47.0,2.433333333333333,2.7,0,0,0,1,5,300.0,0.157,-253.0,Normal
BR005,2025-10-08,9,6,36.6,31.55,51.3,4,3,1,2,5,300.0,0.122,-263.4,High
BR005,2025-10-08,10,12,171.3,5.3500000000000005,24.2,4,0,2,2,5,300.0,0.571,-128.7,Normal
BR005,2025-10-08,11,2,18.9,2.6,3.2,1,0,1,0,5,300.0,0.063,-281.1,Normal
BR005,2025-10-08,12,6,104.0,7.25,33.6,3,0,0,2,5,300.0,0.347,-196.0,Normal
BR005,2025-10-08,13,5,47.4,3.6,8.3,2,0,0,0,5,300.0,0.158,-252.6,Normal
BR005,2025-10-08,14,4,39.6,1.775,2.3,1,0,0,0,5,300.0,0.132,-260.4,Normal
BR005,2025-10-08,15,3,21.2,2.6333333333333333,3.1,0,0,0,0,5,300.0,0.071,-278.8,Normal
BR005,2025-10-09,9,9,85.3,5.988888888888889,26.4,2,0,1,1,5,300.0,0.284,-214.7,Normal
BR005,2025-10-09,10,7,70.10000000000001,2.2,3.4,1,0,2,0,5,300.0,0.234,-229.9,Normal
BR005,2025-10-09,11,7,106.30000000000001,17.3,51.5,5,0,0,3,5,300.0,0.354,-193.7,Moderate
BR005,2025-10-09,12,10,119.9,7.88,20.7,6,0,2,2,5,300.0,0.4,-180.1,Normal
BR005,2025-10-09,13,6,91.0,2.1,3.4,5,0,0,2,5,300.0,0.303,-209.0,Normal
BR005,2025-10-09,14,6,85.2,3.8333333333333335,10.2,1,0,0,2,5,300.0,0.284,-214.8,Normal
BR005,2025-10-09,15,3,43.0,2.466666666666667,3.4,0,0,0,1,5,300.0,0.143,-257.0,Normal
BR005,2025-10-09,16,1,20.2,3.1,3.1,0,0,0,1,5,300.0,0.067,-279.8,Normal
BR005,2025-10-10,9,10,111.0,4.8100000000000005,17.2,2,0,2,1,5,300.0,0.37,-189.0,Normal
BR005,2025-10-10,10,9,93.9,9.97777777777778,44.7,2,1,2,1,5,300.0,0.313,-206.1,Normal
BR005,2025-10-10,11,10,107.39999999999999,4.57,19.5,4,0,2,1,5,300.0,0.358,-192.6,Normal
BR005,2025-10-10,12,6,75.3,8.283333333333333,36.6,3,0,2,1,5,300.0,0.251,-224.7,Normal
BR005,2025-10-10,13,7,83.2,7.628571428571428,43.4,1,0,0,1,5,300.0,0.277,-216.8,Normal
BR005,2025-10-10,14,8,81.1,2.125,3.3,0,0,0,1,5,300.0,0.27,-218.9,Normal
BR005,2025-10-10,15,2,19.0,2.65,2.8,0,0,0,0,5,300.0,0.063,-281.0,Normal
BR005,2025-10-10,16,1,29.7,2.8,2.8,0,0,0,1,5,300.0,0.099,-270.3,Normal
BR005,2025-10-13,9,6,71.7,1.8666666666666665,3.0,0,0,2,0,5,300.0,0.239,-228.3,Normal
BR005,2025-10-13,10,6,71.5,18.5,39.0,5,1,0,1,5,300.0,0.238,-228.5,Moderate
BR005,2025-10-13,11,10,108.3,4.46,21.7,5,0,1,1,5,300.0,0.361,-191.7,Normal
BR005,2025-10-13,12,12,140.3,4.916666666666667,15.3,3,0,1,1,5,300.0,0.468,-159.7,Normal
BR005,2025-10-13,13,2,15.3,1.65,2.4,1,0,0,0,5,300.0,0.051,-284.7,Normal
BR005,2025-10-13,14,7,147.5,5.271428571428571,19.8,2,0,2,3,5,300.0,0.492,-152.5,Normal
BR005,2025-10-13,15,4,54.599999999999994,2.1,3.6,1,0,0,2,5,300.0,0.182,-245.4,Normal
BR005,2025-10-14,9,5,39.6,1.9599999999999997,3.3,0,0,0,0,5,300.0,0.132,-260.4,Normal
BR005,2025-10-14,10,9,124.4,4.655555555555555,21.2,2,0,2,3,5,300.0,0.415,-175.6,Normal
BR005,2025-10-14,11,3,38.4,2.733333333333333,3.1,0,0,1,0,5,300.0,0.128,-261.6,Normal
BR005,2025-10-14,12,9,125.4,8.855555555555554,25.5,3,0,0,1,5,300.0,0.418,-174.6,Normal
BR005,2025-10-14,13,3,29.8,2.433333333333333,3.0,2,0,2,1,5,300.0,0.099,-270.2,Normal
BR005,2025-10-14,14,1,17.4,0.9,0.9,1,0,0,0,5,300.0,0.058,-282.6,Normal
BR005,2025-10-14,15,3,51.3,2.4,2.9,0,0,0,1,5,300.0,0.171,-248.7,Normal
BR005,2025-10-14,16,1,14.9,1.1,1.1,0,0,0,0,5,300.0,0.05,-285.1,Normal
BR005,2025-10-15,9,6,90.5,5.6499999999999995,25.0,1,0,0,2,5,300.0,0.302,-209.5,Normal
BR005,2025-10-15,10,3,84.8,2.466666666666667,3.2,0,0,0,2,5,300.0,0.283,-215.2,Normal
BR005,2025-10-15,11,4,69.1,12.8,30.8,2,0,0,2,5,300.0,0.23,-230.9,Normal
BR005,2025-10-15,12,3,25.0,3.8000000000000003,7.2,3,0,0,0,5,300.0,0.083,-275.0,Normal
BR005,2025-10-15,13,5,38.1,2.22,3.2,2,0,1,0,5,300.0,0.127,-261.9,Normal
BR005,2025-10-15,14,4,26.3,1.6,1.9,0,0,1,1,5,300.0,0.088,-273.7,Normal
BR005,2025-10-15,15,2,33.8,2.75,3.5,0,0,0,1,5,300.0,0.113,-266.2,Normal
BR005,2025-10-16,9,8,100.2,4.925,14.5,1,0,1,1,5,300.0,0.334,-199.8,Normal
BR005,2025-10-16,10,5,57.7,2.34,3.4,0,0,1,0,5,300.0,0.192,-242.3,Normal
BR005,2025-10-16,11,4,45.4,1.9249999999999998,2.8,0,0,1,1,5,300.0,0.151,-254.6,Normal
BR005,2025-10-16,12,3,31.799999999999997,1.7666666666666666,2.4,0,0,0,0,5,300.0,0.106,-268.2,Normal
BR005,2025-10-16,13,9,129.9,4.2666666666666675,20.1,1,0,0,2,5,300.0,0.433,-170.1,Normal
BR005,2025-10-16,14,7,122.8,5.957142857142857,22.5,2,0,0,2,5,300.0,0.409,-177.2,Normal
BR005,2025-10-16,15,2,45.8,2.95,3.4,0,0,0,1,5,300.0,0.153,-254.2,Normal
BR005,2025-10-16,16,1,15.3,3.5,3.5,1,0,0,0,5,300.0,0.051,-284.7,Normal
BR005,2025-10-17,9,9,85.7,6.433333333333334,24.5,1,0,0,1,5,300.0,0.286,-214.3,Normal
BR005,2025-10-17,10,11,161.4,11.636363636363637,41.7,5,1,1,3,5,300.0,0.538,-138.6,Normal
BR005,2025-10-17,11,8,85.1,5.7625,24.9,5,0,1,1,5,300.0,0.284,-214.9,Normal
BR005,2025-10-17,12,4,34.6,2.675,3.4,4,0,2,0,5,300.0,0.115,-265.4,Normal
BR005,2025-10-17,13,6,56.3,2.0,2.7,2,0,2,0,5,300.0,0.188,-243.7,Normal
BR005,2025-10-17,14,4,53.3,1.85,2.7,1,0,1,1,5,300.0,0.178,-246.7,Normal
BR005,2025-10-17,15,4,63.800000000000004,1.125,1.2,0,0,0,1,5,300.0,0.213,-236.2,Normal
BR005,2025-10-18,9,7,89.0,2.1714285714285717,3.3,0,0,2,1,5,300.0,0.297,-211.0,Normal
BR005,2025-10-18,10,9,108.3,2.5555555555555554,4.4,1,0,1,1,5,300.0,0.361,-191.7,Normal
BR005,2025-10-18,11,5,31.5,2.8200000000000003,3.2,0,0,1,0,5,300.0,0.105,-268.5,Normal
BR005,2025-10-18,12,3,16.1,3.0666666666666664,3.4,0,0,0,0,5,300.0,0.054,-283.9,Normal
BR005,2025-10-18,13,4,31.9,1.825,3.2,0,0,0,0,5,300.0,0.106,-268.1,Normal
BR005,2025-10-18,14,5,62.9,2.06,2.8,0,0,0,1,5,300.0,0.21,-237.1,Normal
BR005,2025-10-18,15,5,36.8,2.52,3.5,0,0,0,0,5,300.0,0.123,-263.2,Normal
BR005,2025-10-22,9,8,105.7,16.225,38.9,5,1,1,3,5,300.0,0.352,-194.3,Moderate
BR005,2025-10-22,10,12,129.2,8.033333333333333,23.7,5,0,1,2,5,300.0,0.431,-170.8,Normal
BR005,2025-10-22,11,13,135.2,12.3,41.2,7,1,3,1,5,300.0,0.451,-164.8,Normal
BR005,2025-10-22,12,7,42.5,2.914285714285714,9.9,4,0,1,0,5,300.0,0.142,-257.5,Normal
BR005,2025-10-22,13,6,73.3,2.433333333333333,3.4,4,0,0,1,5,300.0,0.244,-226.7,Normal
BR005,2025-10-22,14,2,20.599999999999998,2.55,2.7,0,0,0,1,5,300.0,0.069,-279.4,Normal
BR005,2025-10-23,9,4,37.9,10.875,38.3,1,0,2,0,5,300.0,0.126,-262.1,Normal
BR005,2025-10-23,10,7,92.1,2.4714285714285715,3.5,0,0,1,2,5,300.0,0.307,-207.9,Normal
BR005,2025-10-23,11,4,60.7,2.025,2.9,0,0,0,1,5,300.0,0.202,-239.3,Normal
BR005,2025-10-23,12,1,11.9,1.6,1.6,0,0,0,0,5,300.0,0.04,-288.1,Normal
BR005,2025-10-23,13,5,57.0,2.2399999999999998,3.1,0,0,0,0,5,300.0,0.19,-243.0,Normal
BR005,2025-10-23,14,4,52.099999999999994,1.85,2.7,0,0,0,1,5,300.0,0.174,-247.9,Normal
BR005,2025-10-23,15,2,20.5,1.7,2.0,0,0,0,0,5,300.0,0.068,-279.5,Normal
BR005,2025-10-24,9,6,92.6,1.8499999999999999,2.6,0,0,0,2,5,300.0,0.309,-207.4,Normal
BR005,2025-10-24,10,11,114.7,6.763636363636365,30.2,1,0,1,1,5,300.0,0.382,-185.3,Normal
BR005,2025-10-24,11,8,60.099999999999994,4.9375,16.2,2,0,0,1,5,300.0,0.2,-239.9,Normal
BR005,2025-10-24,12,7,86.9,3.1285714285714286,10.7,2,0,1,1,5,300.0,0.29,-213.1,Normal
BR005,2025-10-24,13,4,58.3,1.55,1.8,1,0,1,0,5,300.0,0.194,-241.7,Normal
BR005,2025-10-24,14,6,48.099999999999994,8.266666666666667,40.2,2,0,1,0,5,300.0,0.16,-251.9,Normal
BR005,2025-10-24,15,6,84.3,6.3999999999999995,27.5,1,0,0,1,5,300.0,0.281,-215.7,Normal
BR005,2025-10-24,16,1,4.1,1.0,1.0,1,0,0,0,5,300.0,0.014,-295.9,Normal
BR005,2025-10-27,9,4,36.1,1.8,2.5,0,0,0,0,5,300.0,0.12,-263.9,Normal
BR005,2025-10-27,10,7,66.60000000000001,17.82857142857143,44.3,9,2,1,1,5,300.0,0.222,-233.4,Moderate
BR005,2025-10-27,11,17,192.0,8.535294117647059,27.1,9,0,3,3,5,300.0,0.64,-108.0,Normal
BR005,2025-10-27,12,6,74.2,15.266666666666666,42.1,8,1,2,1,5,300.0,0.247,-225.8,Moderate
BR005,2025-10-27,13,13,149.6,13.338461538461539,32.3,11,0,1,2,5,300.0,0.499,-150.4,Normal
BR005,2025-10-27,14,4,74.7,2.025,3.3,9,0,0,1,5,300.0,0.249,-225.3,Normal
BR005,2025-10-27,15,3,41.2,2.6333333333333333,3.0,8,0,0,1,5,300.0,0.137,-258.8,Normal
BR005,2025-10-28,9,10,67.1,21.47,52.5,11,4,2,1,5,300.0,0.224,-232.9,Moderate
BR005,2025-10-28,10,17,247.70000000000002,21.8,48.5,13,3,3,5,5,300.0,0.826,-52.3,Moderate
BR005,2025-10-28,11,13,176.0,16.53846153846154,52.4,13,1,3,2,5,300.0,0.587,-124.0,Moderate
BR005,2025-10-28,12,12,207.7,14.733333333333334,46.3,19,0,3,3,5,300.0,0.692,-92.3,Normal
BR005,2025-10-28,13,7,117.1,8.571428571428571,34.1,20,0,0,3,5,300.0,0.39,-182.9,Normal
BR005,2025-10-28,14,9,104.5,10.177777777777777,48.1,19,1,0,2,5,300.0,0.348,-195.5,Normal
BR005,2025-10-28,15,4,94.8,2.55,3.5,14,0,0,2,5,300.0,0.316,-205.2,Normal
BR005,2025-10-28,16,2,26.0,2.2,2.5,13,0,0,0,5,300.0,0.087,-274.0,Normal
BR005,2025-10-29,9,11,140.7,7.918181818181818,46.8,3,0,1,3,5,300.0,0.469,-159.3,Normal
BR005,2025-10-29,10,14,118.9,10.728571428571428,48.1,5,1,5,0,5,300.0,0.396,-181.1,Normal
BR005,2025-10-29,11,10,110.8,9.52,34.2,5,0,0,1,5,300.0,0.369,-189.2,Normal
BR005,2025-10-29,12,7,108.2,1.7857142857142858,2.7,4,0,0,3,5,300.0,0.361,-191.8,Normal
BR005,2025-10-29,13,7,82.7,1.9428571428571428,3.1,0,0,0,1,5,300.0,0.276,-217.3,Normal
BR005,2025-10-29,14,4,58.7,2.0,2.6,0,0,0,1,5,300.0,0.196,-241.3,Normal
BR005,2025-10-29,15,4,32.1,1.675,2.8,0,0,0,0,5,300.0,0.107,-267.9,Normal
BR005,2025-10-29,16,1,7.4,0.8,0.8,0,0,0,0,5,300.0,0.025,-292.6,Normal
BR005,2025-10-30,9,10,123.69999999999999,6.26,28.5,2,0,1,1,5,300.0,0.412,-176.3,Normal
BR005,2025-10-30,10,11,155.70000000000002,12.227272727272727,52.3,4,1,4,4,5,300.0,0.519,-144.3,Normal
BR005,2025-10-30,11,9,107.0,9.755555555555555,23.2,5,0,1,2,5,300.0,0.357,-193.0,Normal
BR005,2025-10-30,12,16,165.1,19.006249999999998,50.9,9,3,3,3,5,300.0,0.55,-134.9,Moderate
BR005,2025-10-30,13,7,79.0,13.442857142857141,39.4,11,1,0,1,5,300.0,0.263,-221.0,Normal
BR005,2025-10-30,14,4,53.0,18.125,44.6,10,1,0,1,5,300.0,0.177,-247.0,Moderate
BR005,2025-10-30,15,5,97.39999999999999,2.66,3.5,9,0,0,2,5,300.0,0.325,-202.6,Normal
BR005,2025-10-31,9,12,99.0,18.724999999999998,51.0,9,3,2,2,5,300.0,0.33,-201.0,Moderate
BR005,2025-10-31,10,15,227.1,17.66,52.3,17,1,2,2,5,300.0,0.757,-72.9,Moderate
BR005,2025-10-31,11,13,132.0,10.507692307692308,31.8,17,0,3,3,5,300.0,0.44,-168.0,Normal
BR005,2025-10-31,12,9,142.6,12.133333333333333,35.0,17,0,2,1,5,300.0,0.475,-157.4,Normal
BR005,2025-10-31,13,6,59.2,1.9333333333333333,3.5,16,0,0,0,5,300.0,0.197,-240.8,Normal
BR005,2025-10-31,14,7,75.3,4.728571428571429,19.1,14,0,0,1,5,300.0,0.251,-224.7,Normal
BR005,2025-10-31,15,3,63.2,2.566666666666667,3.5,12,0,0,3,5,300.0,0.211,-236.8,Normal
BR005,2025-10-31,16,1,16.2,2.2,2.2,5,0,0,0,5,300.0,0.054,-283.8,Normal
BR005,2025-11-03,9,9,92.1,7.911111111111111,50.8,4,1,1,2,5,300.0,0.307,-207.9,Normal
BR005,2025-11-03,10,17,164.6,17.329411764705885,51.9,9,3,1,4,5,300.0,0.549,-135.4,Moderate
BR005,2025-11-03,11,13,201.9,8.684615384615384,19.2,10,0,4,3,5,300.0,0.673,-98.1,Normal
BR005,2025-11-03,12,9,92.8,12.488888888888889,36.5,9,0,1,1,5,300.0,0.309,-207.2,Normal
BR005,2025-11-03,13,6,55.8,7.716666666666666,32.9,7,0,1,1,5,300.0,0.186,-244.2,Normal
BR005,2025-11-03,14,10,151.3,8.709999999999999,33.5,5,0,2,2,5,300.0,0.504,-148.7,Normal
BR005,2025-11-03,15,4,72.6,1.475,2.0,3,0,0,2,5,300.0,0.242,-227.4,Normal
BR005,2025-11-03,16,2,47.4,3.35,3.5,2,0,0,1,5,300.0,0.158,-252.6,Normal
BR005,2025-11-04,9,10,59.400000000000006,14.540000000000001,47.3,4,3,3,0,5,300.0,0.198,-240.6,Normal
BR005,2025-11-04,10,11,90.1,8.427272727272728,36.0,5,0,2,0,5,300.0,0.3,-209.9,Normal
BR005,2025-11-04,11,9,113.7,2.2666666666666666,4.5,1,0,0,2,5,300.0,0.379,-186.3,Normal
BR005,2025-11-04,12,5,79.3,2.1399999999999997,3.2,0,0,0,2,5,300.0,0.264,-220.7,Normal
BR005,2025-11-04,13,5,63.8,2.2,2.7,0,0,0,0,5,300.0,0.213,-236.2,Normal
BR005,2025-11-04,14,7,52.2,1.8714285714285714,3.2,0,0,0,1,5,300.0,0.174,-247.8,Normal
BR005,2025-11-04,15,4,32.0,1.65,2.4,0,0,0,0,5,300.0,0.107,-268.0,Normal
BR005,2025-11-04,16,1,16.2,1.5,1.5,0,0,0,0,5,300.0,0.054,-283.8,Normal
BR005,2025-11-05,9,8,145.9,3.45,10.6,2,0,2,3,5,300.0,0.486,-154.1,Normal
BR005,2025-11-05,10,6,48.6,3.9500000000000006,10.4,2,0,1,0,5,300.0,0.162,-251.4,Normal
BR005,2025-11-05,11,4,33.199999999999996,2.075,3.3,0,0,1,1,5,300.0,0.111,-266.8,Normal
BR005,2025-11-05,12,9,111.0,4.955555555555556,25.1,1,0,1,1,5,300.0,0.37,-189.0,Normal
BR005,2025-11-05,13,7,103.6,6.1571428571428575,25.0,2,0,0,2,5,300.0,0.345,-196.4,Normal
BR005,2025-11-05,14,7,95.60000000000001,7.228571428571429,34.1,1,0,0,1,5,300.0,0.319,-204.4,Normal
BR005,2025-11-05,15,5,59.0,2.2600000000000002,3.2,0,0,0,0,5,300.0,0.197,-241.0,Normal
BR005,2025-11-06,9,8,115.8,2.7875,6.6,1,0,2,1,5,300.0,0.386,-184.2,Normal
BR005,2025-11-06,10,7,44.300000000000004,2.185714285714286,3.1,0,0,1,0,5,300.0,0.148,-255.7,Normal
BR005,2025-11-06,11,3,30.5,2.5,3.0,0,0,0,0,5,300.0,0.102,-269.5,Normal
BR005,2025-11-06,12,3,53.0,1.3,1.8,0,0,0,2,5,300.0,0.177,-247.0,Normal
BR005,2025-11-06,13,5,46.8,2.62,3.4,0,0,1,0,5,300.0,0.156,-253.2,Normal
BR005,2025-11-06,14,6,87.6,7.283333333333334,31.9,1,0,0,2,5,300.0,0.292,-212.4,Normal
BR005,2025-11-06,15,6,101.4,2.3333333333333335,5.8,2,0,0,1,5,300.0,0.338,-198.6,Normal
BR005,2025-11-07,9,7,57.4,9.171428571428569,23.9,3,0,2,0,5,300.0,0.191,-242.6,Normal
BR005,2025-11-07,10,10,152.0,17.490000000000002,38.7,7,0,0,3,5,300.0,0.507,-148.0,Moderate
BR005,2025-11-07,11,11,53.7,17.072727272727274,49.7,11,3,1,0,5,300.0,0.179,-246.3,Moderate
BR005,2025-11-07,12,11,153.0,8.336363636363636,33.7,15,0,2,3,5,300.0,0.51,-147.0,Normal
BR005,2025-11-07,13,7,88.0,2.3428571428571425,5.5,14,0,1,2,5,300.0,0.293,-212.0,Normal
BR005,2025-11-07,14,8,95.8,5.575,18.7,9,0,0,1,5,300.0,0.319,-204.2,Normal
BR005,2025-11-07,15,4,29.5,2.025,3.3,4,0,1,0,5,300.0,0.098,-270.5,Normal
BR005,2025-11-10,9,15,161.6,14.620000000000001,47.3,7,2,4,2,5,300.0,0.539,-138.4,Normal
BR005,2025-11-10,10,9,89.5,7.2555555555555555,40.6,6,1,3,1,5,300.0,0.298,-210.5,Normal
BR005,2025-11-10,11,12,138.3,4.633333333333333,22.5,5,0,1,1,5,300.0,0.461,-161.7,Normal
BR005,2025-11-10,12,5,51.1,2.16,2.9,0,0,0,1,5,300.0,0.17,-248.9,Normal
BR005,2025-11-10,13,11,166.1,5.881818181818182,19.7,2,0,0,4,5,300.0,0.554,-133.9,Normal
BR005,2025-11-10,14,7,81.9,6.428571428571429,20.0,2,0,0,1,5,300.0,0.273,-218.1,Normal
BR005,2025-11-10,15,2,29.799999999999997,2.5999999999999996,2.8,0,0,0,1,5,300.0,0.099,-270.2,Normal
BR005,2025-11-11,9,10,103.60000000000001,9.440000000000001,30.8,3,0,2,1,5,300.0,0.345,-196.4,Normal
BR005,2025-11-11,10,8,65.3,2.8125,10.3,4,0,0,0,5,300.0,0.218,-234.7,Normal
BR005,2025-11-11,11,2,26.4,1.75,1.8,0,0,1,0,5,300.0,0.088,-273.6,Normal
BR005,2025-11-11,12,4,53.9,1.875,2.7,0,0,0,1,5,300.0,0.18,-246.1,Normal
BR005,2025-11-11,13,1,30.8,2.5,2.5,0,0,0,1,5,300.0,0.103,-269.2,Normal
BR005,2025-11-11,14,6,104.6,10.0,47.6,3,1,0,2,5,300.0,0.349,-195.4,Normal
BR005,2025-11-11,15,5,61.2,4.24,13.5,2,0,0,1,5,300.0,0.204,-238.8,Normal
BR005,2025-11-12,9,8,71.7,2.3625,3.4,0,0,1,0,5,300.0,0.239,-228.3,Normal
BR005,2025-11-12,10,6,97.10000000000001,5.266666666666667,20.7,1,0,0,2,5,300.0,0.324,-202.9,Normal
BR005,2025-11-12,11,7,47.2,3.4,7.4,2,0,3,0,5,300.0,0.157,-252.8,Normal
BR005,2025-11-12,12,5,69.0,1.86,2.8,1,0,1,0,5,300.0,0.23,-231.0,Normal
BR005,2025-11-12,13,1,9.1,1.3,1.3,0,0,0,0,5,300.0,0.03,-290.9,Normal
BR005,2025-11-12,14,7,128.0,2.3000000000000003,3.3,0,0,0,3,5,300.0,0.427,-172.0,Normal
BR005,2025-11-12,15,1,5.0,1.6,1.6,0,0,0,0,5,300.0,0.017,-295.0,Normal
BR005,2025-11-13,9,5,47.1,2.1599999999999997,2.8,0,0,0,0,5,300.0,0.157,-252.9,Normal
BR005,2025-11-13,10,6,102.0,4.7,17.7,1,0,0,2,5,300.0,0.34,-198.0,Normal
BR005,2025-11-13,11,11,135.9,18.7,44.3,8,1,3,3,5,300.0,0.453,-164.1,Moderate
BR005,2025-11-13,12,5,72.30000000000001,2.08,3.4,7,0,1,1,5,300.0,0.241,-227.7,Normal
BR005,2025-11-13,13,4,38.2,2.6750000000000003,3.2,5,0,0,0,5,300.0,0.127,-261.8,Normal
BR005,2025-11-13,14,3,21.9,2.5,3.1,0,0,0,0,5,300.0,0.073,-278.1,Normal
BR005,2025-11-13,15,5,92.9,2.16,3.2,0,0,0,2,5,300.0,0.31,-207.1,Normal
BR005,2025-11-14,9,12,110.4,4.491666666666667,31.1,1,0,3,1,5,300.0,0.368,-189.6,Normal
BR005,2025-11-14,10,8,73.7,2.325,3.3,0,0,1,0,5,300.0,0.246,-226.3,Normal
BR005,2025-11-14,11,11,225.4,6.009090909090909,17.0,3,0,3,6,5,300.0,0.751,-74.6,Normal
BR005,2025-11-14,12,7,96.3,9.214285714285714,51.7,4,1,0,3,5,300.0,0.321,-203.7,Normal
BR005,2025-11-14,13,10,130.8,8.51,31.8,5,0,0,2,5,300.0,0.436,-169.2,Normal
BR005,2025-11-14,14,2,14.7,2.4000000000000004,3.2,0,0,0,0,5,300.0,0.049,-285.3,Normal
BR005,2025-11-14,15,3,30.7,2.0,2.3,2,0,0,0,5,300.0,0.102,-269.3,Normal
BR005,2025-11-14,16,1,5.8,1.7,1.7,0,0,0,0,5,300.0,0.019,-294.2,Normal
BR005,2025-11-15,9,7,92.19999999999999,2.9,8.3,1,0,0,1,5,300.0,0.307,-207.8,Normal
BR005,2025-11-15,10,5,66.5,1.7399999999999998,2.4,0,0,1,1,5,300.0,0.222,-233.5,Normal
BR005,2025-11-15,11,6,50.6,9.333333333333334,46.4,3,1,0,1,5,300.0,0.169,-249.4,Normal
BR005,2025-11-15,12,10,133.0,9.42,30.9,4,0,3,2,5,300.0,0.443,-167.0,Normal
BR005,2025-11-15,13,8,92.2,2.3499999999999996,6.1,3,0,1,2,5,300.0,0.307,-207.8,Normal
BR005,2025-11-15,14,5,63.0,2.02,2.8,1,0,0,2,5,300.0,0.21,-237.0,Normal
BR005,2025-11-15,15,5,47.5,2.7800000000000002,3.5,0,0,0,0,5,300.0,0.158,-252.5,Normal
BR005,2025-11-17,9,8,115.7,4.7749999999999995,17.4,2,0,1,1,5,300.0,0.386,-184.3,Normal
BR005,2025-11-17,10,7,91.1,6.228571428571428,29.9,2,0,1,2,5,300.0,0.304,-208.9,Normal
BR005,2025-11-17,11,9,114.1,3.011111111111111,10.0,2,0,3,2,5,300.0,0.38,-185.9,Normal
BR005,2025-11-17,12,5,70.1,25.48,49.6,3,1,1,1,5,300.0,0.234,-229.9,High
BR005,2025-11-17,13,7,94.4,7.071428571428571,21.1,4,0,0,2,5,300.0,0.315,-205.6,Normal
BR005,2025-11-17,14,8,142.0,5.1875,20.2,3,0,0,3,5,300.0,0.473,-158.0,Normal
BR005,2025-11-17,15,5,82.69999999999999,4.5600000000000005,13.9,2,0,0,1,5,300.0,0.276,-217.3,Normal
BR005,2025-11-18,9,7,110.1,3.8000000000000003,12.5,2,0,1,3,5,300.0,0.367,-189.9,Normal
BR005,2025-11-18,10,5,83.6,4.0,11.6,2,0,1,2,5,300.0,0.279,-216.4,Normal
BR005,2025-11-18,11,7,96.0,2.1714285714285717,3.3,1,0,1,2,5,300.0,0.32,-204.0,Normal
BR005,2025-11-18,12,2,16.6,2.45,3.0,0,0,0,0,5,300.0,0.055,-283.4,Normal
BR005,2025-11-18,13,6,52.4,3.15,10.8,1,0,1,0,5,300.0,0.175,-247.6,Normal
BR005,2025-11-18,14,3,53.9,3.0333333333333337,3.2,0,0,1,1,5,300.0,0.18,-246.1,Normal
BR005,2025-11-18,15,4,74.6,1.5499999999999998,2.3,0,0,0,1,5,300.0,0.249,-225.4,Normal
BR005,2025-11-19,9,5,44.300000000000004,2.2199999999999998,3.1,0,0,1,0,5,300.0,0.148,-255.7,Normal
BR005,2025-11-19,10,9,84.4,9.766666666666667,37.4,4,0,1,1,5,300.0,0.281,-215.6,Normal
BR005,2025-11-19,11,3,25.5,1.6333333333333335,2.6,1,0,0,0,5,300.0,0.085,-274.5,Normal
BR005,2025-11-19,12,10,82.0,1.9899999999999998,3.2,3,0,0,0,5,300.0,0.273,-218.0,Normal
BR005,2025-11-19,13,4,67.4,1.7,2.4,0,0,0,2,5,300.0,0.225,-232.6,Normal
BR005,2025-11-19,14,2,14.6,1.65,1.8,0,0,0,0,5,300.0,0.049,-285.4,Normal
BR005,2025-11-19,15,3,21.0,2.8666666666666667,3.4,0,0,1,0,5,300.0,0.07,-279.0,Normal
BR005,2025-11-20,9,9,101.0,4.800000000000001,21.0,2,0,2,2,5,300.0,0.337,-199.0,Normal
BR005,2025-11-20,10,7,123.9,2.8857142857142857,6.9,1,0,1,2,5,300.0,0.413,-176.1,Normal
BR005,2025-11-20,11,3,40.3,2.966666666666667,3.3,0,0,0,1,5,300.0,0.134,-259.7,Normal
BR005,2025-11-20,12,2,13.2,1.8,2.6,0,0,0,0,5,300.0,0.044,-286.8,Normal
BR005,2025-11-20,13,7,89.8,2.2857142857142856,3.4,0,0,0,1,5,300.0,0.299,-210.2,Normal
BR005,2025-11-20,14,3,38.4,1.8333333333333333,2.4,0,0,0,1,5,300.0,0.128,-261.6,Normal
BR005,2025-11-20,15,2,35.0,1.0,1.2,0,0,0,0,5,300.0,0.117,-265.0,Normal
BR005,2025-11-21,9,10,90.3,11.790000000000001,50.8,2,2,0,3,5,300.0,0.301,-209.7,Normal
BR005,2025-11-21,10,8,141.5,4.525,10.1,3,0,1,5,5,300.0,0.472,-158.5,Normal
BR005,2025-11-21,11,7,65.0,3.914285714285714,12.6,2,0,1,1,5,300.0,0.217,-235.0,Normal
BR005,2025-11-21,12,5,62.6,2.2600000000000002,3.0,0,0,0,1,5,300.0,0.209,-237.4,Normal
BR005,2025-11-21,13,2,27.8,2.5,2.9,0,0,0,0,5,300.0,0.093,-272.2,Normal
BR005,2025-11-21,14,7,67.0,7.242857142857143,27.5,2,0,1,0,5,300.0,0.223,-233.0,Normal
BR005,2025-11-21,15,5,56.9,2.48,3.4,1,0,2,0,5,300.0,0.19,-243.1,Normal
BR005,2025-11-24,9,7,114.69999999999999,2.157142857142857,3.2,0,0,1,2,5,300.0,0.382,-185.3,Normal
BR005,2025-11-24,10,7,79.2,3.1,6.4,1,0,2,1,5,300.0,0.264,-220.8,Normal
BR005,2025-11-24,11,4,62.9,2.2,2.8,0,0,0,1,5,300.0,0.21,-237.1,Normal
BR005,2025-11-24,12,9,125.1,9.366666666666667,24.8,4,0,2,2,5,300.0,0.417,-174.9,Normal
BR005,2025-11-24,13,5,45.699999999999996,1.78,3.2,3,0,0,0,5,300.0,0.152,-254.3,Normal
BR005,2025-11-24,14,6,49.5,2.283333333333333,3.5,1,0,0,0,5,300.0,0.165,-250.5,Normal
BR005,2025-11-24,15,3,35.400000000000006,2.3333333333333335,3.1,0,0,0,0,5,300.0,0.118,-264.6,Normal
BR005,2025-11-25,9,8,73.4,6.175,22.8,2,0,0,1,5,300.0,0.245,-226.6,Normal
BR005,2025-11-25,10,7,123.5,19.285714285714285,48.4,4,1,1,3,5,300.0,0.412,-176.5,Moderate
BR005,2025-11-25,11,10,67.3,5.24,19.8,3,0,4,1,5,300.0,0.224,-232.7,Normal
BR005,2025-11-25,12,6,72.3,2.0,3.2,3,0,0,0,5,300.0,0.241,-227.7,Normal
BR005,2025-11-25,13,1,7.1,1.0,1.0,1,0,0,0,5,300.0,0.024,-292.9,Normal
BR005,2025-11-25,14,7,83.1,2.0142857142857147,3.0,0,0,0,2,5,300.0,0.277,-216.9,Normal
BR005,2025-11-25,15,2,11.9,2.2,2.5,0,0,0,0,5,300.0,0.04,-288.1,Normal
BR005,2025-11-26,9,6,51.5,7.8,21.5,2,0,1,0,5,300.0,0.172,-248.5,Normal
BR005,2025-11-26,10,6,75.3,7.333333333333333,28.6,2,0,2,2,5,300.0,0.251,-224.7,Normal
BR005,2025-11-26,11,7,106.19999999999999,3.0,5.4,2,0,1,3,5,300.0,0.354,-193.8,Normal
BR005,2025-11-26,12,3,22.6,2.3666666666666667,3.1,0,0,0,0,5,300.0,0.075,-277.4,Normal
BR005,2025-11-26,13,4,36.5,2.575,3.2,0,0,0,1,5,300.0,0.122,-263.5,Normal
BR005,2025-11-26,14,5,63.0,2.34,3.0,0,0,0,1,5,300.0,0.21,-237.0,Normal
BR005,2025-11-26,15,2,13.9,1.5,1.6,0,0,0,0,5,300.0,0.046,-286.1,Normal
BR005,2025-11-27,9,8,112.6,2.3000000000000003,5.0,1,0,4,1,5,300.0,0.375,-187.4,Normal
BR005,2025-11-27,10,5,32.6,10.040000000000001,38.6,1,1,0,0,5,300.0,0.109,-267.4,Normal
BR005,2025-11-27,11,8,88.1,4.0,17.2,2,0,1,2,5,300.0,0.294,-211.9,Normal
BR005,2025-11-27,12,5,80.8,1.72,2.2,0,0,0,2,5,300.0,0.269,-219.2,Normal
BR005,2025-11-27,13,2,15.5,2.15,3.1,0,0,0,0,5,300.0,0.052,-284.5,Normal
BR005,2025-11-27,14,3,50.900000000000006,2.0666666666666664,2.8,0,0,0,1,5,300.0,0.17,-249.1,Normal
BR005,2025-11-27,15,2,9.5,1.4,1.6,0,0,0,0,5,300.0,0.032,-290.5,Normal
BR005,2025-11-27,16,1,5.3,1.4,1.4,0,0,0,0,5,300.0,0.018,-294.7,Normal
BR005,2025-11-28,9,11,144.2,9.881818181818183,40.1,2,0,0,3,5,300.0,0.481,-155.8,Normal
BR005,2025-11-28,10,16,225.0,21.55625,51.9,10,2,2,5,5,300.0,0.75,-75.0,Moderate
BR005,2025-11-28,11,14,151.4,18.928571428571427,51.3,16,2,5,2,5,300.0,0.505,-148.6,Moderate
BR005,2025-11-28,12,12,154.3,16.866666666666667,46.5,18,1,1,2,5,300.0,0.514,-145.7,Moderate
BR005,2025-11-28,13,7,60.3,2.242857142857143,3.3,17,0,0,0,5,300.0,0.201,-239.7,Normal
BR005,2025-11-28,14,11,113.4,8.445454545454545,32.0,16,0,1,0,5,300.0,0.378,-186.6,Normal
BR005,2025-11-28,15,2,10.2,2.25,3.1,9,0,0,0,5,300.0,0.034,-289.8,Normal
BR005,2025-11-28,16,2,14.1,2.1,3.3,9,0,0,0,5,300.0,0.047,-285.9,Normal
BR005,2025-11-29,9,9,101.8,2.477777777777778,4.6,1,0,3,0,5,300.0,0.339,-198.2,Normal
BR005,2025-11-29,10,7,99.3,1.9857142857142858,3.8,1,0,2,1,5,300.0,0.331,-200.7,Normal
BR005,2025-11-29,11,9,49.2,22.077777777777776,51.8,3,3,1,1,5,300.0,0.164,-250.8,Moderate
BR005,2025-11-29,12,13,147.1,6.5307692307692315,28.2,5,0,0,1,5,300.0,0.49,-152.9,Normal
BR005,2025-11-29,13,6,38.8,3.8333333333333335,14.6,4,0,0,0,5,300.0,0.129,-261.2,Normal
BR005,2025-11-29,14,5,45.3,2.18,2.9,0,0,0,0,5,300.0,0.151,-254.7,Normal
BR005,2025-11-29,15,2,22.8,1.2000000000000002,1.3,0,0,0,0,5,300.0,0.076,-277.2,Normal
BR005,2025-11-29,16,2,16.8,2.7,2.8,0,0,0,0,5,300.0,0.056,-283.2,Normal
BR005,2025-12-01,9,12,87.6,31.833333333333332,64.8,14,2,2,1,5,300.0,0.292,-212.4,High
BR005,2025-12-01,10,11,129.2,24.718181818181815,64.7,15,3,4,4,5,300.0,0.431,-170.8,Moderate
BR005,2025-12-01,11,12,88.5,35.88333333333333,64.9,20,4,0,2,5,300.0,0.295,-211.5,Critical
BR005,2025-12-01,12,7,61.7,33.1,64.4,26,2,0,1,5,300.0,0.206,-238.3,High
BR005,2025-12-01,13,5,50.7,13.559999999999999,23.5,25,0,0,0,5,300.0,0.169,-249.3,Normal
BR005,2025-12-01,14,6,39.9,30.433333333333334,63.5,24,3,0,1,5,300.0,0.133,-260.1,High
BR005,2025-12-01,15,4,53.2,13.325000000000001,48.2,25,1,0,2,5,300.0,0.177,-246.8,Normal
BR005,2025-12-02,9,4,58.0,2.175,2.7,0,0,2,1,5,300.0,0.193,-242.0,Normal
BR005,2025-12-02,10,6,56.8,9.700000000000001,27.4,3,0,1,1,5,300.0,0.189,-243.2,Normal
BR005,2025-12-02,11,10,135.9,2.8,6.4,4,0,1,1,5,300.0,0.453,-164.1,Normal
BR005,2025-12-02,12,8,89.7,2.4375,3.0,1,0,0,1,5,300.0,0.299,-210.3,Normal
BR005,2025-12-02,13,6,73.7,2.1666666666666665,3.3,0,0,0,1,5,300.0,0.246,-226.3,Normal
BR005,2025-12-02,14,4,29.8,1.725,2.5,0,0,0,1,5,300.0,0.099,-270.2,Normal
BR005,2025-12-02,15,2,40.0,2.55,2.8,0,0,0,0,5,300.0,0.133,-260.0,Normal
BR005,2025-12-03,9,13,159.6,5.230769230769231,28.9,2,0,1,2,5,300.0,0.532,-140.4,Normal
BR005,2025-12-03,10,6,61.900000000000006,10.25,40.3,2,0,0,1,5,300.0,0.206,-238.1,Normal
BR005,2025-12-03,11,6,48.6,2.1166666666666667,3.4,0,0,2,0,5,300.0,0.162,-251.4,Normal
BR005,2025-12-03,12,6,116.1,8.016666666666666,29.8,1,0,2,2,5,300.0,0.387,-183.9,Normal
BR005,2025-12-03,13,7,70.8,1.842857142857143,2.9,0,0,1,0,5,300.0,0.236,-229.2,Normal
BR005,2025-12-03,14,10,95.8,10.47,23.9,3,0,1,1,5,300.0,0.319,-204.2,Normal
BR005,2025-12-03,15,7,61.4,4.085714285714286,14.7,3,0,0,0,5,300.0,0.205,-238.6,Normal
BR005,2025-12-04,9,11,181.5,5.972727272727273,26.8,1,0,2,3,5,300.0,0.605,-118.5,Normal
BR005,2025-12-04,10,10,163.3,10.05,52.5,3,1,2,4,5,300.0,0.544,-136.7,Normal
BR005,2025-12-04,11,5,36.6,4.140000000000001,14.8,2,0,1,0,5,300.0,0.122,-263.4,Normal
BR005,2025-12-04,12,2,30.099999999999998,2.45,3.0,2,0,0,1,5,300.0,0.1,-269.9,Normal
BR005,2025-12-04,13,5,47.900000000000006,2.1399999999999997,3.2,0,0,0,1,5,300.0,0.16,-252.1,Normal
BR005,2025-12-04,14,4,13.7,12.625,45.5,2,1,0,1,5,300.0,0.046,-286.3,Normal
BR005,2025-12-04,15,7,91.5,5.585714285714286,24.1,1,0,0,1,5,300.0,0.305,-208.5,Normal
BR005,2025-12-04,16,1,3.7,1.6,1.6,0,0,0,0,5,300.0,0.012,-296.3,Normal
BR005,2025-12-05,9,11,82.7,8.027272727272727,47.9,2,1,1,0,5,300.0,0.276,-217.3,Normal
BR005,2025-12-05,10,10,101.0,14.940000000000001,52.0,9,2,2,2,5,300.0,0.337,-199.0,Normal
BR005,2025-12-05,11,15,230.2,13.026666666666667,34.5,8,0,5,3,5,300.0,0.767,-69.8,Normal
BR005,2025-12-05,12,8,89.4,2.6625,6.0,8,0,0,2,5,300.0,0.298,-210.6,Normal
BR005,2025-12-05,13,12,156.7,15.483333333333334,51.1,6,1,0,2,5,300.0,0.522,-143.3,Moderate
BR005,2025-12-05,14,11,156.0,3.5545454545454547,16.3,4,0,0,3,5,300.0,0.52,-144.0,Normal
BR005,2025-12-05,15,2,9.7,2.35,2.5,2,0,0,0,5,300.0,0.032,-290.3,Normal
BR005,2025-12-06,9,7,46.5,19.8,48.5,5,2,1,1,5,300.0,0.155,-253.5,Moderate
BR005,2025-12-06,10,11,97.7,9.281818181818181,32.8,4,0,0,1,5,300.0,0.326,-202.3,Normal
BR005,2025-12-06,11,7,118.6,2.742857142857143,8.2,4,0,0,3,5,300.0,0.395,-181.4,Normal
BR005,2025-12-06,12,5,63.199999999999996,1.8,2.4,0,0,0,2,5,300.0,0.211,-236.8,Normal
BR005,2025-12-06,13,5,44.0,1.6199999999999999,2.4,0,0,1,0,5,300.0,0.147,-256.0,Normal
BR005,2025-12-06,14,5,79.2,2.16,3.0,0,0,1,1,5,300.0,0.264,-220.8,Normal
BR005,2025-12-06,15,3,39.1,2.6,3.2,0,0,0,1,5,300.0,0.13,-260.9,Normal
BR005,2025-12-08,9,8,79.5,6.6625,23.8,2,0,1,1,5,300.0,0.265,-220.5,Normal
BR005,2025-12-08,10,12,111.2,12.083333333333334,35.7,3,0,1,1,5,300.0,0.371,-188.8,Normal
BR005,2025-12-08,11,6,48.4,3.4499999999999997,6.3,4,0,1,1,5,300.0,0.161,-251.6,Normal
BR005,2025-12-08,12,9,112.3,8.033333333333333,22.4,3,0,2,1,5,300.0,0.374,-187.7,Normal
BR005,2025-12-08,13,5,89.4,2.16,3.2,1,0,0,2,5,300.0,0.298,-210.6,Normal
BR005,2025-12-08,14,8,97.0,3.525,10.6,1,0,0,2,5,300.0,0.323,-203.0,Normal
BR005,2025-12-08,15,4,36.1,1.775,2.9,0,0,0,0,5,300.0,0.12,-263.9,Normal
BR005,2025-12-08,16,3,23.6,2.1666666666666665,3.3,0,0,0,0,5,300.0,0.079,-276.4,Normal
BR005,2025-12-09,9,5,35.2,11.2,44.1,1,0,0,0,5,300.0,0.117,-264.8,Normal
BR005,2025-12-09,10,10,127.7,3.5700000000000003,9.0,2,0,2,3,5,300.0,0.426,-172.3,Normal
BR005,2025-12-09,11,5,54.1,3.2600000000000002,8.3,3,0,0,0,5,300.0,0.18,-245.9,Normal
BR005,2025-12-09,12,2,21.6,2.4,2.8,0,0,0,0,5,300.0,0.072,-278.4,Normal
BR005,2025-12-09,13,2,16.3,2.2,3.4,1,0,0,0,5,300.0,0.054,-283.7,Normal
BR005,2025-12-09,14,3,38.8,1.5333333333333332,2.1,0,0,1,1,5,300.0,0.129,-261.2,Normal
BR005,2025-12-09,15,3,25.2,2.9333333333333336,3.3,0,0,1,0,5,300.0,0.084,-274.8,Normal
BR005,2025-12-10,9,4,78.3,2.325,3.2,0,0,1,2,5,300.0,0.261,-221.7,Normal
BR005,2025-12-10,10,5,76.5,1.9,3.1,0,0,2,2,5,300.0,0.255,-223.5,Normal
BR005,2025-12-10,11,9,122.7,3.8777777777777778,17.4,1,0,0,2,5,300.0,0.409,-177.3,Normal
BR005,2025-12-10,12,4,41.2,1.8499999999999999,2.4,0,0,0,0,5,300.0,0.137,-258.8,Normal
BR005,2025-12-10,13,2,29.2,2.05,2.9,0,0,0,1,5,300.0,0.097,-270.8,Normal
BR005,2025-12-10,14,3,17.2,2.466666666666667,2.9,0,0,0,0,5,300.0,0.057,-282.8,Normal
BR005,2025-12-10,15,4,67.3,2.05,2.9,0,0,0,1,5,300.0,0.224,-232.7,Normal
BR005,2025-12-11,9,8,26.8,33.05,61.9,4,4,1,0,5,300.0,0.089,-273.2,High
BR005,2025-12-11,10,4,23.2,27.175,58.5,4,1,1,0,5,300.0,0.077,-276.8,High
BR005,2025-12-11,11,4,20.0,18.025000000000002,57.7,4,0,1,0,5,300.0,0.067,-280.0,Moderate
BR005,2025-12-11,12,6,57.4,24.733333333333334,64.0,7,1,0,0,5,300.0,0.191,-242.6,Moderate
BR005,2025-12-11,13,5,47.1,23.779999999999998,63.3,6,1,0,1,5,300.0,0.157,-252.9,Moderate
BR005,2025-12-11,14,4,68.0,7.05,16.3,7,0,0,3,5,300.0,0.227,-232.0,Normal
BR005,2025-12-12,9,4,69.9,1.8499999999999999,2.3,0,0,0,1,5,300.0,0.233,-230.1,Normal
BR005,2025-12-12,10,11,101.4,5.7272727272727275,22.8,1,0,1,0,5,300.0,0.338,-198.6,Normal
BR005,2025-12-12,11,2,10.0,1.65,1.8,0,0,0,0,5,300.0,0.033,-290.0,Normal
BR005,2025-12-12,12,10,93.9,16.080000000000002,50.0,3,2,1,1,5,300.0,0.313,-206.1,Moderate
BR005,2025-12-12,13,10,115.0,9.61,39.0,5,1,2,1,5,300.0,0.383,-185.0,Normal
BR005,2025-12-12,14,10,115.6,4.109999999999999,22.9,4,0,1,1,5,300.0,0.385,-184.4,Normal
BR005,2025-12-12,15,1,4.9,1.1,1.1,0,0,0,0,5,300.0,0.016,-295.1,Normal
BR005,2025-12-15,9,8,69.5,6.362500000000001,21.0,1,0,1,0,5,300.0,0.232,-230.5,Normal
BR005,2025-12-15,10,5,43.4,4.76,15.9,1,0,1,0,5,300.0,0.145,-256.6,Normal
BR005,2025-12-15,11,10,87.2,8.65,31.0,4,0,3,0,5,300.0,0.291,-212.8,Normal
BR005,2025-12-15,12,6,63.8,2.216666666666667,4.1,3,0,0,1,5,300.0,0.213,-236.2,Normal
BR005,2025-12-15,13,9,157.2,3.8333333333333335,15.8,2,0,1,2,5,300.0,0.524,-142.8,Normal
BR005,2025-12-15,14,5,87.0,1.1400000000000001,1.4,1,0,0,2,5,300.0,0.29,-213.0,Normal
BR005,2025-12-15,15,3,35.4,1.9000000000000001,3.1,0,0,0,0,5,300.0,0.118,-264.6,Normal
BR005,2025-12-15,16,1,9.5,2.8,2.8,0,0,0,0,5,300.0,0.032,-290.5,Normal
BR005,2025-12-16,9,9,105.3,16.177777777777777,51.9,3,2,2,4,5,300.0,0.351,-194.7,Moderate
BR005,2025-12-16,10,12,132.3,5.175,35.7,3,0,1,2,5,300.0,0.441,-167.7,Normal
BR005,2025-12-16,11,5,73.9,2.18,3.7,3,0,2,2,5,300.0,0.246,-226.1,Normal
BR005,2025-12-16,12,8,100.0,5.8,26.4,2,0,0,1,5,300.0,0.333,-200.0,Normal
BR005,2025-12-16,13,3,38.400000000000006,2.733333333333333,3.2,0,0,0,1,5,300.0,0.128,-261.6,Normal
BR005,2025-12-16,14,11,144.3,8.436363636363636,32.9,2,0,0,1,5,300.0,0.481,-155.7,Normal
BR005,2025-12-16,15,4,49.5,2.5,3.2,1,0,0,0,5,300.0,0.165,-250.5,Normal
BR005,2025-12-17,9,7,123.69999999999999,4.799999999999999,20.4,1,0,0,1,5,300.0,0.412,-176.3,Normal
BR005,2025-12-17,10,7,58.2,3.4714285714285715,10.8,3,0,2,0,5,300.0,0.194,-241.8,Normal
BR005,2025-12-17,11,4,45.1,1.95,2.6,2,0,0,1,5,300.0,0.15,-254.9,Normal
BR005,2025-12-17,12,6,110.4,2.3666666666666667,3.1,1,0,0,2,5,300.0,0.368,-189.6,Normal
BR005,2025-12-17,13,8,76.9,1.8125,3.4,1,0,1,0,5,300.0,0.256,-223.1,Normal
BR005,2025-12-17,14,5,55.5,1.8800000000000001,2.2,0,0,1,2,5,300.0,0.185,-244.5,Normal
BR005,2025-12-17,15,3,34.6,2.0,2.6,0,0,0,0,5,300.0,0.115,-265.4,Normal
BR005,2025-12-18,9,6,86.3,2.2,2.7,0,0,1,2,5,300.0,0.288,-213.7,Normal
BR005,2025-12-18,10,6,104.7,2.9499999999999997,6.2,1,0,2,3,5,300.0,0.349,-195.3,Normal
BR005,2025-12-18,11,8,105.8,6.987500000000001,30.1,2,0,1,2,5,300.0,0.353,-194.2,Normal
BR005,2025-12-18,12,4,29.400000000000002,2.4,2.7,1,0,0,0,5,300.0,0.098,-270.6,Normal
BR005,2025-12-18,13,6,63.4,2.1999999999999997,2.9,0,0,0,1,5,300.0,0.211,-236.6,Normal
BR005,2025-12-18,14,4,44.9,12.925,25.4,2,0,0,1,5,300.0,0.15,-255.1,Normal
BR005,2025-12-18,15,4,33.5,2.475,3.4,0,0,0,0,5,300.0,0.112,-266.5,Normal
BR005,2025-12-19,9,8,102.5,2.25,6.4,2,0,3,1,5,300.0,0.342,-197.5,Normal
BR005,2025-12-19,10,8,99.4,7.699999999999999,17.9,3,0,1,1,5,300.0,0.331,-200.6,Normal
BR005,2025-12-19,11,7,65.9,4.628571428571429,16.1,2,0,0,1,5,300.0,0.22,-234.1,Normal
BR005,2025-12-19,12,11,112.0,4.154545454545455,23.5,1,0,1,1,5,300.0,0.373,-188.0,Normal
BR005,2025-12-19,13,7,91.7,2.0714285714285716,3.3,0,0,0,1,5,300.0,0.306,-208.3,Normal
BR005,2025-12-19,14,4,55.5,2.25,3.0,0,0,0,1,5,300.0,0.185,-244.5,Normal
BR005,2025-12-19,15,3,11.5,2.5,3.3,0,0,0,0,5,300.0,0.038,-288.5,Normal
BR005,2025-12-20,9,6,50.599999999999994,2.0166666666666666,2.7,1,0,0,0,5,300.0,0.169,-249.4,Normal
BR005,2025-12-20,10,9,84.5,1.9000000000000001,3.2,0,0,0,0,5,300.0,0.282,-215.5,Normal
BR005,2025-12-20,11,3,13.6,1.9666666666666668,2.5,0,0,0,0,5,300.0,0.045,-286.4,Normal
BR005,2025-12-20,12,3,30.8,1.6666666666666667,2.0,0,0,1,1,5,300.0,0.103,-269.2,Normal
BR005,2025-12-20,13,5,79.3,2.54,3.4,0,0,1,2,5,300.0,0.264,-220.7,Normal
BR005,2025-12-20,14,4,27.8,3.55,6.6,1,0,1,0,5,300.0,0.093,-272.2,Normal
BR005,2025-12-20,15,2,26.5,2.25,2.6,0,0,0,0,5,300.0,0.088,-273.5,Normal
BR005,2025-12-22,9,9,145.8,2.8111111111111113,7.6,1,0,2,2,5,300.0,0.486,-154.2,Normal
BR005,2025-12-22,10,9,125.60000000000001,6.277777777777778,34.9,1,0,2,1,5,300.0,0.419,-174.4,Normal
BR005,2025-12-22,11,7,81.1,2.7142857142857144,3.5,0,0,2,1,5,300.0,0.27,-218.9,Normal
BR005,2025-12-22,12,9,90.2,3.0555555555555554,7.6,1,0,1,1,5,300.0,0.301,-209.8,Normal
BR005,2025-12-22,13,6,85.0,3.0500000000000003,5.2,1,0,0,1,5,300.0,0.283,-215.0,Normal
BR005,2025-12-22,14,5,78.2,2.62,3.4,0,0,0,1,5,300.0,0.261,-221.8,Normal
BR005,2025-12-22,15,3,23.2,2.3333333333333335,2.9,0,0,0,0,5,300.0,0.077,-276.8,Normal
BR005,2025-12-23,9,7,76.6,5.114285714285714,22.4,4,0,3,1,5,300.0,0.255,-223.4,Normal
BR005,2025-12-23,10,10,97.0,5.32,11.8,3,0,1,0,5,300.0,0.323,-203.0,Normal
BR005,2025-12-23,11,5,88.1,1.86,2.3,1,0,0,2,5,300.0,0.294,-211.9,Normal
BR005,2025-12-23,12,5,82.3,2.2800000000000002,3.5,0,0,0,1,5,300.0,0.274,-217.7,Normal
BR005,2025-12-23,13,1,23.6,1.6,1.6,0,0,0,0,5,300.0,0.079,-276.4,Normal
BR005,2025-12-23,14,3,17.8,2.4,3.3,0,0,0,0,5,300.0,0.059,-282.2,Normal
BR005,2025-12-23,15,3,42.9,2.733333333333333,3.2,0,0,0,1,5,300.0,0.143,-257.1,Normal
BR005,2025-12-24,9,6,70.9,3.3666666666666667,6.5,1,0,1,1,5,300.0,0.236,-229.1,Normal
BR005,2025-12-24,10,11,55.9,32.10909090909091,64.9,7,4,2,1,5,300.0,0.186,-244.1,High
BR005,2025-12-24,11,6,77.2,23.916666666666668,64.9,7,1,2,1,5,300.0,0.257,-222.8,Moderate
BR005,2025-12-24,12,8,80.6,21.325,55.4,11,2,0,3,5,300.0,0.269,-219.4,Moderate
BR005,2025-12-24,13,4,41.0,28.7,57.0,13,1,0,1,5,300.0,0.137,-259.0,High
BR005,2025-12-24,14,4,28.4,2.875,3.9,12,0,0,0,5,300.0,0.095,-271.6,Normal
BR005,2025-12-26,9,10,138.6,10.069999999999999,30.4,3,0,2,2,5,300.0,0.462,-161.4,Normal
BR005,2025-12-26,10,9,114.9,7.51111111111111,22.4,2,0,5,2,5,300.0,0.383,-185.1,Normal
BR005,2025-12-26,11,9,134.7,1.7999999999999998,3.2,1,0,0,1,5,300.0,0.449,-165.3,Normal
BR005,2025-12-26,12,10,161.3,6.3,27.1,3,0,0,3,5,300.0,0.538,-138.7,Normal
BR005,2025-12-26,13,4,36.900000000000006,1.5,2.3,1,0,0,1,5,300.0,0.123,-263.1,Normal
BR005,2025-12-26,14,4,65.9,12.35,42.1,2,0,0,1,5,300.0,0.22,-234.1,Normal
BR005,2025-12-26,15,6,76.8,4.416666666666667,15.2,1,0,0,1,5,300.0,0.256,-223.2,Normal
BR005,2025-12-29,9,14,147.4,13.321428571428571,46.5,4,1,1,4,5,300.0,0.491,-152.6,Normal
BR005,2025-12-29,10,17,239.1,18.805882352941175,51.8,15,1,6,4,5,300.0,0.797,-60.9,Moderate
BR005,2025-12-29,11,14,106.6,16.892857142857142,40.5,18,1,1,0,5,300.0,0.355,-193.4,Moderate
BR005,2025-12-29,12,9,87.4,5.288888888888888,30.7,17,0,0,0,5,300.0,0.291,-212.6,Normal
BR005,2025-12-29,13,7,61.2,7.485714285714286,38.4,16,1,0,0,5,300.0,0.204,-238.8,Normal
BR005,2025-12-29,14,8,80.4,14.412500000000001,46.2,9,1,0,1,5,300.0,0.268,-219.6,Normal
BR005,2025-12-29,15,6,90.2,5.033333333333333,19.5,7,0,0,1,5,300.0,0.301,-209.8,Normal
BR005,2025-12-30,9,14,177.3,8.72857142857143,51.9,3,1,5,3,5,300.0,0.591,-122.7,Normal
BR005,2025-12-30,10,16,171.0,18.64375,52.0,6,2,2,2,5,300.0,0.57,-129.0,Moderate
BR005,2025-12-30,11,9,117.9,6.644444444444445,23.1,6,0,0,1,5,300.0,0.393,-182.1,Normal
BR005,2025-12-30,12,7,84.9,4.6571428571428575,22.8,5,0,0,1,5,300.0,0.283,-215.1,Normal
BR005,2025-12-30,13,6,50.800000000000004,3.3333333333333335,10.8,2,0,0,1,5,300.0,0.169,-249.2,Normal
BR005,2025-12-30,14,2,9.6,2.0,3.2,0,0,0,0,5,300.0,0.032,-290.4,Normal
BR005,2025-12-30,15,2,65.9,1.6,2.2,0,0,0,2,5,300.0,0.22,-234.1,Normal
BR005,2025-12-31,9,12,211.8,7.008333333333333,38.1,2,0,2,3,5,300.0,0.706,-88.2,Normal
BR005,2025-12-31,10,10,139.3,15.040000000000001,52.3,4,1,2,2,5,300.0,0.464,-160.7,Moderate
BR005,2025-12-31,11,7,84.6,6.271428571428571,21.2,2,0,0,1,5,300.0,0.282,-215.4,Normal
BR005,2025-12-31,12,5,52.5,2.3,3.2,3,0,1,1,5,300.0,0.175,-247.5,Normal
BR005,2025-12-31,13,6,58.2,2.85,3.5,0,0,1,1,5,300.0,0.194,-241.8,Normal
BR005,2025-12-31,14,10,100.2,12.709999999999999,39.5,4,1,1,1,5,300.0,0.334,-199.8,Normal
BR005,2025-12-31,15,6,71.9,4.833333333333334,20.1,3,0,1,1,5,300.0,0.24,-228.1,Normal
BR005,2025-12-31,16,1,5.5,3.0,3.0,3,0,0,0,5,300.0,0.018,-294.5,Normal
BR005,2026-01-02,9,6,80.0,34.733333333333334,52.4,9,2,1,4,5,300.0,0.267,-220.0,High
BR005,2026-01-02,10,18,252.5,16.583333333333332,49.6,16,2,3,5,5,300.0,0.842,-47.5,Moderate
BR005,2026-01-02,11,7,117.8,5.742857142857143,13.2,17,0,2,2,5,300.0,0.393,-182.2,Normal
BR005,2026-01-02,12,4,32.5,11.125,35.9,16,0,0,0,5,300.0,0.108,-267.5,Normal
BR005,2026-01-02,13,11,122.9,8.963636363636363,33.5,13,0,2,1,5,300.0,0.41,-177.1,Normal
BR005,2026-01-02,14,7,118.0,9.62857142857143,42.6,6,0,0,2,5,300.0,0.393,-182.0,Normal
BR005,2026-01-02,15,6,81.2,2.0166666666666666,3.4,4,0,0,1,5,300.0,0.271,-218.8,Normal
BR005,2026-01-02,16,1,8.1,0.9,0.9,2,0,0,0,5,300.0,0.027,-291.9,Normal
BR005,2026-01-03,9,11,110.1,10.772727272727273,41.0,4,0,1,2,5,300.0,0.367,-189.9,Normal
BR005,2026-01-03,10,12,145.2,6.058333333333334,25.9,5,0,2,3,5,300.0,0.484,-154.8,Normal
BR005,2026-01-03,11,8,111.5,6.375,30.2,6,0,3,3,5,300.0,0.372,-188.5,Normal
BR005,2026-01-03,12,8,99.2,5.825,27.1,5,0,0,1,5,300.0,0.331,-200.8,Normal
BR005,2026-01-03,13,9,102.1,2.0999999999999996,3.1,0,0,0,1,5,300.0,0.34,-197.9,Normal
BR005,2026-01-03,14,3,43.099999999999994,2.6666666666666665,3.5,0,0,0,1,5,300.0,0.144,-256.9,Normal
BR005,2026-01-03,15,5,81.0,1.9600000000000002,3.4,0,0,0,1,5,300.0,0.27,-219.0,Normal
BR005,2026-01-05,9,13,144.2,9.899999999999999,51.4,3,1,0,2,5,300.0,0.481,-155.8,Normal
BR005,2026-01-05,10,21,257.3,14.523809523809524,50.8,15,2,2,4,5,300.0,0.858,-42.7,Moderate
BR005,2026-01-05,11,8,45.7,5.637499999999999,19.0,13,0,2,0,5,300.0,0.152,-254.3,Normal
BR005,2026-01-05,12,6,27.7,22.083333333333332,48.9,14,3,0,1,5,300.0,0.092,-272.3,Moderate
BR005,2026-01-05,13,10,84.7,5.529999999999999,27.1,9,0,2,0,5,300.0,0.282,-215.3,Normal
BR005,2026-01-05,14,7,105.0,1.8,3.1,6,0,1,3,5,300.0,0.35,-195.0,Normal
BR005,2026-01-05,15,4,33.0,2.325,3.5,0,0,1,0,5,300.0,0.11,-267.0,Normal
BR005,2026-01-06,9,5,63.7,1.6799999999999997,2.4,0,0,0,0,5,300.0,0.212,-236.3,Normal
BR005,2026-01-06,10,3,70.3,2.3000000000000003,3.0,0,0,1,2,5,300.0,0.234,-229.7,Normal
BR005,2026-01-06,11,6,48.4,1.8833333333333335,2.6,0,0,1,0,5,300.0,0.161,-251.6,Normal
BR005,2026-01-06,12,4,19.6,2.0,3.2,0,0,1,0,5,300.0,0.065,-280.4,Normal
BR005,2026-01-06,13,3,31.4,2.3000000000000003,2.9,1,0,0,0,5,300.0,0.105,-268.6,Normal
BR005,2026-01-06,14,3,36.5,1.8666666666666665,3.1,0,0,0,0,5,300.0,0.122,-263.5,Normal
BR005,2026-01-06,15,4,50.6,2.275,2.9,0,0,0,1,5,300.0,0.169,-249.4,Normal
BR005,2026-01-07,9,10,75.39999999999999,3.05,6.7,2,0,2,0,5,300.0,0.251,-224.6,Normal
BR005,2026-01-07,10,4,52.0,4.825,14.8,1,0,0,1,5,300.0,0.173,-248.0,Normal
BR005,2026-01-07,11,5,57.6,2.04,3.2,0,0,2,1,5,300.0,0.192,-242.4,Normal
BR005,2026-01-07,12,9,95.9,14.077777777777778,51.7,6,2,1,1,5,300.0,0.32,-204.1,Normal
BR005,2026-01-07,13,8,118.6,11.3375,23.5,7,0,0,2,5,300.0,0.395,-181.4,Normal
BR005,2026-01-07,14,7,97.6,1.957142857142857,3.4,6,0,0,2,5,300.0,0.325,-202.4,Normal
BR005,2026-01-07,15,2,13.3,2.45,2.9,1,0,0,0,5,300.0,0.044,-286.7,Normal
BR005,2026-01-07,16,1,15.0,2.6,2.6,0,0,0,0,5,300.0,0.05,-285.0,Normal
BR005,2026-01-08,9,9,101.2,3.2777777777777777,14.7,1,0,1,1,5,300.0,0.337,-198.8,Normal
BR005,2026-01-08,10,6,101.1,1.8499999999999999,2.6,0,0,2,1,5,300.0,0.337,-198.9,Normal
BR005,2026-01-08,11,3,29.0,2.566666666666667,3.4,0,0,0,0,5,300.0,0.097,-271.0,Normal
BR005,2026-01-08,12,5,28.5,1.8199999999999998,3.1,0,0,0,0,5,300.0,0.095,-271.5,Normal
BR005,2026-01-08,13,3,27.9,1.2333333333333334,1.7,0,0,1,0,5,300.0,0.093,-272.1,Normal
BR005,2026-01-08,14,6,106.2,7.25,35.1,1,0,0,2,5,300.0,0.354,-193.8,Normal
BR005,2026-01-08,15,3,78.9,2.0,3.3,0,0,0,2,5,300.0,0.263,-221.1,Normal
BR005,2026-01-08,16,1,20.0,3.1,3.1,0,0,0,1,5,300.0,0.067,-280.0,Normal
BR005,2026-01-09,9,9,101.9,2.2222222222222223,3.1,0,0,4,1,5,300.0,0.34,-198.1,Normal
BR005,2026-01-09,10,2,24.5,1.4,1.5,0,0,0,0,5,300.0,0.082,-275.5,Normal
BR005,2026-01-09,11,6,65.0,1.7166666666666668,3.0,0,0,0,0,5,300.0,0.217,-235.0,Normal
BR005,2026-01-09,12,10,98.7,2.55,3.7,1,0,0,2,5,300.0,0.329,-201.3,Normal
BR005,2026-01-09,13,5,78.4,6.4,20.3,2,0,0,1,5,300.0,0.261,-221.6,Normal
BR005,2026-01-09,14,6,83.5,3.783333333333333,11.1,1,0,0,1,5,300.0,0.278,-216.5,Normal
BR005,2026-01-09,15,3,14.899999999999999,2.766666666666667,2.9,0,0,0,0,5,300.0,0.05,-285.1,Normal
BR005,2026-01-12,9,5,50.900000000000006,2.2600000000000002,4.3,1,0,3,1,5,300.0,0.17,-249.1,Normal
BR005,2026-01-12,10,11,158.7,8.5,25.1,3,0,2,2,5,300.0,0.529,-141.3,Normal
BR005,2026-01-12,11,5,51.7,2.3,3.2,2,0,1,1,5,300.0,0.172,-248.3,Normal
BR005,2026-01-12,12,5,38.1,6.779999999999999,15.7,2,0,0,0,5,300.0,0.127,-261.9,Normal
BR005,2026-01-12,13,5,65.4,1.6199999999999999,2.4,1,0,0,1,5,300.0,0.218,-234.6,Normal
BR005,2026-01-12,14,7,91.5,2.3000000000000003,3.3,0,0,0,2,5,300.0,0.305,-208.5,Normal
BR005,2026-01-12,15,3,25.3,1.9333333333333333,3.4,0,0,0,0,5,300.0,0.084,-274.7,Normal
BR005,2026-01-12,16,1,21.1,1.0,1.0,0,0,0,0,5,300.0,0.07,-278.9,Normal
BR005,2026-01-13,9,1,36.9,2.6,2.6,0,0,0,1,5,300.0,0.123,-263.1,Normal
BR005,2026-01-13,10,5,70.4,2.08,3.3,1,0,1,1,5,300.0,0.235,-229.6,Normal
BR005,2026-01-13,11,4,54.2,1.8,2.7,0,0,1,1,5,300.0,0.181,-245.8,Normal
BR005,2026-01-13,12,4,82.39999999999999,2.8,4.1,1,0,1,2,5,300.0,0.275,-217.6,Normal
BR005,2026-01-13,13,5,32.1,2.08,3.0,0,0,0,0,5,300.0,0.107,-267.9,Normal
BR005,2026-01-13,14,7,95.0,3.8285714285714287,13.9,2,0,1,2,5,300.0,0.317,-205.0,Normal
BR005,2026-01-13,15,5,106.2,4.319999999999999,11.2,3,0,0,4,5,300.0,0.354,-193.8,Normal
BR005,2026-01-13,16,1,24.0,1.2,1.2,2,0,0,1,5,300.0,0.08,-276.0,Normal
BR005,2026-01-15,9,10,117.2,4.45,22.2,3,0,2,1,5,300.0,0.391,-182.8,Normal
BR005,2026-01-15,10,10,149.0,10.51,33.0,5,0,1,4,5,300.0,0.497,-151.0,Normal
BR005,2026-01-15,11,6,45.7,2.1166666666666667,3.4,4,0,1,0,5,300.0,0.152,-254.3,Normal
BR005,2026-01-15,12,6,81.2,12.516666666666666,33.9,2,0,0,2,5,300.0,0.271,-218.8,Normal
BR005,2026-01-15,13,4,34.6,1.75,2.8,1,0,0,0,5,300.0,0.115,-265.4,Normal
BR005,2026-01-15,14,3,40.4,1.7,2.0,0,0,0,0,5,300.0,0.135,-259.6,Normal
BR005,2026-01-15,15,4,38.7,2.575,3.2,0,0,0,0,5,300.0,0.129,-261.3,Normal
BR005,2026-01-16,9,13,201.2,6.4,28.0,3,0,3,2,5,300.0,0.671,-98.8,Normal
BR005,2026-01-16,10,8,93.2,9.9375,24.8,3,0,2,1,5,300.0,0.311,-206.8,Normal
BR005,2026-01-16,11,8,100.3,3.9375,11.0,2,0,2,0,5,300.0,0.334,-199.7,Normal
BR005,2026-01-16,12,9,87.69999999999999,3.6555555555555554,9.8,3,0,0,1,5,300.0,0.292,-212.3,Normal
BR005,2026-01-16,13,6,99.0,11.116666666666667,33.2,2,0,0,2,5,300.0,0.33,-201.0,Normal
BR005,2026-01-16,14,3,32.400000000000006,1.6666666666666667,2.3,0,0,0,0,5,300.0,0.108,-267.6,Normal
BR005,2026-01-16,15,2,5.7,1.4500000000000002,2.1,1,0,0,0,5,300.0,0.019,-294.3,Normal
BR005,2026-01-17,9,6,36.199999999999996,16.53333333333333,48.4,4,2,1,0,5,300.0,0.121,-263.8,Moderate
BR005,2026-01-17,10,12,142.1,4.816666666666666,14.4,5,0,2,1,5,300.0,0.474,-157.9,Normal
BR005,2026-01-17,11,7,69.3,2.257142857142857,3.2,4,0,2,0,5,300.0,0.231,-230.7,Normal
BR005,2026-01-17,12,4,51.6,1.225,1.6,0,0,1,0,5,300.0,0.172,-248.4,Normal
BR005,2026-01-17,13,6,66.9,4.483333333333333,10.3,2,0,0,0,5,300.0,0.223,-233.1,Normal
BR005,2026-01-17,14,7,90.5,5.371428571428572,14.3,2,0,0,2,5,300.0,0.302,-209.5,Normal
BR005,2026-01-17,15,3,43.300000000000004,2.4333333333333336,3.0,0,0,0,1,5,300.0,0.144,-256.7,Normal
BR005,2026-01-19,9,8,72.5,1.775,2.8,0,0,4,1,5,300.0,0.242,-227.5,Normal
BR005,2026-01-19,10,8,60.8,17.387500000000003,50.6,3,1,1,0,5,300.0,0.203,-239.2,Moderate
BR005,2026-01-19,11,11,131.7,4.781818181818181,27.9,2,0,0,1,5,300.0,0.439,-168.3,Normal
BR005,2026-01-19,12,5,54.3,3.54,6.9,1,0,0,1,5,300.0,0.181,-245.7,Normal
BR005,2026-01-19,13,6,90.7,2.1333333333333333,3.4,0,0,0,2,5,300.0,0.302,-209.3,Normal
BR005,2026-01-19,14,6,116.7,2.9499999999999997,7.4,1,0,0,3,5,300.0,0.389,-183.3,Normal
BR005,2026-01-19,15,3,38.900000000000006,1.7666666666666666,2.9,0,0,0,1,5,300.0,0.13,-261.1,Normal
BR005,2026-01-20,9,9,96.3,2.8000000000000003,11.9,1,0,2,1,5,300.0,0.321,-203.7,Normal
BR005,2026-01-20,10,6,65.2,2.2666666666666666,3.2,0,0,1,1,5,300.0,0.217,-234.8,Normal
BR005,2026-01-20,11,7,137.79999999999998,2.957142857142857,10.0,2,0,1,3,5,300.0,0.459,-162.2,Normal
BR005,2026-01-20,12,5,82.4,14.2,32.0,2,0,1,1,5,300.0,0.275,-217.6,Normal
BR005,2026-01-20,13,8,142.8,11.2375,37.6,3,0,0,3,5,300.0,0.476,-157.2,Normal
BR005,2026-01-20,14,7,98.89999999999999,2.0714285714285716,3.2,2,0,0,1,5,300.0,0.33,-201.1,Normal
BR005,2026-01-20,15,2,19.6,2.25,3.1,1,0,0,0,5,300.0,0.065,-280.4,Normal
BR005,2026-01-21,9,7,80.3,6.171428571428572,22.6,1,0,3,0,5,300.0,0.268,-219.7,Normal
BR005,2026-01-21,10,6,19.8,30.8,64.9,7,3,1,0,5,300.0,0.066,-280.2,High
BR005,2026-01-21,11,8,85.8,17.15,50.6,8,1,0,2,5,300.0,0.286,-214.2,Moderate
BR005,2026-01-21,12,7,60.4,14.714285714285714,36.3,12,0,0,0,5,300.0,0.201,-239.6,Normal
BR005,2026-01-21,13,3,31.7,18.2,29.0,11,0,0,1,5,300.0,0.106,-268.3,Moderate
BR005,2026-01-21,14,7,51.2,8.114285714285714,43.0,11,1,0,1,5,300.0,0.171,-248.8,Normal
BR005,2026-01-21,15,1,5.2,0.9,0.9,7,0,0,0,5,300.0,0.017,-294.8,Normal
BR005,2026-01-22,9,4,70.0,8.6,27.3,2,0,1,1,5,300.0,0.233,-230.0,Normal
BR005,2026-01-22,10,5,45.4,12.120000000000001,39.2,2,1,2,0,5,300.0,0.151,-254.6,Normal
BR005,2026-01-22,11,10,104.5,18.06,58.5,3,2,0,2,5,300.0,0.348,-195.5,Moderate
BR005,2026-01-22,12,2,25.1,24.05,46.6,1,0,0,1,5,300.0,0.084,-274.9,Moderate
BR005,2026-01-22,13,4,40.1,1.875,2.6,2,0,1,0,5,300.0,0.134,-259.9,Normal
BR005,2026-01-22,14,4,41.1,1.925,2.6,0,0,0,1,5,300.0,0.137,-258.9,Normal
BR005,2026-01-23,9,8,152.6,7.9125,25.2,2,0,3,4,5,300.0,0.509,-147.4,Normal
BR005,2026-01-23,10,11,175.4,10.145454545454545,51.5,3,0,0,4,5,300.0,0.585,-124.6,Normal
BR005,2026-01-23,11,7,71.69999999999999,4.000000000000001,17.1,2,0,2,1,5,300.0,0.239,-228.3,Normal
BR005,2026-01-23,12,11,89.7,16.400000000000002,51.8,7,2,1,1,5,300.0,0.299,-210.3,Moderate
BR005,2026-01-23,13,10,109.6,6.859999999999999,26.0,8,0,1,2,5,300.0,0.365,-190.4,Normal
BR005,2026-01-23,14,4,41.8,2.35,3.2,6,0,0,0,5,300.0,0.139,-258.2,Normal
BR005,2026-01-23,15,3,28.000000000000004,1.8333333333333333,2.9,7,0,0,1,5,300.0,0.093,-272.0,Normal
BR005,2026-01-23,16,1,21.8,0.9,0.9,2,0,0,1,5,300.0,0.073,-278.2,Normal
BR005,2026-01-27,9,10,185.9,3.8200000000000003,13.2,1,0,1,3,5,300.0,0.62,-114.1,Normal
BR005,2026-01-27,10,4,31.2,1.975,3.1,0,0,1,0,5,300.0,0.104,-268.8,Normal
BR005,2026-01-27,11,3,52.199999999999996,1.7333333333333334,3.0,0,0,1,1,5,300.0,0.174,-247.8,Normal
BR005,2026-01-27,12,7,64.3,6.385714285714286,23.8,2,0,0,1,5,300.0,0.214,-235.7,Normal
BR005,2026-01-27,13,8,103.9,3.2375,8.6,2,0,0,2,5,300.0,0.346,-196.1,Normal
BR005,2026-01-27,14,2,23.9,1.7999999999999998,2.3,0,0,0,0,5,300.0,0.08,-276.1,Normal
BR005,2026-01-27,15,3,19.1,1.5666666666666667,2.0,0,0,0,0,5,300.0,0.064,-280.9,Normal
BR005,2026-01-28,9,10,115.7,12.43,44.8,3,1,0,1,5,300.0,0.386,-184.3,Normal
BR005,2026-01-28,10,13,162.7,8.569230769230769,30.3,4,0,2,3,5,300.0,0.542,-137.3,Normal
BR005,2026-01-28,11,10,115.8,4.08,17.2,5,0,2,2,5,300.0,0.386,-184.2,Normal
BR005,2026-01-28,12,5,77.1,8.84,34.9,2,0,1,1,5,300.0,0.257,-222.9,Normal
BR005,2026-01-28,13,7,69.2,2.3857142857142857,3.3,0,0,4,0,5,300.0,0.231,-230.8,Normal
BR005,2026-01-28,14,8,38.5,4.2125,21.5,1,0,0,0,5,300.0,0.128,-261.5,Normal
BR005,2026-01-28,15,5,44.1,1.98,3.0,0,0,0,0,5,300.0,0.147,-255.9,Normal
BR005,2026-01-28,16,3,23.8,1.5333333333333332,1.9,0,0,0,0,5,300.0,0.079,-276.2,Normal
BR005,2026-01-29,9,9,71.2,8.566666666666666,22.1,4,0,2,0,5,300.0,0.237,-228.8,Normal
BR005,2026-01-29,10,6,57.7,6.516666666666667,27.0,1,0,2,1,5,300.0,0.192,-242.3,Normal
BR005,2026-01-29,11,7,157.6,3.857142857142857,13.9,3,0,1,4,5,300.0,0.525,-142.4,Normal
BR005,2026-01-29,12,8,132.0,7.2625,38.1,2,1,1,4,5,300.0,0.44,-168.0,Normal
BR005,2026-01-29,13,7,96.69999999999999,1.7142857142857142,3.1,1,0,0,2,5,300.0,0.322,-203.3,Normal
BR005,2026-01-29,14,11,120.19999999999999,14.6,51.8,4,1,0,2,5,300.0,0.401,-179.8,Normal
BR005,2026-01-29,15,7,102.1,2.5142857142857147,3.4,3,0,0,2,5,300.0,0.34,-197.9,Normal
BR005,2026-01-29,16,1,4.8,3.3,3.3,1,0,0,0,5,300.0,0.016,-295.2,Normal
BR005,2026-01-30,9,11,113.9,14.845454545454546,51.2,6,1,3,1,5,300.0,0.38,-186.1,Normal
BR005,2026-01-30,10,16,287.6,16.21875,52.4,6,1,3,7,5,300.0,0.959,-12.4,Moderate
BR005,2026-01-30,11,13,135.9,18.284615384615385,49.5,11,2,1,3,5,300.0,0.453,-164.1,Moderate
BR005,2026-01-30,12,11,100.5,18.327272727272728,51.0,13,3,1,2,5,300.0,0.335,-199.5,Moderate
BR005,2026-01-30,13,13,152.0,8.576923076923077,27.6,15,0,0,3,5,300.0,0.507,-148.0,Normal
BR005,2026-01-30,14,9,102.1,10.61111111111111,49.3,14,0,0,2,5,300.0,0.34,-197.9,Normal
BR005,2026-01-30,15,5,74.3,2.82,3.4,11,0,0,0,5,300.0,0.248,-225.7,Normal
BR005,2026-01-31,9,8,124.9,7.1,32.4,2,0,1,2,5,300.0,0.416,-175.1,Normal
BR005,2026-01-31,10,12,119.9,15.341666666666667,51.1,4,3,4,3,5,300.0,0.4,-180.1,Moderate
BR005,2026-01-31,11,9,76.8,6.444444444444445,22.1,5,0,0,1,5,300.0,0.256,-223.2,Normal
BR005,2026-01-31,12,6,35.2,2.1166666666666667,3.2,3,0,0,0,5,300.0,0.117,-264.8,Normal
BR005,2026-01-31,13,8,98.80000000000001,13.6,37.7,4,0,0,1,5,300.0,0.329,-201.2,Normal
BR005,2026-01-31,14,3,51.2,2.1666666666666665,2.9,3,0,0,1,5,300.0,0.171,-248.8,Normal
BR005,2026-01-31,15,4,58.3,2.15,2.7,2,0,0,1,5,300.0,0.194,-241.7,Normal
BR005,2026-02-02,9,10,226.1,12.75,39.9,4,0,2,4,5,300.0,0.754,-73.9,Normal
BR005,2026-02-02,10,16,132.5,17.20625,52.1,13,2,4,1,5,300.0,0.442,-167.5,Moderate
BR005,2026-02-02,11,10,112.8,9.7,25.9,11,0,2,1,5,300.0,0.376,-187.2,Normal
BR005,2026-02-02,12,13,206.6,16.253846153846155,49.0,12,2,0,6,5,300.0,0.689,-93.4,Moderate
BR005,2026-02-02,13,6,61.8,5.283333333333334,22.3,6,0,0,0,5,300.0,0.206,-238.2,Normal
BR005,2026-02-02,14,6,61.900000000000006,3.85,9.9,6,0,0,1,5,300.0,0.206,-238.1,Normal
BR005,2026-02-02,15,5,38.3,1.3800000000000001,2.2,3,0,0,0,5,300.0,0.128,-261.7,Normal
BR005,2026-02-03,9,6,49.3,1.7333333333333334,3.0,0,0,0,0,5,300.0,0.164,-250.7,Normal
BR005,2026-02-03,10,6,75.0,3.033333333333333,7.2,2,0,2,0,5,300.0,0.25,-225.0,Normal
BR005,2026-02-03,11,9,99.5,5.488888888888889,21.5,2,0,1,1,5,300.0,0.332,-200.5,Normal
BR005,2026-02-03,12,6,107.6,2.4666666666666663,3.3,0,0,2,3,5,300.0,0.359,-192.4,Normal
BR005,2026-02-03,13,10,114.9,6.56,18.6,2,0,0,2,5,300.0,0.383,-185.1,Normal
BR005,2026-02-03,14,4,43.8,2.7,3.4,1,0,1,0,5,300.0,0.146,-256.2,Normal
BR005,2026-02-03,15,3,16.3,1.9666666666666668,3.1,1,0,0,0,5,300.0,0.054,-283.7,Normal
BR005,2026-02-03,16,1,10.9,0.9,0.9,0,0,0,0,5,300.0,0.036,-289.1,Normal
BR005,2026-02-04,9,6,51.4,2.65,5.1,2,0,1,0,5,300.0,0.171,-248.6,Normal
BR005,2026-02-04,10,9,76.8,4.022222222222222,17.6,1,0,3,0,5,300.0,0.256,-223.2,Normal
BR005,2026-02-04,11,2,21.1,2.8499999999999996,3.3,0,0,0,0,5,300.0,0.07,-278.9,Normal
BR005,2026-02-04,12,10,101.7,4.08,24.4,1,0,1,1,5,300.0,0.339,-198.3,Normal
BR005,2026-02-04,13,7,77.0,1.9428571428571428,3.1,0,0,0,1,5,300.0,0.257,-223.0,Normal
BR005,2026-02-04,14,3,55.5,1.6666666666666667,2.3,0,0,0,0,5,300.0,0.185,-244.5,Normal
BR005,2026-02-04,15,3,20.2,1.8666666666666665,2.4,0,0,0,0,5,300.0,0.067,-279.8,Normal
BR005,2026-02-05,9,13,174.5,7.415384615384616,32.0,2,0,2,1,5,300.0,0.582,-125.5,Normal
BR005,2026-02-05,10,6,69.3,2.5833333333333335,3.5,1,0,1,1,5,300.0,0.231,-230.7,Normal
BR005,2026-02-05,11,6,76.4,2.1,3.2,0,0,3,0,5,300.0,0.255,-223.6,Normal
BR005,2026-02-05,12,6,60.5,5.866666666666666,19.3,3,0,0,1,5,300.0,0.202,-239.5,Normal
BR005,2026-02-05,13,6,83.6,7.433333333333334,35.7,2,0,0,1,5,300.0,0.279,-216.4,Normal
BR005,2026-02-05,14,9,103.9,7.633333333333334,26.3,2,0,0,1,5,300.0,0.346,-196.1,Normal
BR005,2026-02-05,15,3,28.900000000000002,2.1666666666666665,3.1,1,0,0,0,5,300.0,0.096,-271.1,Normal
BR005,2026-02-05,16,1,11.0,3.4,3.4,1,0,0,0,5,300.0,0.037,-289.0,Normal
BR005,2026-02-06,9,10,189.8,9.309999999999999,42.5,3,0,0,3,5,300.0,0.633,-110.2,Normal
BR005,2026-02-06,10,4,68.7,2.325,3.5,2,0,0,2,5,300.0,0.229,-231.3,Normal
BR005,2026-02-06,11,9,99.3,16.922222222222224,45.9,5,2,2,3,5,300.0,0.331,-200.7,Moderate
BR005,2026-02-06,12,13,158.20000000000002,8.53076923076923,26.5,6,0,3,2,5,300.0,0.527,-141.8,Normal
BR005,2026-02-06,13,9,117.4,9.177777777777777,25.7,6,0,1,1,5,300.0,0.391,-182.6,Normal
BR005,2026-02-06,14,4,34.800000000000004,2.375,3.5,5,0,0,1,5,300.0,0.116,-265.2,Normal
BR005,2026-02-06,15,2,18.8,2.0,2.1,4,0,0,0,5,300.0,0.063,-281.2,Normal
BR005,2026-02-06,16,1,15.8,3.0,3.0,1,0,0,1,5,300.0,0.053,-284.2,Normal
BR005,2026-02-07,9,10,72.7,14.719999999999999,46.5,6,1,1,0,5,300.0,0.242,-227.3,Normal
BR005,2026-02-07,10,14,214.79999999999998,3.892857142857143,15.0,7,0,4,3,5,300.0,0.716,-85.2,Normal
BR005,2026-02-07,11,4,50.1,4.3,8.6,4,0,1,1,5,300.0,0.167,-249.9,Normal
BR005,2026-02-07,12,6,50.9,4.266666666666667,16.2,3,0,0,0,5,300.0,0.17,-249.1,Normal
BR005,2026-02-07,13,7,83.5,2.757142857142857,3.5,0,0,0,1,5,300.0,0.278,-216.5,Normal
BR005,2026-02-07,14,6,76.2,2.4166666666666665,3.1,0,0,0,0,5,300.0,0.254,-223.8,Normal
BR005,2026-02-07,15,2,30.9,2.55,2.8,0,0,0,0,5,300.0,0.103,-269.1,Normal
BR005,2026-02-09,9,4,63.8,1.9000000000000001,2.7,0,0,0,1,5,300.0,0.213,-236.2,Normal
BR005,2026-02-09,10,9,140.1,17.77777777777778,50.0,7,1,1,3,5,300.0,0.467,-159.9,Moderate
BR005,2026-02-09,11,9,166.6,3.855555555555556,12.0,6,0,2,3,5,300.0,0.555,-133.4,Normal
BR005,2026-02-09,12,3,27.7,1.9666666666666668,2.9,6,0,0,0,5,300.0,0.092,-272.3,Normal
BR005,2026-02-09,13,8,70.3,3.4625000000000004,11.9,3,0,2,0,5,300.0,0.234,-229.7,Normal
BR005,2026-02-09,14,4,45.2,1.8,2.2,1,0,0,0,5,300.0,0.151,-254.8,Normal
BR005,2026-02-09,15,2,39.8,2.45,2.6,0,0,0,0,5,300.0,0.133,-260.2,Normal
BR005,2026-02-10,9,6,63.599999999999994,10.583333333333332,40.3,3,1,1,1,5,300.0,0.212,-236.4,Normal
BR005,2026-02-10,10,15,153.20000000000002,13.639999999999999,40.6,6,1,0,2,5,300.0,0.511,-146.8,Normal
BR005,2026-02-10,11,3,39.2,5.666666666666667,13.5,7,0,0,0,5,300.0,0.131,-260.8,Normal
BR005,2026-02-10,12,7,63.9,12.357142857142858,40.3,6,0,0,1,5,300.0,0.213,-236.1,Normal
BR005,2026-02-10,13,5,42.1,2.08,3.3,3,0,0,0,5,300.0,0.14,-257.9,Normal
BR005,2026-02-10,14,4,28.5,2.375,2.8,2,0,1,0,5,300.0,0.095,-271.5,Normal
BR005,2026-02-10,15,1,22.7,3.0,3.0,0,0,0,1,5,300.0,0.076,-277.3,Normal
BR005,2026-02-10,16,2,23.5,2.3,2.3,0,0,1,0,5,300.0,0.078,-276.5,Normal
BR005,2026-02-11,9,5,24.5,17.84,51.7,3,1,1,0,5,300.0,0.082,-275.5,Moderate
BR005,2026-02-11,10,10,132.9,9.11,32.0,3,0,1,2,5,300.0,0.443,-167.1,Normal
BR005,2026-02-11,11,6,38.7,3.1,8.1,2,0,3,0,5,300.0,0.129,-261.3,Normal
BR005,2026-02-11,12,7,44.9,1.9142857142857144,2.7,2,0,0,0,5,300.0,0.15,-255.1,Normal
BR005,2026-02-11,13,4,59.2,1.7,2.6,0,0,0,1,5,300.0,0.197,-240.8,Normal
BR005,2026-02-11,14,2,17.1,2.45,3.3,0,0,0,0,5,300.0,0.057,-282.9,Normal
BR005,2026-02-11,15,4,24.1,3.25,3.5,0,0,0,0,5,300.0,0.08,-275.9,Normal
BR005,2026-02-12,9,12,160.2,5.508333333333333,16.2,3,0,2,3,5,300.0,0.534,-139.8,Normal
BR005,2026-02-12,10,6,96.1,2.35,3.3,2,0,0,2,5,300.0,0.32,-203.9,Normal
BR005,2026-02-12,11,4,36.9,2.575,3.1,0,0,0,0,5,300.0,0.123,-263.1,Normal
BR005,2026-02-12,12,8,95.19999999999999,5.975,32.5,2,0,1,0,5,300.0,0.317,-204.8,Normal
BR005,2026-02-12,13,2,9.899999999999999,1.4,1.5,0,0,1,0,5,300.0,0.033,-290.1,Normal
BR005,2026-02-12,14,2,23.9,2.45,2.5,1,0,0,0,5,300.0,0.08,-276.1,Normal
BR005,2026-02-12,15,4,58.2,1.875,2.7,0,0,0,1,5,300.0,0.194,-241.8,Normal
BR005,2026-02-13,9,8,110.8,6.3125,38.9,3,1,2,2,5,300.0,0.369,-189.2,Normal
BR005,2026-02-13,10,11,154.2,14.990909090909089,45.1,4,0,3,2,5,300.0,0.514,-145.8,Normal
BR005,2026-02-13,11,10,102.5,12.809999999999999,30.0,6,0,1,1,5,300.0,0.342,-197.5,Normal
BR005,2026-02-13,12,8,74.9,2.5125,7.3,5,0,1,0,5,300.0,0.25,-225.1,Normal
BR005,2026-02-13,13,8,157.5,6.35,25.1,4,0,0,6,5,300.0,0.525,-142.5,Normal
BR005,2026-02-13,14,7,69.0,7.171428571428571,39.3,1,0,0,1,5,300.0,0.23,-231.0,Normal
BR005,2026-02-13,15,3,25.200000000000003,2.0666666666666664,2.3,0,0,0,0,5,300.0,0.084,-274.8,Normal
BR005,2026-02-16,9,3,28.1,2.9333333333333336,3.5,0,0,0,0,5,300.0,0.094,-271.9,Normal
BR005,2026-02-16,10,9,150.5,8.133333333333333,27.1,2,0,2,3,5,300.0,0.502,-149.5,Normal
BR005,2026-02-16,11,4,44.9,1.575,1.8,0,0,0,1,5,300.0,0.15,-255.1,Normal
BR005,2026-02-16,12,3,26.5,1.7666666666666666,2.2,1,0,1,0,5,300.0,0.088,-273.5,Normal
BR005,2026-02-16,13,5,57.3,3.5200000000000005,9.2,1,0,0,0,5,300.0,0.191,-242.7,Normal
BR005,2026-02-16,14,5,75.9,22.139999999999997,50.9,5,1,1,2,5,300.0,0.253,-224.1,Moderate
BR005,2026-02-16,15,9,165.1,7.888888888888889,19.2,6,0,1,3,5,300.0,0.55,-134.9,Normal
BR005,2026-02-16,16,1,5.0,3.3,3.3,5,0,0,0,5,300.0,0.017,-295.0,Normal
BR005,2026-02-17,9,10,83.7,5.43,20.0,3,0,4,1,5,300.0,0.279,-216.3,Normal
BR005,2026-02-17,10,6,69.0,9.166666666666666,40.6,3,0,0,1,5,300.0,0.23,-231.0,Normal
BR005,2026-02-17,11,5,71.3,2.0,3.3,2,0,0,0,5,300.0,0.238,-228.7,Normal
BR005,2026-02-17,12,6,85.89999999999999,20.5,51.6,4,2,0,2,5,300.0,0.286,-214.1,Moderate
BR005,2026-02-17,13,10,85.5,6.779999999999999,35.7,5,0,0,0,5,300.0,0.285,-214.5,Normal
BR005,2026-02-17,14,3,41.5,1.1666666666666667,1.8,3,0,0,1,5,300.0,0.138,-258.5,Normal
BR005,2026-02-17,15,3,37.6,2.1,2.5,2,0,0,1,5,300.0,0.125,-262.4,Normal
BR005,2026-02-18,9,3,12.7,1.7666666666666668,2.6,0,0,0,0,5,300.0,0.042,-287.3,Normal
BR005,2026-02-18,11,2,32.8,1.75,2.4,0,0,2,0,5,300.0,0.109,-267.2,Normal
BR005,2026-02-18,12,5,77.5,2.7199999999999998,3.5,0,0,1,2,5,300.0,0.258,-222.5,Normal
BR005,2026-02-18,13,4,74.5,2.325,3.0,0,0,0,1,5,300.0,0.248,-225.5,Normal
BR005,2026-02-18,14,4,73.3,2.425,3.1,0,0,0,2,5,300.0,0.244,-226.7,Normal
BR005,2026-02-18,15,2,18.799999999999997,2.75,3.0,0,0,0,0,5,300.0,0.063,-281.2,Normal
BR005,2026-02-19,9,13,136.2,7.415384615384616,32.0,2,0,2,2,5,300.0,0.454,-163.8,Normal
BR005,2026-02-19,10,8,95.30000000000001,10.287500000000001,49.1,2,1,2,1,5,300.0,0.318,-204.7,Normal
BR005,2026-02-19,11,7,76.4,2.1,3.4,1,0,1,2,5,300.0,0.255,-223.6,Normal
BR005,2026-02-19,12,4,76.0,2.225,3.0,0,0,0,2,5,300.0,0.253,-224.0,Normal
BR005,2026-02-19,13,6,96.9,1.6666666666666667,2.8,0,0,0,2,5,300.0,0.323,-203.1,Normal
BR005,2026-02-19,14,7,78.7,3.1999999999999997,12.5,1,0,0,0,5,300.0,0.262,-221.3,Normal
BR005,2026-02-19,15,1,23.1,3.3,3.3,0,0,0,1,5,300.0,0.077,-276.9,Normal
BR005,2026-02-20,9,12,129.9,4.191666666666666,22.0,1,0,1,3,5,300.0,0.433,-170.1,Normal
BR005,2026-02-20,10,11,94.9,5.345454545454545,30.5,2,0,4,1,5,300.0,0.316,-205.1,Normal
BR005,2026-02-20,11,6,88.89999999999999,2.183333333333333,3.4,1,0,1,2,5,300.0,0.296,-211.1,Normal
BR005,2026-02-20,12,4,63.4,2.275,3.3,0,0,0,1,5,300.0,0.211,-236.6,Normal
BR005,2026-02-20,13,4,37.5,1.675,2.5,0,0,0,0,5,300.0,0.125,-262.5,Normal
BR005,2026-02-20,14,2,41.0,1.55,1.8,0,0,0,0,5,300.0,0.137,-259.0,Normal
BR005,2026-02-20,15,6,53.5,2.4833333333333334,3.4,0,0,0,0,5,300.0,0.178,-246.5,Normal
BR005,2026-02-21,9,5,90.30000000000001,2.1,2.9,0,0,1,2,5,300.0,0.301,-209.7,Normal
BR005,2026-02-21,10,7,55.1,2.4857142857142853,4.0,1,0,1,1,5,300.0,0.184,-244.9,Normal
BR005,2026-02-21,11,5,60.1,2.62,3.4,0,0,2,1,5,300.0,0.2,-239.9,Normal
BR005,2026-02-21,12,4,29.099999999999998,2.0,3.2,0,0,0,0,5,300.0,0.097,-270.9,Normal
BR005,2026-02-21,13,5,89.1,18.259999999999998,39.3,3,1,0,1,5,300.0,0.297,-210.9,Moderate
BR005,2026-02-21,14,10,107.2,10.57,39.1,3,0,0,1,5,300.0,0.357,-192.8,Normal
BR005,2026-02-21,15,6,69.9,3.1333333333333333,6.9,3,0,0,2,5,300.0,0.233,-230.1,Normal
BR005,2026-02-21,16,1,5.7,3.0,3.0,2,0,0,0,5,300.0,0.019,-294.3,Normal
BR005,2026-02-23,9,9,144.7,2.5,5.2,1,0,1,3,5,300.0,0.482,-155.3,Normal
BR005,2026-02-23,10,5,107.0,15.64,44.6,4,0,0,3,5,300.0,0.357,-193.0,Moderate
BR005,2026-02-23,11,11,190.70000000000002,17.336363636363636,51.8,8,0,2,4,5,300.0,0.636,-109.3,Moderate
BR005,2026-02-23,12,10,162.4,9.129999999999999,31.6,7,0,3,3,5,300.0,0.541,-137.6,Normal
BR005,2026-02-23,13,9,94.6,3.7333333333333334,13.1,6,0,0,0,5,300.0,0.315,-205.4,Normal
BR005,2026-02-23,14,7,83.0,9.085714285714285,29.8,2,0,0,2,5,300.0,0.277,-217.0,Normal
BR005,2026-02-23,15,4,80.3,4.95,12.4,3,0,0,1,5,300.0,0.268,-219.7,Normal
BR005,2026-02-24,9,8,78.7,12.5125,46.1,2,1,0,1,5,300.0,0.262,-221.3,Normal
BR005,2026-02-24,10,9,82.7,12.844444444444443,51.3,3,1,2,1,5,300.0,0.276,-217.3,Normal
BR005,2026-02-24,11,6,90.6,6.566666666666666,29.8,3,0,1,2,5,300.0,0.302,-209.4,Normal
BR005,2026-02-24,12,6,109.5,4.6499999999999995,18.2,2,0,1,2,5,300.0,0.365,-190.5,Normal
BR005,2026-02-24,13,8,106.0,2.4125,3.0,0,0,0,2,5,300.0,0.353,-194.0,Normal
BR005,2026-02-24,14,3,61.1,2.6666666666666665,3.4,0,0,0,2,5,300.0,0.204,-238.9,Normal
BR005,2026-02-24,15,2,11.399999999999999,1.6500000000000001,2.2,0,0,0,0,5,300.0,0.038,-288.6,Normal
BR005,2026-02-25,9,11,109.2,5.545454545454546,19.9,3,0,4,1,5,300.0,0.364,-190.8,Normal
BR005,2026-02-25,10,3,22.6,2.9,3.4,2,0,0,0,5,300.0,0.075,-277.4,Normal
BR005,2026-02-25,11,4,79.1,2.375,3.4,1,0,0,3,5,300.0,0.264,-220.9,Normal
BR005,2026-02-25,12,1,19.8,1.2,1.2,0,0,0,0,5,300.0,0.066,-280.2,Normal
BR005,2026-02-25,13,6,79.6,5.2,21.1,1,0,0,1,5,300.0,0.265,-220.4,Normal
BR005,2026-02-25,14,6,80.2,5.8999999999999995,22.5,1,0,0,1,5,300.0,0.267,-219.8,Normal
BR005,2026-02-25,15,1,11.6,1.0,1.0,0,0,0,0,5,300.0,0.039,-288.4,Normal
BR005,2026-02-26,9,3,15.9,1.4333333333333333,1.6,0,0,1,0,5,300.0,0.053,-284.1,Normal
BR005,2026-02-26,10,8,83.3,2.1625,3.4,1,0,2,1,5,300.0,0.278,-216.7,Normal
BR005,2026-02-26,11,7,72.3,2.4857142857142853,3.0,0,0,0,0,5,300.0,0.241,-227.7,Normal
BR005,2026-02-26,12,4,32.6,2.75,3.5,0,0,1,0,5,300.0,0.109,-267.4,Normal
BR005,2026-02-26,13,6,60.900000000000006,2.1999999999999997,2.8,0,0,0,1,5,300.0,0.203,-239.1,Normal
BR005,2026-02-26,14,10,87.9,5.26,14.7,3,0,1,0,5,300.0,0.293,-212.1,Normal
BR005,2026-02-26,15,1,4.8,1.9,1.9,0,0,0,0,5,300.0,0.016,-295.2,Normal
BR005,2026-02-27,9,10,93.2,17.84,42.5,7,2,3,3,5,300.0,0.311,-206.8,Moderate
BR005,2026-02-27,10,18,223.29999999999998,8.666666666666666,30.9,8,0,3,5,5,300.0,0.744,-76.7,Normal
BR005,2026-02-27,11,6,77.4,6.099999999999999,27.4,7,0,0,1,5,300.0,0.258,-222.6,Normal
BR005,2026-02-27,12,10,131.8,14.85,37.1,5,0,0,3,5,300.0,0.439,-168.2,Normal
BR005,2026-02-27,13,10,131.8,8.290000000000001,42.1,7,1,0,1,5,300.0,0.439,-168.2,Normal
BR005,2026-02-27,14,4,73.2,2.225,3.1,6,0,0,1,5,300.0,0.244,-226.8,Normal
BR005,2026-02-27,15,5,49.2,2.54,3.3,2,0,0,0,5,300.0,0.164,-250.8,Normal
BR005,2026-02-27,16,1,10.1,2.8,2.8,0,0,0,0,5,300.0,0.034,-289.9,Normal
BR005,2026-03-02,9,7,68.6,9.942857142857141,38.1,2,1,3,1,5,300.0,0.229,-231.4,Normal
BR005,2026-03-02,10,12,122.8,6.5249999999999995,29.9,1,0,1,1,5,300.0,0.409,-177.2,Normal
BR005,2026-03-02,11,12,121.0,22.05,51.5,8,3,0,2,5,300.0,0.403,-179.0,Moderate
BR005,2026-03-02,12,11,150.5,19.89090909090909,51.8,8,1,1,3,5,300.0,0.502,-149.5,Moderate
BR005,2026-03-02,13,7,42.3,6.228571428571428,29.7,7,0,1,0,5,300.0,0.141,-257.7,Normal
BR005,2026-03-02,14,6,65.6,8.966666666666667,39.7,7,1,0,1,5,300.0,0.219,-234.4,Normal
BR005,2026-03-02,15,7,104.10000000000001,2.5571428571428574,3.1,3,0,0,2,5,300.0,0.347,-195.9,Normal
BR005,2026-03-03,9,7,64.0,8.557142857142859,38.6,2,0,1,0,5,300.0,0.213,-236.0,Normal
BR005,2026-03-03,10,10,137.4,2.84,7.7,1,0,2,2,5,300.0,0.458,-162.6,Normal
BR005,2026-03-03,11,7,111.4,2.3000000000000003,3.4,0,0,1,2,5,300.0,0.371,-188.6,Normal
BR005,2026-03-03,12,7,58.5,2.4142857142857146,3.1,0,0,0,0,5,300.0,0.195,-241.5,Normal
BR005,2026-03-03,13,3,20.299999999999997,2.066666666666667,2.7,0,0,1,0,5,300.0,0.068,-279.7,Normal
BR005,2026-03-03,14,3,32.2,8.566666666666666,20.7,1,0,0,0,5,300.0,0.107,-267.8,Normal
BR005,2026-03-03,15,4,42.7,2.45,3.4,0,0,0,1,5,300.0,0.142,-257.3,Normal
BR005,2026-03-03,16,1,11.8,0.8,0.8,0,0,0,0,5,300.0,0.039,-288.2,Normal
BR005,2026-03-05,9,10,165.1,6.09,30.1,1,0,2,3,5,300.0,0.55,-134.9,Normal
BR005,2026-03-05,10,7,68.2,3.6,9.1,1,0,2,0,5,300.0,0.227,-231.8,Normal
BR005,2026-03-05,11,12,171.0,10.858333333333334,52.2,3,1,2,3,5,300.0,0.57,-129.0,Normal
BR005,2026-03-05,12,10,159.7,12.88,37.0,4,0,0,3,5,300.0,0.532,-140.3,Normal
BR005,2026-03-05,13,9,86.8,1.822222222222222,2.6,3,0,0,1,5,300.0,0.289,-213.2,Normal
BR005,2026-03-05,14,5,61.2,2.5,2.9,1,0,0,1,5,300.0,0.204,-238.8,Normal
BR005,2026-03-05,15,1,3.6,3.3,3.3,0,0,0,0,5,300.0,0.012,-296.4,Normal
BR005,2026-03-06,9,5,33.9,1.98,3.3,0,0,0,0,5,300.0,0.113,-266.1,Normal
BR005,2026-03-06,10,11,158.3,12.772727272727273,50.2,4,0,4,4,5,300.0,0.528,-141.7,Normal
BR005,2026-03-06,11,10,82.7,12.77,51.2,5,0,2,0,5,300.0,0.276,-217.3,Normal
BR005,2026-03-06,12,6,144.0,2.1166666666666667,3.0,4,0,0,5,5,300.0,0.48,-156.0,Normal
BR005,2026-03-06,13,8,101.8,4.9125,15.4,1,0,0,3,5,300.0,0.339,-198.2,Normal
BR005,2026-03-06,14,5,61.3,2.2800000000000002,3.2,0,0,0,1,5,300.0,0.204,-238.7,Normal
BR005,2026-03-06,15,4,58.7,2.725,3.4,0,0,0,0,5,300.0,0.196,-241.3,Normal
BR005,2026-03-07,9,10,124.3,5.470000000000001,23.1,2,0,2,0,5,300.0,0.414,-175.7,Normal
BR005,2026-03-07,10,10,112.10000000000001,6.970000000000001,31.7,2,0,1,1,5,300.0,0.374,-187.9,Normal
BR005,2026-03-07,11,7,75.4,1.7285714285714284,2.7,1,0,2,2,5,300.0,0.251,-224.6,Normal
BR005,2026-03-07,12,6,59.7,1.7666666666666666,3.1,0,0,1,1,5,300.0,0.199,-240.3,Normal
BR005,2026-03-07,13,3,20.299999999999997,1.5666666666666667,2.6,0,0,0,0,5,300.0,0.068,-279.7,Normal
BR005,2026-03-07,14,2,25.3,1.4500000000000002,1.6,0,0,0,0,5,300.0,0.084,-274.7,Normal
BR005,2026-03-07,15,2,42.8,2.95,3.2,0,0,0,1,5,300.0,0.143,-257.2,Normal
BR005,2026-03-07,16,1,12.1,2.7,2.7,0,0,0,0,5,300.0,0.04,-287.9,Normal
BR005,2026-03-09,9,7,55.400000000000006,4.457142857142857,20.6,1,0,0,1,5,300.0,0.185,-244.6,Normal
BR005,2026-03-09,10,7,103.5,5.714285714285714,25.6,2,0,2,2,5,300.0,0.345,-196.5,Normal
BR005,2026-03-09,11,5,44.8,5.9399999999999995,20.5,3,0,0,0,5,300.0,0.149,-255.2,Normal
BR005,2026-03-09,12,10,103.4,10.11,30.3,4,0,3,1,5,300.0,0.345,-196.6,Normal
BR005,2026-03-09,13,7,51.6,5.314285714285715,24.5,2,0,1,0,5,300.0,0.172,-248.4,Normal
BR005,2026-03-09,14,9,115.7,2.822222222222222,4.6,3,0,0,2,5,300.0,0.386,-184.3,Normal
BR005,2026-03-09,15,3,34.1,2.3666666666666667,3.4,0,0,1,0,5,300.0,0.114,-265.9,Normal
BR005,2026-03-09,16,1,6.8,1.6,1.6,0,0,0,0,5,300.0,0.023,-293.2,Normal
BR005,2026-03-10,9,6,64.10000000000001,3.183333333333333,8.7,2,0,0,1,5,300.0,0.214,-235.9,Normal
BR005,2026-03-10,10,7,93.80000000000001,2.1,2.9,1,0,2,1,5,300.0,0.313,-206.2,Normal
BR005,2026-03-10,11,6,40.2,1.7833333333333332,3.5,0,0,1,0,5,300.0,0.134,-259.8,Normal
BR005,2026-03-10,12,2,30.5,3.0,3.4,0,0,1,0,5,300.0,0.102,-269.5,Normal
BR005,2026-03-10,13,4,37.6,2.125,2.5,0,0,0,0,5,300.0,0.125,-262.4,Normal
BR005,2026-03-10,14,3,25.1,2.533333333333333,3.0,0,0,0,0,5,300.0,0.084,-274.9,Normal
BR005,2026-03-10,15,3,50.0,1.3666666666666665,1.8,0,0,0,0,5,300.0,0.167,-250.0,Normal
BR005,2026-03-11,9,7,104.3,2.4714285714285715,3.3,0,0,2,2,5,300.0,0.348,-195.7,Normal
BR005,2026-03-11,10,7,99.6,12.185714285714285,39.7,2,1,0,1,5,300.0,0.332,-200.4,Normal
BR005,2026-03-11,11,9,123.4,5.644444444444444,22.1,4,0,3,2,5,300.0,0.411,-176.6,Normal
BR005,2026-03-11,12,9,93.6,14.2,44.4,3,1,1,1,5,300.0,0.312,-206.4,Normal
BR005,2026-03-11,13,7,86.9,4.271428571428571,14.4,5,0,0,1,5,300.0,0.29,-213.1,Normal
BR005,2026-03-11,14,4,46.6,3.025,3.3,4,0,0,1,5,300.0,0.155,-253.4,Normal
BR005,2026-03-11,15,2,41.6,1.9500000000000002,2.6,0,0,0,1,5,300.0,0.139,-258.4,Normal
BR005,2026-03-12,9,9,84.6,17.044444444444444,41.2,7,2,0,1,5,300.0,0.282,-215.4,Moderate
BR005,2026-03-12,10,19,202.4,16.778947368421054,49.3,15,2,5,1,5,300.0,0.675,-97.6,Moderate
BR005,2026-03-12,11,11,140.1,4.781818181818182,15.9,17,0,0,3,5,300.0,0.467,-159.9,Normal
BR005,2026-03-12,12,4,76.0,2.325,3.3,11,0,0,2,5,300.0,0.253,-224.0,Normal
BR005,2026-03-12,13,4,35.0,2.6,3.3,12,0,0,1,5,300.0,0.117,-265.0,Normal
BR005,2026-03-12,14,5,43.3,1.8800000000000001,3.4,5,0,0,0,5,300.0,0.144,-256.7,Normal
BR005,2026-03-12,15,2,38.7,1.35,1.7,2,0,0,1,5,300.0,0.129,-261.3,Normal
BR005,2026-03-12,16,2,31.8,1.85,2.6,0,0,0,1,5,300.0,0.106,-268.2,Normal
BR005,2026-03-13,9,12,129.1,11.825000000000001,35.7,5,0,1,1,5,300.0,0.43,-170.9,Normal
BR005,2026-03-13,10,10,160.5,11.89,46.5,4,1,3,3,5,300.0,0.535,-139.5,Normal
BR005,2026-03-13,11,11,128.9,14.636363636363637,50.6,6,1,3,3,5,300.0,0.43,-171.1,Normal
BR005,2026-03-13,12,10,160.8,7.220000000000001,25.4,5,0,0,2,5,300.0,0.536,-139.2,Normal
BR005,2026-03-13,13,7,88.0,2.7857142857142856,3.4,2,0,0,1,5,300.0,0.293,-212.0,Normal
BR005,2026-03-13,14,5,30.9,1.5,2.0,0,0,1,0,5,300.0,0.103,-269.1,Normal
BR005,2026-03-13,15,2,26.200000000000003,2.45,3.4,0,0,0,0,5,300.0,0.087,-273.8,Normal
BR005,2026-03-16,9,11,143.7,4.9818181818181815,31.0,1,0,2,3,5,300.0,0.479,-156.3,Normal
BR005,2026-03-16,10,6,51.3,19.4,42.9,4,1,1,0,5,300.0,0.171,-248.7,Moderate
BR005,2026-03-16,11,6,64.8,3.9333333333333336,15.3,3,0,0,0,5,300.0,0.216,-235.2,Normal
BR005,2026-03-16,12,5,50.2,2.5,2.8,3,0,1,0,5,300.0,0.167,-249.8,Normal
BR005,2026-03-16,13,4,42.1,1.475,2.1,0,0,0,0,5,300.0,0.14,-257.9,Normal
BR005,2026-03-16,14,6,97.5,2.5166666666666666,3.4,0,0,0,2,5,300.0,0.325,-202.5,Normal
BR005,2026-03-16,15,1,10.1,1.4,1.4,0,0,0,0,5,300.0,0.034,-289.9,Normal
BR005,2026-03-17,9,10,109.1,2.2,3.3,0,0,0,2,5,300.0,0.364,-190.9,Normal
BR005,2026-03-17,10,4,55.5,3.0,5.5,1,0,0,0,5,300.0,0.185,-244.5,Normal
BR005,2026-03-17,11,8,86.9,2.625,7.0,1,0,2,1,5,300.0,0.29,-213.1,Normal
BR005,2026-03-17,12,4,72.19999999999999,1.65,2.7,0,0,0,2,5,300.0,0.241,-227.8,Normal
BR005,2026-03-17,13,5,63.800000000000004,1.6199999999999999,2.9,0,0,1,1,5,300.0,0.213,-236.2,Normal
BR005,2026-03-17,14,4,31.0,1.975,2.7,0,0,0,0,5,300.0,0.103,-269.0,Normal
BR005,2026-03-17,15,2,12.6,2.0,2.1,0,0,0,0,5,300.0,0.042,-287.4,Normal
BR005,2026-03-18,9,5,85.2,1.6199999999999999,3.5,0,0,1,2,5,300.0,0.284,-214.8,Normal
BR005,2026-03-18,10,6,71.0,2.966666666666667,4.7,2,0,2,1,5,300.0,0.237,-229.0,Normal
BR005,2026-03-18,11,2,24.2,2.55,2.8,0,0,0,0,5,300.0,0.081,-275.8,Normal
BR005,2026-03-18,12,4,51.3,1.975,3.4,1,0,0,0,5,300.0,0.171,-248.7,Normal
BR005,2026-03-18,13,5,39.8,2.32,3.5,0,0,0,0,5,300.0,0.133,-260.2,Normal
BR005,2026-03-18,14,4,37.4,2.175,2.6,0,0,0,0,5,300.0,0.125,-262.6,Normal
BR005,2026-03-19,9,12,184.8,5.175,25.5,1,0,3,3,5,300.0,0.616,-115.2,Normal
BR005,2026-03-19,10,7,70.6,14.4,52.0,4,1,2,2,5,300.0,0.235,-229.4,Normal
BR005,2026-03-19,11,7,109.9,6.485714285714286,20.9,3,0,1,1,5,300.0,0.366,-190.1,Normal
BR005,2026-03-19,12,4,60.800000000000004,1.925,3.0,2,0,0,1,5,300.0,0.203,-239.2,Normal
BR005,2026-03-19,13,2,11.3,1.1,1.1,0,0,0,0,5,300.0,0.038,-288.7,Normal
BR005,2026-03-19,14,6,99.39999999999999,1.9333333333333333,2.9,0,0,0,2,5,300.0,0.331,-200.6,Normal
BR005,2026-03-19,15,1,4.0,2.8,2.8,0,0,0,0,5,300.0,0.013,-296.0,Normal
BR005,2026-03-21,9,6,60.2,2.25,3.3,0,0,1,1,5,300.0,0.201,-239.8,Normal
BR005,2026-03-21,10,9,124.9,12.833333333333334,52.5,5,1,2,2,5,300.0,0.416,-175.1,Normal
BR005,2026-03-21,11,10,89.7,3.94,10.3,3,0,2,0,5,300.0,0.299,-210.3,Normal
BR005,2026-03-21,12,7,49.3,2.4857142857142853,3.4,4,0,2,0,5,300.0,0.164,-250.7,Normal
BR005,2026-03-21,13,4,41.0,2.7,3.4,0,0,0,0,5,300.0,0.137,-259.0,Normal
BR005,2026-03-21,14,3,20.1,2.033333333333333,3.0,0,0,0,0,5,300.0,0.067,-279.9,Normal
BR005,2026-03-21,15,6,77.0,1.6833333333333333,2.5,0,0,0,1,5,300.0,0.257,-223.0,Normal
BR005,2026-03-23,9,9,143.70000000000002,12.799999999999999,51.9,2,1,1,2,5,300.0,0.479,-156.3,Normal
BR005,2026-03-23,10,16,215.1,14.55,50.3,6,1,4,3,5,300.0,0.717,-84.9,Normal
BR005,2026-03-23,11,10,101.9,9.86,32.0,8,0,1,0,5,300.0,0.34,-198.1,Normal
BR005,2026-03-23,12,4,75.2,3.325,3.5,6,0,1,1,5,300.0,0.251,-224.8,Normal
BR005,2026-03-23,13,8,104.7,4.525,12.5,3,0,0,2,5,300.0,0.349,-195.3,Normal
BR005,2026-03-23,14,4,57.0,2.525,3.4,0,0,0,1,5,300.0,0.19,-243.0,Normal
BR005,2026-03-23,15,5,78.89999999999999,2.24,5.4,1,0,0,2,5,300.0,0.263,-221.1,Normal
BR005,2026-03-23,16,2,27.9,2.5,3.0,0,0,0,0,5,300.0,0.093,-272.1,Normal
BR005,2026-03-24,9,9,123.2,11.922222222222222,36.8,4,0,1,2,5,300.0,0.411,-176.8,Normal
BR005,2026-03-24,10,9,106.3,4.177777777777778,11.9,2,0,2,2,5,300.0,0.354,-193.7,Normal
BR005,2026-03-24,11,7,92.5,2.2285714285714286,3.3,3,0,0,1,5,300.0,0.308,-207.5,Normal
BR005,2026-03-24,12,3,71.3,1.6333333333333335,2.1,0,0,0,2,5,300.0,0.238,-228.7,Normal
BR005,2026-03-24,13,2,52.900000000000006,2.4,2.9,0,0,0,1,5,300.0,0.176,-247.1,Normal
BR005,2026-03-24,14,4,20.4,2.425,3.3,0,0,0,0,5,300.0,0.068,-279.6,Normal
BR005,2026-03-24,15,2,47.5,2.35,3.0,0,0,0,1,5,300.0,0.158,-252.5,Normal
BR005,2026-03-25,9,6,55.4,7.8500000000000005,35.0,1,0,1,0,5,300.0,0.185,-244.6,Normal
BR005,2026-03-25,10,8,122.4,11.75,44.0,2,1,0,2,5,300.0,0.408,-177.6,Normal
BR005,2026-03-25,11,5,78.8,3.3,6.5,3,0,1,1,5,300.0,0.263,-221.2,Normal
BR005,2026-03-25,12,4,35.3,4.55,10.5,2,0,0,0,5,300.0,0.118,-264.7,Normal
BR005,2026-03-25,13,1,4.0,2.5,2.5,0,0,1,0,5,300.0,0.013,-296.0,Normal
BR005,2026-03-25,14,3,12.4,2.066666666666667,3.1,0,0,0,0,5,300.0,0.041,-287.6,Normal
BR005,2026-03-25,15,2,12.8,1.65,1.7,0,0,0,0,5,300.0,0.043,-287.2,Normal
BR005,2026-03-26,9,9,111.8,8.377777777777778,22.1,3,0,0,2,5,300.0,0.373,-188.2,Normal
BR005,2026-03-26,10,6,47.0,8.15,29.3,1,0,0,0,5,300.0,0.157,-253.0,Normal
BR005,2026-03-26,11,7,47.800000000000004,4.257142857142857,16.4,2,0,0,0,5,300.0,0.159,-252.2,Normal
BR005,2026-03-26,12,3,17.3,1.9000000000000001,3.4,0,0,0,0,5,300.0,0.058,-282.7,Normal
BR005,2026-03-26,13,6,54.7,1.9666666666666666,3.3,0,0,2,0,5,300.0,0.182,-245.3,Normal
BR005,2026-03-26,14,7,83.9,2.4285714285714284,3.3,0,0,0,1,5,300.0,0.28,-216.1,Normal
BR005,2026-03-26,15,1,9.1,2.0,2.0,0,0,1,0,5,300.0,0.03,-290.9,Normal
BR005,2026-03-27,9,4,26.9,14.350000000000001,42.1,4,1,1,0,5,300.0,0.09,-273.1,Normal
BR005,2026-03-27,10,17,130.2,11.147058823529411,48.8,8,1,4,1,5,300.0,0.434,-169.8,Normal
BR005,2026-03-27,11,10,81.6,6.4,28.2,7,0,0,0,5,300.0,0.272,-218.4,Normal
BR005,2026-03-27,12,8,102.5,4.0375,12.3,4,0,0,2,5,300.0,0.342,-197.5,Normal
BR005,2026-03-27,13,8,102.9,3.6375,18.0,2,0,0,1,5,300.0,0.343,-197.1,Normal
BR005,2026-03-27,14,7,74.7,3.2142857142857144,6.6,1,0,0,0,5,300.0,0.249,-225.3,Normal
BR006,2025-10-01,9,12,136.6,7.1499999999999995,35.3,4,0,2,1,8,480.0,0.285,-343.4,Normal
BR006,2025-10-01,10,15,218.5,7.4399999999999995,26.5,5,0,1,3,8,480.0,0.455,-261.5,Normal
BR006,2025-10-01,11,13,160.9,4.015384615384615,15.2,8,0,2,1,8,480.0,0.335,-319.1,Normal
BR006,2025-10-01,12,10,142.7,3.7599999999999993,20.9,4,0,1,2,8,480.0,0.297,-337.3,Normal
BR006,2025-10-01,13,7,71.6,4.728571428571429,18.8,1,0,2,1,8,480.0,0.149,-408.4,Normal
BR006,2025-10-01,14,9,109.2,1.9000000000000001,3.4,0,0,1,1,8,480.0,0.228,-370.8,Normal
BR006,2025-10-01,15,1,6.7,1.7,1.7,0,0,0,0,8,480.0,0.014,-473.3,Normal
BR006,2025-10-01,16,2,26.5,2.05,3.0,0,0,0,0,8,480.0,0.055,-453.5,Normal
BR006,2025-10-03,9,15,176.3,11.673333333333334,52.2,5,1,1,2,8,480.0,0.367,-303.7,Normal
BR006,2025-10-03,10,11,158.8,5.1000000000000005,33.2,2,0,3,1,8,480.0,0.331,-321.2,Normal
BR006,2025-10-03,11,13,158.9,7.961538461538462,34.9,4,0,2,3,8,480.0,0.331,-321.1,Normal
BR006,2025-10-03,12,13,159.2,2.707692307692308,7.4,2,0,4,2,8,480.0,0.332,-320.8,Normal
BR006,2025-10-03,13,10,110.3,4.2700000000000005,22.5,1,0,1,1,8,480.0,0.23,-369.7,Normal
BR006,2025-10-03,14,11,147.7,2.9272727272727277,10.5,1,0,0,2,8,480.0,0.308,-332.3,Normal
BR006,2025-10-03,15,3,58.7,2.1666666666666665,3.0,0,0,0,2,8,480.0,0.122,-421.3,Normal
BR006,2025-10-04,9,13,147.2,5.584615384615384,32.2,2,0,4,2,8,480.0,0.307,-332.8,Normal
BR006,2025-10-04,10,14,244.2,11.464285714285714,42.0,2,0,3,5,8,480.0,0.509,-235.8,Normal
BR006,2025-10-04,11,13,136.9,3.730769230769231,17.9,3,0,2,1,8,480.0,0.285,-343.1,Normal
BR006,2025-10-04,12,10,117.2,2.43,5.6,2,0,0,2,8,480.0,0.244,-362.8,Normal
BR006,2025-10-04,13,8,103.2,1.9625,3.3,0,0,0,1,8,480.0,0.215,-376.8,Normal
BR006,2025-10-04,14,5,95.3,2.72,3.2,0,0,0,1,8,480.0,0.199,-384.7,Normal
BR006,2025-10-04,15,5,42.9,1.9600000000000002,2.8,0,0,0,0,8,480.0,0.089,-437.1,Normal
BR006,2025-10-06,9,8,104.1,1.975,3.4,0,0,1,0,8,480.0,0.217,-375.9,Normal
BR006,2025-10-06,10,8,99.4,9.3875,34.4,2,0,3,1,8,480.0,0.207,-380.6,Normal
BR006,2025-10-06,11,12,192.9,2.275,4.8,2,0,0,4,8,480.0,0.402,-287.1,Normal
BR006,2025-10-06,12,5,90.80000000000001,2.82,5.0,1,0,3,2,8,480.0,0.189,-389.2,Normal
BR006,2025-10-06,13,5,91.7,2.12,2.9,0,0,0,1,8,480.0,0.191,-388.3,Normal
BR006,2025-10-06,14,8,71.0,2.225,3.3,0,0,0,0,8,480.0,0.148,-409.0,Normal
BR006,2025-10-06,15,6,103.8,1.8833333333333335,3.2,0,0,0,1,8,480.0,0.216,-376.2,Normal
BR006,2025-10-06,16,1,4.7,1.5,1.5,0,0,0,0,8,480.0,0.01,-475.3,Normal
BR006,2025-10-07,9,13,162.7,2.376923076923077,3.4,0,0,2,4,8,480.0,0.339,-317.3,Normal
BR006,2025-10-07,10,8,112.4,2.175,3.2,0,0,2,1,8,480.0,0.234,-367.6,Normal
BR006,2025-10-07,11,11,113.8,2.2454545454545456,3.3,0,0,1,0,8,480.0,0.237,-366.2,Normal
BR006,2025-10-07,12,4,56.3,2.575,3.0,0,0,0,1,8,480.0,0.117,-423.7,Normal
BR006,2025-10-07,13,7,101.0,2.6714285714285713,3.5,0,0,0,2,8,480.0,0.21,-379.0,Normal
BR006,2025-10-07,14,2,18.6,2.15,3.4,0,0,0,0,8,480.0,0.039,-461.4,Normal
BR006,2025-10-07,15,1,10.4,3.3,3.3,0,0,0,0,8,480.0,0.022,-469.6,Normal
BR006,2025-10-07,16,3,57.300000000000004,1.7333333333333332,3.3,0,0,0,1,8,480.0,0.119,-422.7,Normal
BR006,2025-10-08,9,8,179.4,2.8,7.2,1,0,0,5,8,480.0,0.374,-300.6,Normal
BR006,2025-10-08,10,5,96.0,2.16,2.8,0,0,0,2,8,480.0,0.2,-384.0,Normal
BR006,2025-10-08,11,10,96.1,2.5200000000000005,6.9,1,0,0,0,8,480.0,0.2,-383.9,Normal
BR006,2025-10-08,12,7,99.8,2.142857142857143,3.5,0,0,2,1,8,480.0,0.208,-380.2,Normal
BR006,2025-10-08,13,9,122.9,1.9555555555555557,3.4,0,0,1,2,8,480.0,0.256,-357.1,Normal
BR006,2025-10-08,14,3,54.2,1.5,2.1,0,0,0,1,8,480.0,0.113,-425.8,Normal
BR006,2025-10-09,9,6,68.8,15.183333333333332,47.1,2,1,1,1,8,480.0,0.143,-411.2,Moderate
BR006,2025-10-09,10,16,214.2,2.6125,9.1,3,0,5,5,8,480.0,0.446,-265.8,Normal
BR006,2025-10-09,11,8,129.8,2.9625000000000004,11.9,1,0,1,3,8,480.0,0.27,-350.2,Normal
BR006,2025-10-09,12,8,174.9,3.7,10.3,1,0,0,5,8,480.0,0.364,-305.1,Normal
BR006,2025-10-09,13,5,82.6,1.98,3.2,0,0,1,2,8,480.0,0.172,-397.4,Normal
BR006,2025-10-09,14,6,92.4,1.7833333333333332,3.3,0,0,0,1,8,480.0,0.192,-387.6,Normal
BR006,2025-10-09,15,3,24.0,2.433333333333333,3.3,0,0,0,0,8,480.0,0.05,-456.0,Normal
BR006,2025-10-10,9,14,153.6,4.171428571428572,22.0,2,0,2,2,8,480.0,0.32,-326.4,Normal
BR006,2025-10-10,10,17,288.5,6.617647058823529,28.1,4,0,4,6,8,480.0,0.601,-191.5,Normal
BR006,2025-10-10,11,13,142.9,5.130769230769231,15.1,5,0,1,2,8,480.0,0.298,-337.1,Normal
BR006,2025-10-10,12,11,90.3,5.963636363636363,26.2,2,0,2,0,8,480.0,0.188,-389.7,Normal
BR006,2025-10-10,13,9,139.0,1.9333333333333331,2.9,1,0,1,2,8,480.0,0.29,-341.0,Normal
BR006,2025-10-10,14,4,41.4,2.35,3.2,0,0,0,2,8,480.0,0.086,-438.6,Normal
BR006,2025-10-10,15,2,64.4,2.25,2.6,0,0,0,1,8,480.0,0.134,-415.6,Normal
BR006,2025-10-13,9,13,198.1,2.4923076923076923,3.5,0,0,3,5,8,480.0,0.413,-281.9,Normal
BR006,2025-10-13,10,8,110.2,2.275,3.3,0,0,4,3,8,480.0,0.23,-369.8,Normal
BR006,2025-10-13,11,9,95.0,2.888888888888889,6.4,1,0,0,2,8,480.0,0.198,-385.0,Normal
BR006,2025-10-13,12,10,142.1,4.220000000000001,12.8,1,0,0,2,8,480.0,0.296,-337.9,Normal
BR006,2025-10-13,13,6,116.5,2.716666666666667,3.1,0,0,0,3,8,480.0,0.243,-363.5,Normal
BR006,2025-10-13,14,10,162.0,1.9100000000000001,2.7,0,0,0,4,8,480.0,0.338,-318.0,Normal
BR006,2025-10-13,15,4,83.8,2.0,3.5,0,0,0,2,8,480.0,0.175,-396.2,Normal
BR006,2025-10-13,16,2,53.8,1.2,1.4,0,0,0,2,8,480.0,0.112,-426.2,Normal
BR006,2025-10-14,9,13,179.5,10.407692307692308,45.8,3,0,2,4,8,480.0,0.374,-300.5,Normal
BR006,2025-10-14,10,13,192.2,3.569230769230769,19.0,4,0,2,5,8,480.0,0.4,-287.8,Normal
BR006,2025-10-14,11,8,103.9,1.75,2.8,3,0,0,1,8,480.0,0.216,-376.1,Normal
BR006,2025-10-14,12,7,118.4,2.4285714285714284,3.3,0,0,2,3,8,480.0,0.247,-361.6,Normal
BR006,2025-10-14,13,5,60.9,2.2600000000000002,3.3,0,0,0,1,8,480.0,0.127,-419.1,Normal
BR006,2025-10-14,14,6,59.0,2.216666666666667,3.3,0,0,0,1,8,480.0,0.123,-421.0,Normal
BR006,2025-10-14,15,3,43.2,2.433333333333333,3.5,0,0,0,0,8,480.0,0.09,-436.8,Normal
BR006,2025-10-15,9,5,70.1,9.1,35.6,1,0,2,1,8,480.0,0.146,-409.9,Normal
BR006,2025-10-15,10,10,166.2,1.95,2.9,0,0,3,3,8,480.0,0.346,-313.8,Normal
BR006,2025-10-15,11,12,184.1,3.4,17.7,1,0,0,3,8,480.0,0.384,-295.9,Normal
BR006,2025-10-15,12,6,112.60000000000001,2.3666666666666667,3.2,0,0,0,1,8,480.0,0.235,-367.4,Normal
BR006,2025-10-15,13,6,109.4,2.2666666666666666,3.5,0,0,0,2,8,480.0,0.228,-370.6,Normal
BR006,2025-10-15,14,3,38.2,2.766666666666667,3.1,0,0,0,0,8,480.0,0.08,-441.8,Normal
BR006,2025-10-15,15,6,71.6,2.466666666666667,3.2,0,0,0,1,8,480.0,0.149,-408.4,Normal
BR006,2025-10-15,16,1,13.9,2.3,2.3,0,0,0,0,8,480.0,0.029,-466.1,Normal
BR006,2025-10-16,9,7,90.8,8.62857142857143,25.3,2,0,1,1,8,480.0,0.189,-389.2,Normal
BR006,2025-10-16,10,13,114.9,3.1846153846153844,9.7,2,0,2,1,8,480.0,0.239,-365.1,Normal
BR006,2025-10-16,11,9,129.7,1.8999999999999997,3.1,1,0,2,3,8,480.0,0.27,-350.3,Normal
BR006,2025-10-16,12,7,89.1,10.057142857142859,30.5,2,0,1,3,8,480.0,0.186,-390.9,Normal
BR006,2025-10-16,13,9,113.5,2.2666666666666666,3.3,0,0,1,1,8,480.0,0.236,-366.5,Normal
BR006,2025-10-16,14,8,118.0,1.9625,3.4,1,0,0,2,8,480.0,0.246,-362.0,Normal
BR006,2025-10-16,15,4,60.5,1.6749999999999998,2.9,0,0,0,1,8,480.0,0.126,-419.5,Normal
BR006,2025-10-17,9,13,109.0,4.392307692307693,13.6,4,0,2,0,8,480.0,0.227,-371.0,Normal
BR006,2025-10-17,10,11,109.2,13.081818181818182,43.3,4,1,1,1,8,480.0,0.228,-370.8,Normal
BR006,2025-10-17,11,12,165.9,3.7916666666666665,13.5,3,0,0,3,8,480.0,0.346,-314.1,Normal
BR006,2025-10-17,12,9,169.5,2.1444444444444444,3.4,2,0,4,4,8,480.0,0.353,-310.5,Normal
BR006,2025-10-17,13,8,71.4,2.075,3.4,0,0,0,0,8,480.0,0.149,-408.6,Normal
BR006,2025-10-17,14,9,109.7,3.755555555555555,16.6,1,0,1,1,8,480.0,0.229,-370.3,Normal
BR006,2025-10-17,15,7,59.2,2.3000000000000003,3.3,0,0,1,0,8,480.0,0.123,-420.8,Normal
BR006,2025-10-18,9,11,129.4,2.7454545454545456,7.3,1,0,3,2,8,480.0,0.27,-350.6,Normal
BR006,2025-10-18,10,10,196.4,4.18,15.1,1,0,2,5,8,480.0,0.409,-283.6,Normal
BR006,2025-10-18,11,11,83.0,3.7181818181818183,14.7,1,0,1,1,8,480.0,0.173,-397.0,Normal
BR006,2025-10-18,12,8,96.39999999999999,13.162500000000001,39.1,3,1,0,2,8,480.0,0.201,-383.6,Normal
BR006,2025-10-18,13,7,121.9,1.4285714285714286,2.1,2,0,0,3,8,480.0,0.254,-358.1,Normal
BR006,2025-10-18,14,6,50.5,2.3333333333333335,3.5,1,0,0,1,8,480.0,0.105,-429.5,Normal
BR006,2025-10-18,15,1,23.3,1.4,1.4,0,0,0,1,8,480.0,0.049,-456.7,Normal
BR006,2025-10-18,16,1,7.0,2.4,2.4,0,0,0,0,8,480.0,0.015,-473.0,Normal
BR006,2025-10-22,9,4,85.8,1.525,1.9,0,0,1,2,8,480.0,0.179,-394.2,Normal
BR006,2025-10-22,10,9,116.6,5.0,25.9,1,0,0,2,8,480.0,0.243,-363.4,Normal
BR006,2025-10-22,11,14,251.0,6.45,27.5,3,0,5,4,8,480.0,0.523,-229.0,Normal
BR006,2025-10-22,12,7,79.9,2.157142857142857,3.0,2,0,0,1,8,480.0,0.166,-400.1,Normal
BR006,2025-10-22,13,3,50.4,2.033333333333333,2.8,2,0,0,1,8,480.0,0.105,-429.6,Normal
BR006,2025-10-22,14,1,12.8,2.4,2.4,0,0,0,0,8,480.0,0.027,-467.2,Normal
BR006,2025-10-22,15,7,100.7,2.357142857142857,3.3,0,0,0,1,8,480.0,0.21,-379.3,Normal
BR006,2025-10-22,16,2,32.2,1.7,2.0,0,0,0,0,8,480.0,0.067,-447.8,Normal
BR006,2025-10-23,9,9,136.9,3.6333333333333337,16.5,1,0,0,3,8,480.0,0.285,-343.1,Normal
BR006,2025-10-23,10,12,156.9,3.5083333333333333,10.7,2,0,3,4,8,480.0,0.327,-323.1,Normal
BR006,2025-10-23,11,12,243.89999999999998,2.2583333333333333,3.3,1,0,0,4,8,480.0,0.508,-236.1,Normal
BR006,2025-10-23,12,3,45.1,1.7333333333333334,2.9,0,0,0,1,8,480.0,0.094,-434.9,Normal
BR006,2025-10-23,13,4,57.7,2.1,2.9,0,0,0,0,8,480.0,0.12,-422.3,Normal
BR006,2025-10-23,14,4,53.5,2.45,3.1,0,0,0,1,8,480.0,0.111,-426.5,Normal
BR006,2025-10-23,15,3,29.1,2.1666666666666665,2.7,0,0,2,0,8,480.0,0.061,-450.9,Normal
BR006,2025-10-24,9,9,111.7,6.01111111111111,27.4,1,0,0,2,8,480.0,0.233,-368.3,Normal
BR006,2025-10-24,10,7,53.5,5.428571428571429,26.7,1,0,2,0,8,480.0,0.111,-426.5,Normal
BR006,2025-10-24,11,16,258.8,8.65625,39.8,3,2,4,6,8,480.0,0.539,-221.2,Normal
BR006,2025-10-24,12,11,112.0,2.4272727272727272,3.3,1,0,0,0,8,480.0,0.233,-368.0,Normal
BR006,2025-10-24,13,7,120.8,2.4714285714285715,3.3,2,0,2,3,8,480.0,0.252,-359.2,Normal
BR006,2025-10-24,14,8,129.0,8.95,39.9,3,1,1,2,8,480.0,0.269,-351.0,Normal
BR006,2025-10-24,15,8,93.7,2.1375,3.4,2,0,0,1,8,480.0,0.195,-386.3,Normal
BR006,2025-10-27,9,7,96.89999999999999,2.5714285714285716,5.9,1,0,4,2,8,480.0,0.202,-383.1,Normal
BR006,2025-10-27,10,11,112.5,3.7636363636363637,18.7,1,0,2,1,8,480.0,0.234,-367.5,Normal
BR006,2025-10-27,11,12,159.5,7.408333333333334,37.1,2,0,1,4,8,480.0,0.332,-320.5,Normal
BR006,2025-10-27,12,15,250.5,4.093333333333333,25.9,3,0,0,5,8,480.0,0.522,-229.5,Normal
BR006,2025-10-27,13,7,97.5,2.685714285714286,3.5,0,0,0,2,8,480.0,0.203,-382.5,Normal
BR006,2025-10-27,14,9,148.3,2.2,3.3,0,0,0,2,8,480.0,0.309,-331.7,Normal
BR006,2025-10-27,15,1,34.6,2.0,2.0,0,0,0,1,8,480.0,0.072,-445.4,Normal
BR006,2025-10-28,9,10,150.3,5.13,11.6,5,0,2,2,8,480.0,0.313,-329.7,Normal
BR006,2025-10-28,10,11,133.3,7.281818181818181,36.2,4,0,2,2,8,480.0,0.278,-346.7,Normal
BR006,2025-10-28,11,17,297.1,5.758823529411765,35.5,3,0,2,6,8,480.0,0.619,-182.9,Normal
BR006,2025-10-28,12,7,65.3,2.3857142857142857,3.4,2,0,1,1,8,480.0,0.136,-414.7,Normal
BR006,2025-10-28,13,12,121.69999999999999,2.1999999999999997,3.4,2,0,0,1,8,480.0,0.254,-358.3,Normal
BR006,2025-10-28,14,5,85.9,2.44,3.5,0,0,0,2,8,480.0,0.179,-394.1,Normal
BR006,2025-10-28,15,4,52.7,2.525,3.1,0,0,0,1,8,480.0,0.11,-427.3,Normal
BR006,2025-10-29,9,10,121.2,3.0,3.5,0,0,4,1,8,480.0,0.252,-358.8,Normal
BR006,2025-10-29,10,10,168.3,8.48,28.4,1,0,2,4,8,480.0,0.351,-311.7,Normal
BR006,2025-10-29,11,12,140.2,2.283333333333333,3.5,0,0,0,2,8,480.0,0.292,-339.8,Normal
BR006,2025-10-29,12,9,147.1,4.6,19.5,2,0,1,3,8,480.0,0.306,-332.9,Normal
BR006,2025-10-29,13,9,135.0,5.322222222222223,29.1,1,0,0,1,8,480.0,0.281,-345.0,Normal
BR006,2025-10-29,14,11,154.1,4.754545454545454,31.8,3,0,0,3,8,480.0,0.321,-325.9,Normal
BR006,2025-10-29,15,8,95.6,1.9124999999999999,3.5,2,0,0,1,8,480.0,0.199,-384.4,Normal
BR006,2025-10-30,9,10,137.5,1.98,3.4,0,0,2,2,8,480.0,0.286,-342.5,Normal
BR006,2025-10-30,10,16,203.3,11.46875,40.8,7,0,2,3,8,480.0,0.424,-276.7,Normal
BR006,2025-10-30,11,11,160.0,3.4272727272727277,13.4,7,0,2,3,8,480.0,0.333,-320.0,Normal
BR006,2025-10-30,12,17,286.4,11.952941176470588,52.3,6,1,3,6,8,480.0,0.597,-193.6,Normal
BR006,2025-10-30,13,11,126.7,9.090909090909092,32.7,3,0,0,3,8,480.0,0.264,-353.3,Normal
BR006,2025-10-30,14,13,140.2,6.446153846153846,34.3,2,0,1,1,8,480.0,0.292,-339.8,Normal
BR006,2025-10-30,15,8,130.4,1.9000000000000001,3.2,1,0,0,2,8,480.0,0.272,-349.6,Normal
BR006,2025-10-31,9,14,155.4,3.607142857142857,22.4,2,0,1,1,8,480.0,0.324,-324.6,Normal
BR006,2025-10-31,10,21,331.3,16.65714285714286,52.1,12,4,1,7,8,480.0,0.69,-148.7,Moderate
BR006,2025-10-31,11,20,270.1,11.325,32.5,15,0,4,2,8,480.0,0.563,-209.9,Normal
BR006,2025-10-31,12,16,234.9,10.53125,36.9,14,0,5,5,8,480.0,0.489,-245.1,Normal
BR006,2025-10-31,13,13,187.6,8.784615384615384,32.3,12,0,2,3,8,480.0,0.391,-292.4,Normal
BR006,2025-10-31,14,15,158.4,11.379999999999999,51.8,10,2,0,3,8,480.0,0.33,-321.6,Normal
BR006,2025-10-31,15,7,125.89999999999999,2.0,3.2,9,0,0,3,8,480.0,0.262,-354.1,Normal
BR006,2025-10-31,16,1,3.7,3.5,3.5,2,0,0,0,8,480.0,0.008,-476.3,Normal
BR006,2025-11-03,9,9,103.5,3.822222222222222,18.0,1,0,2,2,8,480.0,0.216,-376.5,Normal
BR006,2025-11-03,10,8,76.4,6.925000000000001,22.2,3,0,1,1,8,480.0,0.159,-403.6,Normal
BR006,2025-11-03,11,11,155.6,4.754545454545454,12.7,6,0,4,3,8,480.0,0.324,-324.4,Normal
BR006,2025-11-03,12,9,131.2,11.422222222222222,32.3,5,0,1,2,8,480.0,0.273,-348.8,Normal
BR006,2025-11-03,13,11,93.5,2.1,3.5,0,0,0,1,8,480.0,0.195,-386.5,Normal
BR006,2025-11-03,14,14,245.79999999999998,12.742857142857144,35.4,6,0,0,6,8,480.0,0.512,-234.2,Normal
BR006,2025-11-03,15,4,33.1,3.825,8.9,4,0,0,0,8,480.0,0.069,-446.9,Normal
BR006,2025-11-04,9,9,95.5,2.066666666666667,3.5,0,0,4,1,8,480.0,0.199,-384.5,Normal
BR006,2025-11-04,10,14,194.9,6.035714285714286,27.8,2,0,2,3,8,480.0,0.406,-285.1,Normal
BR006,2025-11-04,11,9,143.3,2.5444444444444443,3.4,1,0,0,3,8,480.0,0.299,-336.7,Normal
BR006,2025-11-04,12,13,204.7,8.169230769230769,29.1,3,0,0,3,8,480.0,0.426,-275.3,Normal
BR006,2025-11-04,13,9,99.0,1.9777777777777779,3.2,2,0,0,0,8,480.0,0.206,-381.0,Normal
BR006,2025-11-04,14,9,132.4,2.3333333333333335,3.3,1,0,0,2,8,480.0,0.276,-347.6,Normal
BR006,2025-11-05,9,11,122.7,2.1454545454545455,3.2,0,0,7,2,8,480.0,0.256,-357.3,Normal
BR006,2025-11-05,10,11,163.7,11.163636363636364,51.8,2,0,0,3,8,480.0,0.341,-316.3,Normal
BR006,2025-11-05,11,11,171.6,3.4909090909090907,15.0,1,0,1,3,8,480.0,0.358,-308.4,Normal
BR006,2025-11-05,12,6,74.2,2.5833333333333335,3.2,1,0,0,2,8,480.0,0.155,-405.8,Normal
BR006,2025-11-05,13,9,103.3,2.3666666666666667,8.0,1,0,0,1,8,480.0,0.215,-376.7,Normal
BR006,2025-11-05,14,10,108.9,13.469999999999999,52.1,4,1,0,0,8,480.0,0.227,-371.1,Normal
BR006,2025-11-05,15,12,166.9,7.158333333333334,27.0,7,0,0,3,8,480.0,0.348,-313.1,Normal
BR006,2025-11-05,16,3,48.8,2.5666666666666664,2.8,6,0,0,1,8,480.0,0.102,-431.2,Normal
BR006,2025-11-06,9,8,125.10000000000001,2.4625,3.3,0,0,1,1,8,480.0,0.261,-354.9,Normal
BR006,2025-11-06,10,10,166.6,3.7299999999999995,21.0,1,0,2,3,8,480.0,0.347,-313.4,Normal
BR006,2025-11-06,11,12,241.20000000000002,2.775,6.8,2,0,3,5,8,480.0,0.503,-238.8,Normal
BR006,2025-11-06,12,6,103.2,2.283333333333333,2.9,0,0,1,2,8,480.0,0.215,-376.8,Normal
BR006,2025-11-06,13,7,96.0,2.0142857142857142,3.4,0,0,1,2,8,480.0,0.2,-384.0,Normal
BR006,2025-11-06,14,4,59.2,2.2,3.1,0,0,0,0,8,480.0,0.123,-420.8,Normal
BR006,2025-11-06,15,5,55.3,2.8,3.4,0,0,0,0,8,480.0,0.115,-424.7,Normal
BR006,2025-11-06,16,1,7.1,3.3,3.3,0,0,0,0,8,480.0,0.015,-472.9,Normal
BR006,2025-11-07,9,5,53.9,8.34,36.7,1,0,2,2,8,480.0,0.112,-426.1,Normal
BR006,2025-11-07,10,18,263.6,5.933333333333334,30.6,4,0,2,5,8,480.0,0.549,-216.4,Normal
BR006,2025-11-07,11,12,164.0,3.35,10.2,5,0,0,3,8,480.0,0.342,-316.0,Normal
BR006,2025-11-07,12,11,91.1,6.536363636363637,31.0,4,0,2,0,8,480.0,0.19,-388.9,Normal
BR006,2025-11-07,13,9,146.6,2.3111111111111113,3.5,1,0,0,4,8,480.0,0.305,-333.4,Normal
BR006,2025-11-07,14,6,119.80000000000001,2.6,3.2,0,0,0,2,8,480.0,0.25,-360.2,Normal
BR006,2025-11-07,15,2,13.2,2.8,3.4,0,0,0,0,8,480.0,0.028,-466.8,Normal
BR006,2025-11-07,16,1,9.7,1.1,1.1,0,0,0,0,8,480.0,0.02,-470.3,Normal
BR006,2025-11-10,9,16,235.79999999999998,3.825,13.5,2,0,3,6,8,480.0,0.491,-244.2,Normal
BR006,2025-11-10,10,12,138.29999999999998,12.041666666666666,43.3,8,2,2,2,8,480.0,0.288,-341.7,Normal
BR006,2025-11-10,11,17,200.8,4.31764705882353,12.7,7,0,4,4,8,480.0,0.418,-279.2,Normal
BR006,2025-11-10,12,7,123.80000000000001,12.585714285714285,35.9,7,0,0,3,8,480.0,0.258,-356.2,Normal
BR006,2025-11-10,13,10,112.2,2.06,3.2,2,0,1,1,8,480.0,0.234,-367.8,Normal
BR006,2025-11-10,14,9,97.8,2.111111111111111,3.3,1,0,0,0,8,480.0,0.204,-382.2,Normal
BR006,2025-11-10,15,10,123.3,2.2199999999999998,3.3,0,0,0,2,8,480.0,0.257,-356.7,Normal
BR006,2025-11-10,16,2,11.0,2.7,2.7,0,0,0,0,8,480.0,0.023,-469.0,Normal
BR006,2025-11-11,9,8,90.3,2.65,3.4,0,0,3,1,8,480.0,0.188,-389.7,Normal
BR006,2025-11-11,10,9,119.3,4.366666666666666,20.1,1,0,2,3,8,480.0,0.249,-360.7,Normal
BR006,2025-11-11,11,7,75.0,2.542857142857143,5.6,2,0,0,1,8,480.0,0.156,-405.0,Normal
BR006,2025-11-11,12,8,121.7,2.025,2.9,0,0,0,3,8,480.0,0.254,-358.3,Normal
BR006,2025-11-11,13,8,101.7,1.875,3.1,0,0,0,1,8,480.0,0.212,-378.3,Normal
BR006,2025-11-11,14,8,87.8,2.475,3.5,0,0,0,1,8,480.0,0.183,-392.2,Normal
BR006,2025-11-11,15,1,14.8,0.8,0.8,0,0,0,0,8,480.0,0.031,-465.2,Normal
BR006,2025-11-11,16,1,3.7,2.9,2.9,0,0,0,0,8,480.0,0.008,-476.3,Normal
BR006,2025-11-12,9,6,95.1,1.7166666666666668,2.5,0,0,3,2,8,480.0,0.198,-384.9,Normal
BR006,2025-11-12,10,8,141.6,4.875,21.9,1,0,1,2,8,480.0,0.295,-338.4,Normal
BR006,2025-11-12,11,6,116.6,2.1999999999999997,3.0,0,0,2,3,8,480.0,0.243,-363.4,Normal
BR006,2025-11-12,12,9,102.3,2.5,3.3,0,0,0,1,8,480.0,0.213,-377.7,Normal
BR006,2025-11-12,13,5,84.10000000000001,2.5,3.2,0,0,0,1,8,480.0,0.175,-395.9,Normal
BR006,2025-11-12,14,7,64.7,2.0714285714285716,3.0,0,0,0,0,8,480.0,0.135,-415.3,Normal
BR006,2025-11-12,15,3,51.099999999999994,2.6,3.5,0,0,0,1,8,480.0,0.106,-428.9,Normal
BR006,2025-11-13,9,14,164.9,2.8428571428571425,9.2,2,0,2,3,8,480.0,0.344,-315.1,Normal
BR006,2025-11-13,10,8,117.7,2.8625,7.7,1,0,1,2,8,480.0,0.245,-362.3,Normal
BR006,2025-11-13,11,9,150.9,2.3666666666666667,3.5,0,0,1,2,8,480.0,0.314,-329.1,Normal
BR006,2025-11-13,12,6,91.0,2.4499999999999997,3.3,0,0,0,2,8,480.0,0.19,-389.0,Normal
BR006,2025-11-13,13,5,51.60000000000001,1.64,2.5,0,0,0,0,8,480.0,0.108,-428.4,Normal
BR006,2025-11-13,14,6,77.9,1.7333333333333334,3.2,0,0,1,0,8,480.0,0.162,-402.1,Normal
BR006,2025-11-13,15,3,45.0,2.1666666666666665,2.6,0,0,1,1,8,480.0,0.094,-435.0,Normal
BR006,2025-11-14,9,13,150.0,2.0461538461538464,3.4,0,0,4,1,8,480.0,0.312,-330.0,Normal
BR006,2025-11-14,10,13,183.6,9.053846153846154,37.2,3,0,2,2,8,480.0,0.382,-296.4,Normal
BR006,2025-11-14,11,6,78.9,1.8499999999999999,3.0,1,0,1,2,8,480.0,0.164,-401.1,Normal
BR006,2025-11-14,12,12,182.8,6.583333333333333,37.2,2,0,0,4,8,480.0,0.381,-297.2,Normal
BR006,2025-11-14,13,10,136.8,1.9100000000000001,3.4,1,0,1,2,8,480.0,0.285,-343.2,Normal
BR006,2025-11-14,14,6,100.7,2.6999999999999997,3.7,1,0,0,2,8,480.0,0.21,-379.3,Normal
BR006,2025-11-14,15,3,27.9,2.1666666666666665,2.9,0,0,0,0,8,480.0,0.058,-452.1,Normal
BR006,2025-11-15,9,9,198.8,2.322222222222222,3.1,1,0,1,5,8,480.0,0.414,-281.2,Normal
BR006,2025-11-15,10,12,182.5,4.116666666666666,20.2,2,0,4,4,8,480.0,0.38,-297.5,Normal
BR006,2025-11-15,11,6,66.8,2.2666666666666666,3.3,0,0,1,1,8,480.0,0.139,-413.2,Normal
BR006,2025-11-15,12,7,97.0,9.557142857142859,51.4,1,0,1,1,8,480.0,0.202,-383.0,Normal
BR006,2025-11-15,13,16,156.9,6.2,26.5,4,0,0,3,8,480.0,0.327,-323.1,Normal
BR006,2025-11-15,14,8,152.2,2.325,3.5,3,0,0,4,8,480.0,0.317,-327.8,Normal
BR006,2025-11-15,15,1,22.4,2.5,2.5,0,0,0,1,8,480.0,0.047,-457.6,Normal
BR006,2025-11-17,9,11,193.6,16.554545454545455,42.8,7,2,0,5,8,480.0,0.403,-286.4,Moderate
BR006,2025-11-17,10,15,209.8,7.593333333333334,27.7,8,0,2,4,8,480.0,0.437,-270.2,Normal
BR006,2025-11-17,11,9,122.7,9.91111111111111,29.9,7,0,2,2,8,480.0,0.256,-357.3,Normal
BR006,2025-11-17,12,9,140.70000000000002,2.511111111111111,3.5,3,0,1,3,8,480.0,0.293,-339.3,Normal
BR006,2025-11-17,13,7,104.2,1.4857142857142858,2.1,0,0,2,2,8,480.0,0.217,-375.8,Normal
BR006,2025-11-17,14,5,70.8,2.2800000000000002,3.4,0,0,0,1,8,480.0,0.148,-409.2,Normal
BR006,2025-11-17,15,3,39.6,1.8,2.5,0,0,0,1,8,480.0,0.082,-440.4,Normal
BR006,2025-11-18,9,10,161.4,11.73,29.7,4,0,1,3,8,480.0,0.336,-318.6,Normal
BR006,2025-11-18,10,11,163.4,3.2545454545454544,13.0,5,0,3,3,8,480.0,0.34,-316.6,Normal
BR006,2025-11-18,11,7,130.0,1.7714285714285716,2.4,3,0,1,2,8,480.0,0.271,-350.0,Normal
BR006,2025-11-18,12,7,111.0,1.657142857142857,3.3,0,0,0,2,8,480.0,0.231,-369.0,Normal
BR006,2025-11-18,13,6,78.0,1.9666666666666668,3.0,0,0,0,0,8,480.0,0.162,-402.0,Normal
BR006,2025-11-18,14,3,30.9,2.4,3.5,0,0,0,1,8,480.0,0.064,-449.1,Normal
BR006,2025-11-19,9,11,168.0,4.2,20.8,1,0,3,1,8,480.0,0.35,-312.0,Normal
BR006,2025-11-19,10,10,207.70000000000002,3.3600000000000003,10.0,1,0,1,4,8,480.0,0.433,-272.3,Normal
BR006,2025-11-19,11,7,68.9,3.557142857142857,12.5,1,0,1,0,8,480.0,0.144,-411.1,Normal
BR006,2025-11-19,12,8,117.1,1.925,3.2,0,0,0,1,8,480.0,0.244,-362.9,Normal
BR006,2025-11-19,13,5,62.3,2.06,3.4,0,0,0,0,8,480.0,0.13,-417.7,Normal
BR006,2025-11-19,14,5,79.4,2.2199999999999998,3.1,0,0,0,1,8,480.0,0.165,-400.6,Normal
BR006,2025-11-19,15,2,8.600000000000001,2.6,2.7,0,0,0,0,8,480.0,0.018,-471.4,Normal
BR006,2025-11-20,9,10,131.8,3.91,17.3,2,0,3,1,8,480.0,0.275,-348.2,Normal
BR006,2025-11-20,10,9,112.60000000000001,2.711111111111111,3.5,1,0,0,1,8,480.0,0.235,-367.4,Normal
BR006,2025-11-20,11,8,160.5,6.8,38.8,1,0,0,4,8,480.0,0.334,-319.5,Normal
BR006,2025-11-20,12,7,84.8,2.357142857142857,3.5,0,0,1,1,8,480.0,0.177,-395.2,Normal
BR006,2025-11-20,13,10,150.2,2.23,3.3,0,0,1,3,8,480.0,0.313,-329.8,Normal
BR006,2025-11-20,14,4,92.69999999999999,2.475,3.2,0,0,1,2,8,480.0,0.193,-387.3,Normal
BR006,2025-11-20,15,1,20.3,1.8,1.8,0,0,0,1,8,480.0,0.042,-459.7,Normal
BR006,2025-11-20,16,2,28.4,1.8,2.2,0,0,0,1,8,480.0,0.059,-451.6,Normal
BR006,2025-11-21,9,13,131.8,3.215384615384615,18.9,1,0,4,2,8,480.0,0.275,-348.2,Normal
BR006,2025-11-21,10,15,241.9,14.533333333333333,50.0,8,2,6,5,8,480.0,0.504,-238.1,Normal
BR006,2025-11-21,11,16,183.3,5.9625,23.9,6,0,2,2,8,480.0,0.382,-296.7,Normal
BR006,2025-11-21,12,13,214.9,3.7615384615384615,8.4,7,0,0,3,8,480.0,0.448,-265.1,Normal
BR006,2025-11-21,13,6,84.3,1.7,3.1,1,0,0,1,8,480.0,0.176,-395.7,Normal
BR006,2025-11-21,14,10,159.5,5.5600000000000005,22.5,3,0,0,2,8,480.0,0.332,-320.5,Normal
BR006,2025-11-21,15,4,52.39999999999999,1.525,2.5,0,0,0,1,8,480.0,0.109,-427.6,Normal
BR006,2025-11-21,16,2,38.699999999999996,2.95,3.2,2,0,0,1,8,480.0,0.081,-441.3,Normal
BR006,2025-11-24,9,11,105.8,5.718181818181818,27.9,3,0,3,1,8,480.0,0.22,-374.2,Normal
BR006,2025-11-24,10,20,293.8,18.21,51.8,9,2,5,8,8,480.0,0.612,-186.2,Moderate
BR006,2025-11-24,11,12,233.0,6.483333333333333,22.7,10,0,0,4,8,480.0,0.485,-247.0,Normal
BR006,2025-11-24,12,9,104.3,4.48888888888889,22.8,9,0,0,1,8,480.0,0.217,-375.7,Normal
BR006,2025-11-24,13,7,70.9,2.585714285714286,3.0,7,0,0,0,8,480.0,0.148,-409.1,Normal
BR006,2025-11-24,14,12,174.1,7.966666666666666,45.3,2,0,0,2,8,480.0,0.363,-305.9,Normal
BR006,2025-11-24,15,8,120.5,3.525,13.1,3,0,0,2,8,480.0,0.251,-359.5,Normal
BR006,2025-11-24,16,1,18.3,2.6,2.6,2,0,0,0,8,480.0,0.038,-461.7,Normal
BR006,2025-11-25,9,12,200.9,4.991666666666667,32.2,1,0,1,5,8,480.0,0.419,-279.1,Normal
BR006,2025-11-25,10,8,115.9,1.8,3.4,0,0,5,3,8,480.0,0.241,-364.1,Normal
BR006,2025-11-25,11,8,54.400000000000006,2.8625,5.8,1,0,1,0,8,480.0,0.113,-425.6,Normal
BR006,2025-11-25,12,8,98.7,2.3125,3.4,0,0,1,1,8,480.0,0.206,-381.3,Normal
BR006,2025-11-25,13,11,148.2,3.4545454545454546,14.9,1,0,0,5,8,480.0,0.309,-331.8,Normal
BR006,2025-11-25,14,2,29.8,2.55,3.2,0,0,0,1,8,480.0,0.062,-450.2,Normal
BR006,2025-11-25,15,5,54.1,2.66,3.3,0,0,0,1,8,480.0,0.113,-425.9,Normal
BR006,2025-11-25,16,1,4.7,3.0,3.0,0,0,0,0,8,480.0,0.01,-475.3,Normal
BR006,2025-11-26,9,9,128.4,2.3111111111111113,3.5,0,0,3,2,8,480.0,0.268,-351.6,Normal
BR006,2025-11-26,10,9,73.8,4.1000000000000005,19.1,1,0,3,0,8,480.0,0.154,-406.2,Normal
BR006,2025-11-26,11,7,120.8,1.9714285714285715,3.1,0,0,1,3,8,480.0,0.252,-359.2,Normal
BR006,2025-11-26,12,12,194.9,7.741666666666667,19.2,4,0,0,4,8,480.0,0.406,-285.1,Normal
BR006,2025-11-26,13,7,94.4,1.957142857142857,3.2,2,0,0,1,8,480.0,0.197,-385.6,Normal
BR006,2025-11-26,14,5,36.5,1.9600000000000002,3.4,3,0,0,0,8,480.0,0.076,-443.5,Normal
BR006,2025-11-26,15,3,27.2,1.6666666666666667,2.9,0,0,0,0,8,480.0,0.057,-452.8,Normal
BR006,2025-11-26,16,1,17.8,1.4,1.4,0,0,0,0,8,480.0,0.037,-462.2,Normal
BR006,2025-11-27,9,11,185.1,9.936363636363636,30.9,5,0,3,5,8,480.0,0.386,-294.9,Normal
BR006,2025-11-27,10,9,151.7,9.922222222222222,51.4,4,1,1,2,8,480.0,0.316,-328.3,Normal
BR006,2025-11-27,11,12,159.7,4.0249999999999995,15.1,4,0,2,1,8,480.0,0.333,-320.3,Normal
BR006,2025-11-27,12,11,218.1,6.036363636363637,45.3,3,0,0,5,8,480.0,0.454,-261.9,Normal
BR006,2025-11-27,13,6,61.0,2.4,3.4,0,0,0,0,8,480.0,0.127,-419.0,Normal
BR006,2025-11-27,14,5,76.0,1.3800000000000001,2.1,0,0,0,1,8,480.0,0.158,-404.0,Normal
BR006,2025-11-27,15,4,79.7,2.25,2.8,0,0,0,2,8,480.0,0.166,-400.3,Normal
BR006,2025-11-28,9,19,200.3,16.36842105263158,50.7,14,3,4,5,8,480.0,0.417,-279.7,Moderate
BR006,2025-11-28,10,20,243.2,13.525,51.4,15,1,3,4,8,480.0,0.507,-236.8,Normal
BR006,2025-11-28,11,12,138.2,3.3499999999999996,11.2,14,0,3,1,8,480.0,0.288,-341.8,Normal
BR006,2025-11-28,12,13,144.4,3.5307692307692307,18.2,13,0,1,1,8,480.0,0.301,-335.6,Normal
BR006,2025-11-28,13,11,167.4,2.3636363636363638,4.9,4,0,0,2,8,480.0,0.349,-312.6,Normal
BR006,2025-11-28,14,9,94.8,2.288888888888889,3.1,0,0,0,2,8,480.0,0.197,-385.2,Normal
BR006,2025-11-28,15,6,131.4,1.8333333333333333,3.0,0,0,0,3,8,480.0,0.274,-348.6,Normal
BR006,2025-11-28,16,1,10.5,1.6,1.6,0,0,0,0,8,480.0,0.022,-469.5,Normal
BR006,2025-11-29,9,16,180.7,9.6,33.7,5,0,3,2,8,480.0,0.376,-299.3,Normal
BR006,2025-11-29,10,21,180.0,31.61904761904762,64.8,21,7,1,4,8,480.0,0.375,-300.0,High
BR006,2025-11-29,11,17,227.6,29.00588235294118,59.3,28,4,5,4,8,480.0,0.474,-252.4,High
BR006,2025-11-29,12,12,114.9,28.65833333333333,64.7,39,2,0,2,8,480.0,0.239,-365.1,High
BR006,2025-11-29,13,10,140.4,19.5,35.7,44,0,1,2,8,480.0,0.293,-339.6,Moderate
BR006,2025-11-29,14,7,95.3,28.085714285714285,60.1,44,1,0,3,8,480.0,0.199,-384.7,High
BR006,2025-11-29,15,7,40.0,12.242857142857144,41.1,46,1,0,1,8,480.0,0.083,-440.0,Normal
BR006,2025-11-29,16,4,37.1,2.475,3.4,45,0,0,1,8,480.0,0.077,-442.9,Normal
BR006,2025-12-01,9,12,204.2,28.2,64.9,9,0,4,5,8,480.0,0.425,-275.8,High
BR006,2025-12-01,10,13,173.5,16.73846153846154,62.0,17,1,1,3,8,480.0,0.361,-306.5,Moderate
BR006,2025-12-01,11,11,141.9,16.972727272727273,43.9,21,1,2,4,8,480.0,0.296,-338.1,Moderate
BR006,2025-12-01,12,7,86.5,20.357142857142858,61.9,20,0,1,1,8,480.0,0.18,-393.5,Moderate
BR006,2025-12-01,13,10,136.7,17.28,39.7,26,1,0,2,8,480.0,0.285,-343.3,Moderate
BR006,2025-12-01,14,7,105.1,7.985714285714286,22.4,25,0,0,2,8,480.0,0.219,-374.9,Normal
BR006,2025-12-01,15,6,85.8,6.916666666666667,26.5,25,0,0,0,8,480.0,0.179,-394.2,Normal
BR006,2025-12-02,9,11,220.2,10.5,30.1,4,0,3,5,8,480.0,0.459,-259.8,Normal
BR006,2025-12-02,10,10,110.3,2.19,4.1,5,0,3,2,8,480.0,0.23,-369.7,Normal
BR006,2025-12-02,11,6,81.7,2.5166666666666666,3.3,2,0,0,1,8,480.0,0.17,-398.3,Normal
BR006,2025-12-02,12,7,89.9,2.814285714285714,5.5,1,0,0,2,8,480.0,0.187,-390.1,Normal
BR006,2025-12-02,13,15,219.7,5.680000000000001,20.4,2,0,0,2,8,480.0,0.458,-260.3,Normal
BR006,2025-12-02,14,6,80.7,2.433333333333333,3.4,1,0,0,1,8,480.0,0.168,-399.3,Normal
BR006,2025-12-02,15,3,46.8,1.6666666666666667,2.4,0,0,0,1,8,480.0,0.097,-433.2,Normal
BR006,2025-12-02,16,1,6.9,3.5,3.5,0,0,0,0,8,480.0,0.014,-473.1,Normal
BR006,2025-12-03,9,12,182.2,3.9499999999999997,12.6,2,0,1,4,8,480.0,0.38,-297.8,Normal
BR006,2025-12-03,10,12,210.8,9.308333333333334,45.7,5,0,2,4,8,480.0,0.439,-269.2,Normal
BR006,2025-12-03,11,12,135.2,4.141666666666667,14.9,4,0,3,2,8,480.0,0.282,-344.8,Normal
BR006,2025-12-03,12,6,51.8,2.2333333333333334,3.4,3,0,0,0,8,480.0,0.108,-428.2,Normal
BR006,2025-12-03,13,7,97.3,1.9142857142857144,2.7,0,0,1,2,8,480.0,0.203,-382.7,Normal
BR006,2025-12-03,14,8,75.5,1.6125,2.6,0,0,2,1,8,480.0,0.157,-404.5,Normal
BR006,2025-12-03,15,3,30.099999999999998,2.1333333333333333,3.1,0,0,0,1,8,480.0,0.063,-449.9,Normal
BR006,2025-12-03,16,4,31.3,2.2,3.4,0,0,0,1,8,480.0,0.065,-448.7,Normal
BR006,2025-12-04,9,9,100.8,2.288888888888889,3.4,0,0,2,1,8,480.0,0.21,-379.2,Normal
BR006,2025-12-04,10,15,249.5,11.973333333333333,52.3,6,1,3,7,8,480.0,0.52,-230.5,Normal
BR006,2025-12-04,11,10,126.0,6.08,27.4,7,0,2,1,8,480.0,0.262,-354.0,Normal
BR006,2025-12-04,12,7,73.8,2.0714285714285716,3.4,5,0,0,1,8,480.0,0.154,-406.2,Normal
BR006,2025-12-04,13,5,102.3,1.78,2.7,0,0,0,1,8,480.0,0.213,-377.7,Normal
BR006,2025-12-04,14,7,121.5,7.728571428571429,32.2,2,0,0,3,8,480.0,0.253,-358.5,Normal
BR006,2025-12-04,15,6,88.5,1.7333333333333334,3.2,1,0,0,2,8,480.0,0.184,-391.5,Normal
BR006,2025-12-05,9,12,160.4,4.958333333333333,22.4,3,0,4,3,8,480.0,0.334,-319.6,Normal
BR006,2025-12-05,10,17,225.3,7.8352941176470585,51.0,4,0,4,3,8,480.0,0.469,-254.7,Normal
BR006,2025-12-05,11,15,252.60000000000002,12.54,46.9,4,0,2,5,8,480.0,0.526,-227.4,Normal
BR006,2025-12-05,12,17,182.9,11.194117647058825,45.0,5,1,0,3,8,480.0,0.381,-297.1,Normal
BR006,2025-12-05,13,13,188.7,3.576923076923077,12.7,4,0,0,4,8,480.0,0.393,-291.3,Normal
BR006,2025-12-05,14,11,92.9,4.818181818181818,17.0,2,0,0,1,8,480.0,0.194,-387.1,Normal
BR006,2025-12-05,15,5,53.1,2.38,3.3,0,0,0,0,8,480.0,0.111,-426.9,Normal
BR006,2025-12-05,16,1,5.6,3.5,3.5,1,0,0,0,8,480.0,0.012,-474.4,Normal
BR006,2025-12-06,9,6,71.9,1.9666666666666668,3.2,0,0,0,0,8,480.0,0.15,-408.1,Normal
BR006,2025-12-06,10,14,205.1,2.3285714285714287,3.1,2,0,3,4,8,480.0,0.427,-274.9,Normal
BR006,2025-12-06,11,9,104.1,3.5999999999999996,9.3,2,0,1,1,8,480.0,0.217,-375.9,Normal
BR006,2025-12-06,12,10,136.9,2.1399999999999997,3.3,0,0,2,2,8,480.0,0.285,-343.1,Normal
BR006,2025-12-06,13,8,89.8,3.1624999999999996,8.6,2,0,0,0,8,480.0,0.187,-390.2,Normal
BR006,2025-12-06,14,6,95.6,1.8833333333333335,2.7,0,0,0,2,8,480.0,0.199,-384.4,Normal
BR006,2025-12-06,15,5,73.6,2.4,3.1,1,0,0,1,8,480.0,0.153,-406.4,Normal
BR006,2025-12-06,16,1,27.4,2.0,2.0,0,0,0,1,8,480.0,0.057,-452.6,Normal
BR006,2025-12-08,9,16,187.6,6.65625,24.0,6,0,1,3,8,480.0,0.391,-292.4,Normal
BR006,2025-12-08,10,19,261.7,8.24736842105263,29.0,8,0,4,2,8,480.0,0.545,-218.3,Normal
BR006,2025-12-08,11,11,154.4,3.8000000000000003,17.1,6,0,2,1,8,480.0,0.322,-325.6,Normal
BR006,2025-12-08,12,12,101.0,2.2666666666666666,4.0,2,0,1,0,8,480.0,0.21,-379.0,Normal
BR006,2025-12-08,13,11,153.8,2.327272727272727,3.4,0,0,0,3,8,480.0,0.32,-326.2,Normal
BR006,2025-12-08,14,6,84.6,2.233333333333333,2.4,0,0,0,2,8,480.0,0.176,-395.4,Normal
BR006,2025-12-08,15,3,49.3,2.466666666666667,2.7,0,0,0,1,8,480.0,0.103,-430.7,Normal
BR006,2025-12-09,9,6,57.4,1.8333333333333333,2.6,0,0,3,0,8,480.0,0.12,-422.6,Normal
BR006,2025-12-09,10,4,47.4,2.425,3.5,0,0,1,0,8,480.0,0.099,-432.6,Normal
BR006,2025-12-09,11,16,236.60000000000002,4.33125,22.4,2,0,1,4,8,480.0,0.493,-243.4,Normal
BR006,2025-12-09,12,10,120.0,14.790000000000001,50.1,3,2,1,2,8,480.0,0.25,-360.0,Normal
BR006,2025-12-09,13,12,148.9,2.975,6.1,4,0,0,3,8,480.0,0.31,-331.1,Normal
BR006,2025-12-09,14,4,39.1,2.8,3.5,1,0,0,0,8,480.0,0.081,-440.9,Normal
BR006,2025-12-09,15,4,82.6,2.85,3.2,3,0,0,2,8,480.0,0.172,-397.4,Normal
BR006,2025-12-10,9,10,148.7,1.73,3.0,1,0,0,2,8,480.0,0.31,-331.3,Normal
BR006,2025-12-10,10,8,127.1,2.5,6.2,1,0,2,3,8,480.0,0.265,-352.9,Normal
BR006,2025-12-10,11,8,76.1,2.5625,3.3,0,0,1,1,8,480.0,0.159,-403.9,Normal
BR006,2025-12-10,12,7,83.4,2.257142857142857,3.2,0,0,0,1,8,480.0,0.174,-396.6,Normal
BR006,2025-12-10,13,5,90.3,2.16,2.6,0,0,2,2,8,480.0,0.188,-389.7,Normal
BR006,2025-12-10,14,6,72.5,2.35,3.1,0,0,0,1,8,480.0,0.151,-407.5,Normal
BR006,2025-12-10,15,5,74.4,2.26,3.3,0,0,2,1,8,480.0,0.155,-405.6,Normal
BR006,2025-12-10,16,1,29.4,2.1,2.1,0,0,0,1,8,480.0,0.061,-450.6,Normal
BR006,2025-12-11,9,10,135.3,3.4,16.5,1,0,2,2,8,480.0,0.282,-344.7,Normal
BR006,2025-12-11,10,9,100.1,2.5777777777777775,3.3,0,0,2,0,8,480.0,0.209,-379.9,Normal
BR006,2025-12-11,11,4,32.0,1.75,2.4,0,0,1,0,8,480.0,0.067,-448.0,Normal
BR006,2025-12-11,12,6,93.0,1.9333333333333333,3.1,0,0,0,2,8,480.0,0.194,-387.0,Normal
BR006,2025-12-11,13,7,76.6,1.8285714285714287,3.1,0,0,0,1,8,480.0,0.16,-403.4,Normal
BR006,2025-12-11,14,4,61.5,1.8250000000000002,2.2,0,0,0,1,8,480.0,0.128,-418.5,Normal
BR006,2025-12-11,15,3,96.69999999999999,2.3000000000000003,2.5,0,0,0,3,8,480.0,0.201,-383.3,Normal
BR006,2025-12-12,9,18,253.6,5.488888888888889,24.9,2,0,4,4,8,480.0,0.528,-226.4,Normal
BR006,2025-12-12,10,14,200.6,5.671428571428572,23.1,5,0,1,3,8,480.0,0.418,-279.4,Normal
BR006,2025-12-12,11,11,169.4,2.309090909090909,5.4,2,0,4,2,8,480.0,0.353,-310.6,Normal
BR006,2025-12-12,12,15,188.3,8.993333333333334,29.9,5,0,0,0,8,480.0,0.392,-291.7,Normal
BR006,2025-12-12,13,7,102.19999999999999,2.157142857142857,3.3,3,0,0,1,8,480.0,0.213,-377.8,Normal
BR006,2025-12-12,14,3,48.3,2.0,3.0,4,0,0,2,8,480.0,0.101,-431.7,Normal
BR006,2025-12-12,15,3,36.5,2.566666666666667,3.5,0,0,0,1,8,480.0,0.076,-443.5,Normal
BR006,2025-12-15,9,13,102.9,6.1923076923076925,45.3,2,0,0,2,8,480.0,0.214,-377.1,Normal
BR006,2025-12-15,10,12,162.8,5.858333333333333,32.5,2,0,0,2,8,480.0,0.339,-317.2,Normal
BR006,2025-12-15,11,12,164.0,2.191666666666667,3.5,1,0,2,3,8,480.0,0.342,-316.0,Normal
BR006,2025-12-15,12,7,86.4,2.457142857142857,3.3,0,0,1,1,8,480.0,0.18,-393.6,Normal
BR006,2025-12-15,13,4,47.3,1.375,2.0,0,0,1,2,8,480.0,0.099,-432.7,Normal
BR006,2025-12-15,14,6,64.4,2.25,3.3,0,0,0,0,8,480.0,0.134,-415.6,Normal
BR006,2025-12-15,15,3,66.6,2.0,3.5,0,0,0,2,8,480.0,0.139,-413.4,Normal
BR006,2025-12-15,16,1,3.0,3.2,3.2,0,0,0,0,8,480.0,0.006,-477.0,Normal
BR006,2025-12-16,9,4,67.6,2.5,3.0,0,0,1,1,8,480.0,0.141,-412.4,Normal
BR006,2025-12-16,10,10,142.3,2.83,8.5,1,0,0,2,8,480.0,0.296,-337.7,Normal
BR006,2025-12-16,11,10,225.8,1.9,3.8,1,0,2,4,8,480.0,0.47,-254.2,Normal
BR006,2025-12-16,12,6,91.0,2.1333333333333333,3.5,0,0,0,1,8,480.0,0.19,-389.0,Normal
BR006,2025-12-16,13,5,75.1,2.2399999999999998,3.4,0,0,2,0,8,480.0,0.156,-404.9,Normal
BR006,2025-12-16,14,4,65.9,1.65,2.5,0,0,1,1,8,480.0,0.137,-414.1,Normal
BR006,2025-12-16,15,1,24.5,1.1,1.1,0,0,0,0,8,480.0,0.051,-455.5,Normal
BR006,2025-12-17,9,11,136.2,3.9272727272727277,14.3,2,0,4,2,8,480.0,0.284,-343.8,Normal
BR006,2025-12-17,10,7,153.1,2.5142857142857147,3.5,1,0,0,4,8,480.0,0.319,-326.9,Normal
BR006,2025-12-17,11,3,54.5,2.5,3.0,0,0,0,1,8,480.0,0.114,-425.5,Normal
BR006,2025-12-17,12,5,62.4,2.16,3.2,0,0,0,0,8,480.0,0.13,-417.6,Normal
BR006,2025-12-17,13,9,106.8,1.9222222222222223,2.7,0,0,0,1,8,480.0,0.222,-373.2,Normal
BR006,2025-12-17,14,3,28.200000000000003,2.1666666666666665,3.2,0,0,0,0,8,480.0,0.059,-451.8,Normal
BR006,2025-12-17,15,4,38.800000000000004,2.2,3.4,0,0,0,0,8,480.0,0.081,-441.2,Normal
BR006,2025-12-17,16,2,49.900000000000006,1.85,2.6,0,0,0,2,8,480.0,0.104,-430.1,Normal
BR006,2025-12-18,9,5,62.1,2.2399999999999998,3.4,0,0,0,1,8,480.0,0.129,-417.9,Normal
BR006,2025-12-18,10,12,240.3,4.625,18.0,2,0,1,7,8,480.0,0.501,-239.7,Normal
BR006,2025-12-18,11,5,32.2,2.82,3.5,1,0,2,0,8,480.0,0.067,-447.8,Normal
BR006,2025-12-18,12,13,217.4,3.476923076923077,17.2,1,0,2,3,8,480.0,0.453,-262.6,Normal
BR006,2025-12-18,13,8,78.6,1.7125,3.1,0,0,1,1,8,480.0,0.164,-401.4,Normal
BR006,2025-12-18,14,7,99.3,2.557142857142857,3.5,0,0,0,1,8,480.0,0.207,-380.7,Normal
BR006,2025-12-18,15,5,70.3,1.86,2.6,0,0,0,1,8,480.0,0.146,-409.7,Normal
BR006,2025-12-19,9,14,158.0,13.792857142857143,54.5,4,0,3,0,8,480.0,0.329,-322.0,Normal
BR006,2025-12-19,10,7,56.599999999999994,3.357142857142857,10.0,5,0,1,0,8,480.0,0.118,-423.4,Normal
BR006,2025-12-19,11,10,86.19999999999999,18.21,63.8,4,3,1,2,8,480.0,0.18,-393.8,Moderate
BR006,2025-12-19,12,9,87.39999999999999,35.06666666666667,64.9,9,1,1,1,8,480.0,0.182,-392.6,Critical
BR006,2025-12-19,13,10,120.4,28.419999999999998,56.1,11,2,0,2,8,480.0,0.251,-359.6,High
BR006,2025-12-19,14,5,53.400000000000006,4.720000000000001,15.5,10,0,0,1,8,480.0,0.111,-426.6,Normal
BR006,2025-12-19,15,1,7.5,1.1,1.1,9,0,0,0,8,480.0,0.016,-472.5,Normal
BR006,2025-12-20,9,11,139.3,8.781818181818181,37.9,4,0,0,2,8,480.0,0.29,-340.7,Normal
BR006,2025-12-20,10,9,133.8,3.3777777777777778,11.9,2,0,6,2,8,480.0,0.279,-346.2,Normal
BR006,2025-12-20,11,9,128.0,2.1222222222222222,3.4,3,0,1,2,8,480.0,0.267,-352.0,Normal
BR006,2025-12-20,12,8,154.5,8.2875,29.5,4,0,1,2,8,480.0,0.322,-325.5,Normal
BR006,2025-12-20,13,10,126.3,2.27,7.6,3,0,0,2,8,480.0,0.263,-353.7,Normal
BR006,2025-12-20,14,4,73.9,3.125,3.4,2,0,0,1,8,480.0,0.154,-406.1,Normal
BR006,2025-12-20,15,4,73.39999999999999,1.9000000000000001,3.2,0,0,0,1,8,480.0,0.153,-406.6,Normal
BR006,2025-12-22,9,7,94.1,2.4857142857142853,3.4,0,0,1,2,8,480.0,0.196,-385.9,Normal
BR006,2025-12-22,10,11,183.20000000000002,6.218181818181819,23.5,2,0,0,3,8,480.0,0.382,-296.8,Normal
BR006,2025-12-22,11,11,158.7,2.227272727272727,3.5,2,0,2,3,8,480.0,0.331,-321.3,Normal
BR006,2025-12-22,12,11,184.8,3.1090909090909093,8.4,1,0,3,3,8,480.0,0.385,-295.2,Normal
BR006,2025-12-22,13,4,51.0,2.6,3.3,0,0,0,2,8,480.0,0.106,-429.0,Normal
BR006,2025-12-22,14,8,97.0,3.7125,12.6,1,0,0,1,8,480.0,0.202,-383.0,Normal
BR006,2025-12-22,15,5,77.19999999999999,2.1,3.5,0,0,1,2,8,480.0,0.161,-402.8,Normal
BR006,2025-12-23,9,10,100.1,17.07,44.4,6,1,1,0,8,480.0,0.209,-379.9,Moderate
BR006,2025-12-23,10,10,156.0,5.1899999999999995,24.0,8,0,2,1,8,480.0,0.325,-324.0,Normal
BR006,2025-12-23,11,9,178.9,1.6666666666666667,2.9,7,0,3,2,8,480.0,0.373,-301.1,Normal
BR006,2025-12-23,12,15,156.8,13.5,39.4,7,3,1,3,8,480.0,0.327,-323.2,Normal
BR006,2025-12-23,13,10,86.9,2.43,6.0,5,0,0,1,8,480.0,0.181,-393.1,Normal
BR006,2025-12-23,14,8,92.0,2.5,3.4,6,0,0,1,8,480.0,0.192,-388.0,Normal
BR006,2025-12-23,15,4,38.6,2.275,2.7,0,0,0,0,8,480.0,0.08,-441.4,Normal
BR006,2025-12-24,9,9,134.9,15.833333333333334,46.0,4,0,1,3,8,480.0,0.281,-345.1,Moderate
BR006,2025-12-24,10,17,199.7,3.7176470588235295,27.1,2,0,5,2,8,480.0,0.416,-280.3,Normal
BR006,2025-12-24,11,5,31.6,2.2800000000000002,3.1,3,0,0,0,8,480.0,0.066,-448.4,Normal
BR006,2025-12-24,12,5,77.2,2.04,3.4,0,0,0,2,8,480.0,0.161,-402.8,Normal
BR006,2025-12-24,13,6,108.8,2.216666666666667,3.3,0,0,0,2,8,480.0,0.227,-371.2,Normal
BR006,2025-12-24,14,6,64.3,2.883333333333333,8.1,1,0,0,1,8,480.0,0.134,-415.7,Normal
BR006,2025-12-24,15,6,59.4,2.1166666666666667,3.0,0,0,0,0,8,480.0,0.124,-420.6,Normal
BR006,2025-12-24,16,1,16.5,3.3,3.3,0,0,0,0,8,480.0,0.034,-463.5,Normal
BR006,2025-12-26,9,10,107.0,2.27,6.0,1,0,2,1,8,480.0,0.223,-373.0,Normal
BR006,2025-12-26,10,21,241.20000000000002,9.447619047619048,39.9,6,1,4,3,8,480.0,0.503,-238.8,Normal
BR006,2025-12-26,11,13,238.5,5.823076923076922,32.4,5,0,0,5,8,480.0,0.497,-241.5,Normal
BR006,2025-12-26,12,6,122.2,2.3666666666666667,3.5,3,0,2,3,8,480.0,0.255,-357.8,Normal
BR006,2025-12-26,13,4,46.9,1.5499999999999998,2.0,0,0,0,1,8,480.0,0.098,-433.1,Normal
BR006,2025-12-26,14,11,126.8,2.790909090909091,10.6,1,0,1,2,8,480.0,0.264,-353.2,Normal
BR006,2025-12-26,15,2,19.4,1.75,2.1,0,0,0,0,8,480.0,0.04,-460.6,Normal
BR006,2025-12-29,9,14,121.60000000000001,10.807142857142859,45.7,9,1,5,0,8,480.0,0.253,-358.4,Normal
BR006,2025-12-29,10,23,282.0,11.543478260869565,50.5,10,1,4,4,8,480.0,0.588,-198.0,Normal
BR006,2025-12-29,11,18,292.5,6.9,28.0,14,0,1,6,8,480.0,0.609,-187.5,Normal
BR006,2025-12-29,12,9,74.5,5.5,21.1,13,0,0,0,8,480.0,0.155,-405.5,Normal
BR006,2025-12-29,13,9,148.89999999999998,4.4,23.7,12,0,0,3,8,480.0,0.31,-331.1,Normal
BR006,2025-12-29,14,11,209.6,2.8181818181818183,8.7,3,0,0,5,8,480.0,0.437,-270.4,Normal
BR006,2025-12-29,15,6,98.3,1.5999999999999999,2.7,1,0,0,2,8,480.0,0.205,-381.7,Normal
BR006,2025-12-29,16,3,57.7,2.8666666666666667,3.4,0,0,0,1,8,480.0,0.12,-422.3,Normal
BR006,2025-12-30,9,17,145.2,23.929411764705883,64.6,9,4,1,2,8,480.0,0.302,-334.8,Moderate
BR006,2025-12-30,10,15,167.1,24.62,64.2,20,3,3,4,8,480.0,0.348,-312.9,Moderate
BR006,2025-12-30,11,12,150.2,30.883333333333336,63.2,30,3,1,4,8,480.0,0.313,-329.8,High
BR006,2025-12-30,12,17,179.0,27.099999999999998,64.5,37,3,3,3,8,480.0,0.373,-301.0,High
BR006,2025-12-30,13,8,38.4,11.075,36.9,38,0,1,0,8,480.0,0.08,-441.6,Normal
BR006,2025-12-30,14,8,86.8,2.325,3.1,36,0,1,1,8,480.0,0.181,-393.2,Normal
BR006,2025-12-30,15,5,85.3,2.2199999999999998,3.1,31,0,1,1,8,480.0,0.178,-394.7,Normal
BR006,2025-12-31,9,9,130.1,1.7444444444444445,3.4,1,0,4,2,8,480.0,0.271,-349.9,Normal
BR006,2025-12-31,10,16,211.5,10.24375,35.8,4,0,3,3,8,480.0,0.441,-268.5,Normal
BR006,2025-12-31,11,7,98.5,2.3714285714285714,3.2,3,0,0,1,8,480.0,0.205,-381.5,Normal
BR006,2025-12-31,12,5,118.3,2.2600000000000002,3.2,2,0,0,4,8,480.0,0.246,-361.7,Normal
BR006,2025-12-31,13,8,93.2,1.8625,3.0,0,0,0,2,8,480.0,0.194,-386.8,Normal
BR006,2025-12-31,14,8,103.3,2.725,6.1,1,0,0,0,8,480.0,0.215,-376.7,Normal
BR006,2025-12-31,15,5,47.2,1.28,1.6,0,0,0,0,8,480.0,0.098,-432.8,Normal
BR006,2026-01-02,9,15,195.2,14.74,47.9,9,1,1,2,8,480.0,0.407,-284.8,Normal
BR006,2026-01-02,10,19,226.4,13.678947368421051,49.5,8,1,3,7,8,480.0,0.472,-253.6,Normal
BR006,2026-01-02,11,16,241.2,10.26875,36.6,9,0,4,3,8,480.0,0.502,-238.8,Normal
BR006,2026-01-02,12,15,250.2,11.5,49.2,8,1,2,5,8,480.0,0.521,-229.8,Normal
BR006,2026-01-02,13,11,132.0,3.8181818181818183,10.2,9,0,0,2,8,480.0,0.275,-348.0,Normal
BR006,2026-01-02,14,6,55.5,3.9166666666666665,12.6,7,0,0,1,8,480.0,0.116,-424.5,Normal
BR006,2026-01-02,15,8,119.5,2.625,3.5,4,0,0,3,8,480.0,0.249,-360.5,Normal
BR006,2026-01-02,16,1,2.5,2.0,2.0,0,0,0,0,8,480.0,0.005,-477.5,Normal
BR006,2026-01-03,9,9,103.4,1.8333333333333333,3.0,0,0,1,0,8,480.0,0.215,-376.6,Normal
BR006,2026-01-03,10,8,78.2,4.6000000000000005,10.4,1,0,1,1,8,480.0,0.163,-401.8,Normal
BR006,2026-01-03,11,17,161.7,7.376470588235295,46.2,2,0,4,1,8,480.0,0.337,-318.3,Normal
BR006,2026-01-03,12,13,155.2,4.438461538461539,30.1,1,0,1,3,8,480.0,0.323,-324.8,Normal
BR006,2026-01-03,13,15,220.5,3.113333333333333,16.4,1,0,0,2,8,480.0,0.459,-259.5,Normal
BR006,2026-01-03,14,4,63.2,1.9,3.3,0,0,0,2,8,480.0,0.132,-416.8,Normal
BR006,2026-01-03,15,6,104.5,2.0500000000000003,3.3,0,0,0,2,8,480.0,0.218,-375.5,Normal
BR006,2026-01-05,9,17,243.0,4.982352941176471,37.6,2,0,2,6,8,480.0,0.506,-237.0,Normal
BR006,2026-01-05,10,22,335.6,6.090909090909091,21.3,8,0,7,6,8,480.0,0.699,-144.4,Normal
BR006,2026-01-05,11,7,103.1,7.3999999999999995,37.4,6,0,0,2,8,480.0,0.215,-376.9,Normal
BR006,2026-01-05,12,16,254.3,10.1125,46.0,5,2,3,5,8,480.0,0.53,-225.7,Normal
BR006,2026-01-05,13,16,194.79999999999998,6.1125,18.8,4,0,0,2,8,480.0,0.406,-285.2,Normal
BR006,2026-01-05,14,8,148.1,2.0875,3.2,3,0,0,4,8,480.0,0.309,-331.9,Normal
BR006,2026-01-05,15,3,51.7,2.3666666666666667,2.7,0,0,0,0,8,480.0,0.108,-428.3,Normal
BR006,2026-01-06,9,10,119.39999999999999,2.06,3.3,0,0,1,1,8,480.0,0.249,-360.6,Normal
BR006,2026-01-06,10,7,123.9,4.6000000000000005,21.8,1,0,2,2,8,480.0,0.258,-356.1,Normal
BR006,2026-01-06,11,6,110.4,2.1999999999999997,3.5,0,0,1,2,8,480.0,0.23,-369.6,Normal
BR006,2026-01-06,12,7,102.69999999999999,1.9285714285714286,3.2,0,0,2,3,8,480.0,0.214,-377.3,Normal
BR006,2026-01-06,13,6,62.1,2.733333333333333,3.4,0,0,0,1,8,480.0,0.129,-417.9,Normal
BR006,2026-01-06,14,8,82.6,1.975,2.8,0,0,0,1,8,480.0,0.172,-397.4,Normal
BR006,2026-01-07,9,6,46.6,2.233333333333333,3.0,0,0,3,0,8,480.0,0.097,-433.4,Normal
BR006,2026-01-07,10,11,136.3,6.536363636363637,25.1,2,0,1,1,8,480.0,0.284,-343.7,Normal
BR006,2026-01-07,11,10,135.4,3.78,18.5,1,0,1,3,8,480.0,0.282,-344.6,Normal
BR006,2026-01-07,12,7,89.8,7.8999999999999995,40.0,1,0,0,2,8,480.0,0.187,-390.2,Normal
BR006,2026-01-07,13,7,166.70000000000002,1.8285714285714287,2.9,0,0,1,5,8,480.0,0.347,-313.3,Normal
BR006,2026-01-07,14,7,129.8,1.8857142857142857,3.2,0,0,0,3,8,480.0,0.27,-350.2,Normal
BR006,2026-01-07,15,1,12.1,1.6,1.6,0,0,0,0,8,480.0,0.025,-467.9,Normal
BR006,2026-01-07,16,2,25.200000000000003,2.05,2.3,0,0,0,0,8,480.0,0.053,-454.8,Normal
BR006,2026-01-08,9,4,55.7,2.85,3.3,0,0,1,1,8,480.0,0.116,-424.3,Normal
BR006,2026-01-08,10,6,102.5,2.283333333333333,3.2,0,0,1,2,8,480.0,0.214,-377.5,Normal
BR006,2026-01-08,11,6,63.5,1.9000000000000001,3.4,0,0,1,0,8,480.0,0.132,-416.5,Normal
BR006,2026-01-08,12,11,192.89999999999998,3.2636363636363637,9.9,2,0,2,3,8,480.0,0.402,-287.1,Normal
BR006,2026-01-08,13,4,55.8,1.65,2.5,1,0,0,2,8,480.0,0.116,-424.2,Normal
BR006,2026-01-08,14,8,153.7,2.7375,7.8,1,0,0,3,8,480.0,0.32,-326.3,Normal
BR006,2026-01-08,15,3,19.5,2.033333333333333,2.5,0,0,0,0,8,480.0,0.041,-460.5,Normal
BR006,2026-01-09,9,11,195.9,3.5090909090909093,16.8,1,0,3,4,8,480.0,0.408,-284.1,Normal
BR006,2026-01-09,10,11,170.6,10.781818181818181,50.3,2,1,1,4,8,480.0,0.355,-309.4,Normal
BR006,2026-01-09,11,14,256.5,2.242857142857143,3.5,1,0,1,5,8,480.0,0.534,-223.5,Normal
BR006,2026-01-09,12,5,33.6,2.02,2.8,0,0,0,0,8,480.0,0.07,-446.4,Normal
BR006,2026-01-09,13,6,74.5,2.5,3.1,0,0,2,0,8,480.0,0.155,-405.5,Normal
BR006,2026-01-09,14,7,114.8,2.814285714285714,3.4,0,0,1,2,8,480.0,0.239,-365.2,Normal
BR006,2026-01-09,15,4,42.8,2.375,3.3,0,0,0,1,8,480.0,0.089,-437.2,Normal
BR006,2026-01-12,9,8,148.8,6.125,25.4,2,0,2,3,8,480.0,0.31,-331.2,Normal
BR006,2026-01-12,10,14,187.2,4.114285714285715,20.0,3,0,4,3,8,480.0,0.39,-292.8,Normal
BR006,2026-01-12,11,15,176.6,3.6866666666666665,19.0,2,0,2,3,8,480.0,0.368,-303.4,Normal
BR006,2026-01-12,12,8,97.7,8.899999999999999,43.3,5,0,1,1,8,480.0,0.204,-382.3,Normal
BR006,2026-01-12,13,12,167.6,3.283333333333333,8.9,4,0,0,2,8,480.0,0.349,-312.4,Normal
BR006,2026-01-12,14,3,48.300000000000004,1.8666666666666665,2.4,0,0,0,0,8,480.0,0.101,-431.7,Normal
BR006,2026-01-12,15,7,90.5,2.3428571428571425,3.2,1,0,0,1,8,480.0,0.189,-389.5,Normal
BR006,2026-01-12,16,2,30.5,1.75,2.0,0,0,0,0,8,480.0,0.064,-449.5,Normal
BR006,2026-01-13,9,13,167.5,2.2,3.6,1,0,4,3,8,480.0,0.349,-312.5,Normal
BR006,2026-01-13,10,9,122.5,2.2555555555555555,3.6,1,0,2,3,8,480.0,0.255,-357.5,Normal
BR006,2026-01-13,11,8,91.0,3.15,9.7,1,0,0,1,8,480.0,0.19,-389.0,Normal
BR006,2026-01-13,12,12,160.2,2.0833333333333335,3.4,0,0,0,3,8,480.0,0.334,-319.8,Normal
BR006,2026-01-13,13,4,64.5,1.9,2.8,0,0,0,1,8,480.0,0.134,-415.5,Normal
BR006,2026-01-13,14,7,82.4,2.042857142857143,3.4,0,0,0,1,8,480.0,0.172,-397.6,Normal
BR006,2026-01-13,15,4,39.0,2.95,3.5,0,0,0,1,8,480.0,0.081,-441.0,Normal
BR006,2026-01-13,16,2,44.4,1.2000000000000002,1.3,0,0,0,1,8,480.0,0.092,-435.6,Normal
BR006,2026-01-15,9,12,216.8,2.341666666666667,4.8,2,0,1,4,8,480.0,0.452,-263.2,Normal
BR006,2026-01-15,10,8,143.5,2.5625,7.5,1,0,2,3,8,480.0,0.299,-336.5,Normal
BR006,2026-01-15,11,4,57.2,2.675,3.3,0,0,1,1,8,480.0,0.119,-422.8,Normal
BR006,2026-01-15,12,9,83.7,2.0999999999999996,3.3,0,0,0,1,8,480.0,0.174,-396.3,Normal
BR006,2026-01-15,13,2,12.7,2.1,3.2,0,0,0,0,8,480.0,0.026,-467.3,Normal
BR006,2026-01-15,14,4,31.0,1.3,1.9,0,0,0,0,8,480.0,0.065,-449.0,Normal
BR006,2026-01-15,15,1,31.7,0.8,0.8,0,0,0,1,8,480.0,0.066,-448.3,Normal
BR006,2026-01-15,16,1,19.6,2.6,2.6,0,0,0,0,8,480.0,0.041,-460.4,Normal
BR006,2026-01-16,9,17,219.7,3.0058823529411764,17.2,1,0,2,4,8,480.0,0.458,-260.3,Normal
BR006,2026-01-16,10,11,214.8,5.163636363636363,25.1,2,0,2,5,8,480.0,0.448,-265.2,Normal
BR006,2026-01-16,11,10,105.5,5.9399999999999995,23.4,3,0,1,0,8,480.0,0.22,-374.5,Normal
BR006,2026-01-16,12,12,209.4,5.491666666666667,32.2,2,0,2,3,8,480.0,0.436,-270.6,Normal
BR006,2026-01-16,13,7,106.8,1.8142857142857143,2.5,0,0,0,2,8,480.0,0.222,-373.2,Normal
BR006,2026-01-16,14,5,73.3,1.9,3.4,0,0,0,1,8,480.0,0.153,-406.7,Normal
BR006,2026-01-16,15,3,45.8,3.3000000000000003,3.4,0,0,0,1,8,480.0,0.095,-434.2,Normal
BR006,2026-01-16,16,1,9.2,1.2,1.2,0,0,0,0,8,480.0,0.019,-470.8,Normal
BR006,2026-01-17,9,7,152.9,1.742857142857143,2.5,0,0,2,4,8,480.0,0.319,-327.1,Normal
BR006,2026-01-17,10,9,179.9,3.2444444444444445,9.6,1,0,1,5,8,480.0,0.375,-300.1,Normal
BR006,2026-01-17,11,8,164.4,1.5625,2.7,0,0,2,2,8,480.0,0.342,-315.6,Normal
BR006,2026-01-17,12,10,85.5,2.3899999999999997,6.1,2,0,0,1,8,480.0,0.178,-394.5,Normal
BR006,2026-01-17,13,4,92.60000000000001,2.125,2.9,1,0,0,2,8,480.0,0.193,-387.4,Normal
BR006,2026-01-17,14,8,118.60000000000001,4.449999999999999,18.7,1,0,0,1,8,480.0,0.247,-361.4,Normal
BR006,2026-01-17,15,4,93.5,2.6,3.4,0,0,0,2,8,480.0,0.195,-386.5,Normal
BR006,2026-01-17,16,1,3.0,3.0,3.0,0,0,0,0,8,480.0,0.006,-477.0,Normal
BR006,2026-01-19,9,14,173.5,8.685714285714285,36.7,3,0,6,1,8,480.0,0.361,-306.5,Normal
BR006,2026-01-19,10,7,62.7,21.228571428571428,63.9,3,0,1,0,8,480.0,0.131,-417.3,Moderate
BR006,2026-01-19,11,14,162.8,14.542857142857143,45.8,7,2,0,2,8,480.0,0.339,-317.2,Normal
BR006,2026-01-19,12,10,165.2,17.3,49.3,10,0,0,3,8,480.0,0.344,-314.8,Moderate
BR006,2026-01-19,13,4,68.8,6.1,18.6,9,0,0,1,8,480.0,0.143,-411.2,Normal
BR006,2026-01-19,14,7,143.2,2.0714285714285716,2.8,8,0,0,4,8,480.0,0.298,-336.8,Normal
BR006,2026-01-19,15,4,47.099999999999994,1.9249999999999998,2.5,2,0,0,0,8,480.0,0.098,-432.9,Normal
BR006,2026-01-19,16,1,4.5,3.0,3.0,0,0,0,0,8,480.0,0.009,-475.5,Normal
BR006,2026-01-20,9,13,104.5,3.3230769230769233,9.0,3,0,1,0,8,480.0,0.218,-375.5,Normal
BR006,2026-01-20,10,9,102.4,3.388888888888889,12.5,2,0,0,1,8,480.0,0.213,-377.6,Normal
BR006,2026-01-20,11,6,82.5,1.5666666666666667,3.3,0,0,1,2,8,480.0,0.172,-397.5,Normal
BR006,2026-01-20,12,6,62.0,7.116666666666667,34.4,1,0,0,2,8,480.0,0.129,-418.0,Normal
BR006,2026-01-20,13,9,101.8,2.711111111111111,3.5,0,0,1,2,8,480.0,0.212,-378.2,Normal
BR006,2026-01-20,14,2,19.1,1.95,2.5,0,0,1,0,8,480.0,0.04,-460.9,Normal
BR006,2026-01-20,15,1,8.9,2.8,2.8,0,0,0,0,8,480.0,0.019,-471.1,Normal
BR006,2026-01-21,9,12,164.7,4.808333333333334,26.0,2,0,1,3,8,480.0,0.343,-315.3,Normal
BR006,2026-01-21,10,10,99.0,4.6899999999999995,26.7,1,0,0,0,8,480.0,0.206,-381.0,Normal
BR006,2026-01-21,11,11,134.2,2.4181818181818184,3.4,2,0,4,2,8,480.0,0.28,-345.8,Normal
BR006,2026-01-21,12,11,187.8,2.018181818181818,3.0,1,0,1,3,8,480.0,0.391,-292.2,Normal
BR006,2026-01-21,13,3,27.299999999999997,1.5666666666666667,1.8,0,0,0,0,8,480.0,0.057,-452.7,Normal
BR006,2026-01-21,14,4,71.6,1.425,2.1,0,0,1,1,8,480.0,0.149,-408.4,Normal
BR006,2026-01-21,15,3,50.599999999999994,1.6000000000000003,2.1,0,0,0,1,8,480.0,0.105,-429.4,Normal
BR006,2026-01-21,16,1,5.9,2.0,2.0,0,0,0,0,8,480.0,0.012,-474.1,Normal
BR006,2026-01-22,9,6,87.19999999999999,2.566666666666667,3.1,0,0,2,2,8,480.0,0.182,-392.8,Normal
BR006,2026-01-22,10,8,59.1,2.3125,3.4,0,0,2,0,8,480.0,0.123,-420.9,Normal
BR006,2026-01-22,11,8,104.9,2.15,3.2,0,0,1,1,8,480.0,0.219,-375.1,Normal
BR006,2026-01-22,12,7,101.2,2.5142857142857147,3.5,0,0,1,2,8,480.0,0.211,-378.8,Normal
BR006,2026-01-22,13,6,82.8,1.9333333333333333,2.9,0,0,1,1,8,480.0,0.172,-397.2,Normal
BR006,2026-01-22,14,11,108.9,1.6545454545454545,2.9,0,0,0,2,8,480.0,0.227,-371.1,Normal
BR006,2026-01-22,15,2,23.0,1.6500000000000001,2.2,0,0,0,0,8,480.0,0.048,-457.0,Normal
BR006,2026-01-23,9,13,139.9,2.1615384615384614,3.5,0,0,3,1,8,480.0,0.291,-340.1,Normal
BR006,2026-01-23,10,17,211.1,13.18235294117647,48.6,4,2,2,5,8,480.0,0.44,-268.9,Normal
BR006,2026-01-23,11,14,154.4,4.792857142857143,22.5,4,0,3,2,8,480.0,0.322,-325.6,Normal
BR006,2026-01-23,12,11,175.3,1.9181818181818182,3.4,3,0,0,3,8,480.0,0.365,-304.7,Normal
BR006,2026-01-23,13,8,63.699999999999996,1.475,3.4,2,0,0,0,8,480.0,0.133,-416.3,Normal
BR006,2026-01-23,14,6,99.2,9.683333333333334,33.0,3,0,0,2,8,480.0,0.207,-380.8,Normal
BR006,2026-01-23,15,6,105.80000000000001,1.9333333333333333,2.9,2,0,0,2,8,480.0,0.22,-374.2,Normal
BR006,2026-01-27,9,10,166.8,3.16,12.5,1,0,3,2,8,480.0,0.348,-313.2,Normal
BR006,2026-01-27,10,7,49.8,8.571428571428571,43.7,1,1,1,0,8,480.0,0.104,-430.2,Normal
BR006,2026-01-27,11,16,231.5,5.80625,28.2,4,0,2,3,8,480.0,0.482,-248.5,Normal
BR006,2026-01-27,12,13,213.9,3.715384615384615,21.9,3,0,1,3,8,480.0,0.446,-266.1,Normal
BR006,2026-01-27,13,6,42.8,1.7833333333333334,2.7,1,0,0,0,8,480.0,0.089,-437.2,Normal
BR006,2026-01-27,14,7,115.5,1.9285714285714286,2.6,0,0,0,3,8,480.0,0.241,-364.5,Normal
BR006,2026-01-27,15,4,87.9,2.7,3.4,0,0,0,3,8,480.0,0.183,-392.1,Normal
BR006,2026-01-27,16,2,28.2,1.25,1.5,0,0,0,1,8,480.0,0.059,-451.8,Normal
BR006,2026-01-28,9,10,136.0,1.85,2.6,0,0,4,3,8,480.0,0.283,-344.0,Normal
BR006,2026-01-28,10,9,113.5,7.699999999999999,21.8,2,0,1,1,8,480.0,0.236,-366.5,Normal
BR006,2026-01-28,11,13,209.3,9.784615384615385,37.0,3,0,3,4,8,480.0,0.436,-270.7,Normal
BR006,2026-01-28,12,17,258.9,3.9705882352941178,27.9,2,0,1,7,8,480.0,0.539,-221.1,Normal
BR006,2026-01-28,13,10,140.0,4.95,20.5,4,0,0,3,8,480.0,0.292,-340.0,Normal
BR006,2026-01-28,14,7,166.3,1.7571428571428573,2.8,3,0,0,4,8,480.0,0.346,-313.7,Normal
BR006,2026-01-28,15,1,11.4,2.0,2.0,0,0,0,0,8,480.0,0.024,-468.6,Normal
BR006,2026-01-28,16,2,14.6,3.1,3.2,0,0,0,0,8,480.0,0.03,-465.4,Normal
BR006,2026-01-29,9,5,73.2,1.8399999999999999,2.6,0,0,0,2,8,480.0,0.152,-406.8,Normal
BR006,2026-01-29,10,15,229.2,7.173333333333333,24.6,4,0,4,5,8,480.0,0.478,-250.8,Normal
BR006,2026-01-29,11,9,130.9,3.288888888888889,8.2,3,0,1,1,8,480.0,0.273,-349.1,Normal
BR006,2026-01-29,12,13,196.7,5.06923076923077,19.1,3,0,2,3,8,480.0,0.41,-283.3,Normal
BR006,2026-01-29,13,8,84.9,1.725,2.4,1,0,0,1,8,480.0,0.177,-395.1,Normal
BR006,2026-01-29,14,8,143.0,2.3875,3.5,2,0,1,3,8,480.0,0.298,-337.0,Normal
BR006,2026-01-29,15,5,71.1,2.16,3.5,0,0,0,2,8,480.0,0.148,-408.9,Normal
BR006,2026-01-29,16,1,8.8,2.2,2.2,1,0,0,0,8,480.0,0.018,-471.2,Normal
BR006,2026-01-30,9,18,291.3,6.083333333333333,29.1,3,0,1,6,8,480.0,0.607,-188.7,Normal
BR006,2026-01-30,10,21,207.4,13.376190476190475,52.4,11,1,6,3,8,480.0,0.432,-272.6,Normal
BR006,2026-01-30,11,17,283.90000000000003,9.164705882352942,33.1,12,0,5,7,8,480.0,0.591,-196.1,Normal
BR006,2026-01-30,12,17,242.7,4.717647058823529,18.2,11,0,2,4,8,480.0,0.506,-237.3,Normal
BR006,2026-01-30,13,9,144.0,1.9666666666666666,3.5,10,0,1,2,8,480.0,0.3,-336.0,Normal
BR006,2026-01-30,14,8,86.2,2.0124999999999997,2.8,6,0,0,1,8,480.0,0.18,-393.8,Normal
BR006,2026-01-30,15,4,75.80000000000001,1.225,1.5,0,0,0,1,8,480.0,0.158,-404.2,Normal
BR006,2026-01-30,16,1,11.2,3.2,3.2,0,0,0,0,8,480.0,0.023,-468.8,Normal
BR006,2026-01-31,9,11,136.6,2.409090909090909,3.3,0,0,2,1,8,480.0,0.285,-343.4,Normal
BR006,2026-01-31,10,14,167.89999999999998,15.221428571428572,51.7,7,3,3,7,8,480.0,0.35,-312.1,Moderate
BR006,2026-01-31,11,16,243.2,7.03125,21.9,11,0,3,4,8,480.0,0.507,-236.8,Normal
BR006,2026-01-31,12,16,294.3,3.675,14.0,10,0,0,7,8,480.0,0.613,-185.7,Normal
BR006,2026-01-31,13,3,54.400000000000006,2.2333333333333334,2.9,2,0,0,1,8,480.0,0.113,-425.6,Normal
BR006,2026-01-31,14,12,124.0,3.966666666666667,18.8,3,0,0,1,8,480.0,0.258,-356.0,Normal
BR006,2026-01-31,15,3,41.8,1.9666666666666668,2.3,0,0,0,1,8,480.0,0.087,-438.2,Normal
BR006,2026-01-31,16,1,6.3,1.8,1.8,1,0,0,0,8,480.0,0.013,-473.7,Normal
BR006,2026-02-02,9,9,72.1,2.566666666666667,3.7,1,0,2,0,8,480.0,0.15,-407.9,Normal
BR006,2026-02-02,10,14,168.3,10.200000000000001,40.6,2,1,2,3,8,480.0,0.351,-311.7,Normal
BR006,2026-02-02,11,14,233.3,4.421428571428572,30.6,2,0,3,5,8,480.0,0.486,-246.7,Normal
BR006,2026-02-02,12,18,337.8,7.566666666666666,25.3,5,0,1,7,8,480.0,0.704,-142.2,Normal
BR006,2026-02-02,13,9,86.7,1.9444444444444444,2.8,3,0,0,1,8,480.0,0.181,-393.3,Normal
BR006,2026-02-02,14,8,118.8,1.55,2.2,4,0,0,2,8,480.0,0.248,-361.2,Normal
BR006,2026-02-02,15,3,48.900000000000006,2.1999999999999997,3.3,0,0,0,1,8,480.0,0.102,-431.1,Normal
BR006,2026-02-03,9,10,139.9,6.18,41.4,1,1,2,3,8,480.0,0.291,-340.1,Normal
BR006,2026-02-03,10,13,225.8,4.592307692307693,15.8,2,0,3,4,8,480.0,0.47,-254.2,Normal
BR006,2026-02-03,11,7,108.9,2.3857142857142857,3.3,2,0,2,3,8,480.0,0.227,-371.1,Normal
BR006,2026-02-03,12,11,183.6,3.4545454545454546,18.2,1,0,1,4,8,480.0,0.382,-296.4,Normal
BR006,2026-02-03,13,11,178.70000000000002,2.190909090909091,4.6,1,0,0,4,8,480.0,0.372,-301.3,Normal
BR006,2026-02-03,14,5,69.9,2.2,2.8,0,0,0,0,8,480.0,0.146,-410.1,Normal
BR006,2026-02-03,15,5,75.7,2.06,2.4,0,0,0,2,8,480.0,0.158,-404.3,Normal
BR006,2026-02-04,9,17,249.4,3.7,17.6,1,0,3,3,8,480.0,0.52,-230.6,Normal
BR006,2026-02-04,10,14,177.5,9.964285714285714,34.0,8,0,1,3,8,480.0,0.37,-302.5,Normal
BR006,2026-02-04,11,10,130.0,3.28,6.6,9,0,2,2,8,480.0,0.271,-350.0,Normal
BR006,2026-02-04,12,10,134.2,4.88,13.8,8,0,3,1,8,480.0,0.28,-345.8,Normal
BR006,2026-02-04,13,8,149.0,2.3875,3.3,2,0,0,4,8,480.0,0.31,-331.0,Normal
BR006,2026-02-04,14,4,50.4,1.675,3.1,0,0,0,0,8,480.0,0.105,-429.6,Normal
BR006,2026-02-04,15,3,54.2,1.7,2.3,0,0,0,1,8,480.0,0.113,-425.8,Normal
BR006,2026-02-05,9,6,64.8,1.8666666666666665,2.9,0,0,1,0,8,480.0,0.135,-415.2,Normal
BR006,2026-02-05,10,8,174.5,3.4749999999999996,15.2,1,0,2,3,8,480.0,0.364,-305.5,Normal
BR006,2026-02-05,11,18,230.7,6.366666666666667,29.6,5,0,2,3,8,480.0,0.481,-249.3,Normal
BR006,2026-02-05,12,8,118.4,2.2,3.4,3,0,1,2,8,480.0,0.247,-361.6,Normal
BR006,2026-02-05,13,5,95.5,2.06,3.1,2,0,0,2,8,480.0,0.199,-384.5,Normal
BR006,2026-02-05,14,7,131.5,1.9428571428571428,3.4,0,0,0,3,8,480.0,0.274,-348.5,Normal
BR006,2026-02-05,15,4,82.0,1.575,2.0,0,0,0,2,8,480.0,0.171,-398.0,Normal
BR006,2026-02-06,9,8,82.3,10.125,44.6,2,0,2,1,8,480.0,0.171,-397.7,Normal
BR006,2026-02-06,10,9,128.8,2.5555555555555554,5.8,1,0,2,3,8,480.0,0.268,-351.2,Normal
BR006,2026-02-06,11,10,114.0,2.45,6.0,1,0,1,1,8,480.0,0.238,-366.0,Normal
BR006,2026-02-06,12,8,140.2,2.2375,3.3,0,0,1,3,8,480.0,0.292,-339.8,Normal
BR006,2026-02-06,13,7,80.9,7.942857142857143,22.8,2,0,0,1,8,480.0,0.169,-399.1,Normal
BR006,2026-02-06,14,9,140.3,2.177777777777778,2.8,1,0,0,2,8,480.0,0.292,-339.7,Normal
BR006,2026-02-06,15,4,85.3,2.625,3.5,0,0,0,3,8,480.0,0.178,-394.7,Normal
BR006,2026-02-06,16,1,21.7,1.8,1.8,0,0,0,0,8,480.0,0.045,-458.3,Normal
BR006,2026-02-07,9,8,82.5,11.725000000000001,48.2,3,1,0,1,8,480.0,0.172,-397.5,Normal
BR006,2026-02-07,10,14,228.0,3.3785714285714286,13.7,2,0,3,5,8,480.0,0.475,-252.0,Normal
BR006,2026-02-07,11,8,143.7,3.3875,8.8,1,0,2,4,8,480.0,0.299,-336.3,Normal
BR006,2026-02-07,12,9,200.8,2.066666666666667,3.3,0,0,1,4,8,480.0,0.418,-279.2,Normal
BR006,2026-02-07,13,3,49.9,2.3333333333333335,3.4,0,0,0,1,8,480.0,0.104,-430.1,Normal
BR006,2026-02-07,14,5,63.6,2.1,3.0,0,0,0,1,8,480.0,0.132,-416.4,Normal
BR006,2026-02-07,15,6,77.6,1.8499999999999999,3.0,0,0,0,3,8,480.0,0.162,-402.4,Normal
BR006,2026-02-09,9,13,119.7,11.13846153846154,54.6,3,1,2,1,8,480.0,0.249,-360.3,Normal
BR006,2026-02-09,10,11,119.10000000000001,15.027272727272726,51.4,4,1,3,1,8,480.0,0.248,-360.9,Moderate
BR006,2026-02-09,11,8,112.1,2.5125,4.3,3,0,2,2,8,480.0,0.234,-367.9,Normal
BR006,2026-02-09,12,6,83.9,1.7,2.7,3,0,1,1,8,480.0,0.175,-396.1,Normal
BR006,2026-02-09,13,9,101.3,3.611111111111111,13.9,3,0,0,2,8,480.0,0.211,-378.7,Normal
BR006,2026-02-09,14,9,109.3,2.888888888888889,7.2,2,0,0,2,8,480.0,0.228,-370.7,Normal
BR006,2026-02-09,15,3,35.1,1.5999999999999999,2.0,0,0,0,0,8,480.0,0.073,-444.9,Normal
BR006,2026-02-10,9,11,134.6,6.318181818181818,38.5,1,0,1,2,8,480.0,0.28,-345.4,Normal
BR006,2026-02-10,10,10,127.4,2.13,3.4,0,0,1,3,8,480.0,0.265,-352.6,Normal
BR006,2026-02-10,11,5,91.3,2.04,3.3,0,0,0,2,8,480.0,0.19,-388.7,Normal
BR006,2026-02-10,12,8,131.8,2.275,3.2,0,0,0,2,8,480.0,0.275,-348.2,Normal
BR006,2026-02-10,13,8,76.6,2.3625,3.5,0,0,3,1,8,480.0,0.16,-403.4,Normal
BR006,2026-02-10,14,7,106.8,2.4857142857142853,3.2,0,0,2,1,8,480.0,0.222,-373.2,Normal
BR006,2026-02-10,15,8,118.5,2.3875,3.8,1,0,2,3,8,480.0,0.247,-361.5,Normal
BR006,2026-02-10,16,1,17.8,2.8,2.8,0,0,0,1,8,480.0,0.037,-462.2,Normal
BR006,2026-02-11,9,15,204.6,3.2266666666666666,10.7,2,0,2,4,8,480.0,0.426,-275.4,Normal
BR006,2026-02-11,10,6,70.8,2.066666666666667,3.2,1,0,0,1,8,480.0,0.148,-409.2,Normal
BR006,2026-02-11,11,7,94.5,1.7,3.5,0,0,1,1,8,480.0,0.197,-385.5,Normal
BR006,2026-02-11,12,7,126.8,2.414285714285714,5.3,1,0,0,2,8,480.0,0.264,-353.2,Normal
BR006,2026-02-11,13,7,112.3,2.0142857142857142,3.4,0,0,1,2,8,480.0,0.234,-367.7,Normal
BR006,2026-02-11,14,7,70.8,1.9714285714285715,2.6,0,0,0,0,8,480.0,0.148,-409.2,Normal
BR006,2026-02-11,16,1,11.2,3.0,3.0,0,0,0,0,8,480.0,0.023,-468.8,Normal
BR006,2026-02-12,9,13,209.6,10.438461538461537,37.3,6,0,5,4,8,480.0,0.437,-270.4,Normal
BR006,2026-02-12,10,7,95.69999999999999,2.1714285714285713,3.4,3,0,2,1,8,480.0,0.199,-384.3,Normal
BR006,2026-02-12,11,8,85.3,6.8375,41.2,5,0,1,1,8,480.0,0.178,-394.7,Normal
BR006,2026-02-12,12,10,152.2,8.77,42.1,2,0,0,2,8,480.0,0.317,-327.8,Normal
BR006,2026-02-12,13,10,135.3,2.27,3.5,1,0,0,2,8,480.0,0.282,-344.7,Normal
BR006,2026-02-12,14,8,98.2,2.7875,6.7,1,0,0,2,8,480.0,0.205,-381.8,Normal
BR006,2026-02-12,15,9,158.4,2.1222222222222222,3.4,0,0,0,5,8,480.0,0.33,-321.6,Normal
BR006,2026-02-13,9,10,98.5,5.7700000000000005,37.0,1,0,2,1,8,480.0,0.205,-381.5,Normal
BR006,2026-02-13,10,18,230.4,11.872222222222222,48.9,5,1,5,3,8,480.0,0.48,-249.6,Normal
BR006,2026-02-13,11,13,194.1,6.630769230769231,21.6,7,0,1,3,8,480.0,0.404,-285.9,Normal
BR006,2026-02-13,12,9,92.0,3.922222222222222,16.7,6,0,0,1,8,480.0,0.192,-388.0,Normal
BR006,2026-02-13,13,11,152.8,5.045454545454546,33.9,4,0,0,2,8,480.0,0.318,-327.2,Normal
BR006,2026-02-13,14,14,217.5,6.042857142857143,35.1,2,0,0,5,8,480.0,0.453,-262.5,Normal
BR006,2026-02-13,15,7,110.4,1.9000000000000001,3.4,1,0,0,1,8,480.0,0.23,-369.6,Normal
BR006,2026-02-16,9,8,128.8,2.225,7.3,1,0,1,3,8,480.0,0.268,-351.2,Normal
BR006,2026-02-16,10,13,191.29999999999998,10.892307692307693,52.4,4,1,3,4,8,480.0,0.399,-288.7,Normal
BR006,2026-02-16,11,17,220.0,6.235294117647059,24.0,3,0,4,2,8,480.0,0.458,-260.0,Normal
BR006,2026-02-16,12,13,153.0,6.199999999999999,29.5,4,0,1,1,8,480.0,0.319,-327.0,Normal
BR006,2026-02-16,13,10,173.0,2.02,3.0,2,0,0,3,8,480.0,0.36,-307.0,Normal
BR006,2026-02-16,14,9,131.0,3.1888888888888887,7.3,2,0,0,3,8,480.0,0.273,-349.0,Normal
BR006,2026-02-16,15,2,11.4,2.05,2.4,0,0,0,0,8,480.0,0.024,-468.6,Normal
BR006,2026-02-16,16,1,7.3,3.1,3.1,0,0,0,0,8,480.0,0.015,-472.7,Normal
BR006,2026-02-17,9,15,234.7,5.653333333333333,25.2,3,0,3,4,8,480.0,0.489,-245.3,Normal
BR006,2026-02-17,10,10,156.6,3.79,17.5,2,0,2,4,8,480.0,0.326,-323.4,Normal
BR006,2026-02-17,11,8,165.0,2.4875,3.3,0,0,1,2,8,480.0,0.344,-315.0,Normal
BR006,2026-02-17,12,9,101.5,4.188888888888889,20.7,1,0,1,0,8,480.0,0.211,-378.5,Normal
BR006,2026-02-17,13,12,150.4,2.1583333333333337,3.2,2,0,2,3,8,480.0,0.313,-329.6,Normal
BR006,2026-02-17,14,12,146.6,2.1083333333333334,3.5,1,0,0,2,8,480.0,0.305,-333.4,Normal
BR006,2026-02-17,15,5,53.4,1.8800000000000001,2.8,0,0,0,1,8,480.0,0.111,-426.6,Normal
BR006,2026-02-17,16,1,2.9,2.0,2.0,0,0,0,0,8,480.0,0.006,-477.1,Normal
BR006,2026-02-18,9,7,83.9,18.02857142857143,38.2,5,1,0,3,8,480.0,0.175,-396.1,Moderate
BR006,2026-02-18,10,13,161.2,7.43076923076923,51.9,3,1,2,5,8,480.0,0.336,-318.8,Normal
BR006,2026-02-18,11,14,199.5,4.0,12.5,4,0,2,4,8,480.0,0.416,-280.5,Normal
BR006,2026-02-18,12,7,89.2,2.1142857142857143,3.0,2,0,4,2,8,480.0,0.186,-390.8,Normal
BR006,2026-02-18,13,11,218.7,3.5727272727272723,15.9,2,0,0,5,8,480.0,0.456,-261.3,Normal
BR006,2026-02-18,14,9,112.5,3.0999999999999996,7.0,4,0,0,2,8,480.0,0.234,-367.5,Normal
BR006,2026-02-18,15,7,98.1,2.4857142857142853,3.4,2,0,0,2,8,480.0,0.204,-381.9,Normal
BR006,2026-02-18,16,1,6.4,2.2,2.2,0,0,0,0,8,480.0,0.013,-473.6,Normal
BR006,2026-02-19,9,5,53.8,10.34,25.1,2,0,1,1,8,480.0,0.112,-426.2,Normal
BR006,2026-02-19,10,10,52.9,9.57,39.5,2,1,2,0,8,480.0,0.11,-427.1,Normal
BR006,2026-02-19,11,8,166.2,12.2125,50.9,4,1,2,6,8,480.0,0.346,-313.8,Normal
BR006,2026-02-19,12,14,186.5,13.842857142857143,40.6,9,1,1,2,8,480.0,0.389,-293.5,Normal
BR006,2026-02-19,13,7,91.2,8.22857142857143,37.4,12,0,0,1,8,480.0,0.19,-388.8,Normal
BR006,2026-02-19,14,2,11.3,2.75,3.4,9,0,0,0,8,480.0,0.024,-468.7,Normal
BR006,2026-02-19,15,2,21.200000000000003,2.15,3.4,8,0,0,0,8,480.0,0.044,-458.8,Normal
BR006,2026-02-19,16,1,11.2,1.1,1.1,6,0,0,0,8,480.0,0.023,-468.8,Normal
BR006,2026-02-20,9,12,132.6,6.183333333333334,24.8,6,0,5,1,8,480.0,0.276,-347.4,Normal
BR006,2026-02-20,10,18,323.9,9.5,30.1,5,0,3,4,8,480.0,0.675,-156.1,Normal
BR006,2026-02-20,11,10,176.7,6.42,41.2,6,0,0,4,8,480.0,0.368,-303.3,Normal
BR006,2026-02-20,12,11,264.4,8.299999999999999,25.1,5,0,0,6,8,480.0,0.551,-215.6,Normal
BR006,2026-02-20,13,7,94.7,1.5285714285714285,3.3,3,0,0,0,8,480.0,0.197,-385.3,Normal
BR006,2026-02-20,14,5,39.0,2.7,3.5,1,0,0,0,8,480.0,0.081,-441.0,Normal
BR006,2026-02-20,15,3,30.0,1.8,3.3,0,0,0,1,8,480.0,0.062,-450.0,Normal
BR006,2026-02-20,16,1,3.2,2.9,2.9,0,0,0,0,8,480.0,0.007,-476.8,Normal
BR006,2026-02-21,9,5,50.8,6.640000000000001,23.9,1,0,0,0,8,480.0,0.106,-429.2,Normal
BR006,2026-02-21,10,15,203.9,6.02,22.2,4,0,3,3,8,480.0,0.425,-276.1,Normal
BR006,2026-02-21,11,10,138.1,3.79,20.9,3,0,2,2,8,480.0,0.288,-341.9,Normal
BR006,2026-02-21,12,14,133.4,3.892857142857143,28.3,2,0,3,1,8,480.0,0.278,-346.6,Normal
BR006,2026-02-21,13,6,76.2,2.283333333333333,3.3,0,0,1,1,8,480.0,0.159,-403.8,Normal
BR006,2026-02-21,14,5,92.8,2.1399999999999997,3.3,0,0,0,1,8,480.0,0.193,-387.2,Normal
BR006,2026-02-21,15,7,64.1,1.7142857142857142,3.0,0,0,0,0,8,480.0,0.134,-415.9,Normal
BR006,2026-02-23,9,19,203.2,7.947368421052632,38.8,2,1,2,4,8,480.0,0.423,-276.8,Normal
BR006,2026-02-23,10,9,59.4,16.799999999999997,49.0,4,1,2,0,8,480.0,0.124,-420.6,Moderate
BR006,2026-02-23,11,9,75.4,4.333333333333333,22.8,5,0,0,1,8,480.0,0.157,-404.6,Normal
BR006,2026-02-23,12,5,55.8,2.32,2.9,0,0,2,1,8,480.0,0.116,-424.2,Normal
BR006,2026-02-23,13,7,102.7,3.4857142857142853,12.0,1,0,2,2,8,480.0,0.214,-377.3,Normal
BR006,2026-02-23,14,5,93.1,11.4,48.3,1,0,1,3,8,480.0,0.194,-386.9,Normal
BR006,2026-02-23,15,5,35.3,1.8800000000000001,3.4,0,0,0,0,8,480.0,0.074,-444.7,Normal
BR006,2026-02-23,16,2,9.3,2.4000000000000004,2.7,0,0,0,0,8,480.0,0.019,-470.7,Normal
BR006,2026-02-24,9,8,106.7,1.8125,3.4,0,0,1,2,8,480.0,0.222,-373.3,Normal
BR006,2026-02-24,10,9,121.4,7.111111111111111,33.8,4,0,1,1,8,480.0,0.253,-358.6,Normal
BR006,2026-02-24,11,9,93.6,3.4444444444444446,15.3,3,0,3,1,8,480.0,0.195,-386.4,Normal
BR006,2026-02-24,12,8,128.1,2.275,3.4,3,0,0,3,8,480.0,0.267,-351.9,Normal
BR006,2026-02-24,13,8,109.6,2.4,3.4,0,0,0,2,8,480.0,0.228,-370.4,Normal
BR006,2026-02-24,14,5,55.9,1.9600000000000002,3.0,0,0,0,2,8,480.0,0.116,-424.1,Normal
BR006,2026-02-24,15,2,36.2,2.15,3.4,0,0,0,1,8,480.0,0.075,-443.8,Normal
BR006,2026-02-25,9,6,58.1,2.483333333333333,3.4,0,0,2,0,8,480.0,0.121,-421.9,Normal
BR006,2026-02-25,10,9,114.39999999999999,3.477777777777778,7.2,2,0,0,2,8,480.0,0.238,-365.6,Normal
BR006,2026-02-25,11,11,160.7,1.9272727272727272,3.3,1,0,3,3,8,480.0,0.335,-319.3,Normal
BR006,2026-02-25,12,7,101.9,6.028571428571429,29.0,1,0,0,2,8,480.0,0.212,-378.1,Normal
BR006,2026-02-25,13,10,159.1,2.45,3.4,0,0,0,3,8,480.0,0.331,-320.9,Normal
BR006,2026-02-25,14,7,75.3,2.0714285714285716,3.3,0,0,0,2,8,480.0,0.157,-404.7,Normal
BR006,2026-02-25,15,3,31.8,1.9666666666666668,2.3,0,0,0,0,8,480.0,0.066,-448.2,Normal
BR006,2026-02-25,16,1,13.4,2.2,2.2,0,0,0,0,8,480.0,0.028,-466.6,Normal
BR006,2026-02-26,9,11,123.3,2.5818181818181816,8.7,1,0,2,2,8,480.0,0.257,-356.7,Normal
BR006,2026-02-26,10,14,193.4,6.578571428571428,35.4,2,0,2,3,8,480.0,0.403,-286.6,Normal
BR006,2026-02-26,11,12,157.3,2.766666666666667,7.5,3,0,2,2,8,480.0,0.328,-322.7,Normal
BR006,2026-02-26,12,7,91.0,2.4,3.4,1,0,1,2,8,480.0,0.19,-389.0,Normal
BR006,2026-02-26,13,12,199.8,3.775,22.5,1,0,0,4,8,480.0,0.416,-280.2,Normal
BR006,2026-02-26,14,4,56.9,2.3,3.3,0,0,0,1,8,480.0,0.119,-423.1,Normal
BR006,2026-02-26,15,2,66.7,2.1500000000000004,2.7,0,0,0,2,8,480.0,0.139,-413.3,Normal
BR006,2026-02-26,16,1,6.1,2.3,2.3,0,0,0,0,8,480.0,0.013,-473.9,Normal
BR006,2026-02-27,9,10,138.8,5.840000000000001,37.2,1,0,3,1,8,480.0,0.289,-341.2,Normal
BR006,2026-02-27,10,19,204.1,12.91578947368421,39.9,8,1,2,4,8,480.0,0.425,-275.9,Normal
BR006,2026-02-27,11,12,145.6,6.108333333333333,25.2,7,0,3,2,8,480.0,0.303,-334.4,Normal
BR006,2026-02-27,12,11,225.4,2.8363636363636364,8.4,7,0,0,6,8,480.0,0.47,-254.6,Normal
BR006,2026-02-27,13,6,51.0,2.2666666666666666,3.3,0,0,0,0,8,480.0,0.106,-429.0,Normal
BR006,2026-02-27,14,9,124.4,2.8,4.5,1,0,0,3,8,480.0,0.259,-355.6,Normal
BR006,2026-02-27,15,3,52.5,2.1666666666666665,3.4,0,0,0,1,8,480.0,0.109,-427.5,Normal
BR006,2026-02-27,16,1,5.0,0.9,0.9,0,0,0,0,8,480.0,0.01,-475.0,Normal
BR006,2026-03-02,9,14,173.8,4.957142857142857,20.5,1,0,4,3,8,480.0,0.362,-306.2,Normal
BR006,2026-03-02,10,16,173.4,14.80625,51.1,10,2,5,4,8,480.0,0.361,-306.6,Normal
BR006,2026-03-02,11,15,276.3,9.053333333333335,26.8,11,0,1,7,8,480.0,0.576,-203.7,Normal
BR006,2026-03-02,12,14,163.3,8.328571428571427,33.1,10,0,0,2,8,480.0,0.34,-316.7,Normal
BR006,2026-03-02,13,9,129.0,1.7111111111111112,3.1,3,0,0,1,8,480.0,0.269,-351.0,Normal
BR006,2026-03-02,14,7,131.4,1.9428571428571428,3.0,0,0,0,3,8,480.0,0.274,-348.6,Normal
BR006,2026-03-02,15,7,71.1,2.1,3.2,0,0,0,1,8,480.0,0.148,-408.9,Normal
BR006,2026-03-02,16,1,14.9,2.6,2.6,0,0,0,0,8,480.0,0.031,-465.1,Normal
BR006,2026-03-03,9,8,139.1,2.0625,3.3,0,0,1,3,8,480.0,0.29,-340.9,Normal
BR006,2026-03-03,10,10,152.0,5.65,24.3,2,0,1,3,8,480.0,0.317,-328.0,Normal
BR006,2026-03-03,11,8,136.4,1.6125,3.1,1,0,0,3,8,480.0,0.284,-343.6,Normal
BR006,2026-03-03,12,10,186.6,2.75,10.3,1,0,3,5,8,480.0,0.389,-293.4,Normal
BR006,2026-03-03,13,6,92.6,2.3666666666666667,2.7,0,0,1,1,8,480.0,0.193,-387.4,Normal
BR006,2026-03-03,14,12,127.0,6.7749999999999995,44.3,3,1,0,1,8,480.0,0.265,-353.0,Normal
BR006,2026-03-03,15,6,85.3,1.55,2.6,0,0,0,1,8,480.0,0.178,-394.7,Normal
BR006,2026-03-03,16,1,29.6,2.8,2.8,2,0,0,1,8,480.0,0.062,-450.4,Normal
BR006,2026-03-05,9,8,77.3,2.425,3.1,0,0,2,1,8,480.0,0.161,-402.7,Normal
BR006,2026-03-05,10,8,131.6,4.2625,16.0,1,0,3,3,8,480.0,0.274,-348.4,Normal
BR006,2026-03-05,11,9,124.6,2.588888888888889,3.5,0,0,0,2,8,480.0,0.26,-355.4,Normal
BR006,2026-03-05,12,11,126.4,2.036363636363636,4.1,1,0,0,2,8,480.0,0.263,-353.6,Normal
BR006,2026-03-05,13,4,43.7,2.425,3.4,0,0,0,0,8,480.0,0.091,-436.3,Normal
BR006,2026-03-05,14,6,102.8,1.8499999999999999,3.4,0,0,0,2,8,480.0,0.214,-377.2,Normal
BR006,2026-03-05,15,3,46.5,2.1999999999999997,3.0,0,0,0,1,8,480.0,0.097,-433.5,Normal
BR006,2026-03-06,9,9,88.9,2.5999999999999996,3.4,0,0,2,0,8,480.0,0.185,-391.1,Normal
BR006,2026-03-06,10,10,149.1,9.15,34.7,3,0,0,3,8,480.0,0.311,-330.9,Normal
BR006,2026-03-06,11,15,279.5,9.073333333333332,31.1,4,0,4,6,8,480.0,0.582,-200.5,Normal
BR006,2026-03-06,12,11,141.9,5.954545454545454,33.4,2,0,1,1,8,480.0,0.296,-338.1,Normal
BR006,2026-03-06,13,12,217.3,4.125,21.2,3,0,1,5,8,480.0,0.453,-262.7,Normal
BR006,2026-03-06,14,7,99.0,2.1714285714285717,3.2,1,0,0,2,8,480.0,0.206,-381.0,Normal
BR006,2026-03-06,15,1,22.1,2.4,2.4,0,0,0,0,8,480.0,0.046,-457.9,Normal
BR006,2026-03-06,16,1,12.1,3.2,3.2,0,0,0,0,8,480.0,0.025,-467.9,Normal
BR006,2026-03-07,9,9,132.9,2.033333333333333,3.2,0,0,1,2,8,480.0,0.277,-347.1,Normal
BR006,2026-03-07,10,7,113.5,1.8857142857142857,3.5,0,0,1,0,8,480.0,0.236,-366.5,Normal
BR006,2026-03-07,11,12,149.1,3.5749999999999997,18.8,1,0,2,1,8,480.0,0.311,-330.9,Normal
BR006,2026-03-07,12,11,120.7,4.136363636363637,22.2,1,0,2,1,8,480.0,0.251,-359.3,Normal
BR006,2026-03-07,13,8,97.5,2.4,3.5,0,0,1,1,8,480.0,0.203,-382.5,Normal
BR006,2026-03-07,14,3,41.0,2.1666666666666665,3.1,0,0,0,0,8,480.0,0.085,-439.0,Normal
BR006,2026-03-07,15,3,22.4,2.0,2.7,0,0,0,0,8,480.0,0.047,-457.6,Normal
BR006,2026-03-09,9,6,151.4,5.566666666666666,21.2,1,0,3,3,8,480.0,0.315,-328.6,Normal
BR006,2026-03-09,10,15,180.6,4.84,19.9,2,0,1,1,8,480.0,0.376,-299.4,Normal
BR006,2026-03-09,11,12,153.1,6.241666666666667,44.1,2,1,2,3,8,480.0,0.319,-326.9,Normal
BR006,2026-03-09,12,17,225.1,5.394117647058824,31.7,3,0,1,4,8,480.0,0.469,-254.9,Normal
BR006,2026-03-09,13,6,103.8,2.0,3.0,2,0,1,3,8,480.0,0.216,-376.2,Normal
BR006,2026-03-09,14,9,88.2,7.98888888888889,35.6,2,0,0,2,8,480.0,0.184,-391.8,Normal
BR006,2026-03-09,15,6,49.5,2.3666666666666667,3.0,0,0,2,0,8,480.0,0.103,-430.5,Normal
BR006,2026-03-09,16,1,2.0,2.3,2.3,1,0,0,0,8,480.0,0.004,-478.0,Normal
BR006,2026-03-10,9,10,134.0,2.3,3.5,1,0,1,2,8,480.0,0.279,-346.0,Normal
BR006,2026-03-10,10,10,181.5,2.16,3.5,0,0,1,3,8,480.0,0.378,-298.5,Normal
BR006,2026-03-10,11,6,77.8,2.6166666666666667,3.3,0,0,2,1,8,480.0,0.162,-402.2,Normal
BR006,2026-03-10,12,13,182.3,2.6384615384615384,8.3,1,0,2,1,8,480.0,0.38,-297.7,Normal
BR006,2026-03-10,13,10,162.6,3.3899999999999997,8.4,1,0,0,3,8,480.0,0.339,-317.4,Normal
BR006,2026-03-10,14,9,74.7,2.2555555555555555,5.2,1,0,2,0,8,480.0,0.156,-405.3,Normal
BR006,2026-03-10,15,3,20.9,2.766666666666667,3.5,0,0,0,0,8,480.0,0.044,-459.1,Normal
BR006,2026-03-11,9,6,88.1,1.8833333333333335,3.1,0,0,2,2,8,480.0,0.184,-391.9,Normal
BR006,2026-03-11,10,4,55.1,2.225,3.4,0,0,1,1,8,480.0,0.115,-424.9,Normal
BR006,2026-03-11,11,7,84.6,1.8714285714285714,2.4,0,0,0,1,8,480.0,0.176,-395.4,Normal
BR006,2026-03-11,12,5,46.8,1.8199999999999998,2.9,0,0,0,0,8,480.0,0.097,-433.2,Normal
BR006,2026-03-11,13,8,158.3,2.55,3.5,0,0,0,2,8,480.0,0.33,-321.7,Normal
BR006,2026-03-11,14,2,52.0,2.15,2.3,0,0,0,2,8,480.0,0.108,-428.0,Normal
BR006,2026-03-11,15,1,38.5,1.1,1.1,0,0,0,1,8,480.0,0.08,-441.5,Normal
BR006,2026-03-12,9,13,188.2,1.5384615384615385,2.4,0,0,4,2,8,480.0,0.392,-291.8,Normal
BR006,2026-03-12,10,9,167.9,1.9555555555555557,3.5,0,0,1,3,8,480.0,0.35,-312.1,Normal
BR006,2026-03-12,11,5,42.9,2.32,3.2,0,0,0,0,8,480.0,0.089,-437.1,Normal
BR006,2026-03-12,12,10,108.8,6.709999999999999,27.0,2,0,1,1,8,480.0,0.227,-371.2,Normal
BR006,2026-03-12,13,10,146.4,2.04,3.5,1,0,2,3,8,480.0,0.305,-333.6,Normal
BR006,2026-03-12,14,6,109.5,2.6666666666666665,3.3,0,0,0,3,8,480.0,0.228,-370.5,Normal
BR006,2026-03-12,15,2,43.0,2.65,3.0,0,0,0,1,8,480.0,0.09,-437.0,Normal
BR006,2026-03-12,16,1,6.6,1.5,1.5,0,0,0,0,8,480.0,0.014,-473.4,Normal
BR006,2026-03-13,9,5,47.5,2.82,3.4,0,0,0,0,8,480.0,0.099,-432.5,Normal
BR006,2026-03-13,10,12,174.7,4.675,14.2,5,0,1,5,8,480.0,0.364,-305.3,Normal
BR006,2026-03-13,11,8,109.0,2.6125,3.9,4,0,3,2,8,480.0,0.227,-371.0,Normal
BR006,2026-03-13,12,6,85.4,2.6833333333333336,3.5,4,0,0,1,8,480.0,0.178,-394.6,Normal
BR006,2026-03-13,13,8,118.6,2.1875,3.1,0,0,0,2,8,480.0,0.247,-361.4,Normal
BR006,2026-03-13,14,4,45.9,1.65,2.9,0,0,0,1,8,480.0,0.096,-434.1,Normal
BR006,2026-03-13,15,3,45.5,3.4,3.4,0,0,0,0,8,480.0,0.095,-434.5,Normal
BR006,2026-03-13,16,1,12.5,3.4,3.4,0,0,0,0,8,480.0,0.026,-467.5,Normal
BR006,2026-03-16,9,12,132.8,9.583333333333334,45.3,2,1,1,1,8,480.0,0.277,-347.2,Normal
BR006,2026-03-16,10,14,167.3,6.428571428571429,37.0,2,0,1,2,8,480.0,0.349,-312.7,Normal
BR006,2026-03-16,11,17,303.9,9.994117647058824,38.4,4,0,4,8,8,480.0,0.633,-176.1,Normal
BR006,2026-03-16,12,8,141.3,2.1875,3.4,2,0,0,2,8,480.0,0.294,-338.7,Normal
BR006,2026-03-16,13,9,151.2,2.2666666666666666,3.4,1,0,1,3,8,480.0,0.315,-328.8,Normal
BR006,2026-03-16,14,5,46.7,2.46,3.5,0,0,1,1,8,480.0,0.097,-433.3,Normal
BR006,2026-03-16,15,5,76.0,2.02,3.1,0,0,1,0,8,480.0,0.158,-404.0,Normal
BR006,2026-03-16,16,1,4.7,2.9,2.9,0,0,0,0,8,480.0,0.01,-475.3,Normal
BR006,2026-03-17,9,6,58.7,2.2666666666666666,3.2,0,0,2,0,8,480.0,0.122,-421.3,Normal
BR006,2026-03-17,10,11,163.2,4.1000000000000005,12.4,1,0,2,3,8,480.0,0.34,-316.8,Normal
BR006,2026-03-17,11,6,106.5,1.95,3.1,0,0,1,3,8,480.0,0.222,-373.5,Normal
BR006,2026-03-17,12,3,83.4,2.766666666666667,3.5,0,0,0,3,8,480.0,0.174,-396.6,Normal
BR006,2026-03-17,13,6,77.6,1.5,2.3,0,0,0,1,8,480.0,0.162,-402.4,Normal
BR006,2026-03-17,14,7,47.5,5.042857142857143,19.2,1,0,0,1,8,480.0,0.099,-432.5,Normal
BR006,2026-03-17,15,8,131.8,2.3375,3.4,0,0,0,3,8,480.0,0.275,-348.2,Normal
BR006,2026-03-17,16,2,13.8,1.2,1.4,0,0,0,0,8,480.0,0.029,-466.2,Normal
BR006,2026-03-18,9,10,176.1,7.040000000000001,46.3,1,1,1,3,8,480.0,0.367,-303.9,Normal
BR006,2026-03-18,10,12,247.0,5.7250000000000005,22.7,3,0,4,5,8,480.0,0.515,-233.0,Normal
BR006,2026-03-18,11,10,89.0,8.08,26.7,6,0,1,1,8,480.0,0.185,-391.0,Normal
BR006,2026-03-18,12,11,185.0,3.2181818181818183,9.9,5,0,1,3,8,480.0,0.385,-295.0,Normal
BR006,2026-03-18,13,4,40.300000000000004,2.3,2.5,1,0,0,0,8,480.0,0.084,-439.7,Normal
BR006,2026-03-18,14,4,32.5,2.65,3.4,0,0,0,0,8,480.0,0.068,-447.5,Normal
BR006,2026-03-18,15,5,62.2,2.52,2.9,0,0,0,1,8,480.0,0.13,-417.8,Normal
BR006,2026-03-18,16,1,8.2,1.1,1.1,0,0,0,0,8,480.0,0.017,-471.8,Normal
BR006,2026-03-19,9,7,111.0,2.3285714285714287,3.1,0,0,2,1,8,480.0,0.231,-369.0,Normal
BR006,2026-03-19,10,8,109.8,2.525,3.3,0,0,1,2,8,480.0,0.229,-370.2,Normal
BR006,2026-03-19,11,10,66.5,2.5300000000000002,4.6,1,0,1,0,8,480.0,0.139,-413.5,Normal
BR006,2026-03-19,12,6,97.80000000000001,2.0,2.5,0,0,1,2,8,480.0,0.204,-382.2,Normal
BR006,2026-03-19,13,4,69.0,1.975,2.4,0,0,0,2,8,480.0,0.144,-411.0,Normal
BR006,2026-03-19,14,3,75.1,2.033333333333333,2.5,0,0,0,2,8,480.0,0.156,-404.9,Normal
BR006,2026-03-19,15,1,12.1,3.4,3.4,0,0,0,0,8,480.0,0.025,-467.9,Normal
BR006,2026-03-19,16,1,14.0,2.7,2.7,0,0,0,1,8,480.0,0.029,-466.0,Normal
BR006,2026-03-21,9,8,101.60000000000001,1.6875,2.8,0,0,2,1,8,480.0,0.212,-378.4,Normal
BR006,2026-03-21,10,7,56.1,2.042857142857143,3.3,0,0,1,0,8,480.0,0.117,-423.9,Normal
BR006,2026-03-21,11,7,84.1,2.257142857142857,2.9,0,0,1,2,8,480.0,0.175,-395.9,Normal
BR006,2026-03-21,12,7,66.5,2.5714285714285716,3.1,0,0,0,0,8,480.0,0.139,-413.5,Normal
BR006,2026-03-21,13,3,45.4,2.5,3.2,0,0,0,0,8,480.0,0.095,-434.6,Normal
BR006,2026-03-21,14,6,99.3,2.066666666666667,3.4,0,0,0,2,8,480.0,0.207,-380.7,Normal
BR006,2026-03-21,15,3,45.1,2.1999999999999997,2.6,0,0,0,0,8,480.0,0.094,-434.9,Normal
BR006,2026-03-21,16,1,22.7,3.2,3.2,0,0,0,0,8,480.0,0.047,-457.3,Normal
BR006,2026-03-23,9,9,106.0,1.7444444444444445,3.5,0,0,0,1,8,480.0,0.221,-374.0,Normal
BR006,2026-03-23,10,11,162.6,2.9454545454545453,11.0,1,0,1,4,8,480.0,0.339,-317.4,Normal
BR006,2026-03-23,11,9,115.0,2.211111111111111,3.2,1,0,2,1,8,480.0,0.24,-365.0,Normal
BR006,2026-03-23,12,14,121.5,3.6785714285714284,17.7,3,0,1,1,8,480.0,0.253,-358.5,Normal
BR006,2026-03-23,13,8,128.8,3.25,8.5,1,0,2,2,8,480.0,0.268,-351.2,Normal
BR006,2026-03-23,14,7,65.10000000000001,2.142857142857143,3.1,2,0,2,0,8,480.0,0.136,-414.9,Normal
BR006,2026-03-23,15,6,76.8,1.8,2.5,0,0,1,1,8,480.0,0.16,-403.2,Normal
BR006,2026-03-24,9,14,236.4,6.45,23.5,5,0,2,3,8,480.0,0.492,-243.6,Normal
BR006,2026-03-24,10,5,61.599999999999994,1.7,2.9,4,0,1,1,8,480.0,0.128,-418.4,Normal
BR006,2026-03-24,11,9,86.5,1.7555555555555555,2.9,3,0,1,2,8,480.0,0.18,-393.5,Normal
BR006,2026-03-24,12,8,167.1,13.65,38.9,3,1,0,4,8,480.0,0.348,-312.9,Normal
BR006,2026-03-24,13,7,105.5,4.8999999999999995,20.4,3,0,0,3,8,480.0,0.22,-374.5,Normal
BR006,2026-03-24,14,3,23.700000000000003,2.733333333333333,3.2,2,0,0,0,8,480.0,0.049,-456.3,Normal
BR006,2026-03-24,15,1,11.3,2.0,2.0,0,0,0,0,8,480.0,0.024,-468.7,Normal
BR006,2026-03-25,9,4,38.1,1.85,2.4,0,0,0,0,8,480.0,0.079,-441.9,Normal
BR006,2026-03-25,10,7,87.39999999999999,2.1142857142857143,3.2,0,0,1,2,8,480.0,0.182,-392.6,Normal
BR006,2026-03-25,11,6,61.4,1.8833333333333335,2.8,0,0,2,0,8,480.0,0.128,-418.6,Normal
BR006,2026-03-25,12,4,68.7,2.1,3.3,0,0,0,1,8,480.0,0.143,-411.3,Normal
BR006,2026-03-25,13,8,71.7,2.625,3.4,0,0,2,0,8,480.0,0.149,-408.3,Normal
BR006,2026-03-25,14,4,47.3,2.1,3.3,0,0,0,1,8,480.0,0.099,-432.7,Normal
BR006,2026-03-25,15,5,57.8,2.7199999999999998,3.5,0,0,0,1,8,480.0,0.12,-422.2,Normal
BR006,2026-03-26,9,11,133.1,6.436363636363637,35.6,1,0,1,1,8,480.0,0.277,-346.9,Normal
BR006,2026-03-26,10,14,220.9,9.928571428571429,39.8,3,0,1,4,8,480.0,0.46,-259.1,Normal
BR006,2026-03-26,11,9,137.8,2.088888888888889,3.4,2,0,3,2,8,480.0,0.287,-342.2,Normal
BR006,2026-03-26,12,6,83.0,3.1166666666666667,6.3,1,0,3,1,8,480.0,0.173,-397.0,Normal
BR006,2026-03-26,13,11,101.3,1.7636363636363634,2.4,0,0,0,1,8,480.0,0.211,-378.7,Normal
BR006,2026-03-26,14,4,49.900000000000006,1.775,2.7,0,0,0,1,8,480.0,0.104,-430.1,Normal
BR006,2026-03-26,15,3,33.5,1.9000000000000001,3.5,0,0,0,0,8,480.0,0.07,-446.5,Normal
BR006,2026-03-26,16,1,9.4,3.2,3.2,0,0,0,0,8,480.0,0.02,-470.6,Normal
BR006,2026-03-27,9,19,322.3,5.310526315789474,19.4,2,0,1,6,8,480.0,0.671,-157.7,Normal
BR006,2026-03-27,10,9,129.9,2.566666666666667,3.4,1,0,1,2,8,480.0,0.271,-350.1,Normal
BR006,2026-03-27,11,11,142.2,4.972727272727273,16.2,2,0,2,1,8,480.0,0.296,-337.8,Normal
BR006,2026-03-27,12,10,132.4,2.35,3.3,1,0,2,2,8,480.0,0.276,-347.6,Normal
BR006,2026-03-27,13,14,206.3,5.478571428571428,18.9,4,0,2,3,8,480.0,0.43,-273.7,Normal
BR006,2026-03-27,14,11,152.1,2.6545454545454543,7.6,3,0,2,4,8,480.0,0.317,-327.9,Normal
BR006,2026-03-27,15,3,42.4,2.3000000000000003,3.1,0,0,0,0,8,480.0,0.088,-437.6,Normal
BR006,2026-03-27,16,1,5.4,2.9,2.9,0,0,0,0,8,480.0,0.011,-474.6,Normal
BR007,2025-10-01,9,13,181.9,1.9153846153846152,3.2,0,0,3,2,8,480.0,0.379,-298.1,Normal
BR007,2025-10-01,10,10,137.9,3.44,7.9,1,0,1,2,8,480.0,0.287,-342.1,Normal
BR007,2025-10-01,11,4,32.3,2.325,3.4,0,0,0,0,8,480.0,0.067,-447.7,Normal
BR007,2025-10-01,12,8,99.2,2.2875,3.4,0,0,2,2,8,480.0,0.207,-380.8,Normal
BR007,2025-10-01,13,4,27.9,2.7,3.3,0,0,0,0,8,480.0,0.058,-452.1,Normal
BR007,2025-10-01,14,7,99.8,5.385714285714286,10.3,2,0,0,2,8,480.0,0.208,-380.2,Normal
BR007,2025-10-01,15,7,87.8,2.8428571428571425,3.4,1,0,0,0,8,480.0,0.183,-392.2,Normal
BR007,2025-10-03,9,17,220.1,6.305882352941175,25.2,4,0,4,4,8,480.0,0.459,-259.9,Normal
BR007,2025-10-03,10,11,120.60000000000001,2.3000000000000003,3.2,3,0,3,2,8,480.0,0.251,-359.4,Normal
BR007,2025-10-03,11,16,196.5,8.66875,46.3,2,1,0,4,8,480.0,0.409,-283.5,Normal
BR007,2025-10-03,12,11,118.9,2.590909090909091,8.1,1,0,0,1,8,480.0,0.248,-361.1,Normal
BR007,2025-10-03,13,13,137.3,2.5615384615384613,3.2,0,0,1,1,8,480.0,0.286,-342.7,Normal
BR007,2025-10-03,14,16,225.8,7.4875,39.1,3,1,1,4,8,480.0,0.47,-254.2,Normal
BR007,2025-10-03,15,4,55.0,1.9,2.7,0,0,0,1,8,480.0,0.115,-425.0,Normal
BR007,2025-10-03,16,1,12.3,2.1,2.1,2,0,0,0,8,480.0,0.026,-467.7,Normal
BR007,2025-10-04,9,14,162.8,7.671428571428572,26.2,3,0,1,2,8,480.0,0.339,-317.2,Normal
BR007,2025-10-04,10,11,117.7,2.1,3.1,2,0,2,2,8,480.0,0.245,-362.3,Normal
BR007,2025-10-04,11,7,119.3,2.2,3.2,0,0,1,1,8,480.0,0.249,-360.7,Normal
BR007,2025-10-04,12,5,72.6,2.38,3.2,0,0,1,1,8,480.0,0.151,-407.4,Normal
BR007,2025-10-04,13,4,57.3,2.425,3.2,0,0,0,2,8,480.0,0.119,-422.7,Normal
BR007,2025-10-04,14,9,105.60000000000001,4.866666666666666,24.9,1,0,0,1,8,480.0,0.22,-374.4,Normal
BR007,2025-10-04,15,7,85.5,2.5285714285714285,3.2,0,0,0,2,8,480.0,0.178,-394.5,Normal
BR007,2025-10-04,16,2,40.9,2.75,3.4,0,0,0,1,8,480.0,0.085,-439.1,Normal
BR007,2025-10-06,9,12,151.1,1.9666666666666668,3.3,0,0,3,2,8,480.0,0.315,-328.9,Normal
BR007,2025-10-06,10,8,60.5,3.3375,11.9,1,0,2,0,8,480.0,0.126,-419.5,Normal
BR007,2025-10-06,11,14,128.3,8.571428571428571,38.6,3,0,2,1,8,480.0,0.267,-351.7,Normal
BR007,2025-10-06,12,12,102.5,2.033333333333333,3.5,2,0,0,0,8,480.0,0.214,-377.5,Normal
BR007,2025-10-06,13,5,35.6,2.1399999999999997,2.9,0,0,0,0,8,480.0,0.074,-444.4,Normal
BR007,2025-10-06,14,10,133.6,2.8099999999999996,8.2,1,0,0,2,8,480.0,0.278,-346.4,Normal
BR007,2025-10-06,15,6,63.2,1.8499999999999999,2.9,0,0,0,1,8,480.0,0.132,-416.8,Normal
BR007,2025-10-07,9,3,59.6,2.5,3.0,0,0,1,2,8,480.0,0.124,-420.4,Normal
BR007,2025-10-07,10,8,91.6,3.8625,13.4,1,0,1,1,8,480.0,0.191,-388.4,Normal
BR007,2025-10-07,11,6,73.3,1.7333333333333334,3.1,0,0,0,1,8,480.0,0.153,-406.7,Normal
BR007,2025-10-07,12,11,119.1,2.4181818181818184,7.2,1,0,2,1,8,480.0,0.248,-360.9,Normal
BR007,2025-10-07,13,6,33.8,1.9333333333333333,2.7,0,0,1,0,8,480.0,0.07,-446.2,Normal
BR007,2025-10-07,14,1,6.6,1.1,1.1,0,0,0,0,8,480.0,0.014,-473.4,Normal
BR007,2025-10-07,15,1,21.2,1.1,1.1,0,0,0,1,8,480.0,0.044,-458.8,Normal
BR007,2025-10-07,16,2,18.1,1.5,1.8,0,0,0,0,8,480.0,0.038,-461.9,Normal
BR007,2025-10-08,9,13,184.9,2.0923076923076924,3.2,0,0,4,4,8,480.0,0.385,-295.1,Normal
BR007,2025-10-08,10,11,125.2,4.472727272727273,14.0,2,0,1,1,8,480.0,0.261,-354.8,Normal
BR007,2025-10-08,11,8,94.9,1.7875,3.1,1,0,0,1,8,480.0,0.198,-385.1,Normal
BR007,2025-10-08,12,6,119.3,2.65,3.5,0,0,0,3,8,480.0,0.249,-360.7,Normal
BR007,2025-10-08,13,3,46.9,1.6000000000000003,2.2,0,0,0,1,8,480.0,0.098,-433.1,Normal
BR007,2025-10-08,14,4,21.7,1.8,3.1,0,0,0,0,8,480.0,0.045,-458.3,Normal
BR007,2025-10-08,15,3,24.3,2.433333333333333,3.1,0,0,0,0,8,480.0,0.051,-455.7,Normal
BR007,2025-10-08,16,2,19.400000000000002,2.55,3.5,0,0,0,0,8,480.0,0.04,-460.6,Normal
BR007,2025-10-09,9,15,204.9,5.066666666666666,17.5,2,0,2,3,8,480.0,0.427,-275.1,Normal
BR007,2025-10-09,10,12,157.4,3.2583333333333333,14.3,3,0,1,3,8,480.0,0.328,-322.6,Normal
BR007,2025-10-09,11,8,79.0,2.1,3.1,1,0,2,1,8,480.0,0.165,-401.0,Normal
BR007,2025-10-09,12,8,75.9,3.0374999999999996,7.3,1,0,0,0,8,480.0,0.158,-404.1,Normal
BR007,2025-10-09,13,5,47.199999999999996,2.12,3.3,0,0,2,1,8,480.0,0.098,-432.8,Normal
BR007,2025-10-09,14,6,62.6,1.8,3.2,0,0,0,0,8,480.0,0.13,-417.4,Normal
BR007,2025-10-09,15,3,23.7,1.6666666666666667,2.4,0,0,0,0,8,480.0,0.049,-456.3,Normal
BR007,2025-10-10,9,11,129.4,9.5,37.4,4,0,3,3,8,480.0,0.27,-350.6,Normal
BR007,2025-10-10,10,11,111.4,2.5636363636363635,6.2,3,0,2,1,8,480.0,0.232,-368.6,Normal
BR007,2025-10-10,11,8,95.2,4.550000000000001,16.1,3,0,1,2,8,480.0,0.198,-384.8,Normal
BR007,2025-10-10,12,15,162.0,3.066666666666667,15.5,1,0,0,1,8,480.0,0.338,-318.0,Normal
BR007,2025-10-10,13,6,89.2,2.6166666666666667,3.4,0,0,0,1,8,480.0,0.186,-390.8,Normal
BR007,2025-10-10,14,4,45.3,1.775,3.1,0,0,0,1,8,480.0,0.094,-434.7,Normal
BR007,2025-10-10,15,6,75.1,2.25,3.3,0,0,0,1,8,480.0,0.156,-404.9,Normal
BR007,2025-10-13,9,6,95.8,2.2666666666666666,3.4,0,0,1,2,8,480.0,0.2,-384.2,Normal
BR007,2025-10-13,10,10,132.7,1.5699999999999998,2.6,0,0,2,2,8,480.0,0.276,-347.3,Normal
BR007,2025-10-13,11,9,95.9,2.2,3.3,0,0,2,1,8,480.0,0.2,-384.1,Normal
BR007,2025-10-13,12,12,169.9,1.8499999999999999,3.3,1,0,2,3,8,480.0,0.354,-310.1,Normal
BR007,2025-10-13,13,4,33.3,1.85,2.9,0,0,0,0,8,480.0,0.069,-446.7,Normal
BR007,2025-10-13,14,10,147.20000000000002,2.68,5.9,1,0,0,4,8,480.0,0.307,-332.8,Normal
BR007,2025-10-13,15,3,80.7,2.433333333333333,3.0,0,0,0,2,8,480.0,0.168,-399.3,Normal
BR007,2025-10-13,16,1,4.8,2.1,2.1,0,0,0,0,8,480.0,0.01,-475.2,Normal
BR007,2025-10-14,9,6,71.5,4.316666666666666,16.5,1,0,1,1,8,480.0,0.149,-408.5,Normal
BR007,2025-10-14,10,11,149.0,4.990909090909091,14.8,3,0,3,3,8,480.0,0.31,-331.0,Normal
BR007,2025-10-14,11,11,112.7,2.0545454545454542,3.3,2,0,2,0,8,480.0,0.235,-367.3,Normal
BR007,2025-10-14,12,11,137.9,5.318181818181818,23.8,1,0,2,1,8,480.0,0.287,-342.1,Normal
BR007,2025-10-14,13,6,77.1,2.0833333333333335,3.2,0,0,0,1,8,480.0,0.161,-402.9,Normal
BR007,2025-10-14,14,4,48.7,2.9,3.5,0,0,0,0,8,480.0,0.101,-431.3,Normal
BR007,2025-10-14,15,6,57.8,2.033333333333333,3.1,0,0,0,1,8,480.0,0.12,-422.2,Normal
BR007,2025-10-14,16,1,11.6,2.6,2.6,0,0,0,0,8,480.0,0.024,-468.4,Normal
BR007,2025-10-15,9,10,150.0,1.98,3.5,0,0,0,1,8,480.0,0.312,-330.0,Normal
BR007,2025-10-15,10,8,112.1,1.9875,3.4,0,0,1,1,8,480.0,0.234,-367.9,Normal
BR007,2025-10-15,11,4,65.1,2.225,3.4,0,0,1,1,8,480.0,0.136,-414.9,Normal
BR007,2025-10-15,12,10,150.1,3.5900000000000007,17.5,1,0,2,3,8,480.0,0.313,-329.9,Normal
BR007,2025-10-15,13,10,134.7,3.07,10.6,2,0,1,2,8,480.0,0.281,-345.3,Normal
BR007,2025-10-15,14,6,93.9,2.283333333333333,3.1,0,0,0,1,8,480.0,0.196,-386.1,Normal
BR007,2025-10-15,15,4,28.7,1.575,2.7,0,0,2,0,8,480.0,0.06,-451.3,Normal
BR007,2025-10-16,9,6,74.7,1.7666666666666668,2.7,0,0,0,1,8,480.0,0.156,-405.3,Normal
BR007,2025-10-16,10,12,166.3,4.208333333333333,10.4,3,0,0,3,8,480.0,0.346,-313.7,Normal
BR007,2025-10-16,11,5,65.1,4.76,15.9,1,0,1,1,8,480.0,0.136,-414.9,Normal
BR007,2025-10-16,12,7,88.5,2.2857142857142856,3.1,2,0,1,2,8,480.0,0.184,-391.5,Normal
BR007,2025-10-16,13,4,38.0,2.25,3.1,0,0,1,0,8,480.0,0.079,-442.0,Normal
BR007,2025-10-16,14,6,106.8,2.766666666666667,3.4,0,0,1,2,8,480.0,0.222,-373.2,Normal
BR007,2025-10-16,15,4,49.8,1.95,3.3,0,0,1,1,8,480.0,0.104,-430.2,Normal
BR007,2025-10-17,9,13,191.9,2.8230769230769233,10.2,1,0,2,4,8,480.0,0.4,-288.1,Normal
BR007,2025-10-17,10,7,51.4,4.457142857142857,14.5,1,0,2,0,8,480.0,0.107,-428.6,Normal
BR007,2025-10-17,11,9,76.2,2.6555555555555554,3.4,0,0,1,0,8,480.0,0.159,-403.8,Normal
BR007,2025-10-17,12,5,36.8,2.16,2.6,0,0,2,0,8,480.0,0.077,-443.2,Normal
BR007,2025-10-17,13,9,88.7,2.2222222222222223,3.2,0,0,2,0,8,480.0,0.185,-391.3,Normal
BR007,2025-10-17,14,9,81.8,7.98888888888889,40.4,2,1,0,1,8,480.0,0.17,-398.2,Normal
BR007,2025-10-17,15,8,124.2,2.1625,3.1,1,0,0,2,8,480.0,0.259,-355.8,Normal
BR007,2025-10-17,16,3,89.9,1.4333333333333333,1.7,0,0,0,2,8,480.0,0.187,-390.1,Normal
BR007,2025-10-18,9,4,29.4,2.525,3.1,0,0,1,0,8,480.0,0.061,-450.6,Normal
BR007,2025-10-18,10,8,83.7,5.6625,23.4,1,0,4,2,8,480.0,0.174,-396.3,Normal
BR007,2025-10-18,11,7,77.10000000000001,2.2285714285714286,3.0,0,0,1,0,8,480.0,0.161,-402.9,Normal
BR007,2025-10-18,12,12,168.6,7.058333333333333,23.4,3,0,2,2,8,480.0,0.351,-311.4,Normal
BR007,2025-10-18,13,11,153.3,2.4909090909090907,3.4,2,0,0,2,8,480.0,0.319,-326.7,Normal
BR007,2025-10-18,14,5,48.0,1.8,2.2,0,0,0,0,8,480.0,0.1,-432.0,Normal
BR007,2025-10-18,15,7,76.1,1.9000000000000001,3.4,0,0,0,1,8,480.0,0.159,-403.9,Normal
BR007,2025-10-18,16,1,8.1,2.5,2.5,0,0,0,0,8,480.0,0.017,-471.9,Normal
BR007,2025-10-22,9,5,62.6,1.8800000000000001,3.3,0,0,1,1,8,480.0,0.13,-417.4,Normal
BR007,2025-10-22,10,12,187.8,2.158333333333333,4.5,1,0,2,2,8,480.0,0.391,-292.2,Normal
BR007,2025-10-22,11,7,108.6,2.314285714285714,3.2,0,0,1,2,8,480.0,0.226,-371.4,Normal
BR007,2025-10-22,12,3,11.2,1.9666666666666668,2.7,0,0,0,0,8,480.0,0.023,-468.8,Normal
BR007,2025-10-22,13,6,50.8,2.316666666666667,3.2,0,0,0,0,8,480.0,0.106,-429.2,Normal
BR007,2025-10-22,14,3,24.4,2.1,2.6,0,0,0,0,8,480.0,0.051,-455.6,Normal
BR007,2025-10-22,15,3,20.5,1.8333333333333333,2.9,0,0,0,0,8,480.0,0.043,-459.5,Normal
BR007,2025-10-23,9,7,46.3,2.3428571428571425,3.1,0,0,1,0,8,480.0,0.096,-433.7,Normal
BR007,2025-10-23,10,6,39.8,2.25,3.3,0,0,0,0,8,480.0,0.083,-440.2,Normal
BR007,2025-10-23,11,8,99.4,2.4125,3.3,0,0,2,1,8,480.0,0.207,-380.6,Normal
BR007,2025-10-23,12,2,9.0,2.2,2.6,0,0,0,0,8,480.0,0.019,-471.0,Normal
BR007,2025-10-23,13,4,46.8,2.275,3.2,0,0,1,1,8,480.0,0.097,-433.2,Normal
BR007,2025-10-23,14,8,86.6,2.0875,3.4,0,0,0,1,8,480.0,0.18,-393.4,Normal
BR007,2025-10-23,15,4,50.0,2.125,2.8,0,0,0,1,8,480.0,0.104,-430.0,Normal
BR007,2025-10-24,9,14,102.3,3.9214285714285713,17.5,2,0,2,0,8,480.0,0.213,-377.7,Normal
BR007,2025-10-24,10,9,115.7,2.4555555555555557,4.0,1,0,1,1,8,480.0,0.241,-364.3,Normal
BR007,2025-10-24,11,7,64.4,1.7571428571428573,3.0,0,0,1,0,8,480.0,0.134,-415.6,Normal
BR007,2025-10-24,12,11,154.3,9.109090909090908,42.1,2,0,2,4,8,480.0,0.321,-325.7,Normal
BR007,2025-10-24,13,11,153.3,3.090909090909091,11.7,3,0,0,1,8,480.0,0.319,-326.7,Normal
BR007,2025-10-24,14,5,46.1,2.6,3.4,2,0,0,0,8,480.0,0.096,-433.9,Normal
BR007,2025-10-24,15,7,110.5,2.142857142857143,3.3,0,0,0,2,8,480.0,0.23,-369.5,Normal
BR007,2025-10-27,9,8,101.0,3.5625,10.6,1,0,0,2,8,480.0,0.21,-379.0,Normal
BR007,2025-10-27,10,15,155.1,3.2933333333333334,8.4,3,0,3,1,8,480.0,0.323,-324.9,Normal
BR007,2025-10-27,11,13,152.5,11.423076923076923,46.0,4,1,0,3,8,480.0,0.318,-327.5,Normal
BR007,2025-10-27,12,18,167.0,6.172222222222222,37.2,6,0,5,2,8,480.0,0.348,-313.0,Normal
BR007,2025-10-27,13,10,113.5,2.75,7.3,5,0,2,2,8,480.0,0.236,-366.5,Normal
BR007,2025-10-27,14,5,59.8,1.98,2.6,0,0,0,1,8,480.0,0.125,-420.2,Normal
BR007,2025-10-27,15,6,54.3,2.4833333333333334,3.5,0,0,0,1,8,480.0,0.113,-425.7,Normal
BR007,2025-10-27,16,1,36.4,3.5,3.5,0,0,0,1,8,480.0,0.076,-443.6,Normal
BR007,2025-10-28,9,10,154.7,16.52,54.1,6,1,5,2,8,480.0,0.322,-325.3,Moderate
BR007,2025-10-28,10,9,136.2,11.977777777777778,33.8,5,0,1,2,8,480.0,0.284,-343.8,Normal
BR007,2025-10-28,11,17,168.70000000000002,35.247058823529414,64.7,18,5,2,5,8,480.0,0.351,-311.3,Critical
BR007,2025-10-28,12,12,125.5,33.71666666666666,64.1,24,3,1,2,8,480.0,0.261,-354.5,High
BR007,2025-10-28,13,8,103.0,16.0,32.4,28,0,0,0,8,480.0,0.215,-377.0,Moderate
BR007,2025-10-28,14,7,91.6,6.814285714285715,32.9,27,0,0,1,8,480.0,0.191,-388.4,Normal
BR007,2025-10-28,15,1,20.6,2.8,2.8,21,0,0,0,8,480.0,0.043,-459.4,Normal
BR007,2025-10-28,16,1,20.9,1.9,1.9,21,0,0,1,8,480.0,0.044,-459.1,Normal
BR007,2025-10-29,9,14,199.5,6.714285714285714,28.4,3,0,2,4,8,480.0,0.416,-280.5,Normal
BR007,2025-10-29,10,13,143.8,7.738461538461538,26.3,3,0,1,1,8,480.0,0.3,-336.2,Normal
BR007,2025-10-29,11,14,108.0,2.1357142857142857,3.4,1,0,2,1,8,480.0,0.225,-372.0,Normal
BR007,2025-10-29,12,3,44.7,3.266666666666667,6.8,2,0,1,0,8,480.0,0.093,-435.3,Normal
BR007,2025-10-29,13,7,85.4,2.4,3.4,0,0,1,2,8,480.0,0.178,-394.6,Normal
BR007,2025-10-29,14,10,113.69999999999999,2.42,3.4,0,0,0,0,8,480.0,0.237,-366.3,Normal
BR007,2025-10-29,15,3,29.7,2.1333333333333333,2.4,0,0,0,0,8,480.0,0.062,-450.3,Normal
BR007,2025-10-30,9,5,49.9,2.7199999999999998,3.5,0,0,2,0,8,480.0,0.104,-430.1,Normal
BR007,2025-10-30,10,14,121.69999999999999,2.492857142857143,5.3,2,0,5,2,8,480.0,0.254,-358.3,Normal
BR007,2025-10-30,11,9,122.10000000000001,2.7333333333333334,7.5,1,0,0,2,8,480.0,0.254,-357.9,Normal
BR007,2025-10-30,12,9,150.1,6.777777777777778,35.4,2,0,0,3,8,480.0,0.313,-329.9,Normal
BR007,2025-10-30,13,12,155.3,1.9000000000000001,2.9,1,0,0,3,8,480.0,0.324,-324.7,Normal
BR007,2025-10-30,14,7,67.3,1.8142857142857145,2.7,0,0,0,0,8,480.0,0.14,-412.7,Normal
BR007,2025-10-30,15,4,68.0,2.3,3.4,0,0,0,1,8,480.0,0.142,-412.0,Normal
BR007,2025-10-31,9,18,256.7,13.983333333333333,51.0,11,1,3,5,8,480.0,0.535,-223.3,Normal
BR007,2025-10-31,10,22,238.7,8.781818181818181,25.5,12,0,6,5,8,480.0,0.497,-241.3,Normal
BR007,2025-10-31,11,15,130.2,14.639999999999999,48.4,11,1,0,1,8,480.0,0.271,-349.8,Normal
BR007,2025-10-31,12,15,171.1,2.966666666666667,7.4,10,0,4,2,8,480.0,0.356,-308.9,Normal
BR007,2025-10-31,13,10,93.9,2.07,3.5,6,0,1,1,8,480.0,0.196,-386.1,Normal
BR007,2025-10-31,14,12,158.3,16.849999999999998,51.2,4,1,1,3,8,480.0,0.33,-321.7,Moderate
BR007,2025-10-31,15,8,91.1,2.2875,5.0,5,0,0,1,8,480.0,0.19,-388.9,Normal
BR007,2025-11-03,9,14,174.4,7.357142857142857,27.6,5,0,1,3,8,480.0,0.363,-305.6,Normal
BR007,2025-11-03,10,10,129.4,10.05,48.0,3,0,4,2,8,480.0,0.27,-350.6,Normal
BR007,2025-11-03,11,13,149.1,2.5307692307692307,5.0,4,0,3,2,8,480.0,0.311,-330.9,Normal
BR007,2025-11-03,12,13,120.1,4.4,22.5,1,0,3,2,8,480.0,0.25,-359.9,Normal
BR007,2025-11-03,13,10,186.4,4.71,22.0,2,0,0,4,8,480.0,0.388,-293.6,Normal
BR007,2025-11-03,14,13,189.1,3.569230769230769,19.9,1,0,0,4,8,480.0,0.394,-290.9,Normal
BR007,2025-11-03,15,1,27.7,1.4,1.4,0,0,0,1,8,480.0,0.058,-452.3,Normal
BR007,2025-11-04,9,10,147.6,2.7199999999999998,5.0,1,0,4,2,8,480.0,0.308,-332.4,Normal
BR007,2025-11-04,10,7,60.7,9.028571428571428,52.3,2,1,1,3,8,480.0,0.126,-419.3,Normal
BR007,2025-11-04,11,10,193.9,2.15,7.3,1,0,0,5,8,480.0,0.404,-286.1,Normal
BR007,2025-11-04,12,7,61.0,2.7857142857142856,5.9,1,0,0,0,8,480.0,0.127,-419.0,Normal
BR007,2025-11-04,13,8,109.4,1.825,2.3,0,0,0,2,8,480.0,0.228,-370.6,Normal
BR007,2025-11-04,14,6,84.9,2.15,3.5,0,0,0,1,8,480.0,0.177,-395.1,Normal
BR007,2025-11-04,15,3,36.6,1.9666666666666668,3.4,0,0,0,0,8,480.0,0.076,-443.4,Normal
BR007,2025-11-05,9,11,132.5,2.3545454545454545,3.4,1,0,4,1,8,480.0,0.276,-347.5,Normal
BR007,2025-11-05,10,8,76.8,1.925,3.0,0,0,2,0,8,480.0,0.16,-403.2,Normal
BR007,2025-11-05,11,6,45.1,1.9333333333333336,3.0,0,0,1,0,8,480.0,0.094,-434.9,Normal
BR007,2025-11-05,12,8,101.0,2.175,3.5,0,0,0,1,8,480.0,0.21,-379.0,Normal
BR007,2025-11-05,13,9,133.2,2.2777777777777777,3.4,0,0,0,2,8,480.0,0.277,-346.8,Normal
BR007,2025-11-05,14,12,122.10000000000001,2.1666666666666665,3.3,0,0,0,1,8,480.0,0.254,-357.9,Normal
BR007,2025-11-05,15,5,54.4,1.78,3.5,0,0,0,0,8,480.0,0.113,-425.6,Normal
BR007,2025-11-05,16,1,4.9,2.9,2.9,0,0,0,0,8,480.0,0.01,-475.1,Normal
BR007,2025-11-06,9,7,118.8,2.1,2.9,0,0,1,3,8,480.0,0.248,-361.2,Normal
BR007,2025-11-06,10,8,122.2,1.7125,3.3,0,0,0,1,8,480.0,0.255,-357.8,Normal
BR007,2025-11-06,11,5,41.9,2.3400000000000003,3.0,0,0,1,1,8,480.0,0.087,-438.1,Normal
BR007,2025-11-06,12,9,68.6,2.3111111111111113,3.3,0,0,1,0,8,480.0,0.143,-411.4,Normal
BR007,2025-11-06,13,6,40.5,2.016666666666667,2.7,0,0,0,0,8,480.0,0.084,-439.5,Normal
BR007,2025-11-06,14,9,139.2,1.7444444444444445,3.0,0,0,0,2,8,480.0,0.29,-340.8,Normal
BR007,2025-11-06,15,1,36.1,2.6,2.6,0,0,1,1,8,480.0,0.075,-443.9,Normal
BR007,2025-11-06,16,1,8.1,1.9,1.9,0,0,0,0,8,480.0,0.017,-471.9,Normal
BR007,2025-11-07,9,4,40.8,2.0,3.5,0,0,2,0,8,480.0,0.085,-439.2,Normal
BR007,2025-11-07,10,9,142.7,2.6222222222222222,3.5,1,0,2,3,8,480.0,0.297,-337.3,Normal
BR007,2025-11-07,11,5,64.5,2.3,3.3,0,0,0,1,8,480.0,0.134,-415.5,Normal
BR007,2025-11-07,12,11,143.79999999999998,4.445454545454546,23.6,1,0,2,2,8,480.0,0.3,-336.2,Normal
BR007,2025-11-07,13,10,97.19999999999999,2.87,11.3,1,0,0,1,8,480.0,0.202,-382.8,Normal
BR007,2025-11-07,14,4,45.4,2.475,3.4,0,0,0,0,8,480.0,0.095,-434.6,Normal
BR007,2025-11-07,15,1,27.7,1.6,1.6,0,0,0,1,8,480.0,0.058,-452.3,Normal
BR007,2025-11-07,16,1,7.6,2.6,2.6,0,0,0,0,8,480.0,0.016,-472.4,Normal
BR007,2025-11-10,9,9,124.5,8.81111111111111,32.0,3,0,2,2,8,480.0,0.259,-355.5,Normal
BR007,2025-11-10,10,16,172.2,3.3875,10.0,3,0,4,2,8,480.0,0.359,-307.8,Normal
BR007,2025-11-10,11,10,139.5,2.4,3.5,2,0,1,1,8,480.0,0.291,-340.5,Normal
BR007,2025-11-10,12,5,53.9,2.2600000000000002,3.3,0,0,0,0,8,480.0,0.112,-426.1,Normal
BR007,2025-11-10,13,4,23.8,2.15,3.2,0,0,0,0,8,480.0,0.05,-456.2,Normal
BR007,2025-11-10,14,8,49.2,2.325,3.4,0,0,0,0,8,480.0,0.103,-430.8,Normal
BR007,2025-11-10,15,2,69.2,2.1,2.5,0,0,0,2,8,480.0,0.144,-410.8,Normal
BR007,2025-11-11,9,14,202.3,6.6499999999999995,19.3,7,0,4,3,8,480.0,0.421,-277.7,Normal
BR007,2025-11-11,10,8,86.4,1.75,2.8,6,0,2,1,8,480.0,0.18,-393.6,Normal
BR007,2025-11-11,11,5,58.6,1.6,1.9,3,0,0,1,8,480.0,0.122,-421.4,Normal
BR007,2025-11-11,12,5,93.6,2.48,3.3,0,0,0,3,8,480.0,0.195,-386.4,Normal
BR007,2025-11-11,13,8,109.7,2.325,3.2,0,0,0,1,8,480.0,0.229,-370.3,Normal
BR007,2025-11-11,14,5,92.8,7.4799999999999995,16.9,1,0,0,2,8,480.0,0.193,-387.2,Normal
BR007,2025-11-11,15,9,126.4,3.688888888888889,11.8,2,0,0,1,8,480.0,0.263,-353.6,Normal
BR007,2025-11-12,9,8,92.6,2.375,3.3,1,0,1,0,8,480.0,0.193,-387.4,Normal
BR007,2025-11-12,10,8,123.7,4.55,16.5,1,0,0,2,8,480.0,0.258,-356.3,Normal
BR007,2025-11-12,11,9,91.4,2.0777777777777775,3.2,1,0,5,1,8,480.0,0.19,-388.6,Normal
BR007,2025-11-12,12,4,54.5,1.725,3.0,0,0,0,1,8,480.0,0.114,-425.5,Normal
BR007,2025-11-12,13,10,104.6,1.8,3.0,0,0,0,2,8,480.0,0.218,-375.4,Normal
BR007,2025-11-12,14,8,147.4,3.1624999999999996,6.8,1,0,0,4,8,480.0,0.307,-332.6,Normal
BR007,2025-11-12,15,3,79.5,2.5,3.5,0,0,0,2,8,480.0,0.166,-400.5,Normal
BR007,2025-11-12,16,1,20.4,1.5,1.5,0,0,0,1,8,480.0,0.042,-459.6,Normal
BR007,2025-11-13,9,7,121.3,2.585714285714286,3.5,0,0,1,2,8,480.0,0.253,-358.7,Normal
BR007,2025-11-13,10,6,100.0,5.3,18.1,2,0,2,1,8,480.0,0.208,-380.0,Normal
BR007,2025-11-13,11,9,121.7,2.2333333333333334,3.4,1,0,2,2,8,480.0,0.254,-358.3,Normal
BR007,2025-11-13,12,6,68.2,2.1666666666666665,3.4,0,0,0,1,8,480.0,0.142,-411.8,Normal
BR007,2025-11-13,13,6,68.0,2.216666666666667,2.8,0,0,0,0,8,480.0,0.142,-412.0,Normal
BR007,2025-11-13,14,7,84.5,2.6142857142857143,3.4,0,0,0,2,8,480.0,0.176,-395.5,Normal
BR007,2025-11-13,15,1,8.2,1.8,1.8,0,0,0,0,8,480.0,0.017,-471.8,Normal
BR007,2025-11-13,16,2,37.4,2.5999999999999996,2.8,0,0,0,1,8,480.0,0.078,-442.6,Normal
BR007,2025-11-14,9,9,142.7,2.2222222222222223,3.5,0,0,2,3,8,480.0,0.297,-337.3,Normal
BR007,2025-11-14,10,11,180.79999999999998,10.181818181818182,34.3,5,0,2,3,8,480.0,0.377,-299.2,Normal
BR007,2025-11-14,11,14,177.1,4.678571428571429,19.0,6,0,4,4,8,480.0,0.369,-302.9,Normal
BR007,2025-11-14,12,8,81.3,2.5875,3.3,4,0,0,0,8,480.0,0.169,-398.7,Normal
BR007,2025-11-14,13,13,146.1,2.2,7.0,1,0,2,2,8,480.0,0.304,-333.9,Normal
BR007,2025-11-14,14,9,115.5,5.344444444444445,29.6,1,0,0,1,8,480.0,0.241,-364.5,Normal
BR007,2025-11-14,15,8,133.0,2.2,3.4,2,0,0,4,8,480.0,0.277,-347.0,Normal
BR007,2025-11-14,16,1,22.5,2.7,2.7,0,0,0,1,8,480.0,0.047,-457.5,Normal
BR007,2025-11-15,9,5,38.1,2.42,3.2,0,0,2,0,8,480.0,0.079,-441.9,Normal
BR007,2025-11-15,10,18,201.4,7.0055555555555555,26.5,5,0,3,3,8,480.0,0.42,-278.6,Normal
BR007,2025-11-15,11,11,104.7,2.290909090909091,3.2,4,0,1,2,8,480.0,0.218,-375.3,Normal
BR007,2025-11-15,12,5,91.9,2.2600000000000002,3.0,1,0,0,2,8,480.0,0.191,-388.1,Normal
BR007,2025-11-15,13,8,67.3,2.2125,3.4,0,0,0,0,8,480.0,0.14,-412.7,Normal
BR007,2025-11-15,14,2,18.6,3.1,3.2,0,0,0,0,8,480.0,0.039,-461.4,Normal
BR007,2025-11-15,15,8,55.1,1.8125,3.5,0,0,0,0,8,480.0,0.115,-424.9,Normal
BR007,2025-11-17,9,6,74.2,2.0,3.3,0,0,2,0,8,480.0,0.155,-405.8,Normal
BR007,2025-11-17,10,9,92.60000000000001,8.5,43.5,1,1,3,1,8,480.0,0.193,-387.4,Normal
BR007,2025-11-17,11,11,150.0,2.2454545454545456,3.4,0,0,1,2,8,480.0,0.312,-330.0,Normal
BR007,2025-11-17,12,5,73.1,2.2199999999999998,3.4,0,0,0,1,8,480.0,0.152,-406.9,Normal
BR007,2025-11-17,13,7,118.3,2.085714285714286,3.0,0,0,0,2,8,480.0,0.246,-361.7,Normal
BR007,2025-11-17,14,8,103.1,2.2875,3.4,0,0,0,1,8,480.0,0.215,-376.9,Normal
BR007,2025-11-17,15,6,83.1,2.1999999999999997,3.1,0,0,0,2,8,480.0,0.173,-396.9,Normal
BR007,2025-11-18,9,7,83.6,2.1142857142857143,3.3,0,0,0,0,8,480.0,0.174,-396.4,Normal
BR007,2025-11-18,10,8,113.6,3.7375,14.1,1,0,0,2,8,480.0,0.237,-366.4,Normal
BR007,2025-11-18,11,9,107.3,2.1222222222222222,3.5,0,0,1,1,8,480.0,0.224,-372.7,Normal
BR007,2025-11-18,12,2,43.1,1.5499999999999998,1.7,0,0,0,1,8,480.0,0.09,-436.9,Normal
BR007,2025-11-18,13,2,27.5,2.35,3.1,0,0,1,0,8,480.0,0.057,-452.5,Normal
BR007,2025-11-18,14,5,60.2,1.9600000000000002,2.7,0,0,1,0,8,480.0,0.125,-419.8,Normal
BR007,2025-11-18,15,5,66.6,2.52,3.2,0,0,1,1,8,480.0,0.139,-413.4,Normal
BR007,2025-11-19,9,11,120.6,8.254545454545454,34.5,3,0,3,3,8,480.0,0.251,-359.4,Normal
BR007,2025-11-19,10,11,126.3,2.7181818181818183,8.8,2,0,0,1,8,480.0,0.263,-353.7,Normal
BR007,2025-11-19,11,5,77.2,2.0,2.9,0,0,1,2,8,480.0,0.161,-402.8,Normal
BR007,2025-11-19,12,3,17.3,2.566666666666667,3.1,0,0,1,0,8,480.0,0.036,-462.7,Normal
BR007,2025-11-19,13,13,178.9,2.9076923076923076,17.0,1,0,0,2,8,480.0,0.373,-301.1,Normal
BR007,2025-11-19,14,6,65.1,1.5833333333333333,2.6,0,0,0,1,8,480.0,0.136,-414.9,Normal
BR007,2025-11-19,15,3,41.3,1.8666666666666665,2.9,0,0,0,0,8,480.0,0.086,-438.7,Normal
BR007,2025-11-19,16,1,2.0,1.6,1.6,0,0,0,0,8,480.0,0.004,-478.0,Normal
BR007,2025-11-20,9,7,83.6,2.1,3.3,0,0,0,2,8,480.0,0.174,-396.4,Normal
BR007,2025-11-20,10,10,148.3,4.26,21.9,2,0,3,1,8,480.0,0.309,-331.7,Normal
BR007,2025-11-20,11,6,70.8,2.2666666666666666,3.2,0,0,2,1,8,480.0,0.148,-409.2,Normal
BR007,2025-11-20,12,5,69.39999999999999,2.12,3.2,1,0,1,2,8,480.0,0.145,-410.6,Normal
BR007,2025-11-20,13,8,112.2,1.875,3.0,0,0,0,2,8,480.0,0.234,-367.8,Normal
BR007,2025-11-20,14,6,79.3,2.0333333333333337,3.2,0,0,0,2,8,480.0,0.165,-400.7,Normal
BR007,2025-11-20,15,4,60.1,2.225,3.3,0,0,0,1,8,480.0,0.125,-419.9,Normal
BR007,2025-11-20,16,1,6.4,2.4,2.4,0,0,0,0,8,480.0,0.013,-473.6,Normal
BR007,2025-11-21,9,21,266.1,5.776190476190476,25.0,4,0,5,4,8,480.0,0.554,-213.9,Normal
BR007,2025-11-21,10,10,96.80000000000001,7.209999999999999,34.8,3,0,3,1,8,480.0,0.202,-383.2,Normal
BR007,2025-11-21,11,13,138.3,2.638461538461539,11.8,1,0,1,1,8,480.0,0.288,-341.7,Normal
BR007,2025-11-21,12,13,215.7,3.730769230769231,23.0,1,0,2,5,8,480.0,0.449,-264.3,Normal
BR007,2025-11-21,13,6,81.3,2.1166666666666667,3.0,0,0,0,2,8,480.0,0.169,-398.7,Normal
BR007,2025-11-21,14,9,91.6,2.4444444444444446,4.7,1,0,0,2,8,480.0,0.191,-388.4,Normal
BR007,2025-11-21,15,4,83.8,1.675,2.4,0,0,0,2,8,480.0,0.175,-396.2,Normal
BR007,2025-11-21,16,2,18.5,1.95,2.9,0,0,0,0,8,480.0,0.039,-461.5,Normal
BR007,2025-11-24,9,15,168.9,4.1,21.9,1,0,2,1,8,480.0,0.352,-311.1,Normal
BR007,2025-11-24,10,12,119.3,5.7,26.6,4,0,5,1,8,480.0,0.249,-360.7,Normal
BR007,2025-11-24,11,10,127.1,2.41,3.7,3,0,1,2,8,480.0,0.265,-352.9,Normal
BR007,2025-11-24,12,5,25.4,2.38,3.2,2,0,0,0,8,480.0,0.053,-454.6,Normal
BR007,2025-11-24,13,7,61.5,3.314285714285714,9.9,1,0,0,0,8,480.0,0.128,-418.5,Normal
BR007,2025-11-24,14,10,125.4,2.4899999999999998,3.4,0,0,0,1,8,480.0,0.261,-354.6,Normal
BR007,2025-11-24,15,3,32.5,2.8000000000000003,3.0,0,0,0,0,8,480.0,0.068,-447.5,Normal
BR007,2025-11-25,9,11,135.1,17.472727272727273,50.6,7,0,3,2,8,480.0,0.281,-344.9,Moderate
BR007,2025-11-25,10,11,135.0,3.1454545454545455,13.0,6,0,1,0,8,480.0,0.281,-345.0,Normal
BR007,2025-11-25,11,5,40.1,1.98,2.9,5,0,1,0,8,480.0,0.084,-439.9,Normal
BR007,2025-11-25,12,9,132.0,5.388888888888889,29.4,3,0,0,2,8,480.0,0.275,-348.0,Normal
BR007,2025-11-25,13,6,75.9,2.6666666666666665,3.5,0,0,1,2,8,480.0,0.158,-404.1,Normal
BR007,2025-11-25,14,1,14.2,2.3,2.3,0,0,0,0,8,480.0,0.03,-465.8,Normal
BR007,2025-11-25,15,5,45.4,2.12,2.7,0,0,0,0,8,480.0,0.095,-434.6,Normal
BR007,2025-11-25,16,2,43.7,2.3,2.4,0,0,0,1,8,480.0,0.091,-436.3,Normal
BR007,2025-11-26,9,3,16.1,1.8333333333333333,2.7,0,0,0,0,8,480.0,0.034,-463.9,Normal
BR007,2025-11-26,10,15,222.8,7.566666666666666,32.1,3,0,6,3,8,480.0,0.464,-257.2,Normal
BR007,2025-11-26,11,13,176.79999999999998,3.0846153846153848,15.8,2,0,0,3,8,480.0,0.368,-303.2,Normal
BR007,2025-11-26,12,8,85.8,2.1625,3.4,0,0,0,1,8,480.0,0.179,-394.2,Normal
BR007,2025-11-26,13,7,104.3,2.1285714285714286,3.4,0,0,0,1,8,480.0,0.217,-375.7,Normal
BR007,2025-11-26,14,4,69.5,1.9,3.0,0,0,0,3,8,480.0,0.145,-410.5,Normal
BR007,2025-11-26,15,1,15.3,2.2,2.2,0,0,0,0,8,480.0,0.032,-464.7,Normal
BR007,2025-11-26,16,1,9.0,3.3,3.3,0,0,0,0,8,480.0,0.019,-471.0,Normal
BR007,2025-11-27,9,7,74.5,1.5142857142857142,2.5,0,0,2,0,8,480.0,0.155,-405.5,Normal
BR007,2025-11-27,10,11,108.10000000000001,3.0818181818181816,11.7,1,0,2,0,8,480.0,0.225,-371.9,Normal
BR007,2025-11-27,11,5,101.1,2.2199999999999998,3.1,0,0,0,2,8,480.0,0.211,-378.9,Normal
BR007,2025-11-27,12,5,90.4,1.8800000000000001,2.6,0,0,0,1,8,480.0,0.188,-389.6,Normal
BR007,2025-11-27,13,7,89.0,2.357142857142857,3.4,0,0,0,2,8,480.0,0.185,-391.0,Normal
BR007,2025-11-27,14,4,66.9,2.175,3.4,0,0,0,1,8,480.0,0.139,-413.1,Normal
BR007,2025-11-27,15,2,47.1,2.7,3.0,0,0,0,1,8,480.0,0.098,-432.9,Normal
BR007,2025-11-28,9,10,140.9,4.3,16.7,1,0,1,4,8,480.0,0.294,-339.1,Normal
BR007,2025-11-28,10,16,174.1,11.40625,27.1,5,0,5,2,8,480.0,0.363,-305.9,Normal
BR007,2025-11-28,11,15,169.6,10.873333333333333,43.3,6,1,1,4,8,480.0,0.353,-310.4,Normal
BR007,2025-11-28,12,15,140.0,5.466666666666667,18.6,5,0,1,0,8,480.0,0.292,-340.0,Normal
BR007,2025-11-28,13,13,141.70000000000002,2.4923076923076923,9.6,5,0,3,2,8,480.0,0.295,-338.3,Normal
BR007,2025-11-28,14,4,46.300000000000004,2.1,3.1,0,0,0,1,8,480.0,0.096,-433.7,Normal
BR007,2025-11-28,15,7,84.6,1.8857142857142857,2.9,0,0,1,1,8,480.0,0.176,-395.4,Normal
BR007,2025-11-29,9,13,264.6,7.492307692307692,22.1,5,0,3,6,8,480.0,0.551,-215.4,Normal
BR007,2025-11-29,10,14,176.3,3.5357142857142856,14.2,7,0,4,3,8,480.0,0.367,-303.7,Normal
BR007,2025-11-29,11,11,115.4,5.1454545454545455,19.8,5,0,3,1,8,480.0,0.24,-364.6,Normal
BR007,2025-11-29,12,12,149.2,5.175,30.2,2,0,0,2,8,480.0,0.311,-330.8,Normal
BR007,2025-11-29,13,12,137.5,2.3833333333333333,6.7,3,0,0,0,8,480.0,0.286,-342.5,Normal
BR007,2025-11-29,14,5,42.9,2.9,3.5,0,0,0,0,8,480.0,0.089,-437.1,Normal
BR007,2025-11-29,15,6,75.3,2.0,2.7,0,0,0,1,8,480.0,0.157,-404.7,Normal
BR007,2025-12-01,9,16,221.3,5.16875,21.2,3,0,2,4,8,480.0,0.461,-258.7,Normal
BR007,2025-12-01,10,9,159.7,3.088888888888889,8.8,2,0,3,3,8,480.0,0.333,-320.3,Normal
BR007,2025-12-01,11,12,110.1,5.241666666666666,39.8,3,0,2,1,8,480.0,0.229,-369.9,Normal
BR007,2025-12-01,12,15,227.1,11.833333333333334,52.2,5,0,2,3,8,480.0,0.473,-252.9,Normal
BR007,2025-12-01,13,15,132.7,3.8733333333333335,16.3,5,0,0,2,8,480.0,0.276,-347.3,Normal
BR007,2025-12-01,14,8,85.89999999999999,2.9375,8.0,2,0,0,1,8,480.0,0.179,-394.1,Normal
BR007,2025-12-01,15,7,70.0,2.357142857142857,3.5,0,0,0,1,8,480.0,0.146,-410.0,Normal
BR007,2025-12-01,16,2,47.9,2.3,2.6,0,0,0,1,8,480.0,0.1,-432.1,Normal
BR007,2025-12-02,9,7,85.69999999999999,1.7857142857142858,3.1,0,0,2,1,8,480.0,0.179,-394.3,Normal
BR007,2025-12-02,10,14,173.0,8.157142857142857,42.2,6,1,2,3,8,480.0,0.36,-307.0,Normal
BR007,2025-12-02,11,14,150.8,3.5214285714285714,21.6,5,0,3,2,8,480.0,0.314,-329.2,Normal
BR007,2025-12-02,12,13,108.5,14.576923076923077,50.7,3,3,0,2,8,480.0,0.226,-371.5,Normal
BR007,2025-12-02,13,13,195.9,1.823076923076923,3.3,2,0,1,4,8,480.0,0.408,-284.1,Normal
BR007,2025-12-02,14,10,108.2,3.2399999999999998,14.3,2,0,0,1,8,480.0,0.225,-371.8,Normal
BR007,2025-12-02,15,3,73.9,2.1333333333333333,3.3,0,0,0,2,8,480.0,0.154,-406.1,Normal
BR007,2025-12-02,16,1,8.9,2.9,2.9,1,0,0,0,8,480.0,0.019,-471.1,Normal
BR007,2025-12-03,9,5,80.3,2.68,3.5,0,0,1,2,8,480.0,0.167,-399.7,Normal
BR007,2025-12-03,10,9,83.1,3.0555555555555554,15.2,1,0,4,0,8,480.0,0.173,-396.9,Normal
BR007,2025-12-03,11,10,115.5,2.1399999999999997,3.0,0,0,2,1,8,480.0,0.241,-364.5,Normal
BR007,2025-12-03,12,7,110.4,4.114285714285714,17.2,1,0,0,1,8,480.0,0.23,-369.6,Normal
BR007,2025-12-03,13,7,67.0,2.142857142857143,3.1,0,0,0,1,8,480.0,0.14,-413.0,Normal
BR007,2025-12-03,14,8,110.6,2.025,2.9,0,0,0,1,8,480.0,0.23,-369.4,Normal
BR007,2025-12-03,15,7,107.4,2.0285714285714285,3.4,0,0,0,1,8,480.0,0.224,-372.6,Normal
BR007,2025-12-04,9,8,87.0,7.75,34.5,7,0,2,1,8,480.0,0.181,-393.0,Normal
BR007,2025-12-04,10,18,219.9,7.300000000000001,34.0,8,0,2,3,8,480.0,0.458,-260.1,Normal
BR007,2025-12-04,11,11,119.1,2.9545454545454546,10.5,7,0,1,0,8,480.0,0.248,-360.9,Normal
BR007,2025-12-04,12,6,76.4,1.75,2.5,3,0,0,1,8,480.0,0.159,-403.6,Normal
BR007,2025-12-04,13,5,68.3,2.2,3.2,0,0,0,1,8,480.0,0.142,-411.7,Normal
BR007,2025-12-04,14,3,34.1,2.1333333333333333,2.8,0,0,0,0,8,480.0,0.071,-445.9,Normal
BR007,2025-12-04,15,3,37.9,2.2666666666666666,2.9,0,0,0,1,8,480.0,0.079,-442.1,Normal
BR007,2025-12-04,16,1,32.0,1.5,1.5,0,0,0,1,8,480.0,0.067,-448.0,Normal
BR007,2025-12-05,9,15,182.8,8.786666666666667,36.0,4,0,2,1,8,480.0,0.381,-297.2,Normal
BR007,2025-12-05,10,18,191.3,11.127777777777778,40.2,7,1,2,3,8,480.0,0.399,-288.7,Normal
BR007,2025-12-05,11,12,196.8,4.158333333333333,16.4,5,0,3,2,8,480.0,0.41,-283.2,Normal
BR007,2025-12-05,12,12,148.9,8.858333333333334,40.0,6,1,1,2,8,480.0,0.31,-331.1,Normal
BR007,2025-12-05,13,8,110.7,3.2874999999999996,11.2,4,0,2,2,8,480.0,0.231,-369.3,Normal
BR007,2025-12-05,14,14,188.9,2.7142857142857144,15.9,3,0,2,2,8,480.0,0.394,-291.1,Normal
BR007,2025-12-05,15,3,51.3,1.8,3.1,0,0,1,1,8,480.0,0.107,-428.7,Normal
BR007,2025-12-05,16,1,9.1,1.9,1.9,0,0,0,0,8,480.0,0.019,-470.9,Normal
BR007,2025-12-06,9,8,83.0,5.2,19.0,3,0,2,0,8,480.0,0.173,-397.0,Normal
BR007,2025-12-06,10,14,156.4,5.528571428571429,31.3,2,0,3,3,8,480.0,0.326,-323.6,Normal
BR007,2025-12-06,11,8,103.8,2.425,3.0,0,0,1,2,8,480.0,0.216,-376.2,Normal
BR007,2025-12-06,12,5,66.8,2.46,2.5,1,0,0,1,8,480.0,0.139,-413.2,Normal
BR007,2025-12-06,13,6,96.5,1.9000000000000001,3.0,0,0,0,1,8,480.0,0.201,-383.5,Normal
BR007,2025-12-06,14,4,49.199999999999996,2.475,3.2,0,0,0,1,8,480.0,0.102,-430.8,Normal
BR007,2025-12-06,15,3,45.9,2.1666666666666665,3.2,0,0,0,1,8,480.0,0.096,-434.1,Normal
BR007,2025-12-08,9,8,90.6,2.85,9.8,1,0,1,0,8,480.0,0.189,-389.4,Normal
BR007,2025-12-08,10,19,216.6,9.321052631578947,38.6,6,1,4,4,8,480.0,0.451,-263.4,Normal
BR007,2025-12-08,11,17,247.3,4.9411764705882355,23.9,8,0,3,5,8,480.0,0.515,-232.7,Normal
BR007,2025-12-08,12,8,72.0,2.425,3.2,4,0,1,1,8,480.0,0.15,-408.0,Normal
BR007,2025-12-08,13,3,30.0,1.7333333333333334,2.6,0,0,0,0,8,480.0,0.062,-450.0,Normal
BR007,2025-12-08,14,8,105.9,2.5875,3.3,0,0,0,2,8,480.0,0.221,-374.1,Normal
BR007,2025-12-08,15,5,50.2,2.08,3.5,0,0,0,1,8,480.0,0.105,-429.8,Normal
BR007,2025-12-08,16,2,19.5,2.2,2.8,0,0,0,0,8,480.0,0.041,-460.5,Normal
BR007,2025-12-09,9,11,120.3,12.236363636363636,43.6,4,1,0,1,8,480.0,0.251,-359.7,Normal
BR007,2025-12-09,10,5,48.599999999999994,8.22,31.5,3,0,1,0,8,480.0,0.101,-431.4,Normal
BR007,2025-12-09,11,8,101.8,8.0,36.2,2,0,1,2,8,480.0,0.212,-378.2,Normal
BR007,2025-12-09,12,9,81.4,9.844444444444443,39.2,2,0,4,0,8,480.0,0.17,-398.6,Normal
BR007,2025-12-09,13,4,44.7,2.0,3.4,1,0,0,0,8,480.0,0.093,-435.3,Normal
BR007,2025-12-09,14,7,61.2,8.27142857142857,36.0,2,0,0,1,8,480.0,0.128,-418.8,Normal
BR007,2025-12-09,15,1,4.1,2.0,2.0,0,0,0,0,8,480.0,0.009,-475.9,Normal
BR007,2025-12-10,9,12,174.7,1.6666666666666667,3.0,0,0,2,4,8,480.0,0.364,-305.3,Normal
BR007,2025-12-10,10,4,83.7,2.05,2.5,0,0,2,2,8,480.0,0.174,-396.3,Normal
BR007,2025-12-10,11,8,107.60000000000001,2.0875,2.9,0,0,1,2,8,480.0,0.224,-372.4,Normal
BR007,2025-12-10,12,4,30.4,2.35,3.3,0,0,0,0,8,480.0,0.063,-449.6,Normal
BR007,2025-12-10,13,8,90.9,2.475,3.2,0,0,0,1,8,480.0,0.189,-389.1,Normal
BR007,2025-12-10,14,4,41.3,2.25,3.2,0,0,0,0,8,480.0,0.086,-438.7,Normal
BR007,2025-12-10,15,4,49.9,2.375,2.9,0,0,0,0,8,480.0,0.104,-430.1,Normal
BR007,2025-12-11,9,11,122.3,2.2181818181818183,3.4,0,0,2,1,8,480.0,0.255,-357.7,Normal
BR007,2025-12-11,10,12,169.4,4.0249999999999995,16.0,2,0,1,3,8,480.0,0.353,-310.6,Normal
BR007,2025-12-11,11,4,52.6,1.925,3.2,0,0,0,1,8,480.0,0.11,-427.4,Normal
BR007,2025-12-11,12,2,12.0,1.8,2.0,1,0,0,0,8,480.0,0.025,-468.0,Normal
BR007,2025-12-11,13,2,25.4,1.8,2.7,0,0,0,0,8,480.0,0.053,-454.6,Normal
BR007,2025-12-11,14,5,71.5,2.08,2.8,0,0,1,1,8,480.0,0.149,-408.5,Normal
BR007,2025-12-11,15,3,32.3,2.9,3.4,0,0,0,0,8,480.0,0.067,-447.7,Normal
BR007,2025-12-11,16,2,18.8,2.6500000000000004,2.7,0,0,1,0,8,480.0,0.039,-461.2,Normal
BR007,2025-12-12,9,14,202.0,1.9857142857142858,3.2,0,0,4,4,8,480.0,0.421,-278.0,Normal
BR007,2025-12-12,10,7,65.8,1.9428571428571428,3.3,0,0,0,0,8,480.0,0.137,-414.2,Normal
BR007,2025-12-12,11,9,133.0,5.7444444444444445,32.9,2,0,1,3,8,480.0,0.277,-347.0,Normal
BR007,2025-12-12,12,14,147.3,1.9714285714285715,3.5,1,0,2,1,8,480.0,0.307,-332.7,Normal
BR007,2025-12-12,13,2,9.2,2.0,2.9,0,0,0,0,8,480.0,0.019,-470.8,Normal
BR007,2025-12-12,14,5,79.1,3.6799999999999997,7.5,1,0,0,2,8,480.0,0.165,-400.9,Normal
BR007,2025-12-12,15,7,90.9,2.3285714285714287,3.3,0,0,0,1,8,480.0,0.189,-389.1,Normal
BR007,2025-12-12,16,3,40.5,2.033333333333333,3.3,0,0,0,0,8,480.0,0.084,-439.5,Normal
BR007,2025-12-15,9,6,74.5,2.216666666666667,3.1,0,0,1,2,8,480.0,0.155,-405.5,Normal
BR007,2025-12-15,10,9,93.9,3.6999999999999997,17.0,1,0,1,1,8,480.0,0.196,-386.1,Normal
BR007,2025-12-15,11,9,140.1,2.3444444444444446,3.3,0,0,1,3,8,480.0,0.292,-339.9,Normal
BR007,2025-12-15,12,8,79.0,1.5875,2.3,0,0,1,1,8,480.0,0.165,-401.0,Normal
BR007,2025-12-15,13,5,81.8,2.9,3.5,0,0,0,1,8,480.0,0.17,-398.2,Normal
BR007,2025-12-15,14,6,70.9,2.0500000000000003,3.3,0,0,0,1,8,480.0,0.148,-409.1,Normal
BR007,2025-12-15,15,4,29.1,2.8,3.5,0,0,0,0,8,480.0,0.061,-450.9,Normal
BR007,2025-12-16,9,10,91.80000000000001,2.15,3.2,0,0,5,1,8,480.0,0.191,-388.2,Normal
BR007,2025-12-16,10,10,120.3,11.790000000000001,41.6,2,1,1,3,8,480.0,0.251,-359.7,Normal
BR007,2025-12-16,11,12,174.6,3.4333333333333336,16.6,3,0,2,3,8,480.0,0.364,-305.4,Normal
BR007,2025-12-16,12,10,114.2,7.470000000000001,31.8,2,0,0,2,8,480.0,0.238,-365.8,Normal
BR007,2025-12-16,13,4,35.1,2.275,3.1,1,0,0,0,8,480.0,0.073,-444.9,Normal
BR007,2025-12-16,14,6,93.6,1.6166666666666665,2.2,0,0,0,2,8,480.0,0.195,-386.4,Normal
BR007,2025-12-16,15,4,68.1,1.9,2.3,0,0,0,1,8,480.0,0.142,-411.9,Normal
BR007,2025-12-17,9,5,26.3,2.5,3.5,0,0,1,0,8,480.0,0.055,-453.7,Normal
BR007,2025-12-17,10,7,92.5,5.542857142857143,22.9,1,0,2,1,8,480.0,0.193,-387.5,Normal
BR007,2025-12-17,11,10,170.4,2.67,9.4,1,0,1,3,8,480.0,0.355,-309.6,Normal
BR007,2025-12-17,12,6,92.9,2.216666666666667,3.3,0,0,0,2,8,480.0,0.194,-387.1,Normal
BR007,2025-12-17,13,1,14.1,1.7,1.7,0,0,0,0,8,480.0,0.029,-465.9,Normal
BR007,2025-12-17,14,5,68.2,1.9,3.0,0,0,0,1,8,480.0,0.142,-411.8,Normal
BR007,2025-12-17,15,2,17.5,2.85,3.0,0,0,0,0,8,480.0,0.036,-462.5,Normal
BR007,2025-12-17,16,1,24.9,1.6,1.6,0,0,0,1,8,480.0,0.052,-455.1,Normal
BR007,2025-12-18,9,10,69.6,2.25,3.5,0,0,1,0,8,480.0,0.145,-410.4,Normal
BR007,2025-12-18,10,4,50.3,1.7249999999999999,3.3,0,0,1,1,8,480.0,0.105,-429.7,Normal
BR007,2025-12-18,11,8,90.6,2.1375,3.5,0,0,1,1,8,480.0,0.189,-389.4,Normal
BR007,2025-12-18,12,4,59.5,1.925,2.7,0,0,0,1,8,480.0,0.124,-420.5,Normal
BR007,2025-12-18,13,2,11.8,2.65,2.9,0,0,0,0,8,480.0,0.025,-468.2,Normal
BR007,2025-12-18,14,10,160.0,5.15,17.7,3,0,2,1,8,480.0,0.333,-320.0,Normal
BR007,2025-12-18,15,5,50.400000000000006,2.04,2.8,1,0,0,1,8,480.0,0.105,-429.6,Normal
BR007,2025-12-18,16,3,31.799999999999997,2.766666666666667,3.0,2,0,0,0,8,480.0,0.066,-448.2,Normal
BR007,2025-12-19,9,8,94.6,3.875,15.9,1,0,1,2,8,480.0,0.197,-385.4,Normal
BR007,2025-12-19,10,10,83.5,25.28,63.5,5,3,1,1,8,480.0,0.174,-396.5,High
BR007,2025-12-19,11,9,96.7,4.811111111111111,18.3,6,0,5,2,8,480.0,0.201,-383.3,Normal
BR007,2025-12-19,12,8,92.3,2.95,7.7,5,0,0,1,8,480.0,0.192,-387.7,Normal
BR007,2025-12-19,13,7,62.9,13.614285714285716,41.6,4,1,0,1,8,480.0,0.131,-417.1,Normal
BR007,2025-12-19,14,7,58.0,15.571428571428571,58.1,3,0,0,0,8,480.0,0.121,-422.0,Moderate
BR007,2025-12-19,15,6,75.3,1.3499999999999999,1.7,3,0,0,1,8,480.0,0.157,-404.7,Normal
BR007,2025-12-20,9,10,136.4,5.0,31.7,1,0,2,3,8,480.0,0.284,-343.6,Normal
BR007,2025-12-20,10,11,137.2,2.4272727272727272,3.3,1,0,2,1,8,480.0,0.286,-342.8,Normal
BR007,2025-12-20,11,7,60.0,1.9142857142857141,3.3,0,0,2,0,8,480.0,0.125,-420.0,Normal
BR007,2025-12-20,12,8,68.6,3.4125,13.7,1,0,0,0,8,480.0,0.143,-411.4,Normal
BR007,2025-12-20,13,6,64.9,2.066666666666667,3.2,0,0,0,0,8,480.0,0.135,-415.1,Normal
BR007,2025-12-20,14,10,123.9,16.52,50.2,3,2,0,1,8,480.0,0.258,-356.1,Moderate
BR007,2025-12-20,15,6,65.10000000000001,2.15,3.4,0,0,1,1,8,480.0,0.136,-414.9,Normal
BR007,2025-12-22,9,11,158.8,3.409090909090909,13.4,1,0,0,2,8,480.0,0.331,-321.2,Normal
BR007,2025-12-22,10,15,182.1,5.173333333333333,22.1,4,0,3,2,8,480.0,0.379,-297.9,Normal
BR007,2025-12-22,11,12,143.1,2.5,9.7,2,0,1,3,8,480.0,0.298,-336.9,Normal
BR007,2025-12-22,12,9,116.4,2.6555555555555554,8.2,3,0,1,2,8,480.0,0.243,-363.6,Normal
BR007,2025-12-22,13,7,112.8,1.9142857142857144,2.3,0,0,1,1,8,480.0,0.235,-367.2,Normal
BR007,2025-12-22,14,5,31.0,2.2399999999999998,3.2,0,0,1,0,8,480.0,0.065,-449.0,Normal
BR007,2025-12-22,15,5,45.0,2.2199999999999998,3.2,0,0,0,1,8,480.0,0.094,-435.0,Normal
BR007,2025-12-22,16,2,29.700000000000003,2.15,3.3,0,0,0,0,8,480.0,0.062,-450.3,Normal
BR007,2025-12-23,9,4,60.1,2.8499999999999996,3.4,0,0,0,2,8,480.0,0.125,-419.9,Normal
BR007,2025-12-23,10,9,147.2,2.1444444444444444,3.2,0,0,3,2,8,480.0,0.307,-332.8,Normal
BR007,2025-12-23,11,5,51.3,2.2800000000000002,2.6,0,0,2,1,8,480.0,0.107,-428.7,Normal
BR007,2025-12-23,12,9,93.8,2.066666666666667,3.4,0,0,1,1,8,480.0,0.195,-386.2,Normal
BR007,2025-12-23,13,4,78.2,13.100000000000001,34.2,2,0,0,2,8,480.0,0.163,-401.8,Normal
BR007,2025-12-23,14,10,158.9,2.12,3.0,1,0,0,2,8,480.0,0.331,-321.1,Normal
BR007,2025-12-23,15,3,24.3,3.1333333333333333,3.3,0,0,0,0,8,480.0,0.051,-455.7,Normal
BR007,2025-12-24,9,11,135.4,2.081818181818182,3.2,1,0,1,2,8,480.0,0.282,-344.6,Normal
BR007,2025-12-24,10,14,188.1,5.664285714285714,19.2,4,0,5,3,8,480.0,0.392,-291.9,Normal
BR007,2025-12-24,11,7,115.7,1.7285714285714284,2.0,3,0,1,3,8,480.0,0.241,-364.3,Normal
BR007,2025-12-24,12,2,16.9,2.35,3.2,0,0,0,0,8,480.0,0.035,-463.1,Normal
BR007,2025-12-24,13,6,69.8,1.9833333333333334,2.7,0,0,0,1,8,480.0,0.145,-410.2,Normal
BR007,2025-12-24,14,4,27.5,1.95,2.3,0,0,0,0,8,480.0,0.057,-452.5,Normal
BR007,2025-12-24,15,2,21.2,2.2,3.0,0,0,0,0,8,480.0,0.044,-458.8,Normal
BR007,2025-12-26,9,13,132.0,3.869230769230769,15.8,1,0,0,2,8,480.0,0.275,-348.0,Normal
BR007,2025-12-26,10,12,140.8,3.8249999999999997,15.2,1,0,2,2,8,480.0,0.293,-339.2,Normal
BR007,2025-12-26,11,8,61.7,3.05,12.5,1,0,0,0,8,480.0,0.129,-418.3,Normal
BR007,2025-12-26,12,9,91.9,1.7555555555555555,2.9,0,0,2,1,8,480.0,0.191,-388.1,Normal
BR007,2025-12-26,13,5,52.199999999999996,2.38,3.3,0,0,1,0,8,480.0,0.109,-427.8,Normal
BR007,2025-12-26,14,9,92.7,1.9444444444444444,3.2,0,0,2,0,8,480.0,0.193,-387.3,Normal
BR007,2025-12-26,15,3,39.0,2.6666666666666665,3.4,0,0,0,1,8,480.0,0.081,-441.0,Normal
BR007,2025-12-29,9,17,214.7,5.688235294117647,34.7,2,0,6,4,8,480.0,0.447,-265.3,Normal
BR007,2025-12-29,10,15,199.4,18.433333333333334,52.2,8,1,3,3,8,480.0,0.415,-280.6,Moderate
BR007,2025-12-29,11,14,178.9,3.6571428571428575,14.9,7,0,1,2,8,480.0,0.373,-301.1,Normal
BR007,2025-12-29,12,14,152.70000000000002,11.085714285714285,47.5,6,1,0,1,8,480.0,0.318,-327.3,Normal
BR007,2025-12-29,13,13,140.6,3.1692307692307695,13.6,2,0,0,1,8,480.0,0.293,-339.4,Normal
BR007,2025-12-29,14,6,76.1,2.5,3.4,1,0,0,2,8,480.0,0.159,-403.9,Normal
BR007,2025-12-29,15,10,112.7,1.9300000000000002,3.3,0,0,0,2,8,480.0,0.235,-367.3,Normal
BR007,2025-12-30,9,13,215.0,1.9153846153846152,3.1,2,0,3,4,8,480.0,0.448,-265.0,Normal
BR007,2025-12-30,10,15,196.7,9.26,36.8,4,0,3,3,8,480.0,0.41,-283.3,Normal
BR007,2025-12-30,11,13,99.9,4.853846153846154,18.3,3,0,2,0,8,480.0,0.208,-380.1,Normal
BR007,2025-12-30,12,9,113.3,2.1444444444444444,3.1,2,0,2,1,8,480.0,0.236,-366.7,Normal
BR007,2025-12-30,13,8,65.4,2.3375,3.1,0,0,0,0,8,480.0,0.136,-414.6,Normal
BR007,2025-12-30,14,5,30.5,1.5,2.0,0,0,0,0,8,480.0,0.064,-449.5,Normal
BR007,2025-12-30,15,3,47.8,1.366666666666667,2.2,0,0,0,1,8,480.0,0.1,-432.2,Normal
BR007,2025-12-30,16,1,16.3,3.3,3.3,0,0,0,0,8,480.0,0.034,-463.7,Normal
BR007,2025-12-31,9,11,174.8,2.8454545454545457,8.8,2,0,4,3,8,480.0,0.364,-305.2,Normal
BR007,2025-12-31,10,13,123.5,13.930769230769231,50.5,12,1,0,2,8,480.0,0.257,-356.5,Normal
BR007,2025-12-31,11,24,284.6,10.0875,50.9,11,1,3,3,8,480.0,0.593,-195.4,Normal
BR007,2025-12-31,12,15,168.6,4.046666666666667,9.6,9,0,2,1,8,480.0,0.351,-311.4,Normal
BR007,2025-12-31,13,9,159.9,2.388888888888889,3.4,6,0,3,4,8,480.0,0.333,-320.1,Normal
BR007,2025-12-31,14,7,112.8,2.2142857142857144,3.2,0,0,0,3,8,480.0,0.235,-367.2,Normal
BR007,2025-12-31,15,8,80.2,2.275,3.2,0,0,0,1,8,480.0,0.167,-399.8,Normal
BR007,2025-12-31,16,1,3.5,1.0,1.0,0,0,0,0,8,480.0,0.007,-476.5,Normal
BR007,2026-01-02,9,8,83.4,9.7875,33.8,3,0,1,1,8,480.0,0.174,-396.6,Normal
BR007,2026-01-02,10,17,236.20000000000002,7.070588235294117,18.0,5,0,5,5,8,480.0,0.492,-243.8,Normal
BR007,2026-01-02,11,13,185.89999999999998,10.653846153846153,35.8,4,0,3,2,8,480.0,0.387,-294.1,Normal
BR007,2026-01-02,12,11,87.89999999999999,16.099999999999998,51.9,3,2,1,1,8,480.0,0.183,-392.1,Moderate
BR007,2026-01-02,13,18,197.8,3.611111111111111,24.1,5,0,1,2,8,480.0,0.412,-282.2,Normal
BR007,2026-01-02,14,6,65.8,2.3833333333333333,3.4,0,0,0,0,8,480.0,0.137,-414.2,Normal
BR007,2026-01-02,15,4,74.2,2.5999999999999996,3.3,0,0,0,2,8,480.0,0.155,-405.8,Normal
BR007,2026-01-03,9,8,144.0,6.4625,34.2,1,0,1,4,8,480.0,0.3,-336.0,Normal
BR007,2026-01-03,10,12,159.2,3.5583333333333336,14.8,2,0,1,2,8,480.0,0.332,-320.8,Normal
BR007,2026-01-03,11,8,86.6,2.0625,3.3,1,0,0,1,8,480.0,0.18,-393.4,Normal
BR007,2026-01-03,12,8,104.5,5.8125,32.5,2,0,0,1,8,480.0,0.218,-375.5,Normal
BR007,2026-01-03,13,14,162.8,3.7142857142857144,16.4,1,0,3,1,8,480.0,0.339,-317.2,Normal
BR007,2026-01-03,14,8,111.4,2.1,3.3,0,0,3,2,8,480.0,0.232,-368.6,Normal
BR007,2026-01-05,9,13,124.6,2.1923076923076925,3.4,0,0,2,1,8,480.0,0.26,-355.4,Normal
BR007,2026-01-05,10,16,272.5,12.45,52.0,4,0,1,4,8,480.0,0.568,-207.5,Normal
BR007,2026-01-05,11,13,154.70000000000002,4.292307692307692,14.1,5,0,1,2,8,480.0,0.322,-325.3,Normal
BR007,2026-01-05,12,11,86.5,7.345454545454545,39.4,2,1,2,1,8,480.0,0.18,-393.5,Normal
BR007,2026-01-05,13,15,134.5,3.96,17.2,2,0,2,1,8,480.0,0.28,-345.5,Normal
BR007,2026-01-05,14,5,60.699999999999996,3.5400000000000005,9.3,1,0,0,1,8,480.0,0.126,-419.3,Normal
BR007,2026-01-05,15,8,102.3,1.7875,2.5,0,0,0,0,8,480.0,0.213,-377.7,Normal
BR007,2026-01-06,9,10,130.7,3.07,13.2,1,0,2,2,8,480.0,0.272,-349.3,Normal
BR007,2026-01-06,10,10,54.6,16.759999999999998,42.9,4,3,1,0,8,480.0,0.114,-425.4,Moderate
BR007,2026-01-06,11,18,218.4,7.183333333333334,30.3,6,0,4,3,8,480.0,0.455,-261.6,Normal
BR007,2026-01-06,12,13,167.5,2.4923076923076923,10.3,2,0,1,3,8,480.0,0.349,-312.5,Normal
BR007,2026-01-06,13,6,76.9,2.35,2.7,0,0,0,1,8,480.0,0.16,-403.1,Normal
BR007,2026-01-06,14,5,91.7,2.2,3.3,0,0,0,2,8,480.0,0.191,-388.3,Normal
BR007,2026-01-06,15,4,68.5,1.95,2.7,0,0,0,2,8,480.0,0.143,-411.5,Normal
BR007,2026-01-07,9,10,110.5,1.78,3.4,0,0,1,1,8,480.0,0.23,-369.5,Normal
BR007,2026-01-07,10,12,82.4,3.841666666666667,13.2,2,0,2,0,8,480.0,0.172,-397.6,Normal
BR007,2026-01-07,11,8,111.9,2.2875,3.2,1,0,2,2,8,480.0,0.233,-368.1,Normal
BR007,2026-01-07,12,3,20.5,1.4666666666666668,2.3,0,0,1,0,8,480.0,0.043,-459.5,Normal
BR007,2026-01-07,13,4,31.3,2.075,3.0,0,0,0,0,8,480.0,0.065,-448.7,Normal
BR007,2026-01-07,14,10,98.5,3.59,14.4,2,0,0,1,8,480.0,0.205,-381.5,Normal
BR007,2026-01-07,15,4,31.8,2.325,2.8,1,0,0,1,8,480.0,0.066,-448.2,Normal
BR007,2026-01-08,9,8,113.5,7.512499999999999,40.9,1,1,1,4,8,480.0,0.236,-366.5,Normal
BR007,2026-01-08,10,12,135.4,2.2666666666666666,3.2,0,0,4,2,8,480.0,0.282,-344.6,Normal
BR007,2026-01-08,11,7,72.9,2.042857142857143,2.7,0,0,0,0,8,480.0,0.152,-407.1,Normal
BR007,2026-01-08,12,5,46.1,2.56,3.5,0,0,0,0,8,480.0,0.096,-433.9,Normal
BR007,2026-01-08,13,6,73.8,2.1333333333333333,3.2,0,0,0,1,8,480.0,0.154,-406.2,Normal
BR007,2026-01-08,14,8,84.8,2.225,4.5,1,0,0,1,8,480.0,0.177,-395.2,Normal
BR007,2026-01-08,15,5,39.1,2.1,3.4,0,0,0,0,8,480.0,0.081,-440.9,Normal
BR007,2026-01-08,16,1,6.4,2.7,2.7,0,0,0,0,8,480.0,0.013,-473.6,Normal
BR007,2026-01-09,9,13,179.9,3.6692307692307695,15.8,1,0,1,2,8,480.0,0.375,-300.1,Normal
BR007,2026-01-09,10,11,180.9,3.2818181818181817,11.4,2,0,1,4,8,480.0,0.377,-299.1,Normal
BR007,2026-01-09,11,9,101.1,3.611111111111111,10.8,1,0,3,0,8,480.0,0.211,-378.9,Normal
BR007,2026-01-09,12,5,52.2,2.7,3.3,0,0,0,1,8,480.0,0.109,-427.8,Normal
BR007,2026-01-09,13,12,149.0,2.2416666666666667,3.3,0,0,3,2,8,480.0,0.31,-331.0,Normal
BR007,2026-01-09,14,6,105.5,14.183333333333332,35.7,3,0,0,3,8,480.0,0.22,-374.5,Normal
BR007,2026-01-09,15,7,80.7,2.142857142857143,3.5,2,0,0,1,8,480.0,0.168,-399.3,Normal
BR007,2026-01-09,16,2,13.4,1.35,1.7,1,0,0,0,8,480.0,0.028,-466.6,Normal
BR007,2026-01-12,9,16,191.6,3.10625,10.6,1,0,3,2,8,480.0,0.399,-288.4,Normal
BR007,2026-01-12,10,13,111.19999999999999,3.1692307692307695,13.2,2,0,4,1,8,480.0,0.232,-368.8,Normal
BR007,2026-01-12,11,7,87.6,1.7714285714285716,2.9,1,0,0,1,8,480.0,0.182,-392.4,Normal
BR007,2026-01-12,12,5,40.3,1.7399999999999998,2.7,0,0,0,0,8,480.0,0.084,-439.7,Normal
BR007,2026-01-12,13,9,104.3,1.7000000000000002,2.5,0,0,0,0,8,480.0,0.217,-375.7,Normal
BR007,2026-01-12,14,1,5.4,2.2,2.2,0,0,0,0,8,480.0,0.011,-474.6,Normal
BR007,2026-01-12,15,6,123.3,2.1833333333333336,3.2,0,0,0,3,8,480.0,0.257,-356.7,Normal
BR007,2026-01-12,16,1,8.4,2.6,2.6,0,0,0,0,8,480.0,0.018,-471.6,Normal
BR007,2026-01-13,9,8,92.8,2.4375,3.3,0,0,0,1,8,480.0,0.193,-387.2,Normal
BR007,2026-01-13,10,9,81.69999999999999,2.755555555555555,6.6,1,0,3,1,8,480.0,0.17,-398.3,Normal
BR007,2026-01-13,11,3,20.1,1.7666666666666666,3.0,0,0,1,0,8,480.0,0.042,-459.9,Normal
BR007,2026-01-13,12,6,82.1,2.1666666666666665,3.3,0,0,0,1,8,480.0,0.171,-397.9,Normal
BR007,2026-01-13,13,5,47.1,1.8199999999999998,2.5,0,0,0,0,8,480.0,0.098,-432.9,Normal
BR007,2026-01-13,14,4,58.2,1.9249999999999998,2.9,0,0,0,1,8,480.0,0.121,-421.8,Normal
BR007,2026-01-13,15,2,19.2,2.65,3.5,0,0,0,0,8,480.0,0.04,-460.8,Normal
BR007,2026-01-13,16,1,5.4,1.6,1.6,0,0,0,0,8,480.0,0.011,-474.6,Normal
BR007,2026-01-15,9,7,58.800000000000004,1.957142857142857,3.0,0,0,1,0,8,480.0,0.123,-421.2,Normal
BR007,2026-01-15,10,9,97.7,3.888888888888889,11.9,2,0,2,2,8,480.0,0.204,-382.3,Normal
BR007,2026-01-15,11,7,67.3,1.8857142857142857,2.9,0,0,2,1,8,480.0,0.14,-412.7,Normal
BR007,2026-01-15,12,5,65.6,1.58,2.3,1,0,0,1,8,480.0,0.137,-414.4,Normal
BR007,2026-01-15,13,4,48.9,1.825,3.1,0,0,0,1,8,480.0,0.102,-431.1,Normal
BR007,2026-01-15,14,7,103.2,2.5714285714285716,3.5,0,0,0,2,8,480.0,0.215,-376.8,Normal
BR007,2026-01-15,15,3,48.9,1.6333333333333335,2.6,0,0,0,1,8,480.0,0.102,-431.1,Normal
BR007,2026-01-16,9,13,121.3,4.469230769230769,22.7,2,0,1,2,8,480.0,0.253,-358.7,Normal
BR007,2026-01-16,10,12,145.9,4.116666666666666,17.7,1,0,1,3,8,480.0,0.304,-334.1,Normal
BR007,2026-01-16,11,15,156.7,3.473333333333333,19.4,1,0,0,1,8,480.0,0.326,-323.3,Normal
BR007,2026-01-16,12,8,141.8,4.625,16.6,1,0,2,3,8,480.0,0.295,-338.2,Normal
BR007,2026-01-16,13,8,106.4,4.5625,15.9,1,0,0,3,8,480.0,0.222,-373.6,Normal
BR007,2026-01-16,14,2,39.5,2.35,2.9,0,0,0,1,8,480.0,0.082,-440.5,Normal
BR007,2026-01-16,15,6,102.6,2.1999999999999997,3.4,0,0,2,2,8,480.0,0.214,-377.4,Normal
BR007,2026-01-17,9,10,108.3,4.34,26.2,1,0,1,2,8,480.0,0.226,-371.7,Normal
BR007,2026-01-17,10,11,111.3,2.3181818181818183,3.3,0,0,2,0,8,480.0,0.232,-368.7,Normal
BR007,2026-01-17,11,10,105.2,2.06,3.4,0,0,2,1,8,480.0,0.219,-374.8,Normal
BR007,2026-01-17,12,7,115.5,9.214285714285714,38.7,2,0,1,3,8,480.0,0.241,-364.5,Normal
BR007,2026-01-17,13,8,98.1,2.2,3.2,0,0,1,2,8,480.0,0.204,-381.9,Normal
BR007,2026-01-17,14,3,18.0,2.1666666666666665,2.8,1,0,1,0,8,480.0,0.038,-462.0,Normal
BR007,2026-01-17,15,6,50.6,1.9833333333333334,3.2,0,0,0,0,8,480.0,0.105,-429.4,Normal
BR007,2026-01-19,9,8,86.4,3.475,13.3,1,0,1,1,8,480.0,0.18,-393.6,Normal
BR007,2026-01-19,10,11,145.5,2.2454545454545456,3.2,0,0,1,2,8,480.0,0.303,-334.5,Normal
BR007,2026-01-19,11,10,123.7,1.9600000000000002,2.5,0,0,3,2,8,480.0,0.258,-356.3,Normal
BR007,2026-01-19,12,11,115.3,11.290909090909091,43.6,4,1,0,2,8,480.0,0.24,-364.7,Normal
BR007,2026-01-19,13,6,90.3,1.5,2.3,3,0,0,1,8,480.0,0.188,-389.7,Normal
BR007,2026-01-19,14,1,15.7,1.0,1.0,2,0,0,0,8,480.0,0.033,-464.3,Normal
BR007,2026-01-19,15,2,29.200000000000003,1.75,2.2,0,0,0,1,8,480.0,0.061,-450.8,Normal
BR007,2026-01-20,9,6,40.6,3.0666666666666664,5.2,1,0,1,0,8,480.0,0.085,-439.4,Normal
BR007,2026-01-20,10,10,141.7,6.1899999999999995,24.3,1,0,4,2,8,480.0,0.295,-338.3,Normal
BR007,2026-01-20,11,9,84.9,3.233333333333333,13.5,2,0,0,1,8,480.0,0.177,-395.1,Normal
BR007,2026-01-20,12,3,79.2,12.233333333333334,31.8,1,0,0,2,8,480.0,0.165,-400.8,Normal
BR007,2026-01-20,13,8,99.80000000000001,5.325,16.9,2,0,0,1,8,480.0,0.208,-380.2,Normal
BR007,2026-01-20,14,9,189.7,16.233333333333334,61.2,3,0,0,3,8,480.0,0.395,-290.3,Moderate
BR007,2026-01-20,15,6,78.0,12.866666666666665,36.1,5,0,0,1,8,480.0,0.162,-402.0,Normal
BR007,2026-01-20,16,1,15.9,3.1,3.1,4,0,0,0,8,480.0,0.033,-464.1,Normal
BR007,2026-01-21,9,5,76.9,1.9,3.1,0,0,2,1,8,480.0,0.16,-403.1,Normal
BR007,2026-01-21,10,8,79.8,1.975,2.9,0,0,1,1,8,480.0,0.166,-400.2,Normal
BR007,2026-01-21,11,6,53.9,2.2666666666666666,3.4,0,0,0,0,8,480.0,0.112,-426.1,Normal
BR007,2026-01-21,12,8,108.5,2.1375,3.3,0,0,0,2,8,480.0,0.226,-371.5,Normal
BR007,2026-01-21,13,2,15.2,1.9,3.0,0,0,0,0,8,480.0,0.032,-464.8,Normal
BR007,2026-01-21,14,6,65.9,2.066666666666667,3.4,0,0,0,1,8,480.0,0.137,-414.1,Normal
BR007,2026-01-21,15,4,47.3,2.25,2.9,0,0,0,1,8,480.0,0.099,-432.7,Normal
BR007,2026-01-22,9,7,57.7,1.885714285714286,3.2,0,0,1,1,8,480.0,0.12,-422.3,Normal
BR007,2026-01-22,10,10,145.7,11.55,52.0,3,2,4,5,8,480.0,0.304,-334.3,Normal
BR007,2026-01-22,11,13,164.4,3.3769230769230774,18.6,2,0,3,1,8,480.0,0.342,-315.6,Normal
BR007,2026-01-22,12,8,90.9,1.5875000000000001,3.4,2,0,0,0,8,480.0,0.189,-389.1,Normal
BR007,2026-01-22,13,8,86.0,4.15,19.5,1,0,0,1,8,480.0,0.179,-394.0,Normal
BR007,2026-01-22,14,7,54.2,2.5142857142857147,3.4,0,0,0,0,8,480.0,0.113,-425.8,Normal
BR007,2026-01-22,15,2,25.6,1.7,1.9,0,0,0,0,8,480.0,0.053,-454.4,Normal
BR007,2026-01-23,9,4,78.5,2.5,3.0,0,0,1,1,8,480.0,0.164,-401.5,Normal
BR007,2026-01-23,10,10,109.4,13.99,40.7,5,1,0,1,8,480.0,0.228,-370.6,Normal
BR007,2026-01-23,11,11,195.0,3.3,11.1,3,0,2,5,8,480.0,0.406,-285.0,Normal
BR007,2026-01-23,12,9,108.9,3.0,8.4,4,0,0,1,8,480.0,0.227,-371.1,Normal
BR007,2026-01-23,13,8,95.2,2.4375,3.3,0,0,1,1,8,480.0,0.198,-384.8,Normal
BR007,2026-01-23,14,8,126.1,1.7625000000000002,3.4,0,0,2,2,8,480.0,0.263,-353.9,Normal
BR007,2026-01-23,15,4,62.7,1.875,3.2,0,0,1,1,8,480.0,0.131,-417.3,Normal
BR007,2026-01-23,16,1,13.6,3.2,3.2,0,0,0,0,8,480.0,0.028,-466.4,Normal
BR007,2026-01-27,9,13,150.3,2.323076923076923,3.4,0,0,0,2,8,480.0,0.313,-329.7,Normal
BR007,2026-01-27,10,8,120.5,8.475000000000001,35.2,1,0,2,3,8,480.0,0.251,-359.5,Normal
BR007,2026-01-27,11,14,160.0,4.192857142857143,16.6,2,0,2,2,8,480.0,0.333,-320.0,Normal
BR007,2026-01-27,12,6,63.6,2.4166666666666665,3.3,1,0,1,0,8,480.0,0.132,-416.4,Normal
BR007,2026-01-27,13,5,119.8,2.2800000000000002,3.1,0,0,0,2,8,480.0,0.25,-360.2,Normal
BR007,2026-01-27,14,5,39.4,1.8200000000000003,2.2,0,0,2,1,8,480.0,0.082,-440.6,Normal
BR007,2026-01-27,15,2,30.900000000000002,1.75,2.1,0,0,0,1,8,480.0,0.064,-449.1,Normal
BR007,2026-01-27,16,3,51.1,2.3333333333333335,3.0,0,0,0,1,8,480.0,0.106,-428.9,Normal
BR007,2026-01-28,9,23,269.9,6.465217391304347,29.5,4,0,3,4,8,480.0,0.562,-210.1,Normal
BR007,2026-01-28,10,11,124.3,6.318181818181818,28.5,3,0,2,2,8,480.0,0.259,-355.7,Normal
BR007,2026-01-28,11,12,134.5,1.9583333333333333,3.2,1,0,0,2,8,480.0,0.28,-345.5,Normal
BR007,2026-01-28,12,9,73.1,2.2777777777777777,3.2,1,0,1,0,8,480.0,0.152,-406.9,Normal
BR007,2026-01-28,13,9,115.8,2.4444444444444446,3.4,0,0,2,2,8,480.0,0.241,-364.2,Normal
BR007,2026-01-28,14,8,139.1,2.9875,7.5,1,0,0,3,8,480.0,0.29,-340.9,Normal
BR007,2026-01-28,15,6,135.4,2.5833333333333335,3.5,0,0,0,4,8,480.0,0.282,-344.6,Normal
BR007,2026-01-29,9,9,85.5,2.1444444444444444,3.4,0,0,2,1,8,480.0,0.178,-394.5,Normal
BR007,2026-01-29,10,14,191.20000000000002,2.6999999999999997,7.0,2,0,5,2,8,480.0,0.398,-288.8,Normal
BR007,2026-01-29,11,11,133.8,2.3272727272727276,3.3,1,0,1,2,8,480.0,0.279,-346.2,Normal
BR007,2026-01-29,12,9,95.4,10.533333333333333,41.3,2,0,0,1,8,480.0,0.199,-384.6,Normal
BR007,2026-01-29,13,12,219.9,7.2749999999999995,35.9,5,0,0,5,8,480.0,0.458,-260.1,Normal
BR007,2026-01-29,14,10,73.8,4.49,20.8,4,0,0,0,8,480.0,0.154,-406.2,Normal
BR007,2026-01-29,15,4,33.1,2.425,3.4,0,0,0,1,8,480.0,0.069,-446.9,Normal
BR007,2026-01-29,16,1,12.9,0.8,0.8,0,0,0,0,8,480.0,0.027,-467.1,Normal
BR007,2026-01-30,9,17,213.0,12.0,41.9,7,2,3,2,8,480.0,0.444,-267.0,Normal
BR007,2026-01-30,10,22,233.5,8.495454545454546,36.8,11,0,2,3,8,480.0,0.486,-246.5,Normal
BR007,2026-01-30,11,12,171.8,5.433333333333334,27.8,12,0,6,4,8,480.0,0.358,-308.2,Normal
BR007,2026-01-30,12,16,228.7,7.7125,30.9,10,0,0,4,8,480.0,0.476,-251.3,Normal
BR007,2026-01-30,13,13,146.6,6.923076923076923,33.3,8,0,0,1,8,480.0,0.305,-333.4,Normal
BR007,2026-01-30,14,15,204.9,11.639999999999999,38.0,5,0,0,3,8,480.0,0.427,-275.1,Normal
BR007,2026-01-30,15,6,56.0,1.9666666666666668,3.4,2,0,0,1,8,480.0,0.117,-424.0,Normal
BR007,2026-01-30,16,2,21.8,1.45,1.9,4,0,0,0,8,480.0,0.045,-458.2,Normal
BR007,2026-01-31,9,21,303.0,9.90952380952381,51.9,7,1,5,5,8,480.0,0.631,-177.0,Normal
BR007,2026-01-31,10,16,151.0,6.775,25.5,6,0,2,1,8,480.0,0.315,-329.0,Normal
BR007,2026-01-31,11,11,109.9,14.409090909090908,52.1,7,2,2,3,8,480.0,0.229,-370.1,Normal
BR007,2026-01-31,12,14,190.0,6.3,31.4,8,0,0,4,8,480.0,0.396,-290.0,Normal
BR007,2026-01-31,13,15,194.7,2.5266666666666664,7.5,7,0,0,3,8,480.0,0.406,-285.3,Normal
BR007,2026-01-31,14,9,93.5,2.1333333333333333,3.4,1,0,0,1,8,480.0,0.195,-386.5,Normal
BR007,2026-01-31,15,6,75.7,2.25,2.8,0,0,0,0,8,480.0,0.158,-404.3,Normal
BR007,2026-01-31,16,1,4.1,2.6,2.6,0,0,0,0,8,480.0,0.009,-475.9,Normal
BR007,2026-02-02,9,20,193.2,9.635,50.8,5,1,10,1,8,480.0,0.402,-286.8,Normal
BR007,2026-02-02,10,16,133.9,13.675,51.6,8,2,1,2,8,480.0,0.279,-346.1,Normal
BR007,2026-02-02,11,19,260.3,9.84736842105263,48.4,7,1,0,4,8,480.0,0.542,-219.7,Normal
BR007,2026-02-02,12,13,142.7,3.3076923076923075,18.6,6,0,0,2,8,480.0,0.297,-337.3,Normal
BR007,2026-02-02,13,9,120.2,2.388888888888889,3.5,2,0,0,1,8,480.0,0.25,-359.8,Normal
BR007,2026-02-02,14,8,86.6,2.2125,3.0,1,0,0,2,8,480.0,0.18,-393.4,Normal
BR007,2026-02-02,15,5,47.1,2.3600000000000003,3.5,0,0,0,1,8,480.0,0.098,-432.9,Normal
BR007,2026-02-03,9,8,72.8,3.1875,14.8,1,0,3,0,8,480.0,0.152,-407.2,Normal
BR007,2026-02-03,10,12,115.10000000000001,4.608333333333333,17.4,2,0,1,0,8,480.0,0.24,-364.9,Normal
BR007,2026-02-03,11,14,211.5,2.957142857142857,9.9,3,0,1,3,8,480.0,0.441,-268.5,Normal
BR007,2026-02-03,12,9,144.5,2.322222222222222,3.5,0,0,2,2,8,480.0,0.301,-335.5,Normal
BR007,2026-02-03,13,8,124.7,1.8875,3.4,0,0,1,3,8,480.0,0.26,-355.3,Normal
BR007,2026-02-03,14,6,82.19999999999999,1.8,3.0,0,0,0,1,8,480.0,0.171,-397.8,Normal
BR007,2026-02-03,15,5,75.3,1.9600000000000002,2.3,0,0,0,1,8,480.0,0.157,-404.7,Normal
BR007,2026-02-03,16,1,2.7,1.4,1.4,0,0,0,0,8,480.0,0.006,-477.3,Normal
BR007,2026-02-04,9,12,161.8,4.8999999999999995,11.5,3,0,2,2,8,480.0,0.337,-318.2,Normal
BR007,2026-02-04,10,8,122.6,2.4125,3.4,2,0,2,2,8,480.0,0.255,-357.4,Normal
BR007,2026-02-04,11,7,52.699999999999996,2.5,6.3,1,0,1,0,8,480.0,0.11,-427.3,Normal
BR007,2026-02-04,12,9,100.6,2.1555555555555554,3.5,0,0,0,1,8,480.0,0.21,-379.4,Normal
BR007,2026-02-04,13,6,67.4,2.5833333333333335,3.3,0,0,0,1,8,480.0,0.14,-412.6,Normal
BR007,2026-02-04,14,7,68.4,1.8857142857142857,2.9,0,0,0,0,8,480.0,0.143,-411.6,Normal
BR007,2026-02-04,15,3,41.800000000000004,2.1666666666666665,2.5,0,0,0,0,8,480.0,0.087,-438.2,Normal
BR007,2026-02-04,16,1,19.0,3.4,3.4,0,0,0,0,8,480.0,0.04,-461.0,Normal
BR007,2026-02-05,9,13,131.1,15.084615384615384,51.0,7,2,4,3,8,480.0,0.273,-348.9,Moderate
BR007,2026-02-05,10,16,180.4,9.1125,43.1,8,1,4,0,8,480.0,0.376,-299.6,Normal
BR007,2026-02-05,11,12,169.8,4.7,28.2,7,0,1,2,8,480.0,0.354,-310.2,Normal
BR007,2026-02-05,12,8,109.6,1.625,2.3,5,0,0,3,8,480.0,0.228,-370.4,Normal
BR007,2026-02-05,13,6,38.3,2.8333333333333335,3.4,0,0,0,0,8,480.0,0.08,-441.7,Normal
BR007,2026-02-05,14,12,128.20000000000002,2.8333333333333335,15.3,1,0,0,1,8,480.0,0.267,-351.8,Normal
BR007,2026-02-05,15,6,66.7,2.2666666666666666,3.3,0,0,0,1,8,480.0,0.139,-413.3,Normal
BR007,2026-02-06,9,17,230.3,10.894117647058822,35.4,8,0,5,4,8,480.0,0.48,-249.7,Normal
BR007,2026-02-06,10,17,196.7,6.658823529411765,30.7,11,0,5,3,8,480.0,0.41,-283.3,Normal
BR007,2026-02-06,11,10,73.8,2.04,3.2,8,0,0,0,8,480.0,0.154,-406.2,Normal
BR007,2026-02-06,12,9,103.5,5.811111111111111,27.7,3,0,0,1,8,480.0,0.216,-376.5,Normal
BR007,2026-02-06,13,6,63.9,2.033333333333333,3.4,0,0,0,1,8,480.0,0.133,-416.1,Normal
BR007,2026-02-06,14,8,100.1,2.8625,9.3,1,0,0,2,8,480.0,0.209,-379.9,Normal
BR007,2026-02-06,15,4,21.7,1.95,2.8,0,0,0,0,8,480.0,0.045,-458.3,Normal
BR007,2026-02-06,16,1,19.5,1.5,1.5,0,0,0,1,8,480.0,0.041,-460.5,Normal
BR007,2026-02-07,9,12,238.0,7.108333333333333,31.0,3,0,2,6,8,480.0,0.496,-242.0,Normal
BR007,2026-02-07,10,8,76.80000000000001,2.7,6.9,2,0,1,1,8,480.0,0.16,-403.2,Normal
BR007,2026-02-07,11,11,120.7,2.2545454545454544,3.2,2,0,1,1,8,480.0,0.251,-359.3,Normal
BR007,2026-02-07,12,2,39.199999999999996,2.05,2.5,0,0,0,1,8,480.0,0.082,-440.8,Normal
BR007,2026-02-07,13,9,139.8,2.1333333333333333,3.4,0,0,1,3,8,480.0,0.291,-340.2,Normal
BR007,2026-02-07,14,6,66.5,2.1999999999999997,3.5,0,0,0,0,8,480.0,0.139,-413.5,Normal
BR007,2026-02-07,15,4,16.2,2.5,2.9,0,0,0,0,8,480.0,0.034,-463.8,Normal
BR007,2026-02-09,9,10,112.4,8.95,39.0,5,0,3,1,8,480.0,0.234,-367.6,Normal
BR007,2026-02-09,10,14,179.1,3.057142857142857,7.3,4,0,3,3,8,480.0,0.373,-300.9,Normal
BR007,2026-02-09,11,8,104.2,2.8625,5.0,4,0,1,1,8,480.0,0.217,-375.8,Normal
BR007,2026-02-09,12,6,92.1,1.75,2.8,0,0,0,2,8,480.0,0.192,-387.9,Normal
BR007,2026-02-09,13,5,77.2,2.62,3.3,0,0,0,2,8,480.0,0.161,-402.8,Normal
BR007,2026-02-09,14,4,34.1,2.475,2.8,0,0,0,1,8,480.0,0.071,-445.9,Normal
BR007,2026-02-09,15,2,9.9,2.45,2.7,0,0,0,0,8,480.0,0.021,-470.1,Normal
BR007,2026-02-10,9,6,49.6,2.0833333333333335,2.6,0,0,1,0,8,480.0,0.103,-430.4,Normal
BR007,2026-02-10,10,9,189.0,2.9111111111111114,7.4,1,0,0,4,8,480.0,0.394,-291.0,Normal
BR007,2026-02-10,11,7,77.3,1.9000000000000001,3.3,0,0,2,1,8,480.0,0.161,-402.7,Normal
BR007,2026-02-10,12,4,33.1,1.725,2.7,0,0,0,0,8,480.0,0.069,-446.9,Normal
BR007,2026-02-10,13,5,58.699999999999996,2.6399999999999997,3.4,0,0,2,2,8,480.0,0.122,-421.3,Normal
BR007,2026-02-10,14,5,71.7,2.1399999999999997,2.8,0,0,0,2,8,480.0,0.149,-408.3,Normal
BR007,2026-02-10,15,3,24.0,1.8,2.0,0,0,0,0,8,480.0,0.05,-456.0,Normal
BR007,2026-02-11,9,10,154.3,1.8099999999999998,2.4,0,0,0,3,8,480.0,0.321,-325.7,Normal
BR007,2026-02-11,10,7,111.9,2.2142857142857144,3.5,0,0,1,2,8,480.0,0.233,-368.1,Normal
BR007,2026-02-11,11,10,152.8,2.38,3.4,0,0,2,2,8,480.0,0.318,-327.2,Normal
BR007,2026-02-11,12,8,53.7,2.175,3.3,0,0,2,0,8,480.0,0.112,-426.3,Normal
BR007,2026-02-11,13,5,52.8,2.32,3.4,0,0,1,0,8,480.0,0.11,-427.2,Normal
BR007,2026-02-11,14,9,130.7,2.3444444444444446,3.2,1,0,0,2,8,480.0,0.272,-349.3,Normal
BR007,2026-02-11,15,4,36.3,2.825,3.4,0,0,0,0,8,480.0,0.076,-443.7,Normal
BR007,2026-02-11,16,1,17.1,1.8,1.8,0,0,0,0,8,480.0,0.036,-462.9,Normal
BR007,2026-02-12,9,5,23.6,1.6,3.2,0,0,1,0,8,480.0,0.049,-456.4,Normal
BR007,2026-02-12,10,10,84.7,4.91,22.7,1,0,1,0,8,480.0,0.176,-395.3,Normal
BR007,2026-02-12,11,9,115.0,1.788888888888889,3.2,0,0,1,1,8,480.0,0.24,-365.0,Normal
BR007,2026-02-12,12,4,41.0,2.075,2.8,0,0,1,0,8,480.0,0.085,-439.0,Normal
BR007,2026-02-12,13,11,122.8,2.709090909090909,9.8,2,0,1,1,8,480.0,0.256,-357.2,Normal
BR007,2026-02-12,14,3,46.3,2.5666666666666664,3.4,0,0,0,1,8,480.0,0.096,-433.7,Normal
BR007,2026-02-12,15,2,45.599999999999994,3.0,3.4,1,0,0,1,8,480.0,0.095,-434.4,Normal
BR007,2026-02-13,9,18,232.70000000000002,10.583333333333334,47.2,7,1,2,3,8,480.0,0.485,-247.3,Normal
BR007,2026-02-13,10,12,87.7,1.866666666666667,2.8,6,0,3,1,8,480.0,0.183,-392.3,Normal
BR007,2026-02-13,11,7,126.8,4.028571428571429,16.1,1,0,0,2,8,480.0,0.264,-353.2,Normal
BR007,2026-02-13,12,7,110.3,1.8857142857142857,2.8,0,0,1,1,8,480.0,0.23,-369.7,Normal
BR007,2026-02-13,13,5,29.9,2.2199999999999998,3.0,0,0,0,0,8,480.0,0.062,-450.1,Normal
BR007,2026-02-13,14,8,127.5,5.6375,30.2,1,0,0,2,8,480.0,0.266,-352.5,Normal
BR007,2026-02-13,15,6,70.1,1.55,2.0,2,0,0,1,8,480.0,0.146,-409.9,Normal
BR007,2026-02-13,16,1,8.6,0.9,0.9,1,0,0,0,8,480.0,0.018,-471.4,Normal
BR007,2026-02-16,9,9,63.800000000000004,2.4222222222222225,4.7,1,0,3,0,8,480.0,0.133,-416.2,Normal
BR007,2026-02-16,10,14,208.7,14.585714285714285,51.7,6,1,3,4,8,480.0,0.435,-271.3,Normal
BR007,2026-02-16,11,15,152.8,5.9399999999999995,31.6,5,0,1,0,8,480.0,0.318,-327.2,Normal
BR007,2026-02-16,12,10,98.2,1.54,2.7,3,0,1,0,8,480.0,0.205,-381.8,Normal
BR007,2026-02-16,13,5,94.4,1.7399999999999998,2.0,0,0,0,3,8,480.0,0.197,-385.6,Normal
BR007,2026-02-16,14,5,71.19999999999999,1.8200000000000003,3.1,0,0,0,2,8,480.0,0.148,-408.8,Normal
BR007,2026-02-16,15,3,50.0,2.1666666666666665,3.3,0,0,0,1,8,480.0,0.104,-430.0,Normal
BR007,2026-02-16,16,1,5.2,1.5,1.5,0,0,0,0,8,480.0,0.011,-474.8,Normal
BR007,2026-02-17,9,8,146.3,2.4875,3.3,0,0,3,2,8,480.0,0.305,-333.7,Normal
BR007,2026-02-17,10,7,75.9,2.042857142857143,3.3,0,0,0,0,8,480.0,0.158,-404.1,Normal
BR007,2026-02-17,11,2,17.9,2.0,2.4,0,0,0,0,8,480.0,0.037,-462.1,Normal
BR007,2026-02-17,12,8,112.0,2.8,6.7,1,0,1,2,8,480.0,0.233,-368.0,Normal
BR007,2026-02-17,13,4,53.9,2.35,3.0,0,0,0,1,8,480.0,0.112,-426.1,Normal
BR007,2026-02-17,14,4,52.0,1.925,3.0,0,0,0,1,8,480.0,0.108,-428.0,Normal
BR007,2026-02-17,15,1,27.1,1.1,1.1,0,0,0,1,8,480.0,0.056,-452.9,Normal
BR007,2026-02-17,16,1,6.6,3.3,3.3,0,0,0,0,8,480.0,0.014,-473.4,Normal
BR007,2026-02-18,9,5,63.400000000000006,1.78,3.2,0,0,1,1,8,480.0,0.132,-416.6,Normal
BR007,2026-02-18,10,7,117.3,5.314285714285714,16.7,2,0,1,1,8,480.0,0.244,-362.7,Normal
BR007,2026-02-18,11,8,88.3,2.3,3.4,1,0,1,2,8,480.0,0.184,-391.7,Normal
BR007,2026-02-18,12,7,75.2,2.8000000000000003,9.5,1,0,1,1,8,480.0,0.157,-404.8,Normal
BR007,2026-02-18,13,6,61.4,2.1999999999999997,3.4,0,0,0,1,8,480.0,0.128,-418.6,Normal
BR007,2026-02-18,14,5,67.2,2.08,4.0,1,0,1,1,8,480.0,0.14,-412.8,Normal
BR007,2026-02-18,15,9,82.5,1.911111111111111,3.2,0,0,0,1,8,480.0,0.172,-397.5,Normal
BR007,2026-02-19,9,5,71.5,1.54,3.5,0,0,1,1,8,480.0,0.149,-408.5,Normal
BR007,2026-02-19,10,8,69.1,1.7625,3.4,0,0,1,1,8,480.0,0.144,-410.9,Normal
BR007,2026-02-19,11,11,138.4,2.6363636363636362,5.7,1,0,1,2,8,480.0,0.288,-341.6,Normal
BR007,2026-02-19,12,4,48.0,2.825,3.1,0,0,2,0,8,480.0,0.1,-432.0,Normal
BR007,2026-02-19,13,6,77.7,2.283333333333333,3.1,0,0,1,2,8,480.0,0.162,-402.3,Normal
BR007,2026-02-19,14,7,102.6,1.9142857142857141,3.3,0,0,0,3,8,480.0,0.214,-377.4,Normal
BR007,2026-02-19,15,2,14.2,2.65,2.9,0,0,0,0,8,480.0,0.03,-465.8,Normal
BR007,2026-02-20,9,10,151.5,2.21,3.3,0,0,4,2,8,480.0,0.316,-328.5,Normal
BR007,2026-02-20,10,7,74.2,2.2142857142857144,3.5,1,0,4,0,8,480.0,0.155,-405.8,Normal
BR007,2026-02-20,11,13,150.3,10.600000000000001,39.6,4,1,2,3,8,480.0,0.313,-329.7,Normal
BR007,2026-02-20,12,18,194.4,4.694444444444445,26.9,5,0,1,1,8,480.0,0.405,-285.6,Normal
BR007,2026-02-20,13,8,157.4,5.4625,28.9,3,0,0,3,8,480.0,0.328,-322.6,Normal
BR007,2026-02-20,14,8,149.5,2.0625,3.4,0,0,0,3,8,480.0,0.311,-330.5,Normal
BR007,2026-02-20,15,6,61.4,1.7666666666666666,3.2,0,0,0,1,8,480.0,0.128,-418.6,Normal
BR007,2026-02-20,16,1,11.3,0.9,0.9,0,0,0,0,8,480.0,0.024,-468.7,Normal
BR007,2026-02-21,9,11,145.5,3.727272727272727,14.0,1,0,1,3,8,480.0,0.303,-334.5,Normal
BR007,2026-02-21,10,18,223.5,6.5,30.1,3,0,2,4,8,480.0,0.466,-256.5,Normal
BR007,2026-02-21,11,10,108.9,2.25,3.4,2,0,1,2,8,480.0,0.227,-371.1,Normal
BR007,2026-02-21,12,7,110.6,2.3714285714285714,3.4,0,0,1,2,8,480.0,0.23,-369.4,Normal
BR007,2026-02-21,13,6,59.4,2.0,3.0,0,0,0,0,8,480.0,0.124,-420.6,Normal
BR007,2026-02-21,14,5,77.1,2.6399999999999997,3.5,0,0,1,1,8,480.0,0.161,-402.9,Normal
BR007,2026-02-21,15,4,45.9,2.075,3.5,0,0,2,0,8,480.0,0.096,-434.1,Normal
BR007,2026-02-23,9,8,70.5,4.375,22.3,1,0,2,1,8,480.0,0.147,-409.5,Normal
BR007,2026-02-23,10,8,106.0,2.125,3.3,0,0,1,1,8,480.0,0.221,-374.0,Normal
BR007,2026-02-23,11,11,126.60000000000001,2.0454545454545454,3.4,0,0,1,1,8,480.0,0.264,-353.4,Normal
BR007,2026-02-23,12,6,57.8,1.8,3.0,0,0,1,1,8,480.0,0.12,-422.2,Normal
BR007,2026-02-23,13,7,56.9,2.042857142857143,2.8,0,0,1,0,8,480.0,0.119,-423.1,Normal
BR007,2026-02-23,14,6,56.0,1.3833333333333335,2.0,0,0,0,0,8,480.0,0.117,-424.0,Normal
BR007,2026-02-23,15,1,4.8,1.7,1.7,0,0,0,0,8,480.0,0.01,-475.2,Normal
BR007,2026-02-24,9,6,37.1,2.566666666666667,3.5,0,0,3,0,8,480.0,0.077,-442.9,Normal
BR007,2026-02-24,10,9,104.8,1.7111111111111112,2.5,0,0,2,2,8,480.0,0.218,-375.2,Normal
BR007,2026-02-24,11,6,111.39999999999999,2.283333333333333,2.9,0,0,0,2,8,480.0,0.232,-368.6,Normal
BR007,2026-02-24,12,4,31.700000000000003,1.825,3.3,0,0,0,0,8,480.0,0.066,-448.3,Normal
BR007,2026-02-24,13,6,59.4,1.8166666666666667,2.5,0,0,0,1,8,480.0,0.124,-420.6,Normal
BR007,2026-02-24,14,5,65.0,2.38,2.9,0,0,0,1,8,480.0,0.135,-415.0,Normal
BR007,2026-02-24,15,1,14.9,3.3,3.3,0,0,0,0,8,480.0,0.031,-465.1,Normal
BR007,2026-02-25,9,9,145.9,3.6333333333333337,14.5,1,0,1,4,8,480.0,0.304,-334.1,Normal
BR007,2026-02-25,10,6,92.3,1.8333333333333333,2.4,0,0,1,2,8,480.0,0.192,-387.7,Normal
BR007,2026-02-25,11,5,70.6,2.6,3.1,0,0,3,1,8,480.0,0.147,-409.4,Normal
BR007,2026-02-25,12,7,138.4,2.042857142857143,3.1,0,0,2,3,8,480.0,0.288,-341.6,Normal
BR007,2026-02-25,13,8,98.9,2.0,2.8,0,0,0,2,8,480.0,0.206,-381.1,Normal
BR007,2026-02-25,14,5,85.10000000000001,2.54,3.3,0,0,0,2,8,480.0,0.177,-394.9,Normal
BR007,2026-02-25,15,7,93.80000000000001,2.085714285714286,2.9,0,0,0,2,8,480.0,0.195,-386.2,Normal
BR007,2026-02-25,16,1,24.4,0.9,0.9,0,0,0,1,8,480.0,0.051,-455.6,Normal
BR007,2026-02-26,9,9,69.3,2.1555555555555554,3.4,0,0,2,0,8,480.0,0.144,-410.7,Normal
BR007,2026-02-26,10,8,77.6,3.1625,9.8,1,0,2,0,8,480.0,0.162,-402.4,Normal
BR007,2026-02-26,11,14,130.1,2.307142857142857,3.5,0,0,1,1,8,480.0,0.271,-349.9,Normal
BR007,2026-02-26,12,6,74.4,5.016666666666667,18.7,1,0,1,1,8,480.0,0.155,-405.6,Normal
BR007,2026-02-26,13,8,61.5,2.5125,6.8,1,0,1,0,8,480.0,0.128,-418.5,Normal
BR007,2026-02-26,14,6,79.6,2.6666666666666665,3.3,0,0,0,2,8,480.0,0.166,-400.4,Normal
BR007,2026-02-26,15,5,43.9,1.8399999999999999,2.5,0,0,0,1,8,480.0,0.091,-436.1,Normal
BR007,2026-02-27,9,10,123.2,6.95,26.2,2,0,2,2,8,480.0,0.257,-356.8,Normal
BR007,2026-02-27,10,12,165.4,6.758333333333333,31.3,3,0,3,3,8,480.0,0.345,-314.6,Normal
BR007,2026-02-27,11,15,180.8,2.5133333333333336,6.4,4,0,2,2,8,480.0,0.377,-299.2,Normal
BR007,2026-02-27,12,9,125.30000000000001,6.7555555555555555,22.9,3,0,1,2,8,480.0,0.261,-354.7,Normal
BR007,2026-02-27,13,11,176.2,2.590909090909091,8.3,1,0,2,4,8,480.0,0.367,-303.8,Normal
BR007,2026-02-27,14,7,61.8,2.5857142857142854,3.3,2,0,0,0,8,480.0,0.129,-418.2,Normal
BR007,2026-02-27,15,4,34.5,1.925,2.5,0,0,0,0,8,480.0,0.072,-445.5,Normal
BR007,2026-02-27,16,2,11.6,2.25,3.0,0,0,0,0,8,480.0,0.024,-468.4,Normal
BR007,2026-03-02,9,7,60.2,16.357142857142858,38.4,4,2,1,1,8,480.0,0.125,-419.8,Moderate
BR007,2026-03-02,10,12,130.6,3.5083333333333333,10.5,3,0,2,1,8,480.0,0.272,-349.4,Normal
BR007,2026-03-02,11,8,98.8,1.4125,2.0,2,0,2,1,8,480.0,0.206,-381.2,Normal
BR007,2026-03-02,12,14,203.1,3.221428571428571,10.6,1,0,2,4,8,480.0,0.423,-276.9,Normal
BR007,2026-03-02,13,8,119.7,1.7875,2.4,0,0,2,1,8,480.0,0.249,-360.3,Normal
BR007,2026-03-02,14,12,167.9,20.566666666666666,45.0,10,0,0,2,8,480.0,0.35,-312.1,Moderate
BR007,2026-03-02,15,10,113.1,5.17,14.1,9,0,0,1,8,480.0,0.236,-366.9,Normal
BR007,2026-03-03,9,13,143.3,9.8,36.9,4,0,2,2,8,480.0,0.299,-336.7,Normal
BR007,2026-03-03,10,12,144.2,8.408333333333333,39.9,4,1,2,1,8,480.0,0.3,-335.8,Normal
BR007,2026-03-03,11,13,141.1,3.0923076923076924,10.3,3,0,1,2,8,480.0,0.294,-338.9,Normal
BR007,2026-03-03,12,12,120.7,1.9166666666666667,3.4,1,0,2,2,8,480.0,0.251,-359.3,Normal
BR007,2026-03-03,13,7,89.4,5.871428571428571,27.9,1,0,0,1,8,480.0,0.186,-390.6,Normal
BR007,2026-03-03,14,7,71.30000000000001,1.6428571428571428,3.0,0,0,0,1,8,480.0,0.149,-408.7,Normal
BR007,2026-03-03,15,3,17.3,1.9000000000000001,3.0,0,0,0,0,8,480.0,0.036,-462.7,Normal
BR007,2026-03-03,16,1,16.0,1.8,1.8,0,0,0,0,8,480.0,0.033,-464.0,Normal
BR007,2026-03-05,9,12,143.3,31.34166666666667,64.0,15,4,1,4,8,480.0,0.299,-336.7,High
BR007,2026-03-05,10,28,155.2,40.69285714285714,64.8,44,12,5,4,8,480.0,0.323,-324.8,Critical
BR007,2026-03-05,11,15,113.8,38.45333333333333,64.4,49,5,3,3,8,480.0,0.237,-366.2,Critical
BR007,2026-03-05,12,12,90.60000000000001,23.258333333333336,60.5,49,3,3,1,8,480.0,0.189,-389.4,Moderate
BR007,2026-03-05,13,5,62.2,1.8,2.5,48,0,0,1,8,480.0,0.13,-417.8,Normal
BR007,2026-03-05,14,4,31.4,2.025,2.9,47,0,0,0,8,480.0,0.065,-448.6,Normal
BR007,2026-03-05,15,2,15.6,2.85,3.1,44,0,0,0,8,480.0,0.032,-464.4,Normal
BR007,2026-03-06,9,8,119.4,17.05,57.1,4,0,3,2,8,480.0,0.249,-360.6,Moderate
BR007,2026-03-06,10,7,57.900000000000006,15.142857142857142,43.7,3,1,0,0,8,480.0,0.121,-422.1,Moderate
BR007,2026-03-06,11,10,99.6,11.559999999999999,44.2,6,1,1,1,8,480.0,0.208,-380.4,Normal
BR007,2026-03-06,12,13,100.3,20.9,64.9,8,2,2,0,8,480.0,0.209,-379.7,Moderate
BR007,2026-03-06,13,13,151.6,14.546153846153848,36.7,11,0,0,2,8,480.0,0.316,-328.4,Normal
BR007,2026-03-06,14,2,20.1,2.4,3.5,9,0,0,0,8,480.0,0.042,-459.9,Normal
BR007,2026-03-06,15,4,49.400000000000006,2.125,3.4,10,0,0,0,8,480.0,0.103,-430.6,Normal
BR007,2026-03-06,16,1,13.0,3.0,3.0,5,0,0,0,8,480.0,0.027,-467.0,Normal
BR007,2026-03-07,9,10,106.8,7.75,37.7,3,0,2,1,8,480.0,0.222,-373.2,Normal
BR007,2026-03-07,10,8,79.1,23.8375,61.4,5,1,3,1,8,480.0,0.165,-400.9,Moderate
BR007,2026-03-07,11,7,64.7,10.028571428571428,54.1,3,0,0,0,8,480.0,0.135,-415.3,Normal
BR007,2026-03-07,12,8,107.60000000000001,11.7875,31.0,4,0,0,1,8,480.0,0.224,-372.4,Normal
BR007,2026-03-07,13,5,71.8,7.040000000000001,27.7,1,0,0,0,8,480.0,0.15,-408.2,Normal
BR007,2026-03-07,14,9,77.6,21.82222222222222,64.1,6,0,0,0,8,480.0,0.162,-402.4,Moderate
BR007,2026-03-07,15,6,67.5,10.700000000000001,44.4,5,0,0,0,8,480.0,0.141,-412.5,Normal
BR007,2026-03-09,9,16,185.4,7.168749999999999,31.4,2,0,2,1,8,480.0,0.386,-294.6,Normal
BR007,2026-03-09,10,12,141.7,5.875,22.1,3,0,1,1,8,480.0,0.295,-338.3,Normal
BR007,2026-03-09,11,12,100.0,2.891666666666667,14.1,1,0,0,1,8,480.0,0.208,-380.0,Normal
BR007,2026-03-09,12,7,77.9,4.185714285714286,19.5,1,0,1,2,8,480.0,0.162,-402.1,Normal
BR007,2026-03-09,13,6,44.4,1.9666666666666668,3.3,0,0,2,0,8,480.0,0.092,-435.6,Normal
BR007,2026-03-09,14,9,112.39999999999999,1.8888888888888888,3.5,0,0,2,2,8,480.0,0.234,-367.6,Normal
BR007,2026-03-09,15,2,23.8,2.5,3.3,0,0,0,1,8,480.0,0.05,-456.2,Normal
BR007,2026-03-10,9,15,125.6,2.2733333333333334,3.4,0,0,2,1,8,480.0,0.262,-354.4,Normal
BR007,2026-03-10,10,10,74.6,2.1399999999999997,3.5,0,0,5,0,8,480.0,0.155,-405.4,Normal
BR007,2026-03-10,11,8,68.1,2.375,3.4,0,0,0,1,8,480.0,0.142,-411.9,Normal
BR007,2026-03-10,12,8,110.3,2.2625,3.4,0,0,0,1,8,480.0,0.23,-369.7,Normal
BR007,2026-03-10,13,6,94.1,2.2666666666666666,2.9,0,0,0,1,8,480.0,0.196,-385.9,Normal
BR007,2026-03-10,14,1,14.5,1.9,1.9,0,0,0,0,8,480.0,0.03,-465.5,Normal
BR007,2026-03-10,15,5,90.5,2.66,3.2,0,0,0,2,8,480.0,0.189,-389.5,Normal
BR007,2026-03-10,16,1,8.1,1.1,1.1,0,0,0,0,8,480.0,0.017,-471.9,Normal
BR007,2026-03-11,9,8,85.2,2.3125,3.4,0,0,1,1,8,480.0,0.178,-394.8,Normal
BR007,2026-03-11,10,8,124.0,2.1,3.2,0,0,0,3,8,480.0,0.258,-356.0,Normal
BR007,2026-03-11,11,4,44.8,2.3,3.5,0,0,0,0,8,480.0,0.093,-435.2,Normal
BR007,2026-03-11,12,4,58.0,2.6,3.2,0,0,0,1,8,480.0,0.121,-422.0,Normal
BR007,2026-03-11,13,4,61.7,2.2,3.5,0,0,0,1,8,480.0,0.129,-418.3,Normal
BR007,2026-03-11,14,3,42.0,2.1333333333333333,2.7,0,0,0,1,8,480.0,0.088,-438.0,Normal
BR007,2026-03-11,15,3,20.3,2.1333333333333333,3.2,0,0,0,0,8,480.0,0.042,-459.7,Normal
BR007,2026-03-12,9,11,192.20000000000002,3.3181818181818183,17.3,1,0,3,3,8,480.0,0.4,-287.8,Normal
BR007,2026-03-12,10,10,123.1,1.75,2.7,0,0,2,2,8,480.0,0.256,-356.9,Normal
BR007,2026-03-12,11,8,112.1,4.9125,21.2,2,0,0,2,8,480.0,0.234,-367.9,Normal
BR007,2026-03-12,12,8,53.8,2.45,3.4,0,0,0,0,8,480.0,0.112,-426.2,Normal
BR007,2026-03-12,13,4,58.3,2.3,3.4,1,0,0,1,8,480.0,0.121,-421.7,Normal
BR007,2026-03-12,14,4,71.9,2.125,2.4,0,0,0,2,8,480.0,0.15,-408.1,Normal
BR007,2026-03-12,15,2,14.8,2.4,3.1,0,0,0,0,8,480.0,0.031,-465.2,Normal
BR007,2026-03-13,9,11,145.4,2.3363636363636364,3.0,1,0,2,2,8,480.0,0.303,-334.6,Normal
BR007,2026-03-13,10,9,148.8,8.866666666666667,37.2,1,0,0,2,8,480.0,0.31,-331.2,Normal
BR007,2026-03-13,11,12,164.6,2.1999999999999997,3.3,0,0,3,3,8,480.0,0.343,-315.4,Normal
BR007,2026-03-13,12,6,69.6,2.15,3.2,0,0,1,1,8,480.0,0.145,-410.4,Normal
BR007,2026-03-13,13,6,125.2,2.0,3.2,0,0,1,2,8,480.0,0.261,-354.8,Normal
BR007,2026-03-13,14,8,83.3,7.9125,29.7,2,0,0,0,8,480.0,0.174,-396.7,Normal
BR007,2026-03-13,15,8,136.5,2.5125,3.4,1,0,0,3,8,480.0,0.284,-343.5,Normal
BR007,2026-03-16,9,7,83.80000000000001,2.257142857142857,3.4,0,0,1,1,8,480.0,0.175,-396.2,Normal
BR007,2026-03-16,10,11,126.4,2.6727272727272724,7.0,1,0,3,3,8,480.0,0.263,-353.6,Normal
BR007,2026-03-16,11,6,74.8,1.9666666666666668,2.9,0,0,0,1,8,480.0,0.156,-405.2,Normal
BR007,2026-03-16,12,8,154.6,3.1624999999999996,12.1,1,0,2,4,8,480.0,0.322,-325.4,Normal
BR007,2026-03-16,13,7,68.3,1.4285714285714286,2.5,0,0,0,0,8,480.0,0.142,-411.7,Normal
BR007,2026-03-16,14,6,50.9,2.3666666666666667,3.1,0,0,0,0,8,480.0,0.106,-429.1,Normal
BR007,2026-03-16,15,4,33.8,1.25,1.5,0,0,0,0,8,480.0,0.07,-446.2,Normal
BR007,2026-03-17,9,6,69.3,2.15,3.3,0,0,1,1,8,480.0,0.144,-410.7,Normal
BR007,2026-03-17,10,11,167.7,2.8272727272727276,8.0,1,0,3,1,8,480.0,0.349,-312.3,Normal
BR007,2026-03-17,11,8,71.3,2.3125,3.4,0,0,1,0,8,480.0,0.149,-408.7,Normal
BR007,2026-03-17,12,9,115.3,2.6333333333333333,6.7,1,0,0,2,8,480.0,0.24,-364.7,Normal
BR007,2026-03-17,13,8,54.6,1.8375,3.2,0,0,0,0,8,480.0,0.114,-425.4,Normal
BR007,2026-03-17,14,3,20.7,2.3333333333333335,2.7,0,0,0,0,8,480.0,0.043,-459.3,Normal
BR007,2026-03-17,15,2,17.799999999999997,2.85,3.0,0,0,0,0,8,480.0,0.037,-462.2,Normal
BR007,2026-03-18,9,11,137.4,5.927272727272728,24.2,2,0,0,1,8,480.0,0.286,-342.6,Normal
BR007,2026-03-18,10,14,146.3,1.8499999999999999,3.4,3,0,2,2,8,480.0,0.305,-333.7,Normal
BR007,2026-03-18,11,12,147.6,2.191666666666667,3.4,0,0,2,2,8,480.0,0.308,-332.4,Normal
BR007,2026-03-18,12,8,85.0,2.0749999999999997,3.5,0,0,1,0,8,480.0,0.177,-395.0,Normal
BR007,2026-03-18,13,3,19.799999999999997,2.8666666666666667,3.2,0,0,0,0,8,480.0,0.041,-460.2,Normal
BR007,2026-03-18,14,2,22.1,1.9000000000000001,2.7,0,0,0,0,8,480.0,0.046,-457.9,Normal
BR007,2026-03-18,15,3,47.400000000000006,2.233333333333333,3.3,0,0,0,1,8,480.0,0.099,-432.6,Normal
BR007,2026-03-18,16,1,8.5,2.7,2.7,0,0,0,0,8,480.0,0.018,-471.5,Normal
BR007,2026-03-19,9,8,52.1,1.825,3.0,0,0,3,0,8,480.0,0.109,-427.9,Normal
BR007,2026-03-19,10,6,56.8,1.8833333333333335,3.1,0,0,1,0,8,480.0,0.118,-423.2,Normal
BR007,2026-03-19,11,10,152.8,1.86,2.7,1,0,1,2,8,480.0,0.318,-327.2,Normal
BR007,2026-03-19,12,7,106.6,2.8000000000000003,3.4,0,0,0,2,8,480.0,0.222,-373.4,Normal
BR007,2026-03-19,14,2,28.6,2.15,2.8,0,0,0,0,8,480.0,0.06,-451.4,Normal
BR007,2026-03-19,15,8,137.5,2.3375,3.4,0,0,0,2,8,480.0,0.286,-342.5,Normal
BR007,2026-03-21,9,10,78.2,1.9100000000000001,3.3,0,0,4,0,8,480.0,0.163,-401.8,Normal
BR007,2026-03-21,10,13,149.8,13.615384615384615,51.7,6,2,2,3,8,480.0,0.312,-330.2,Normal
BR007,2026-03-21,11,9,90.8,5.888888888888889,20.3,5,0,1,0,8,480.0,0.189,-389.2,Normal
BR007,2026-03-21,12,8,79.2,1.9125,3.5,4,0,0,1,8,480.0,0.165,-400.8,Normal
BR007,2026-03-21,13,3,26.0,1.9000000000000001,2.2,0,0,0,0,8,480.0,0.054,-454.0,Normal
BR007,2026-03-21,14,8,144.8,3.45,12.0,1,0,0,3,8,480.0,0.302,-335.2,Normal
BR007,2026-03-21,15,3,35.1,2.1,2.6,0,0,0,0,8,480.0,0.073,-444.9,Normal
BR007,2026-03-21,16,1,15.0,1.1,1.1,0,0,0,0,8,480.0,0.031,-465.0,Normal
BR007,2026-03-23,9,15,157.6,32.666666666666664,64.4,11,6,3,4,8,480.0,0.328,-322.4,High
BR007,2026-03-23,10,11,179.2,18.136363636363637,63.4,19,1,3,4,8,480.0,0.373,-300.8,Moderate
BR007,2026-03-23,11,15,181.3,20.18,62.2,21,2,0,2,8,480.0,0.378,-298.7,Moderate
BR007,2026-03-23,12,5,27.700000000000003,6.640000000000001,18.9,21,0,0,0,8,480.0,0.058,-452.3,Normal
BR007,2026-03-23,13,5,52.900000000000006,2.2,3.2,20,0,0,0,8,480.0,0.11,-427.1,Normal
BR007,2026-03-23,14,7,65.2,2.542857142857143,4.6,18,0,0,0,8,480.0,0.136,-414.8,Normal
BR007,2026-03-23,15,2,16.3,1.5499999999999998,1.7,10,0,0,0,8,480.0,0.034,-463.7,Normal
BR007,2026-03-23,16,1,37.7,3.2,3.2,10,0,0,1,8,480.0,0.079,-442.3,Normal
BR007,2026-03-24,9,10,123.8,4.0600000000000005,21.8,1,0,2,2,8,480.0,0.258,-356.2,Normal
BR007,2026-03-24,10,9,123.1,4.444444444444445,22.4,1,0,2,2,8,480.0,0.256,-356.9,Normal
BR007,2026-03-24,11,5,58.3,2.08,3.0,0,0,0,1,8,480.0,0.121,-421.7,Normal
BR007,2026-03-24,12,8,111.5,2.1375,3.0,0,0,0,2,8,480.0,0.232,-368.5,Normal
BR007,2026-03-24,13,4,83.5,2.875,3.4,0,0,0,2,8,480.0,0.174,-396.5,Normal
BR007,2026-03-24,14,2,13.5,2.45,2.7,0,0,0,0,8,480.0,0.028,-466.5,Normal
BR007,2026-03-24,15,1,21.5,3.2,3.2,0,0,0,1,8,480.0,0.045,-458.5,Normal
BR007,2026-03-25,9,12,132.3,4.241666666666666,27.2,1,0,3,0,8,480.0,0.276,-347.7,Normal
BR007,2026-03-25,10,9,72.4,2.8444444444444446,5.7,1,0,1,0,8,480.0,0.151,-407.6,Normal
BR007,2026-03-25,11,3,25.1,2.8000000000000003,3.2,0,0,0,0,8,480.0,0.052,-454.9,Normal
BR007,2026-03-25,12,3,27.7,2.033333333333333,3.0,0,0,0,1,8,480.0,0.058,-452.3,Normal
BR007,2026-03-25,13,7,68.5,2.2857142857142856,3.3,0,0,0,0,8,480.0,0.143,-411.5,Normal
BR007,2026-03-25,14,2,21.5,2.4,3.5,0,0,0,0,8,480.0,0.045,-458.5,Normal
BR007,2026-03-25,15,2,18.9,1.95,3.0,0,0,0,0,8,480.0,0.039,-461.1,Normal
BR007,2026-03-26,9,10,154.2,5.2,21.1,1,0,3,3,8,480.0,0.321,-325.8,Normal
BR007,2026-03-26,10,6,69.19999999999999,2.35,3.1,0,0,1,0,8,480.0,0.144,-410.8,Normal
BR007,2026-03-26,11,9,67.7,3.288888888888889,14.3,2,0,1,0,8,480.0,0.141,-412.3,Normal
BR007,2026-03-26,12,8,114.60000000000001,5.4375,26.3,1,0,1,2,8,480.0,0.239,-365.4,Normal
BR007,2026-03-26,13,6,53.8,2.3833333333333333,3.1,0,0,0,0,8,480.0,0.112,-426.2,Normal
BR007,2026-03-26,14,5,75.6,2.42,3.3,0,0,0,2,8,480.0,0.158,-404.4,Normal
BR007,2026-03-26,15,2,40.4,1.95,2.3,0,0,0,1,8,480.0,0.084,-439.6,Normal
BR007,2026-03-27,9,4,66.8,2.6,3.0,0,0,0,2,8,480.0,0.139,-413.2,Normal
BR007,2026-03-27,10,18,201.20000000000002,6.488888888888889,31.8,3,0,4,2,8,480.0,0.419,-278.8,Normal
BR007,2026-03-27,11,10,109.9,3.75,16.2,2,0,2,1,8,480.0,0.229,-370.1,Normal
BR007,2026-03-27,12,9,114.2,2.1555555555555554,3.5,1,0,1,1,8,480.0,0.238,-365.8,Normal
BR007,2026-03-27,13,9,103.0,2.9222222222222225,5.2,1,0,0,0,8,480.0,0.215,-377.0,Normal
BR007,2026-03-27,14,9,98.0,2.9444444444444446,7.4,1,0,0,2,8,480.0,0.204,-382.0,Normal
BR007,2026-03-27,15,4,45.9,2.45,3.5,0,0,0,0,8,480.0,0.096,-434.1,Normal
BR007,2026-03-27,16,1,7.3,2.8,2.8,0,0,0,0,8,480.0,0.015,-472.7,Normal
BR008,2025-10-01,9,4,47.0,2.575,3.2,0,0,1,1,6,360.0,0.131,-313.0,Normal
BR008,2025-10-01,10,6,66.4,2.3666666666666667,3.4,1,0,2,1,6,360.0,0.184,-293.6,Normal
BR008,2025-10-01,11,6,36.1,2.6166666666666667,3.3,0,0,2,0,6,360.0,0.1,-323.9,Normal
BR008,2025-10-01,12,4,24.6,2.1,2.8,0,0,0,0,6,360.0,0.068,-335.4,Normal
BR008,2025-10-01,13,8,87.6,2.4625,3.4,0,0,0,3,6,360.0,0.243,-272.4,Normal
BR008,2025-10-01,14,1,4.2,1.3,1.3,0,0,0,0,6,360.0,0.012,-355.8,Normal
BR008,2025-10-01,15,7,107.2,2.6571428571428575,3.5,0,0,0,2,6,360.0,0.298,-252.8,Normal
BR008,2025-10-01,16,1,5.8,0.9,0.9,0,0,0,0,6,360.0,0.016,-354.2,Normal
BR008,2025-10-03,9,3,41.4,1.9000000000000001,3.0,0,0,0,1,6,360.0,0.115,-318.6,Normal
BR008,2025-10-03,10,4,65.6,2.675,3.1,0,0,0,1,6,360.0,0.182,-294.4,Normal
BR008,2025-10-03,11,10,114.6,13.809999999999999,33.2,6,0,0,2,6,360.0,0.318,-245.4,Normal
BR008,2025-10-03,12,10,170.8,3.8899999999999997,10.2,8,0,1,3,6,360.0,0.474,-189.2,Normal
BR008,2025-10-03,13,5,31.099999999999998,1.7600000000000002,2.7,7,0,1,0,6,360.0,0.086,-328.9,Normal
BR008,2025-10-03,14,7,114.2,2.1285714285714286,3.5,3,0,3,2,6,360.0,0.317,-245.8,Normal
BR008,2025-10-03,15,3,60.7,2.0666666666666664,2.5,0,0,0,1,6,360.0,0.169,-299.3,Normal
BR008,2025-10-04,9,6,61.5,1.9166666666666667,3.3,0,0,2,0,6,360.0,0.171,-298.5,Normal
BR008,2025-10-04,10,5,103.2,2.58,3.2,0,0,0,3,6,360.0,0.287,-256.8,Normal
BR008,2025-10-04,11,12,121.4,10.908333333333333,51.9,2,2,2,3,6,360.0,0.337,-238.6,Normal
BR008,2025-10-04,12,9,162.9,4.4222222222222225,21.8,3,0,0,2,6,360.0,0.452,-197.1,Normal
BR008,2025-10-04,13,6,77.1,2.6166666666666667,3.4,1,0,0,1,6,360.0,0.214,-282.9,Normal
BR008,2025-10-04,14,2,24.6,2.0500000000000003,3.2,0,0,0,1,6,360.0,0.068,-335.4,Normal
BR008,2025-10-04,15,2,42.6,3.15,3.3,0,0,0,1,6,360.0,0.118,-317.4,Normal
BR008,2025-10-04,16,2,13.600000000000001,2.35,2.7,0,0,0,0,6,360.0,0.038,-346.4,Normal
BR008,2025-10-06,9,6,47.5,1.6666666666666667,3.1,0,0,0,1,6,360.0,0.132,-312.5,Normal
BR008,2025-10-06,10,6,61.2,2.3833333333333333,3.3,0,0,3,0,6,360.0,0.17,-298.8,Normal
BR008,2025-10-06,11,4,20.6,1.925,2.5,0,0,1,0,6,360.0,0.057,-339.4,Normal
BR008,2025-10-06,12,9,143.5,5.366666666666666,20.5,1,0,0,2,6,360.0,0.399,-216.5,Normal
BR008,2025-10-06,13,8,104.3,1.9125,3.1,0,0,1,2,6,360.0,0.29,-255.7,Normal
BR008,2025-10-06,14,4,41.9,1.6,2.1,0,0,0,1,6,360.0,0.116,-318.1,Normal
BR008,2025-10-06,15,1,22.0,3.3,3.3,0,0,0,0,6,360.0,0.061,-338.0,Normal
BR008,2025-10-07,9,11,117.0,4.509090909090909,18.2,3,0,4,1,6,360.0,0.325,-243.0,Normal
BR008,2025-10-07,10,2,10.0,1.9,2.9,2,0,0,0,6,360.0,0.028,-350.0,Normal
BR008,2025-10-07,11,3,24.6,1.9666666666666668,2.7,1,0,0,0,6,360.0,0.068,-335.4,Normal
BR008,2025-10-07,12,7,100.9,1.957142857142857,3.0,0,0,0,1,6,360.0,0.28,-259.1,Normal
BR008,2025-10-07,13,2,23.299999999999997,1.5,1.8,0,0,0,0,6,360.0,0.065,-336.7,Normal
BR008,2025-10-07,14,3,72.0,1.5,1.7,0,0,0,1,6,360.0,0.2,-288.0,Normal
BR008,2025-10-07,15,6,35.1,1.8333333333333333,3.0,0,0,0,0,6,360.0,0.098,-324.9,Normal
BR008,2025-10-08,9,2,11.2,10.55,19.0,1,0,0,0,6,360.0,0.031,-348.8,Normal
BR008,2025-10-08,10,8,89.3,2.075,3.1,0,0,2,2,6,360.0,0.248,-270.7,Normal
BR008,2025-10-08,11,2,18.2,1.45,1.5,0,0,0,0,6,360.0,0.051,-341.8,Normal
BR008,2025-10-08,12,6,72.7,1.75,2.9,0,0,1,0,6,360.0,0.202,-287.3,Normal
BR008,2025-10-08,13,2,18.5,2.05,2.7,0,0,0,0,6,360.0,0.051,-341.5,Normal
BR008,2025-10-08,14,11,189.2,4.118181818181818,12.9,2,0,0,6,6,360.0,0.526,-170.8,Normal
BR008,2025-10-08,15,2,22.8,2.3,3.1,0,0,0,0,6,360.0,0.063,-337.2,Normal
BR008,2025-10-09,9,5,118.2,1.6800000000000002,2.3,0,0,0,3,6,360.0,0.328,-241.8,Normal
BR008,2025-10-09,10,4,44.8,6.025,15.6,1,0,1,0,6,360.0,0.124,-315.2,Normal
BR008,2025-10-09,11,9,104.1,1.8555555555555554,3.2,0,0,2,1,6,360.0,0.289,-255.9,Normal
BR008,2025-10-09,12,3,31.6,2.566666666666667,2.7,0,0,0,1,6,360.0,0.088,-328.4,Normal
BR008,2025-10-09,13,3,32.4,2.2,3.2,0,0,0,0,6,360.0,0.09,-327.6,Normal
BR008,2025-10-09,14,5,26.8,2.04,3.5,0,0,0,0,6,360.0,0.074,-333.2,Normal
BR008,2025-10-09,15,2,22.6,1.65,2.0,0,0,0,0,6,360.0,0.063,-337.4,Normal
BR008,2025-10-09,16,1,5.0,1.9,1.9,0,0,0,0,6,360.0,0.014,-355.0,Normal
BR008,2025-10-10,9,8,101.39999999999999,2.15,3.5,0,0,2,1,6,360.0,0.282,-258.6,Normal
BR008,2025-10-10,10,10,133.4,2.09,3.0,0,0,5,1,6,360.0,0.371,-226.6,Normal
BR008,2025-10-10,11,4,55.4,5.95,18.0,1,0,0,0,6,360.0,0.154,-304.6,Normal
BR008,2025-10-10,12,10,153.5,8.059999999999999,26.8,3,0,0,3,6,360.0,0.426,-206.5,Normal
BR008,2025-10-10,13,6,72.19999999999999,2.3000000000000003,3.2,2,0,0,1,6,360.0,0.201,-287.8,Normal
BR008,2025-10-10,14,7,79.9,5.514285714285713,24.9,1,0,0,0,6,360.0,0.222,-280.1,Normal
BR008,2025-10-10,15,5,59.3,2.06,3.4,0,0,0,0,6,360.0,0.165,-300.7,Normal
BR008,2025-10-13,9,8,91.0,1.975,3.2,0,0,2,2,6,360.0,0.253,-269.0,Normal
BR008,2025-10-13,10,14,162.3,6.985714285714286,27.4,3,0,2,2,6,360.0,0.451,-197.7,Normal
BR008,2025-10-13,11,5,51.2,1.3599999999999999,2.0,2,0,0,0,6,360.0,0.142,-308.8,Normal
BR008,2025-10-13,13,5,88.39999999999999,2.44,3.1,2,0,2,1,6,360.0,0.246,-271.6,Normal
BR008,2025-10-13,14,4,44.5,2.625,3.1,0,0,0,0,6,360.0,0.124,-315.5,Normal
BR008,2025-10-13,15,3,38.7,2.1,2.8,0,0,0,1,6,360.0,0.108,-321.3,Normal
BR008,2025-10-14,9,5,103.8,1.78,2.4,0,0,0,2,6,360.0,0.288,-256.2,Normal
BR008,2025-10-14,10,5,96.7,1.9600000000000002,2.5,0,0,1,2,6,360.0,0.269,-263.3,Normal
BR008,2025-10-14,11,6,96.1,2.216666666666667,3.3,1,0,1,2,6,360.0,0.267,-263.9,Normal
BR008,2025-10-14,12,7,88.2,16.214285714285715,34.1,4,0,1,1,6,360.0,0.245,-271.8,Moderate
BR008,2025-10-14,13,8,95.7,2.3875,4.8,5,0,2,1,6,360.0,0.266,-264.3,Normal
BR008,2025-10-14,14,3,71.2,1.7666666666666666,2.1,4,0,0,2,6,360.0,0.198,-288.8,Normal
BR008,2025-10-14,15,3,48.3,1.8666666666666665,2.7,0,0,0,1,6,360.0,0.134,-311.7,Normal
BR008,2025-10-15,9,6,36.6,2.1333333333333333,3.1,0,0,2,0,6,360.0,0.102,-323.4,Normal
BR008,2025-10-15,10,9,114.6,2.1444444444444444,3.5,0,0,2,1,6,360.0,0.318,-245.4,Normal
BR008,2025-10-15,11,1,7.0,2.4,2.4,0,0,0,0,6,360.0,0.019,-353.0,Normal
BR008,2025-10-15,12,5,69.5,2.52,3.3,0,0,0,2,6,360.0,0.193,-290.5,Normal
BR008,2025-10-15,13,3,44.1,2.6666666666666665,3.3,0,0,0,1,6,360.0,0.122,-315.9,Normal
BR008,2025-10-15,14,3,19.2,3.1999999999999997,3.4,0,0,0,0,6,360.0,0.053,-340.8,Normal
BR008,2025-10-15,15,3,35.3,2.766666666666667,3.1,0,0,0,1,6,360.0,0.098,-324.7,Normal
BR008,2025-10-16,9,5,79.89999999999999,3.44,6.6,1,0,0,2,6,360.0,0.222,-280.1,Normal
BR008,2025-10-16,10,6,58.6,15.933333333333332,64.8,2,1,1,1,6,360.0,0.163,-301.4,Moderate
BR008,2025-10-16,11,6,63.2,15.149999999999999,37.9,3,0,1,0,6,360.0,0.176,-296.8,Moderate
BR008,2025-10-16,12,9,72.0,29.477777777777778,64.9,7,4,2,4,6,360.0,0.2,-288.0,High
BR008,2025-10-16,13,6,47.8,26.766666666666666,58.0,6,2,0,1,6,360.0,0.133,-312.2,High
BR008,2025-10-16,14,6,83.7,11.65,34.0,8,0,0,1,6,360.0,0.232,-276.3,Normal
BR008,2025-10-16,15,1,28.2,3.4,3.4,7,0,0,1,6,360.0,0.078,-331.8,Normal
BR008,2025-10-17,9,4,34.1,1.675,2.4,0,0,1,0,6,360.0,0.095,-325.9,Normal
BR008,2025-10-17,10,10,140.7,16.89,38.5,6,0,1,2,6,360.0,0.391,-219.3,Moderate
BR008,2025-10-17,11,8,114.5,2.525,4.8,5,0,2,3,6,360.0,0.318,-245.5,Normal
BR008,2025-10-17,12,7,100.5,2.1142857142857143,3.3,4,0,0,3,6,360.0,0.279,-259.5,Normal
BR008,2025-10-17,13,5,81.8,2.98,3.5,0,0,0,2,6,360.0,0.227,-278.2,Normal
BR008,2025-10-17,14,6,58.1,2.533333333333333,3.4,0,0,0,1,6,360.0,0.161,-301.9,Normal
BR008,2025-10-17,15,2,30.6,2.8499999999999996,3.4,0,0,0,0,6,360.0,0.085,-329.4,Normal
BR008,2025-10-17,16,1,25.4,1.1,1.1,0,0,0,1,6,360.0,0.071,-334.6,Normal
BR008,2025-10-18,9,9,153.4,3.144444444444444,9.5,1,0,2,3,6,360.0,0.426,-206.6,Normal
BR008,2025-10-18,10,6,61.0,1.7333333333333334,3.4,0,0,0,1,6,360.0,0.169,-299.0,Normal
BR008,2025-10-18,11,5,82.9,2.44,3.3,0,0,2,2,6,360.0,0.23,-277.1,Normal
BR008,2025-10-18,12,6,41.6,17.650000000000002,39.8,3,0,0,1,6,360.0,0.116,-318.4,Moderate
BR008,2025-10-18,13,12,162.3,7.7250000000000005,25.2,4,0,0,3,6,360.0,0.451,-197.7,Normal
BR008,2025-10-18,14,4,59.4,2.325,2.8,3,0,0,1,6,360.0,0.165,-300.6,Normal
BR008,2025-10-18,15,1,8.0,1.6,1.6,0,0,0,0,6,360.0,0.022,-352.0,Normal
BR008,2025-10-22,9,8,153.5,3.125,8.5,1,0,2,4,6,360.0,0.426,-206.5,Normal
BR008,2025-10-22,10,4,57.2,2.5500000000000003,2.7,0,0,0,0,6,360.0,0.159,-302.8,Normal
BR008,2025-10-22,11,6,68.9,2.0833333333333335,3.2,0,0,2,1,6,360.0,0.191,-291.1,Normal
BR008,2025-10-22,12,2,11.5,1.4,1.7,0,0,0,0,6,360.0,0.032,-348.5,Normal
BR008,2025-10-22,13,6,54.3,2.533333333333333,3.4,0,0,0,0,6,360.0,0.151,-305.7,Normal
BR008,2025-10-22,14,3,15.6,3.1333333333333333,3.3,0,0,0,0,6,360.0,0.043,-344.4,Normal
BR008,2025-10-23,9,7,95.5,5.742857142857143,15.4,3,0,1,1,6,360.0,0.265,-264.5,Normal
BR008,2025-10-23,10,6,80.9,1.6166666666666665,2.5,2,0,1,1,6,360.0,0.225,-279.1,Normal
BR008,2025-10-23,11,9,117.4,2.755555555555555,8.5,1,0,0,3,6,360.0,0.326,-242.6,Normal
BR008,2025-10-23,12,2,66.6,1.75,2.6,0,0,0,2,6,360.0,0.185,-293.4,Normal
BR008,2025-10-23,13,6,38.9,2.85,3.5,0,0,3,0,6,360.0,0.108,-321.1,Normal
BR008,2025-10-23,14,4,36.7,2.2,3.5,0,0,0,0,6,360.0,0.102,-323.3,Normal
BR008,2025-10-23,15,3,53.400000000000006,1.3,1.7,0,0,0,1,6,360.0,0.148,-306.6,Normal
BR008,2025-10-24,9,9,89.3,2.677777777777778,7.6,1,0,2,1,6,360.0,0.248,-270.7,Normal
BR008,2025-10-24,10,5,97.7,2.42,3.4,0,0,0,2,6,360.0,0.271,-262.3,Normal
BR008,2025-10-24,11,5,50.4,2.1399999999999997,3.1,0,0,0,1,6,360.0,0.14,-309.6,Normal
BR008,2025-10-24,12,3,57.7,2.4,3.1,0,0,2,1,6,360.0,0.16,-302.3,Normal
BR008,2025-10-24,13,6,74.5,2.316666666666667,3.4,0,0,0,2,6,360.0,0.207,-285.5,Normal
BR008,2025-10-24,14,9,169.6,2.111111111111111,3.2,1,0,1,4,6,360.0,0.471,-190.4,Normal
BR008,2025-10-24,15,1,20.0,2.3,2.3,0,0,0,1,6,360.0,0.056,-340.0,Normal
BR008,2025-10-27,9,6,67.5,2.033333333333333,3.4,0,0,3,1,6,360.0,0.188,-292.5,Normal
BR008,2025-10-27,10,8,125.7,5.85,27.5,1,0,0,3,6,360.0,0.349,-234.3,Normal
BR008,2025-10-27,11,4,70.6,2.75,3.2,0,0,0,1,6,360.0,0.196,-289.4,Normal
BR008,2025-10-27,12,7,91.4,2.4857142857142853,4.1,1,0,0,2,6,360.0,0.254,-268.6,Normal
BR008,2025-10-27,13,4,62.3,2.0,3.2,0,0,0,2,6,360.0,0.173,-297.7,Normal
BR008,2025-10-27,14,3,45.8,2.8000000000000003,3.2,0,0,0,1,6,360.0,0.127,-314.2,Normal
BR008,2025-10-27,15,2,31.1,1.6,2.2,0,0,0,1,6,360.0,0.086,-328.9,Normal
BR008,2025-10-28,9,10,130.7,12.55,36.7,4,0,1,1,6,360.0,0.363,-229.3,Normal
BR008,2025-10-28,10,18,186.8,5.094444444444445,19.5,8,0,5,1,6,360.0,0.519,-173.2,Normal
BR008,2025-10-28,11,5,69.3,5.16,16.8,4,0,0,0,6,360.0,0.192,-290.7,Normal
BR008,2025-10-28,12,9,112.60000000000001,7.288888888888888,20.0,5,0,1,1,6,360.0,0.313,-247.4,Normal
BR008,2025-10-28,13,7,90.6,2.1857142857142855,3.4,3,0,1,3,6,360.0,0.252,-269.4,Normal
BR008,2025-10-28,14,7,65.0,2.142857142857143,3.5,2,0,0,1,6,360.0,0.181,-295.0,Normal
BR008,2025-10-28,15,3,32.4,1.9333333333333336,3.1,0,0,0,0,6,360.0,0.09,-327.6,Normal
BR008,2025-10-28,16,1,6.0,0.9,0.9,0,0,0,0,6,360.0,0.017,-354.0,Normal
BR008,2025-10-29,9,11,209.20000000000002,4.2272727272727275,22.5,1,0,4,5,6,360.0,0.581,-150.8,Normal
BR008,2025-10-29,10,2,16.1,1.3,1.7,0,0,0,0,6,360.0,0.045,-343.9,Normal
BR008,2025-10-29,11,9,118.1,2.022222222222222,3.4,0,0,0,2,6,360.0,0.328,-241.9,Normal
BR008,2025-10-29,12,8,117.39999999999999,1.9625,3.0,0,0,0,2,6,360.0,0.326,-242.6,Normal
BR008,2025-10-29,13,2,43.6,2.4,2.9,0,0,0,1,6,360.0,0.121,-316.4,Normal
BR008,2025-10-29,14,8,128.9,2.0125,3.0,0,0,0,2,6,360.0,0.358,-231.1,Normal
BR008,2025-10-29,15,1,3.9,1.6,1.6,0,0,0,0,6,360.0,0.011,-356.1,Normal
BR008,2025-10-30,9,10,152.4,9.889999999999999,37.8,2,0,3,4,6,360.0,0.423,-207.6,Normal
BR008,2025-10-30,10,11,145.9,5.109090909090909,23.1,2,0,1,1,6,360.0,0.405,-214.1,Normal
BR008,2025-10-30,11,5,52.2,2.7199999999999998,3.0,1,0,0,1,6,360.0,0.145,-307.8,Normal
BR008,2025-10-30,12,7,102.7,4.571428571428571,17.8,1,0,1,1,6,360.0,0.285,-257.3,Normal
BR008,2025-10-30,13,4,61.5,2.175,2.9,0,0,0,1,6,360.0,0.171,-298.5,Normal
BR008,2025-10-30,14,5,91.1,1.4600000000000002,2.0,0,0,0,1,6,360.0,0.253,-268.9,Normal
BR008,2025-10-31,9,13,122.0,15.838461538461539,50.2,8,3,3,3,6,360.0,0.339,-238.0,Moderate
BR008,2025-10-31,10,15,153.6,7.733333333333333,32.5,8,0,0,2,6,360.0,0.427,-206.4,Normal
BR008,2025-10-31,11,12,121.7,3.9499999999999997,17.4,6,0,3,2,6,360.0,0.338,-238.3,Normal
BR008,2025-10-31,12,12,103.10000000000001,7.008333333333333,34.3,3,0,2,1,6,360.0,0.286,-256.9,Normal
BR008,2025-10-31,13,7,82.8,1.4857142857142858,2.2,1,0,0,0,6,360.0,0.23,-277.2,Normal
BR008,2025-10-31,14,4,45.3,1.9,2.3,0,0,0,0,6,360.0,0.126,-314.7,Normal
BR008,2025-10-31,15,1,10.7,2.7,2.7,0,0,0,0,6,360.0,0.03,-349.3,Normal
BR008,2025-11-03,9,12,103.1,2.35,3.4,0,0,2,1,6,360.0,0.286,-256.9,Normal
BR008,2025-11-03,10,10,184.8,2.3,3.3,1,0,1,5,6,360.0,0.513,-175.2,Normal
BR008,2025-11-03,11,4,49.6,2.55,3.1,0,0,1,1,6,360.0,0.138,-310.4,Normal
BR008,2025-11-03,12,12,256.3,4.566666666666666,22.6,2,0,1,5,6,360.0,0.712,-103.7,Normal
BR008,2025-11-03,13,3,30.200000000000003,2.2333333333333334,3.1,0,0,0,0,6,360.0,0.084,-329.8,Normal
BR008,2025-11-03,14,6,70.80000000000001,3.1666666666666665,10.8,1,0,0,1,6,360.0,0.197,-289.2,Normal
BR008,2025-11-03,15,4,24.3,2.05,2.9,0,0,0,0,6,360.0,0.068,-335.7,Normal
BR008,2025-11-04,9,10,99.1,5.25,25.3,1,0,0,1,6,360.0,0.275,-260.9,Normal
BR008,2025-11-04,10,5,42.8,1.9600000000000002,3.1,0,0,1,0,6,360.0,0.119,-317.2,Normal
BR008,2025-11-04,11,9,161.8,2.888888888888889,13.4,1,0,2,3,6,360.0,0.449,-198.2,Normal
BR008,2025-11-04,12,3,34.2,1.9666666666666668,2.8,0,0,0,0,6,360.0,0.095,-325.8,Normal
BR008,2025-11-04,13,4,39.4,1.95,3.5,0,0,2,0,6,360.0,0.109,-320.6,Normal
BR008,2025-11-04,14,2,16.2,3.05,3.2,0,0,0,0,6,360.0,0.045,-343.8,Normal
BR008,2025-11-04,15,2,32.3,0.8,0.8,0,0,0,1,6,360.0,0.09,-327.7,Normal
BR008,2025-11-05,9,4,32.1,4.8999999999999995,16.9,1,0,2,1,6,360.0,0.089,-327.9,Normal
BR008,2025-11-05,10,11,166.1,6.2,28.2,1,0,2,3,6,360.0,0.461,-193.9,Normal
BR008,2025-11-05,11,8,95.7,18.6625,43.7,3,0,0,1,6,360.0,0.266,-264.3,Moderate
BR008,2025-11-05,12,13,141.2,5.5,16.0,4,0,0,3,6,360.0,0.392,-218.8,Normal
BR008,2025-11-05,13,10,106.2,2.37,3.2,3,0,0,0,6,360.0,0.295,-253.8,Normal
BR008,2025-11-05,14,2,39.800000000000004,2.4000000000000004,2.6,0,0,0,1,6,360.0,0.111,-320.2,Normal
BR008,2025-11-06,9,7,98.1,2.2857142857142856,3.1,1,0,0,2,6,360.0,0.272,-261.9,Normal
BR008,2025-11-06,10,4,34.400000000000006,10.875,37.3,1,0,1,0,6,360.0,0.096,-325.6,Normal
BR008,2025-11-06,11,10,108.9,4.58,16.9,2,0,3,4,6,360.0,0.302,-251.1,Normal
BR008,2025-11-06,12,7,80.8,2.1142857142857143,3.2,1,0,1,2,6,360.0,0.224,-279.2,Normal
BR008,2025-11-06,13,2,34.4,1.2999999999999998,1.4,0,0,1,0,6,360.0,0.096,-325.6,Normal
BR008,2025-11-06,14,7,126.1,2.457142857142857,3.2,0,0,0,3,6,360.0,0.35,-233.9,Normal
BR008,2025-11-06,15,3,27.1,2.6666666666666665,3.1,0,0,0,0,6,360.0,0.075,-332.9,Normal
BR008,2025-11-07,9,12,152.1,11.6,47.1,7,0,1,3,6,360.0,0.422,-207.9,Normal
BR008,2025-11-07,10,13,114.2,5.846153846153846,17.7,8,0,4,0,6,360.0,0.317,-245.8,Normal
BR008,2025-11-07,11,8,130.5,2.0375,2.7,5,0,1,3,6,360.0,0.362,-229.5,Normal
BR008,2025-11-07,12,4,60.5,2.6,3.4,2,0,0,1,6,360.0,0.168,-299.5,Normal
BR008,2025-11-07,13,4,54.300000000000004,2.35,2.6,0,0,0,1,6,360.0,0.151,-305.7,Normal
BR008,2025-11-07,14,2,9.8,3.4,3.5,0,0,0,0,6,360.0,0.027,-350.2,Normal
BR008,2025-11-07,15,4,66.5,2.225,2.5,0,0,0,2,6,360.0,0.185,-293.5,Normal
BR008,2025-11-07,16,2,39.7,1.65,1.7,0,0,0,1,6,360.0,0.11,-320.3,Normal
BR008,2025-11-10,9,2,11.100000000000001,2.5,3.2,0,0,2,0,6,360.0,0.031,-348.9,Normal
BR008,2025-11-10,10,7,77.7,2.3428571428571425,3.4,0,0,0,0,6,360.0,0.216,-282.3,Normal
BR008,2025-11-10,11,6,93.5,2.2666666666666666,3.0,1,0,1,1,6,360.0,0.26,-266.5,Normal
BR008,2025-11-10,12,9,121.19999999999999,2.9444444444444446,11.3,1,0,0,2,6,360.0,0.337,-238.8,Normal
BR008,2025-11-10,13,3,41.9,2.433333333333333,3.3,0,0,0,1,6,360.0,0.116,-318.1,Normal
BR008,2025-11-10,14,6,71.89999999999999,1.6500000000000001,3.0,0,0,0,1,6,360.0,0.2,-288.1,Normal
BR008,2025-11-10,15,4,41.9,2.3,3.1,0,0,0,0,6,360.0,0.116,-318.1,Normal
BR008,2025-11-11,9,6,34.1,2.35,3.4,0,0,0,0,6,360.0,0.095,-325.9,Normal
BR008,2025-11-11,10,6,88.9,2.183333333333333,3.2,0,0,2,1,6,360.0,0.247,-271.1,Normal
BR008,2025-11-11,11,2,11.3,2.1500000000000004,2.2,0,0,0,0,6,360.0,0.031,-348.7,Normal
BR008,2025-11-11,12,3,33.0,2.2666666666666666,3.5,0,0,0,0,6,360.0,0.092,-327.0,Normal
BR008,2025-11-11,13,1,12.2,3.3,3.3,0,0,1,0,6,360.0,0.034,-347.8,Normal
BR008,2025-11-11,14,4,22.8,2.225,3.3,0,0,0,0,6,360.0,0.063,-337.2,Normal
BR008,2025-11-11,15,3,18.9,2.466666666666667,3.1,0,0,0,0,6,360.0,0.052,-341.1,Normal
BR008,2025-11-12,9,4,32.0,2.275,2.8,0,0,1,0,6,360.0,0.089,-328.0,Normal
BR008,2025-11-12,10,6,72.69999999999999,2.6166666666666667,3.5,0,0,1,1,6,360.0,0.202,-287.3,Normal
BR008,2025-11-12,11,10,143.8,1.77,2.8,0,0,0,2,6,360.0,0.399,-216.2,Normal
BR008,2025-11-12,12,2,37.8,1.5499999999999998,1.9,0,0,0,1,6,360.0,0.105,-322.2,Normal
BR008,2025-11-12,13,4,47.9,1.6500000000000001,2.5,0,0,0,1,6,360.0,0.133,-312.1,Normal
BR008,2025-11-12,14,2,6.6,2.1,2.9,0,0,1,0,6,360.0,0.018,-353.4,Normal
BR008,2025-11-12,15,1,13.1,1.4,1.4,0,0,0,0,6,360.0,0.036,-346.9,Normal
BR008,2025-11-13,9,6,68.8,1.4333333333333333,1.9,0,0,1,1,6,360.0,0.191,-291.2,Normal
BR008,2025-11-13,10,9,113.1,4.199999999999999,13.9,2,0,2,2,6,360.0,0.314,-246.9,Normal
BR008,2025-11-13,11,6,86.3,2.35,3.3,1,0,1,2,6,360.0,0.24,-273.7,Normal
BR008,2025-11-13,12,5,81.3,2.2199999999999998,3.4,0,0,0,2,6,360.0,0.226,-278.7,Normal
BR008,2025-11-13,13,1,3.1,1.2,1.2,0,0,0,0,6,360.0,0.009,-356.9,Normal
BR008,2025-11-13,14,9,102.89999999999999,9.422222222222222,39.9,3,0,0,1,6,360.0,0.286,-257.1,Normal
BR008,2025-11-13,15,2,30.6,1.4,1.7,0,0,0,0,6,360.0,0.085,-329.4,Normal
BR008,2025-11-13,16,1,7.5,2.5,2.5,2,0,0,0,6,360.0,0.021,-352.5,Normal
BR008,2025-11-14,9,8,101.9,7.7375,31.9,2,0,4,1,6,360.0,0.283,-258.1,Normal
BR008,2025-11-14,10,8,81.7,11.8625,51.4,2,1,0,2,6,360.0,0.227,-278.3,Normal
BR008,2025-11-14,11,7,77.5,3.1571428571428575,7.5,2,0,0,1,6,360.0,0.215,-282.5,Normal
BR008,2025-11-14,12,7,93.3,3.7428571428571433,14.5,2,0,0,0,6,360.0,0.259,-266.7,Normal
BR008,2025-11-14,13,4,39.2,2.3499999999999996,2.8,1,0,0,0,6,360.0,0.109,-320.8,Normal
BR008,2025-11-14,14,5,57.6,2.8,3.3,0,0,0,1,6,360.0,0.16,-302.4,Normal
BR008,2025-11-14,15,3,39.6,2.3666666666666667,2.8,0,0,0,1,6,360.0,0.11,-320.4,Normal
BR008,2025-11-15,9,7,102.5,3.185714285714286,8.0,1,0,3,1,6,360.0,0.285,-257.5,Normal
BR008,2025-11-15,10,9,105.6,4.322222222222222,13.6,4,0,1,2,6,360.0,0.293,-254.4,Normal
BR008,2025-11-15,11,3,58.6,3.3333333333333335,3.5,3,0,0,2,6,360.0,0.163,-301.4,Normal
BR008,2025-11-15,12,6,52.6,6.816666666666666,29.9,1,0,0,0,6,360.0,0.146,-307.4,Normal
BR008,2025-11-15,13,4,41.300000000000004,3.325,6.0,2,0,0,0,6,360.0,0.115,-318.7,Normal
BR008,2025-11-15,14,3,21.200000000000003,1.7666666666666668,3.2,1,0,0,0,6,360.0,0.059,-338.8,Normal
BR008,2025-11-15,15,1,7.6,2.6,2.6,0,0,0,0,6,360.0,0.021,-352.4,Normal
BR008,2025-11-17,9,13,171.7,5.6,27.5,2,0,5,4,6,360.0,0.477,-188.3,Normal
BR008,2025-11-17,10,9,92.6,5.022222222222222,28.5,1,0,0,1,6,360.0,0.257,-267.4,Normal
BR008,2025-11-17,11,4,27.5,2.5,3.5,0,0,0,0,6,360.0,0.076,-332.5,Normal
BR008,2025-11-17,12,5,95.9,2.32,2.8,0,0,0,1,6,360.0,0.266,-264.1,Normal
BR008,2025-11-17,13,2,10.0,2.55,3.3,0,0,0,0,6,360.0,0.028,-350.0,Normal
BR008,2025-11-17,14,3,39.7,1.1333333333333335,1.3,0,0,0,1,6,360.0,0.11,-320.3,Normal
BR008,2025-11-18,9,2,50.1,20.8,40.0,1,0,0,2,6,360.0,0.139,-309.9,Moderate
BR008,2025-11-18,10,6,67.4,4.666666666666667,16.7,1,0,0,1,6,360.0,0.187,-292.6,Normal
BR008,2025-11-18,11,4,38.2,11.825000000000001,40.2,2,1,0,0,6,360.0,0.106,-321.8,Normal
BR008,2025-11-18,12,6,53.2,5.783333333333334,16.1,2,0,1,0,6,360.0,0.148,-306.8,Normal
BR008,2025-11-18,13,3,35.1,2.3666666666666667,2.9,1,0,1,0,6,360.0,0.098,-324.9,Normal
BR008,2025-11-18,14,2,12.6,3.25,3.4,0,0,0,0,6,360.0,0.035,-347.4,Normal
BR008,2025-11-18,15,1,7.2,1.1,1.1,0,0,0,0,6,360.0,0.02,-352.8,Normal
BR008,2025-11-18,16,1,13.6,2.0,2.0,0,0,0,0,6,360.0,0.038,-346.4,Normal
BR008,2025-11-19,9,7,35.9,15.814285714285715,45.7,2,2,0,1,6,360.0,0.1,-324.1,Moderate
BR008,2025-11-19,10,6,92.9,6.25,18.0,2,0,1,1,6,360.0,0.258,-267.1,Normal
BR008,2025-11-19,11,7,36.0,14.799999999999999,31.4,3,0,1,0,6,360.0,0.1,-324.0,Normal
BR008,2025-11-19,12,10,82.5,19.009999999999998,57.4,4,3,0,3,6,360.0,0.229,-277.5,Moderate
BR008,2025-11-19,13,3,26.8,25.566666666666666,47.3,5,1,1,0,6,360.0,0.074,-333.2,High
BR008,2025-11-19,14,4,50.8,1.9749999999999999,2.5,4,0,0,0,6,360.0,0.141,-309.2,Normal
BR008,2025-11-19,15,1,5.0,2.1,2.1,1,0,0,0,6,360.0,0.014,-355.0,Normal
BR008,2025-11-20,9,6,81.4,9.566666666666666,26.2,2,0,2,2,6,360.0,0.226,-278.6,Normal
BR008,2025-11-20,10,6,55.6,5.45,18.7,3,0,2,1,6,360.0,0.154,-304.4,Normal
BR008,2025-11-20,11,4,31.4,1.925,3.4,2,0,0,0,6,360.0,0.087,-328.6,Normal
BR008,2025-11-20,12,7,89.6,2.1142857142857143,3.2,0,0,0,3,6,360.0,0.249,-270.4,Normal
BR008,2025-11-20,13,2,49.7,2.8,3.2,0,0,0,1,6,360.0,0.138,-310.3,Normal
BR008,2025-11-20,14,3,45.8,2.733333333333333,3.2,0,0,0,1,6,360.0,0.127,-314.2,Normal
BR008,2025-11-20,15,2,15.2,2.3,3.0,0,0,0,0,6,360.0,0.042,-344.8,Normal
BR008,2025-11-21,9,4,43.900000000000006,1.3250000000000002,2.2,0,0,0,0,6,360.0,0.122,-316.1,Normal
BR008,2025-11-21,10,7,102.6,2.2285714285714286,3.2,0,0,3,3,6,360.0,0.285,-257.4,Normal
BR008,2025-11-21,11,4,46.3,2.6,3.1,0,0,1,0,6,360.0,0.129,-313.7,Normal
BR008,2025-11-21,12,6,51.2,26.866666666666664,51.1,5,2,0,1,6,360.0,0.142,-308.8,High
BR008,2025-11-21,13,8,101.80000000000001,3.1,11.3,4,0,1,2,6,360.0,0.283,-258.2,Normal
BR008,2025-11-21,14,5,104.9,2.42,3.4,3,0,0,3,6,360.0,0.291,-255.1,Normal
BR008,2025-11-21,15,2,28.299999999999997,2.05,2.2,0,0,0,0,6,360.0,0.079,-331.7,Normal
BR008,2025-11-24,9,6,66.3,6.316666666666666,28.2,1,0,0,0,6,360.0,0.184,-293.7,Normal
BR008,2025-11-24,10,14,128.20000000000002,14.157142857142858,50.7,4,3,1,2,6,360.0,0.356,-231.8,Normal
BR008,2025-11-24,11,11,199.2,3.3,6.6,4,0,2,7,6,360.0,0.553,-160.8,Normal
BR008,2025-11-24,12,6,92.3,5.633333333333333,19.8,2,0,1,2,6,360.0,0.256,-267.7,Normal
BR008,2025-11-24,13,4,50.0,1.9,3.0,0,0,1,1,6,360.0,0.139,-310.0,Normal
BR008,2025-11-24,14,7,118.80000000000001,6.385714285714286,33.5,1,0,0,2,6,360.0,0.33,-241.2,Normal
BR008,2025-11-24,15,4,51.0,2.25,3.2,0,0,0,1,6,360.0,0.142,-309.0,Normal
BR008,2025-11-25,9,2,21.3,1.7999999999999998,2.3,0,0,0,0,6,360.0,0.059,-338.7,Normal
BR008,2025-11-25,10,4,67.1,2.275,3.1,0,0,1,1,6,360.0,0.186,-292.9,Normal
BR008,2025-11-25,11,10,157.7,3.21,12.8,1,0,2,5,6,360.0,0.438,-202.3,Normal
BR008,2025-11-25,12,2,31.6,2.3,3.3,0,0,0,0,6,360.0,0.088,-328.4,Normal
BR008,2025-11-25,13,4,49.199999999999996,1.7000000000000002,2.7,0,0,0,1,6,360.0,0.137,-310.8,Normal
BR008,2025-11-25,14,3,18.9,2.3666666666666667,3.4,0,0,0,0,6,360.0,0.052,-341.1,Normal
BR008,2025-11-26,9,5,45.5,1.9600000000000002,2.7,0,0,1,0,6,360.0,0.126,-314.5,Normal
BR008,2025-11-26,10,9,126.30000000000001,11.277777777777779,40.3,2,1,3,3,6,360.0,0.351,-233.7,Normal
BR008,2025-11-26,11,11,106.8,6.209090909090909,17.9,4,0,2,0,6,360.0,0.297,-253.2,Normal
BR008,2025-11-26,12,5,95.69999999999999,2.0,2.5,2,0,0,2,6,360.0,0.266,-264.3,Normal
BR008,2025-11-26,13,6,49.6,2.1833333333333336,2.6,3,0,0,0,6,360.0,0.138,-310.4,Normal
BR008,2025-11-26,14,4,48.5,2.15,3.0,0,0,0,0,6,360.0,0.135,-311.5,Normal
BR008,2025-11-26,15,2,18.3,2.1,2.2,0,0,0,1,6,360.0,0.051,-341.7,Normal
BR008,2025-11-27,9,6,64.1,24.21666666666667,51.8,5,2,0,2,6,360.0,0.178,-295.9,Moderate
BR008,2025-11-27,10,14,177.6,7.464285714285714,18.5,8,0,4,4,6,360.0,0.493,-182.4,Normal
BR008,2025-11-27,11,3,50.599999999999994,2.733333333333333,3.1,7,0,0,1,6,360.0,0.141,-309.4,Normal
BR008,2025-11-27,12,4,33.8,2.025,2.8,5,0,0,0,6,360.0,0.094,-326.2,Normal
BR008,2025-11-27,13,4,33.699999999999996,1.875,2.9,2,0,0,1,6,360.0,0.094,-326.3,Normal
BR008,2025-11-27,14,1,16.6,2.1,2.1,0,0,0,0,6,360.0,0.046,-343.4,Normal
BR008,2025-11-27,15,2,9.1,2.2,2.8,0,0,0,0,6,360.0,0.025,-350.9,Normal
BR008,2025-11-28,9,13,118.3,5.846153846153846,23.4,3,0,3,2,6,360.0,0.329,-241.7,Normal
BR008,2025-11-28,10,5,33.1,2.3600000000000003,3.0,1,0,0,0,6,360.0,0.092,-326.9,Normal
BR008,2025-11-28,11,5,93.7,2.54,3.4,2,0,0,2,6,360.0,0.26,-266.3,Normal
BR008,2025-11-28,12,7,91.0,3.414285714285714,11.1,1,0,0,2,6,360.0,0.253,-269.0,Normal
BR008,2025-11-28,13,10,126.3,3.9,19.6,1,0,2,2,6,360.0,0.351,-233.7,Normal
BR008,2025-11-28,14,7,86.1,7.871428571428572,34.5,2,0,0,0,6,360.0,0.239,-273.9,Normal
BR008,2025-11-28,15,8,112.89999999999999,2.2125,2.9,1,0,2,3,6,360.0,0.314,-247.1,Normal
BR008,2025-11-28,16,1,10.4,3.3,3.3,0,0,0,0,6,360.0,0.029,-349.6,Normal
BR008,2025-11-29,9,10,128.5,1.8800000000000001,3.4,1,0,3,2,6,360.0,0.357,-231.5,Normal
BR008,2025-11-29,10,9,133.9,8.844444444444443,45.7,3,1,1,2,6,360.0,0.372,-226.1,Normal
BR008,2025-11-29,11,6,101.1,1.9166666666666667,3.4,2,0,1,2,6,360.0,0.281,-258.9,Normal
BR008,2025-11-29,12,7,88.30000000000001,2.5,3.5,0,0,1,1,6,360.0,0.245,-271.7,Normal
BR008,2025-11-29,13,7,78.8,2.242857142857143,3.3,0,0,0,1,6,360.0,0.219,-281.2,Normal
BR008,2025-11-29,14,4,28.9,1.175,1.4,0,0,0,0,6,360.0,0.08,-331.1,Normal
BR008,2025-11-29,15,7,99.2,1.8571428571428572,3.4,0,0,0,2,6,360.0,0.276,-260.8,Normal
BR008,2025-12-01,9,13,212.79999999999998,14.076923076923077,50.6,9,1,3,4,6,360.0,0.591,-147.2,Normal
BR008,2025-12-01,10,13,145.1,7.630769230769231,24.5,8,0,2,2,6,360.0,0.403,-214.9,Normal
BR008,2025-12-01,11,9,130.6,2.2,3.3,6,0,1,3,6,360.0,0.363,-229.4,Normal
BR008,2025-12-01,12,7,70.7,5.514285714285714,11.0,3,0,0,1,6,360.0,0.196,-289.3,Normal
BR008,2025-12-01,13,6,58.4,2.4499999999999997,6.6,4,0,0,1,6,360.0,0.162,-301.6,Normal
BR008,2025-12-01,14,3,21.5,1.5333333333333334,2.7,3,0,0,0,6,360.0,0.06,-338.5,Normal
BR008,2025-12-01,15,5,53.4,1.5,2.0,0,0,0,1,6,360.0,0.148,-306.6,Normal
BR008,2025-12-02,9,4,37.9,2.125,3.3,0,0,0,1,6,360.0,0.105,-322.1,Normal
BR008,2025-12-02,10,9,98.3,7.966666666666667,30.7,2,0,1,0,6,360.0,0.273,-261.7,Normal
BR008,2025-12-02,11,9,130.4,3.422222222222222,9.7,3,0,0,2,6,360.0,0.362,-229.6,Normal
BR008,2025-12-02,12,7,90.7,2.0285714285714285,3.5,2,0,1,1,6,360.0,0.252,-269.3,Normal
BR008,2025-12-02,13,10,127.8,5.9399999999999995,18.0,3,0,4,2,6,360.0,0.355,-232.2,Normal
BR008,2025-12-02,14,5,38.4,1.42,2.0,2,0,0,0,6,360.0,0.107,-321.6,Normal
BR008,2025-12-02,15,4,35.0,1.975,3.5,0,0,0,0,6,360.0,0.097,-325.0,Normal
BR008,2025-12-03,9,4,52.8,2.375,2.8,1,0,0,0,6,360.0,0.147,-307.2,Normal
BR008,2025-12-03,10,12,137.0,10.049999999999999,41.7,3,0,2,1,6,360.0,0.381,-223.0,Normal
BR008,2025-12-03,11,7,104.7,1.7428571428571427,2.8,2,0,1,3,6,360.0,0.291,-255.3,Normal
BR008,2025-12-03,12,3,49.1,2.3000000000000003,2.7,1,0,1,1,6,360.0,0.136,-310.9,Normal
BR008,2025-12-03,13,3,53.7,2.6666666666666665,3.5,0,0,0,1,6,360.0,0.149,-306.3,Normal
BR008,2025-12-03,14,3,30.799999999999997,2.1999999999999997,2.9,0,0,0,0,6,360.0,0.086,-329.2,Normal
BR008,2025-12-03,15,3,33.099999999999994,1.9333333333333333,2.4,0,0,0,0,6,360.0,0.092,-326.9,Normal
BR008,2025-12-04,9,4,69.5,2.3,2.6,0,0,1,2,6,360.0,0.193,-290.5,Normal
BR008,2025-12-04,10,5,76.7,1.8599999999999999,3.3,0,0,2,1,6,360.0,0.213,-283.3,Normal
BR008,2025-12-04,11,6,67.8,2.466666666666667,3.5,0,0,0,1,6,360.0,0.188,-292.2,Normal
BR008,2025-12-04,12,3,68.3,3.0666666666666664,3.2,0,0,0,3,6,360.0,0.19,-291.7,Normal
BR008,2025-12-04,13,2,10.9,1.9500000000000002,2.7,0,0,0,0,6,360.0,0.03,-349.1,Normal
BR008,2025-12-04,14,7,93.3,2.2285714285714286,3.2,0,0,0,0,6,360.0,0.259,-266.7,Normal
BR008,2025-12-04,15,2,36.300000000000004,1.6,2.1,0,0,0,1,6,360.0,0.101,-323.7,Normal
BR008,2025-12-04,16,1,33.4,1.4,1.4,0,0,0,1,6,360.0,0.093,-326.6,Normal
BR008,2025-12-05,9,6,97.2,2.1333333333333333,3.0,0,0,1,2,6,360.0,0.27,-262.8,Normal
BR008,2025-12-05,10,12,138.0,14.958333333333334,52.2,5,1,2,3,6,360.0,0.383,-222.0,Normal
BR008,2025-12-05,11,8,112.4,8.0375,46.3,3,0,1,2,6,360.0,0.312,-247.6,Normal
BR008,2025-12-05,12,6,100.0,1.6500000000000001,3.1,4,0,0,3,6,360.0,0.278,-260.0,Normal
BR008,2025-12-05,13,5,73.10000000000001,2.26,3.4,0,0,0,1,6,360.0,0.203,-286.9,Normal
BR008,2025-12-05,14,3,64.2,2.533333333333333,3.4,0,0,0,2,6,360.0,0.178,-295.8,Normal
BR008,2025-12-05,15,6,58.4,2.3833333333333333,3.3,0,0,0,0,6,360.0,0.162,-301.6,Normal
BR008,2025-12-05,16,2,45.8,2.1,2.7,0,0,0,1,6,360.0,0.127,-314.2,Normal
BR008,2025-12-06,9,5,80.7,4.119999999999999,11.2,1,0,2,1,6,360.0,0.224,-279.3,Normal
BR008,2025-12-06,10,6,49.9,3.3666666666666667,10.6,1,0,1,0,6,360.0,0.139,-310.1,Normal
BR008,2025-12-06,11,2,11.899999999999999,1.25,1.5,0,0,0,0,6,360.0,0.033,-348.1,Normal
BR008,2025-12-06,12,4,54.7,6.375,18.7,1,0,0,1,6,360.0,0.152,-305.3,Normal
BR008,2025-12-06,13,7,102.8,7.985714285714286,32.3,2,0,0,2,6,360.0,0.286,-257.2,Normal
BR008,2025-12-06,14,6,78.2,5.716666666666666,22.8,1,0,0,2,6,360.0,0.217,-281.8,Normal
BR008,2025-12-06,15,3,51.6,2.033333333333333,3.3,0,0,0,1,6,360.0,0.143,-308.4,Normal
BR008,2025-12-08,9,6,58.4,10.65,31.7,2,0,0,1,6,360.0,0.162,-301.6,Normal
BR008,2025-12-08,10,12,142.6,5.141666666666667,17.3,1,0,3,1,6,360.0,0.396,-217.4,Normal
BR008,2025-12-08,11,6,64.5,2.3833333333333333,3.5,0,0,0,1,6,360.0,0.179,-295.5,Normal
BR008,2025-12-08,12,10,91.8,2.35,3.4,0,0,2,0,6,360.0,0.255,-268.2,Normal
BR008,2025-12-08,13,4,46.6,2.1999999999999997,2.4,0,0,2,1,6,360.0,0.129,-313.4,Normal
BR008,2025-12-08,14,10,105.7,3.8,17.7,1,0,0,1,6,360.0,0.294,-254.3,Normal
BR008,2025-12-08,15,2,29.0,2.3,3.5,0,0,0,0,6,360.0,0.081,-331.0,Normal
BR008,2025-12-08,16,1,16.1,2.7,2.7,0,0,0,0,6,360.0,0.045,-343.9,Normal
BR008,2025-12-09,9,9,142.5,4.311111111111111,14.3,2,0,4,3,6,360.0,0.396,-217.5,Normal
BR008,2025-12-09,10,8,58.400000000000006,7.362500000000001,43.2,3,1,2,1,6,360.0,0.162,-301.6,Normal
BR008,2025-12-09,11,9,126.0,2.466666666666667,3.3,2,0,0,2,6,360.0,0.35,-234.0,Normal
BR008,2025-12-09,12,8,94.5,9.65,29.7,5,0,0,2,6,360.0,0.262,-265.5,Normal
BR008,2025-12-09,13,7,93.3,2.9571428571428577,5.4,4,0,0,3,6,360.0,0.259,-266.7,Normal
BR008,2025-12-09,14,4,72.2,2.025,3.4,4,0,0,1,6,360.0,0.201,-287.8,Normal
BR008,2025-12-09,15,3,93.60000000000001,1.9333333333333336,2.7,0,0,0,3,6,360.0,0.26,-266.4,Normal
BR008,2025-12-09,16,1,21.5,1.6,1.6,0,0,0,1,6,360.0,0.06,-338.5,Normal
BR008,2025-12-10,9,3,43.7,1.7,2.4,0,0,0,0,6,360.0,0.121,-316.3,Normal
BR008,2025-12-10,10,4,41.1,6.55,19.4,1,0,1,0,6,360.0,0.114,-318.9,Normal
BR008,2025-12-10,11,6,93.2,2.0333333333333337,3.2,0,0,2,2,6,360.0,0.259,-266.8,Normal
BR008,2025-12-10,12,3,21.8,2.5,3.2,0,0,0,0,6,360.0,0.061,-338.2,Normal
BR008,2025-12-10,13,3,55.9,2.1333333333333333,2.7,0,0,0,1,6,360.0,0.155,-304.1,Normal
BR008,2025-12-10,14,5,92.1,2.08,3.3,0,0,0,2,6,360.0,0.256,-267.9,Normal
BR008,2025-12-10,15,1,30.9,2.3,2.3,0,0,0,1,6,360.0,0.086,-329.1,Normal
BR008,2025-12-10,16,1,5.5,2.0,2.0,0,0,0,0,6,360.0,0.015,-354.5,Normal
BR008,2025-12-11,9,7,119.5,2.3714285714285714,3.2,0,0,3,3,6,360.0,0.332,-240.5,Normal
BR008,2025-12-11,10,3,29.0,2.1333333333333333,3.2,0,0,0,0,6,360.0,0.081,-331.0,Normal
BR008,2025-12-11,11,6,73.8,1.6166666666666665,2.5,0,0,0,1,6,360.0,0.205,-286.2,Normal
BR008,2025-12-11,12,4,66.6,1.95,3.3,0,0,1,2,6,360.0,0.185,-293.4,Normal
BR008,2025-12-11,13,5,83.0,2.34,2.9,0,0,0,2,6,360.0,0.231,-277.0,Normal
BR008,2025-12-11,14,5,74.5,2.3600000000000003,3.0,0,0,1,0,6,360.0,0.207,-285.5,Normal
BR008,2025-12-11,15,6,58.8,2.5166666666666666,3.4,0,0,0,0,6,360.0,0.163,-301.2,Normal
BR008,2025-12-12,9,4,52.1,6.0,18.9,1,0,2,1,6,360.0,0.145,-307.9,Normal
BR008,2025-12-12,10,9,100.0,2.066666666666667,3.1,0,0,1,0,6,360.0,0.278,-260.0,Normal
BR008,2025-12-12,11,6,101.9,2.5,3.3,0,0,1,2,6,360.0,0.283,-258.1,Normal
BR008,2025-12-12,12,1,7.4,3.4,3.4,0,0,0,0,6,360.0,0.021,-352.6,Normal
BR008,2025-12-12,13,3,41.7,2.733333333333333,3.1,0,0,0,1,6,360.0,0.116,-318.3,Normal
BR008,2025-12-12,14,4,17.2,5.675,16.0,1,0,0,0,6,360.0,0.048,-342.8,Normal
BR008,2025-12-12,15,4,68.4,1.9,2.7,0,0,0,2,6,360.0,0.19,-291.6,Normal
BR008,2025-12-12,16,1,10.6,1.4,1.4,0,0,0,0,6,360.0,0.029,-349.4,Normal
BR008,2025-12-15,9,3,27.1,2.5666666666666664,3.3,0,0,0,0,6,360.0,0.075,-332.9,Normal
BR008,2025-12-15,10,3,30.1,2.1999999999999997,3.3,0,0,0,0,6,360.0,0.084,-329.9,Normal
BR008,2025-12-15,11,6,53.2,2.15,3.5,0,0,0,0,6,360.0,0.148,-306.8,Normal
BR008,2025-12-15,12,5,59.0,1.78,2.5,1,0,1,1,6,360.0,0.164,-301.0,Normal
BR008,2025-12-15,13,7,97.8,4.957142857142857,22.0,1,0,0,2,6,360.0,0.272,-262.2,Normal
BR008,2025-12-15,14,7,109.2,4.2,16.3,1,0,2,3,6,360.0,0.303,-250.8,Normal
BR008,2025-12-15,15,5,57.3,2.2600000000000002,3.4,0,0,1,1,6,360.0,0.159,-302.7,Normal
BR008,2025-12-16,9,7,127.5,2.685714285714286,6.6,1,0,1,2,6,360.0,0.354,-232.5,Normal
BR008,2025-12-16,10,8,110.1,4.3,16.4,1,0,1,2,6,360.0,0.306,-249.9,Normal
BR008,2025-12-16,11,2,24.1,2.55,3.1,0,0,0,0,6,360.0,0.067,-335.9,Normal
BR008,2025-12-16,12,4,50.0,1.5,2.4,0,0,0,0,6,360.0,0.139,-310.0,Normal
BR008,2025-12-16,13,1,12.4,1.4,1.4,0,0,0,0,6,360.0,0.034,-347.6,Normal
BR008,2025-12-16,14,2,41.400000000000006,1.35,1.5,0,0,0,1,6,360.0,0.115,-318.6,Normal
BR008,2025-12-16,16,1,3.7,2.7,2.7,0,0,0,0,6,360.0,0.01,-356.3,Normal
BR008,2025-12-17,9,12,126.0,3.6,16.6,1,0,2,1,6,360.0,0.35,-234.0,Normal
BR008,2025-12-17,10,10,139.4,2.21,3.5,2,0,3,3,6,360.0,0.387,-220.6,Normal
BR008,2025-12-17,11,3,29.9,1.7333333333333334,2.0,0,0,0,0,6,360.0,0.083,-330.1,Normal
BR008,2025-12-17,12,3,50.7,2.266666666666667,3.2,0,0,0,1,6,360.0,0.141,-309.3,Normal
BR008,2025-12-17,13,5,122.19999999999999,2.62,3.4,0,0,1,3,6,360.0,0.339,-237.8,Normal
BR008,2025-12-17,14,3,35.0,2.1666666666666665,3.0,0,0,0,0,6,360.0,0.097,-325.0,Normal
BR008,2025-12-17,15,4,53.7,1.725,2.6,0,0,0,2,6,360.0,0.149,-306.3,Normal
BR008,2025-12-18,9,4,61.8,1.925,2.5,0,0,2,1,6,360.0,0.172,-298.2,Normal
BR008,2025-12-18,10,6,93.1,1.7833333333333332,2.8,0,0,0,2,6,360.0,0.259,-266.9,Normal
BR008,2025-12-18,11,4,57.0,2.225,3.1,0,0,0,1,6,360.0,0.158,-303.0,Normal
BR008,2025-12-18,12,7,76.1,7.3428571428571425,31.8,1,0,1,2,6,360.0,0.211,-283.9,Normal
BR008,2025-12-18,13,11,199.1,3.5454545454545454,19.4,2,0,2,5,6,360.0,0.553,-160.9,Normal
BR008,2025-12-18,14,4,34.5,2.45,3.5,0,0,0,0,6,360.0,0.096,-325.5,Normal
BR008,2025-12-18,15,1,7.4,3.3,3.3,0,0,0,0,6,360.0,0.021,-352.6,Normal
BR008,2025-12-18,16,1,5.9,2.4,2.4,0,0,0,0,6,360.0,0.016,-354.1,Normal
BR008,2025-12-19,9,8,100.1,5.4125,30.1,1,0,2,1,6,360.0,0.278,-259.9,Normal
BR008,2025-12-19,10,8,121.1,2.15,3.2,0,0,1,2,6,360.0,0.336,-238.9,Normal
BR008,2025-12-19,11,6,63.0,2.5,3.1,0,0,2,1,6,360.0,0.175,-297.0,Normal
BR008,2025-12-19,12,5,43.3,2.2199999999999998,3.1,0,0,1,0,6,360.0,0.12,-316.7,Normal
BR008,2025-12-19,13,2,10.6,2.35,2.9,0,0,0,0,6,360.0,0.029,-349.4,Normal
BR008,2025-12-19,14,4,69.4,1.85,3.2,0,0,0,2,6,360.0,0.193,-290.6,Normal
BR008,2025-12-19,15,7,89.6,2.085714285714286,2.9,0,0,0,2,6,360.0,0.249,-270.4,Normal
BR008,2025-12-19,16,1,3.8,1.9,1.9,0,0,0,0,6,360.0,0.011,-356.2,Normal
BR008,2025-12-20,9,4,52.1,2.15,3.0,0,0,0,1,6,360.0,0.145,-307.9,Normal
BR008,2025-12-20,10,14,175.6,5.692857142857143,25.1,4,0,5,2,6,360.0,0.488,-184.4,Normal
BR008,2025-12-20,11,7,74.1,1.8714285714285714,3.0,3,0,0,1,6,360.0,0.206,-285.9,Normal
BR008,2025-12-20,12,5,69.9,2.52,3.3,0,0,0,1,6,360.0,0.194,-290.1,Normal
BR008,2025-12-20,13,3,34.8,2.033333333333333,2.7,0,0,0,1,6,360.0,0.097,-325.2,Normal
BR008,2025-12-20,14,2,29.8,3.2,3.5,0,0,0,0,6,360.0,0.083,-330.2,Normal
BR008,2025-12-20,15,4,49.6,1.35,2.1,0,0,0,1,6,360.0,0.138,-310.4,Normal
BR008,2025-12-22,9,8,132.1,7.7375,22.6,2,0,1,3,6,360.0,0.367,-227.9,Normal
BR008,2025-12-22,10,5,71.4,9.52,36.6,2,0,2,1,6,360.0,0.198,-288.6,Normal
BR008,2025-12-22,11,10,121.4,1.9300000000000002,2.7,1,0,2,2,6,360.0,0.337,-238.6,Normal
BR008,2025-12-22,12,11,147.6,4.572727272727272,15.0,4,0,0,3,6,360.0,0.41,-212.4,Normal
BR008,2025-12-22,13,3,73.3,1.7333333333333334,2.6,3,0,0,3,6,360.0,0.204,-286.7,Normal
BR008,2025-12-22,14,2,35.5,1.95,2.9,2,0,0,1,6,360.0,0.099,-324.5,Normal
BR008,2025-12-23,10,6,102.5,2.15,3.3,0,0,2,1,6,360.0,0.285,-257.5,Normal
BR008,2025-12-23,11,5,64.3,2.2800000000000002,3.0,0,0,1,1,6,360.0,0.179,-295.7,Normal
BR008,2025-12-23,12,6,82.2,9.283333333333333,32.7,1,0,1,2,6,360.0,0.228,-277.8,Normal
BR008,2025-12-23,13,6,34.3,2.0833333333333335,2.7,0,0,0,0,6,360.0,0.095,-325.7,Normal
BR008,2025-12-23,14,3,57.9,2.1,3.0,0,0,0,1,6,360.0,0.161,-302.1,Normal
BR008,2025-12-23,15,7,115.9,3.6142857142857143,14.2,1,0,0,1,6,360.0,0.322,-244.1,Normal
BR008,2025-12-24,9,3,39.9,1.9666666666666668,2.4,0,0,0,1,6,360.0,0.111,-320.1,Normal
BR008,2025-12-24,10,8,75.4,10.7875,51.6,4,1,1,1,6,360.0,0.209,-284.6,Normal
BR008,2025-12-24,11,8,145.1,2.5875,9.5,3,0,0,2,6,360.0,0.403,-214.9,Normal
BR008,2025-12-24,12,8,81.4,4.875,25.6,3,0,3,0,6,360.0,0.226,-278.6,Normal
BR008,2025-12-24,13,6,114.1,2.283333333333333,3.2,0,0,0,3,6,360.0,0.317,-245.9,Normal
BR008,2025-12-24,14,3,69.8,2.1,3.1,0,0,0,3,6,360.0,0.194,-290.2,Normal
BR008,2025-12-26,9,10,131.4,4.4799999999999995,18.5,2,0,3,3,6,360.0,0.365,-228.6,Normal
BR008,2025-12-26,10,8,72.8,2.3,3.8,1,0,2,1,6,360.0,0.202,-287.2,Normal
BR008,2025-12-26,11,6,72.0,2.65,3.5,1,0,1,1,6,360.0,0.2,-288.0,Normal
BR008,2025-12-26,12,8,103.9,18.55,51.2,6,1,1,3,6,360.0,0.289,-256.1,Moderate
BR008,2025-12-26,13,9,119.8,6.188888888888889,18.1,7,0,0,2,6,360.0,0.333,-240.2,Normal
BR008,2025-12-26,14,5,59.6,2.5,3.0,6,0,0,1,6,360.0,0.166,-300.4,Normal
BR008,2025-12-26,15,1,8.4,2.3,2.3,2,0,0,0,6,360.0,0.023,-351.6,Normal
BR008,2025-12-26,16,1,10.5,1.4,1.4,1,0,0,0,6,360.0,0.029,-349.5,Normal
BR008,2025-12-29,9,9,102.3,8.655555555555557,50.9,3,1,3,2,6,360.0,0.284,-257.7,Normal
BR008,2025-12-29,10,11,139.5,7.745454545454544,41.5,2,1,2,2,6,360.0,0.388,-220.5,Normal
BR008,2025-12-29,11,10,157.2,2.85,10.4,3,0,3,4,6,360.0,0.437,-202.8,Normal
BR008,2025-12-29,12,12,195.3,23.5,49.4,8,2,0,8,6,360.0,0.542,-164.7,Moderate
BR008,2025-12-29,13,11,162.9,6.2272727272727275,18.9,9,0,0,4,6,360.0,0.452,-197.1,Normal
BR008,2025-12-29,14,8,66.3,7.862500000000001,26.6,10,0,0,0,6,360.0,0.184,-293.7,Normal
BR008,2025-12-29,15,4,39.0,1.475,2.4,8,0,0,1,6,360.0,0.108,-321.0,Normal
BR008,2025-12-29,16,1,29.8,3.2,3.2,4,0,0,1,6,360.0,0.083,-330.2,Normal
BR008,2025-12-30,9,9,155.8,4.366666666666666,23.4,1,0,0,3,6,360.0,0.433,-204.2,Normal
BR008,2025-12-30,10,7,99.3,6.114285714285714,27.4,1,0,2,3,6,360.0,0.276,-260.7,Normal
BR008,2025-12-30,11,6,76.69999999999999,2.15,3.5,0,0,1,1,6,360.0,0.213,-283.3,Normal
BR008,2025-12-30,12,5,109.9,2.32,3.1,0,0,0,3,6,360.0,0.305,-250.1,Normal
BR008,2025-12-30,13,5,58.8,5.42,20.1,2,0,1,2,6,360.0,0.163,-301.2,Normal
BR008,2025-12-30,14,7,67.3,2.1,3.4,1,0,0,0,6,360.0,0.187,-292.7,Normal
BR008,2025-12-30,15,3,43.4,2.1333333333333333,3.0,0,0,0,1,6,360.0,0.121,-316.6,Normal
BR008,2025-12-31,9,10,145.8,8.2,30.4,2,0,1,3,6,360.0,0.405,-214.2,Normal
BR008,2025-12-31,10,15,142.8,18.32,51.4,10,3,2,5,6,360.0,0.397,-217.2,Moderate
BR008,2025-12-31,11,10,129.0,10.209999999999999,38.8,9,1,1,1,6,360.0,0.358,-231.0,Normal
BR008,2025-12-31,12,7,70.9,2.1142857142857143,3.5,8,0,0,1,6,360.0,0.197,-289.1,Normal
BR008,2025-12-31,13,5,85.9,1.7600000000000002,2.7,3,0,2,3,6,360.0,0.239,-274.1,Normal
BR008,2025-12-31,14,4,39.4,2.275,3.2,0,0,1,0,6,360.0,0.109,-320.6,Normal
BR008,2025-12-31,15,5,58.6,1.98,3.1,0,0,0,0,6,360.0,0.163,-301.4,Normal
BR008,2025-12-31,16,1,26.5,2.4,2.4,0,0,0,1,6,360.0,0.074,-333.5,Normal
BR008,2026-01-02,9,7,130.2,1.8714285714285714,3.4,0,0,1,3,6,360.0,0.362,-229.8,Normal
BR008,2026-01-02,10,4,76.9,4.8,11.4,1,0,1,2,6,360.0,0.214,-283.1,Normal
BR008,2026-01-02,11,7,86.5,6.8428571428571425,21.4,1,0,2,1,6,360.0,0.24,-273.5,Normal
BR008,2026-01-02,12,8,111.0,2.5999999999999996,6.3,1,0,0,1,6,360.0,0.308,-249.0,Normal
BR008,2026-01-02,13,9,94.6,2.2222222222222223,3.0,0,0,0,1,6,360.0,0.263,-265.4,Normal
BR008,2026-01-02,14,1,3.4,3.4,3.4,0,0,0,0,6,360.0,0.009,-356.6,Normal
BR008,2026-01-02,15,3,18.7,2.0666666666666664,2.8,0,0,0,0,6,360.0,0.052,-341.3,Normal
BR008,2026-01-03,9,5,83.1,1.7399999999999998,2.7,0,0,1,3,6,360.0,0.231,-276.9,Normal
BR008,2026-01-03,10,12,112.2,3.158333333333333,15.4,1,0,1,1,6,360.0,0.312,-247.8,Normal
BR008,2026-01-03,11,3,40.8,2.6666666666666665,3.1,0,0,0,0,6,360.0,0.113,-319.2,Normal
BR008,2026-01-03,12,9,127.7,8.577777777777778,23.7,3,0,1,2,6,360.0,0.355,-232.3,Normal
BR008,2026-01-03,13,7,85.1,2.2,3.5,2,0,2,0,6,360.0,0.236,-274.9,Normal
BR008,2026-01-03,14,4,48.0,2.45,3.0,0,0,0,1,6,360.0,0.133,-312.0,Normal
BR008,2026-01-03,15,2,16.2,2.15,2.4,0,0,1,0,6,360.0,0.045,-343.8,Normal
BR008,2026-01-05,9,5,75.1,1.78,2.4,0,0,0,2,6,360.0,0.209,-284.9,Normal
BR008,2026-01-05,10,13,196.8,6.2153846153846155,37.0,2,0,2,4,6,360.0,0.547,-163.2,Normal
BR008,2026-01-05,11,10,148.3,2.6399999999999997,3.6,3,0,2,3,6,360.0,0.412,-211.7,Normal
BR008,2026-01-05,12,6,62.4,2.4833333333333334,3.4,0,0,2,1,6,360.0,0.173,-297.6,Normal
BR008,2026-01-05,13,4,42.0,14.75,34.6,2,0,0,0,6,360.0,0.117,-318.0,Normal
BR008,2026-01-05,14,8,86.6,2.0375,3.4,1,0,0,0,6,360.0,0.241,-273.4,Normal
BR008,2026-01-05,15,2,22.6,2.0,3.0,0,0,1,0,6,360.0,0.063,-337.4,Normal
BR008,2026-01-06,9,9,153.4,6.444444444444445,44.1,1,0,2,3,6,360.0,0.426,-206.6,Normal
BR008,2026-01-06,10,6,75.9,2.3833333333333333,3.4,2,0,1,2,6,360.0,0.211,-284.1,Normal
BR008,2026-01-06,11,3,31.299999999999997,1.8,2.4,1,0,0,0,6,360.0,0.087,-328.7,Normal
BR008,2026-01-06,12,5,81.4,2.94,3.5,0,0,0,2,6,360.0,0.226,-278.6,Normal
BR008,2026-01-06,13,4,54.7,2.225,2.5,0,0,0,1,6,360.0,0.152,-305.3,Normal
BR008,2026-01-06,14,3,35.7,2.533333333333333,3.3,0,0,0,1,6,360.0,0.099,-324.3,Normal
BR008,2026-01-06,15,2,60.199999999999996,2.3499999999999996,3.3,0,0,0,2,6,360.0,0.167,-299.8,Normal
BR008,2026-01-07,9,6,69.7,2.0666666666666664,2.8,0,0,0,2,6,360.0,0.194,-290.3,Normal
BR008,2026-01-07,10,9,121.0,4.188888888888889,22.9,1,0,1,2,6,360.0,0.336,-239.0,Normal
BR008,2026-01-07,11,5,79.8,1.9,3.5,0,0,1,1,6,360.0,0.222,-280.2,Normal
BR008,2026-01-07,12,4,52.7,2.1,2.4,0,0,0,1,6,360.0,0.146,-307.3,Normal
BR008,2026-01-07,13,2,51.4,1.85,2.7,0,0,2,1,6,360.0,0.143,-308.6,Normal
BR008,2026-01-07,14,3,40.5,1.7,1.9,0,0,1,0,6,360.0,0.112,-319.5,Normal
BR008,2026-01-07,15,4,92.5,2.65,3.5,0,0,0,2,6,360.0,0.257,-267.5,Normal
BR008,2026-01-08,9,7,90.1,2.2714285714285714,2.9,0,0,0,1,6,360.0,0.25,-269.9,Normal
BR008,2026-01-08,10,4,39.2,2.725,3.1,0,0,0,1,6,360.0,0.109,-320.8,Normal
BR008,2026-01-08,11,6,42.9,5.433333333333334,14.8,2,0,1,0,6,360.0,0.119,-317.1,Normal
BR008,2026-01-08,12,11,152.5,6.654545454545455,27.8,4,0,2,3,6,360.0,0.424,-207.5,Normal
BR008,2026-01-08,13,1,9.5,1.4,1.4,0,0,0,0,6,360.0,0.026,-350.5,Normal
BR008,2026-01-08,14,5,53.3,2.2,3.3,3,0,0,0,6,360.0,0.148,-306.7,Normal
BR008,2026-01-08,15,2,25.4,2.5999999999999996,2.8,1,0,0,0,6,360.0,0.071,-334.6,Normal
BR008,2026-01-08,16,2,20.0,2.25,3.1,0,0,1,0,6,360.0,0.056,-340.0,Normal
BR008,2026-01-09,9,4,53.0,12.2,23.3,2,0,1,1,6,360.0,0.147,-307.0,Normal
BR008,2026-01-09,10,10,86.9,2.02,2.9,0,0,1,1,6,360.0,0.241,-273.1,Normal
BR008,2026-01-09,11,5,62.1,2.56,3.4,1,0,2,1,6,360.0,0.173,-297.9,Normal
BR008,2026-01-09,12,4,44.5,2.175,3.0,0,0,1,0,6,360.0,0.124,-315.5,Normal
BR008,2026-01-09,13,4,50.3,1.925,2.9,0,0,0,0,6,360.0,0.14,-309.7,Normal
BR008,2026-01-09,14,7,103.6,2.185714285714286,3.8,1,0,0,2,6,360.0,0.288,-256.4,Normal
BR008,2026-01-09,15,4,43.5,2.225,3.0,0,0,0,1,6,360.0,0.121,-316.5,Normal
BR008,2026-01-12,9,2,22.299999999999997,2.25,2.9,0,0,0,0,6,360.0,0.062,-337.7,Normal
BR008,2026-01-12,10,11,182.1,5.318181818181818,37.4,1,0,3,3,6,360.0,0.506,-177.9,Normal
BR008,2026-01-12,11,7,116.8,3.1714285714285713,11.7,2,0,0,2,6,360.0,0.324,-243.2,Normal
BR008,2026-01-12,12,5,63.5,2.6,7.4,1,0,0,1,6,360.0,0.176,-296.5,Normal
BR008,2026-01-12,13,8,61.8,1.7875,3.0,0,0,0,0,6,360.0,0.172,-298.2,Normal
BR008,2026-01-12,14,2,15.3,3.15,3.4,0,0,0,0,6,360.0,0.042,-344.7,Normal
BR008,2026-01-12,15,2,11.8,1.45,2.0,0,0,0,0,6,360.0,0.033,-348.2,Normal
BR008,2026-01-13,9,9,92.8,2.588888888888889,8.5,1,0,0,1,6,360.0,0.258,-267.2,Normal
BR008,2026-01-13,10,5,41.9,2.1,3.3,0,0,0,0,6,360.0,0.116,-318.1,Normal
BR008,2026-01-13,11,6,66.0,1.9166666666666667,2.4,0,0,0,1,6,360.0,0.183,-294.0,Normal
BR008,2026-01-13,12,7,88.1,6.371428571428572,28.6,2,0,2,1,6,360.0,0.245,-271.9,Normal
BR008,2026-01-13,13,4,66.7,2.075,3.1,0,0,1,1,6,360.0,0.185,-293.3,Normal
BR008,2026-01-13,14,2,25.1,3.3,3.4,1,0,1,0,6,360.0,0.07,-334.9,Normal
BR008,2026-01-13,15,3,56.5,2.3000000000000003,2.8,0,0,0,1,6,360.0,0.157,-303.5,Normal
BR008,2026-01-15,9,6,66.9,1.9166666666666667,3.0,0,0,0,1,6,360.0,0.186,-293.1,Normal
BR008,2026-01-15,10,3,33.6,1.9000000000000001,2.8,0,0,1,1,6,360.0,0.093,-326.4,Normal
BR008,2026-01-15,11,2,43.599999999999994,1.3,1.5,0,0,0,2,6,360.0,0.121,-316.4,Normal
BR008,2026-01-15,13,2,36.9,2.15,2.3,0,0,0,1,6,360.0,0.102,-323.1,Normal
BR008,2026-01-15,14,4,50.8,2.0250000000000004,2.7,0,0,0,0,6,360.0,0.141,-309.2,Normal
BR008,2026-01-15,15,3,34.9,1.5,2.4,0,0,1,1,6,360.0,0.097,-325.1,Normal
BR008,2026-01-16,9,9,109.6,3.3555555555555556,14.0,1,0,1,2,6,360.0,0.304,-250.4,Normal
BR008,2026-01-16,10,10,144.8,5.2,26.0,1,0,0,3,6,360.0,0.402,-215.2,Normal
BR008,2026-01-16,11,8,59.1,2.125,3.2,0,0,2,0,6,360.0,0.164,-300.9,Normal
BR008,2026-01-16,12,5,51.7,2.0599999999999996,3.4,0,0,1,1,6,360.0,0.144,-308.3,Normal
BR008,2026-01-16,13,7,95.6,2.4714285714285715,3.2,0,0,1,1,6,360.0,0.266,-264.4,Normal
BR008,2026-01-16,14,1,8.3,2.5,2.5,0,0,0,0,6,360.0,0.023,-351.7,Normal
BR008,2026-01-16,15,3,43.2,2.1333333333333333,2.8,0,0,0,1,6,360.0,0.12,-316.8,Normal
BR008,2026-01-17,9,4,31.8,2.475,3.1,0,0,0,0,6,360.0,0.088,-328.2,Normal
BR008,2026-01-17,10,10,150.5,2.2199999999999998,3.5,0,0,3,2,6,360.0,0.418,-209.5,Normal
BR008,2026-01-17,11,2,37.400000000000006,2.35,2.9,0,0,0,1,6,360.0,0.104,-322.6,Normal
BR008,2026-01-17,12,4,22.299999999999997,1.8,2.6,0,0,0,0,6,360.0,0.062,-337.7,Normal
BR008,2026-01-17,13,3,26.0,2.8333333333333335,3.0,0,0,0,0,6,360.0,0.072,-334.0,Normal
BR008,2026-01-17,14,2,50.7,1.3,1.3,0,0,0,2,6,360.0,0.141,-309.3,Normal
BR008,2026-01-17,15,1,10.9,2.9,2.9,0,0,0,0,6,360.0,0.03,-349.1,Normal
BR008,2026-01-17,16,1,30.5,2.8,2.8,0,0,0,1,6,360.0,0.085,-329.5,Normal
BR008,2026-01-19,9,4,71.4,1.775,2.5,0,0,0,1,6,360.0,0.198,-288.6,Normal
BR008,2026-01-19,10,6,70.4,1.4833333333333334,2.6,0,0,2,1,6,360.0,0.196,-289.6,Normal
BR008,2026-01-19,11,10,111.5,2.67,7.4,1,0,2,1,6,360.0,0.31,-248.5,Normal
BR008,2026-01-19,12,4,56.0,1.525,2.0,0,0,0,1,6,360.0,0.156,-304.0,Normal
BR008,2026-01-19,13,5,108.0,1.9,3.3,0,0,1,3,6,360.0,0.3,-252.0,Normal
BR008,2026-01-19,14,2,9.3,2.65,3.5,0,0,0,0,6,360.0,0.026,-350.7,Normal
BR008,2026-01-19,15,4,21.2,2.125,2.6,0,0,0,0,6,360.0,0.059,-338.8,Normal
BR008,2026-01-20,9,6,109.1,2.5166666666666666,3.3,0,0,1,2,6,360.0,0.303,-250.9,Normal
BR008,2026-01-20,10,2,31.400000000000002,2.1500000000000004,2.7,0,0,1,1,6,360.0,0.087,-328.6,Normal
BR008,2026-01-20,11,8,128.4,2.1625,3.2,0,0,2,3,6,360.0,0.357,-231.6,Normal
BR008,2026-01-20,12,5,54.0,2.16,2.9,0,0,0,1,6,360.0,0.15,-306.0,Normal
BR008,2026-01-20,13,3,24.400000000000002,1.1666666666666667,1.7,0,0,0,0,6,360.0,0.068,-335.6,Normal
BR008,2026-01-20,14,2,42.2,2.85,3.1,0,0,0,1,6,360.0,0.117,-317.8,Normal
BR008,2026-01-20,15,2,14.7,1.0,1.0,0,0,0,0,6,360.0,0.041,-345.3,Normal
BR008,2026-01-21,9,7,121.3,4.0285714285714285,15.0,1,0,0,4,6,360.0,0.337,-238.7,Normal
BR008,2026-01-21,10,4,67.5,10.925,37.5,1,0,2,2,6,360.0,0.188,-292.5,Normal
BR008,2026-01-21,11,5,83.3,2.3,2.8,0,0,2,1,6,360.0,0.231,-276.7,Normal
BR008,2026-01-21,12,6,77.4,3.25,9.4,2,0,0,1,6,360.0,0.215,-282.6,Normal
BR008,2026-01-21,13,5,67.6,2.4,3.0,1,0,0,2,6,360.0,0.188,-292.4,Normal
BR008,2026-01-21,14,3,38.3,1.5,2.1,0,0,0,0,6,360.0,0.106,-321.7,Normal
BR008,2026-01-21,15,2,43.2,1.6,2.2,0,0,0,2,6,360.0,0.12,-316.8,Normal
BR008,2026-01-22,9,8,117.5,7.6125,19.2,4,0,1,1,6,360.0,0.326,-242.5,Normal
BR008,2026-01-22,10,8,112.6,9.95,47.3,3,0,2,2,6,360.0,0.313,-247.4,Normal
BR008,2026-01-22,11,8,151.5,3.2375000000000003,5.7,2,0,1,3,6,360.0,0.421,-208.5,Normal
BR008,2026-01-22,12,7,89.5,11.471428571428573,43.1,2,0,0,2,6,360.0,0.249,-270.5,Normal
BR008,2026-01-22,13,5,56.9,2.1,3.2,0,0,0,2,6,360.0,0.158,-303.1,Normal
BR008,2026-01-22,14,5,126.0,5.0,16.1,1,0,0,4,6,360.0,0.35,-234.0,Normal
BR008,2026-01-22,15,3,44.2,1.2333333333333334,2.1,0,0,0,1,6,360.0,0.123,-315.8,Normal
BR008,2026-01-23,9,8,121.0,1.9875,3.1,0,0,0,1,6,360.0,0.336,-239.0,Normal
BR008,2026-01-23,10,7,114.7,1.4285714285714286,2.1,0,0,0,2,6,360.0,0.319,-245.3,Normal
BR008,2026-01-23,11,6,58.4,3.0499999999999994,8.1,1,0,1,0,6,360.0,0.162,-301.6,Normal
BR008,2026-01-23,12,8,94.5,1.9375,3.4,2,0,2,2,6,360.0,0.262,-265.5,Normal
BR008,2026-01-23,13,3,37.8,1.6333333333333335,2.1,1,0,0,0,6,360.0,0.105,-322.2,Normal
BR008,2026-01-23,14,3,29.0,1.9000000000000001,2.1,0,0,1,0,6,360.0,0.081,-331.0,Normal
BR008,2026-01-23,15,6,76.7,1.75,3.3,0,0,0,1,6,360.0,0.213,-283.3,Normal
BR008,2026-01-27,9,4,41.8,1.85,2.8,0,0,1,0,6,360.0,0.116,-318.2,Normal
BR008,2026-01-27,10,4,28.0,1.925,2.6,0,0,0,0,6,360.0,0.078,-332.0,Normal
BR008,2026-01-27,11,2,10.600000000000001,1.95,2.3,0,0,0,0,6,360.0,0.029,-349.4,Normal
BR008,2026-01-27,12,5,92.2,4.34,14.5,1,0,0,1,6,360.0,0.256,-267.8,Normal
BR008,2026-01-27,13,4,39.6,2.525,3.3,0,0,1,0,6,360.0,0.11,-320.4,Normal
BR008,2026-01-27,14,3,46.2,2.6,3.4,0,0,0,1,6,360.0,0.128,-313.8,Normal
BR008,2026-01-27,15,4,43.099999999999994,2.025,2.9,0,0,0,1,6,360.0,0.12,-316.9,Normal
BR008,2026-01-28,9,7,87.1,3.7857142857142856,11.7,1,0,1,1,6,360.0,0.242,-272.9,Normal
BR008,2026-01-28,10,7,131.7,9.214285714285714,29.3,2,0,0,3,6,360.0,0.366,-228.3,Normal
BR008,2026-01-28,11,8,122.9,7.3500000000000005,23.6,3,0,1,2,6,360.0,0.341,-237.1,Normal
BR008,2026-01-28,12,10,136.9,4.13,16.1,2,0,3,2,6,360.0,0.38,-223.1,Normal
BR008,2026-01-28,13,11,80.9,2.109090909090909,3.4,2,0,0,0,6,360.0,0.225,-279.1,Normal
BR008,2026-01-28,14,5,63.0,4.720000000000001,18.1,1,0,0,2,6,360.0,0.175,-297.0,Normal
BR008,2026-01-28,15,4,37.4,2.5,3.1,0,0,0,0,6,360.0,0.104,-322.6,Normal
BR008,2026-01-29,9,15,291.7,8.44,32.1,2,0,4,7,6,360.0,0.81,-68.3,Moderate
BR008,2026-01-29,10,11,116.5,5.381818181818182,20.1,3,0,1,2,6,360.0,0.324,-243.5,Normal
BR008,2026-01-29,11,10,124.1,2.21,5.8,2,0,0,1,6,360.0,0.345,-235.9,Normal
BR008,2026-01-29,12,8,149.3,3.8375,18.4,1,0,0,2,6,360.0,0.415,-210.7,Normal
BR008,2026-01-29,13,4,40.8,1.925,3.3,0,0,0,0,6,360.0,0.113,-319.2,Normal
BR008,2026-01-29,14,1,21.0,2.7,2.7,0,0,0,0,6,360.0,0.058,-339.0,Normal
BR008,2026-01-29,15,2,18.9,2.9000000000000004,3.2,0,0,0,0,6,360.0,0.052,-341.1,Normal
BR008,2026-01-30,9,13,124.69999999999999,4.653846153846154,26.9,2,0,3,1,6,360.0,0.346,-235.3,Normal
BR008,2026-01-30,10,14,218.4,14.185714285714285,47.9,8,1,5,7,6,360.0,0.607,-141.6,Normal
BR008,2026-01-30,11,11,200.29999999999998,15.990909090909092,42.5,9,0,1,4,6,360.0,0.556,-159.7,Moderate
BR008,2026-01-30,12,15,153.3,13.08,47.6,7,1,0,2,6,360.0,0.426,-206.7,Normal
BR008,2026-01-30,13,9,82.4,2.5777777777777775,3.5,6,0,0,0,6,360.0,0.229,-277.6,Normal
BR008,2026-01-30,14,4,43.3,2.125,2.5,4,0,0,1,6,360.0,0.12,-316.7,Normal
BR008,2026-01-30,15,4,73.5,2.0500000000000003,3.2,1,0,0,2,6,360.0,0.204,-286.5,Normal
BR008,2026-01-30,16,1,5.6,3.5,3.5,0,0,0,0,6,360.0,0.016,-354.4,Normal
BR008,2026-01-31,9,7,138.0,14.742857142857144,37.7,3,0,0,3,6,360.0,0.383,-222.0,Normal
BR008,2026-01-31,10,8,130.1,2.45,3.7,1,0,3,3,6,360.0,0.361,-229.9,Normal
BR008,2026-01-31,11,9,150.9,2.588888888888889,3.4,2,0,1,2,6,360.0,0.419,-209.1,Normal
BR008,2026-01-31,12,9,146.6,8.155555555555557,22.9,4,0,1,3,6,360.0,0.407,-213.4,Normal
BR008,2026-01-31,13,9,134.9,4.199999999999999,15.2,5,0,1,2,6,360.0,0.375,-225.1,Normal
BR008,2026-01-31,14,7,73.7,2.542857142857143,3.5,4,0,0,0,6,360.0,0.205,-286.3,Normal
BR008,2026-01-31,15,3,23.5,1.9666666666666668,2.5,0,0,0,0,6,360.0,0.065,-336.5,Normal
BR008,2026-02-02,9,8,119.3,3.3625,12.4,1,0,0,3,6,360.0,0.331,-240.7,Normal
BR008,2026-02-02,10,6,78.2,10.233333333333334,37.1,5,0,0,2,6,360.0,0.217,-281.8,Normal
BR008,2026-02-02,11,18,202.1,7.877777777777778,31.7,8,0,3,3,6,360.0,0.561,-157.9,Normal
BR008,2026-02-02,12,5,58.0,11.84,47.1,7,1,2,1,6,360.0,0.161,-302.0,Normal
BR008,2026-02-02,13,9,106.2,2.9222222222222225,9.3,4,0,1,2,6,360.0,0.295,-253.8,Normal
BR008,2026-02-02,14,5,75.1,2.16,3.1,0,0,0,2,6,360.0,0.209,-284.9,Normal
BR008,2026-02-02,15,2,17.5,2.15,3.3,0,0,0,0,6,360.0,0.049,-342.5,Normal
BR008,2026-02-02,16,1,17.6,2.9,2.9,0,0,0,0,6,360.0,0.049,-342.4,Normal
BR008,2026-02-03,9,10,129.5,2.3099999999999996,3.5,0,0,0,2,6,360.0,0.36,-230.5,Normal
BR008,2026-02-03,10,7,75.3,3.085714285714286,7.9,1,0,2,2,6,360.0,0.209,-284.7,Normal
BR008,2026-02-03,11,8,89.2,1.6625,2.3,1,0,3,1,6,360.0,0.248,-270.8,Normal
BR008,2026-02-03,12,7,86.3,2.3428571428571425,3.3,0,0,0,0,6,360.0,0.24,-273.7,Normal
BR008,2026-02-03,13,5,39.9,2.3,2.9,0,0,0,0,6,360.0,0.111,-320.1,Normal
BR008,2026-02-03,14,7,93.3,3.4571428571428577,10.8,1,0,0,2,6,360.0,0.259,-266.7,Normal
BR008,2026-02-03,15,2,20.3,2.45,3.5,0,0,0,0,6,360.0,0.056,-339.7,Normal
BR008,2026-02-03,16,1,16.6,2.7,2.7,0,0,0,0,6,360.0,0.046,-343.4,Normal
BR008,2026-02-04,9,8,133.9,1.825,3.5,0,0,1,3,6,360.0,0.372,-226.1,Normal
BR008,2026-02-04,10,10,98.4,5.359999999999999,24.2,1,0,1,0,6,360.0,0.273,-261.6,Normal
BR008,2026-02-04,11,8,89.5,9.4,40.6,2,1,2,2,6,360.0,0.249,-270.5,Normal
BR008,2026-02-04,12,9,125.5,4.544444444444444,23.4,1,0,1,2,6,360.0,0.349,-234.5,Normal
BR008,2026-02-04,13,5,81.5,1.8399999999999999,3.1,0,0,0,2,6,360.0,0.226,-278.5,Normal
BR008,2026-02-04,14,2,16.2,1.5,1.8,0,0,0,0,6,360.0,0.045,-343.8,Normal
BR008,2026-02-04,15,2,22.9,2.05,2.5,0,0,0,0,6,360.0,0.064,-337.1,Normal
BR008,2026-02-05,9,7,83.5,4.1000000000000005,15.3,1,0,2,2,6,360.0,0.232,-276.5,Normal
BR008,2026-02-05,10,10,135.0,6.56,23.9,2,0,1,2,6,360.0,0.375,-225.0,Normal
BR008,2026-02-05,11,9,107.69999999999999,2.933333333333333,8.9,1,0,1,1,6,360.0,0.299,-252.3,Normal
BR008,2026-02-05,12,4,49.4,2.075,3.1,0,0,1,2,6,360.0,0.137,-310.6,Normal
BR008,2026-02-05,13,1,7.0,2.0,2.0,0,0,0,0,6,360.0,0.019,-353.0,Normal
BR008,2026-02-05,14,8,137.70000000000002,5.2,14.9,1,0,0,3,6,360.0,0.383,-222.3,Normal
BR008,2026-02-05,15,4,43.6,1.85,3.0,0,0,1,1,6,360.0,0.121,-316.4,Normal
BR008,2026-02-05,16,1,2.7,1.7,1.7,0,0,0,0,6,360.0,0.008,-357.3,Normal
BR008,2026-02-06,9,10,135.5,6.33,28.8,2,0,2,2,6,360.0,0.376,-224.5,Normal
BR008,2026-02-06,10,9,108.6,2.9555555555555557,9.0,1,0,1,2,6,360.0,0.302,-251.4,Normal
BR008,2026-02-06,11,1,16.5,1.0,1.0,1,0,0,0,6,360.0,0.046,-343.5,Normal
BR008,2026-02-06,12,8,121.8,11.225000000000001,42.1,2,1,1,3,6,360.0,0.338,-238.2,Normal
BR008,2026-02-06,13,9,132.4,2.488888888888889,11.5,1,0,1,3,6,360.0,0.368,-227.6,Normal
BR008,2026-02-06,14,2,17.6,2.4,2.9,1,0,0,0,6,360.0,0.049,-342.4,Normal
BR008,2026-02-06,15,2,11.9,2.1500000000000004,2.7,0,0,0,0,6,360.0,0.033,-348.1,Normal
BR008,2026-02-06,16,1,11.4,3.4,3.4,0,0,0,0,6,360.0,0.032,-348.6,Normal
BR008,2026-02-07,9,5,80.2,2.18,3.4,0,0,2,2,6,360.0,0.223,-279.8,Normal
BR008,2026-02-07,10,6,80.5,2.2333333333333334,3.2,0,0,0,1,6,360.0,0.224,-279.5,Normal
BR008,2026-02-07,11,5,60.1,1.7599999999999998,2.9,0,0,2,1,6,360.0,0.167,-299.9,Normal
BR008,2026-02-07,12,6,62.8,1.9333333333333336,2.6,0,0,0,1,6,360.0,0.174,-297.2,Normal
BR008,2026-02-07,13,2,25.200000000000003,1.9000000000000001,2.7,0,0,0,0,6,360.0,0.07,-334.8,Normal
BR008,2026-02-07,14,4,41.1,1.8,2.7,0,0,0,0,6,360.0,0.114,-318.9,Normal
BR008,2026-02-07,15,2,21.0,2.05,3.0,0,0,0,0,6,360.0,0.058,-339.0,Normal
BR008,2026-02-07,16,1,7.9,3.1,3.1,0,0,0,0,6,360.0,0.022,-352.1,Normal
BR008,2026-02-09,9,4,35.5,1.875,2.6,0,0,2,0,6,360.0,0.099,-324.5,Normal
BR008,2026-02-09,10,11,130.4,3.1090909090909093,8.9,1,0,1,4,6,360.0,0.362,-229.6,Normal
BR008,2026-02-09,11,3,45.5,2.533333333333333,3.1,0,0,0,1,6,360.0,0.126,-314.5,Normal
BR008,2026-02-09,12,4,35.2,1.825,3.5,0,0,2,1,6,360.0,0.098,-324.8,Normal
BR008,2026-02-09,13,4,34.6,26.975,51.0,4,2,0,1,6,360.0,0.096,-325.4,High
BR008,2026-02-09,14,10,136.6,3.2300000000000004,12.5,3,0,0,3,6,360.0,0.379,-223.4,Normal
BR008,2026-02-09,15,3,34.2,1.1666666666666667,1.7,3,0,0,0,6,360.0,0.095,-325.8,Normal
BR008,2026-02-10,9,5,84.3,1.6,2.5,0,0,1,2,6,360.0,0.234,-275.7,Normal
BR008,2026-02-10,10,6,85.39999999999999,3.4333333333333336,10.0,1,0,1,1,6,360.0,0.237,-274.6,Normal
BR008,2026-02-10,11,6,82.8,1.6500000000000001,3.0,0,0,1,2,6,360.0,0.23,-277.2,Normal
BR008,2026-02-10,12,9,132.2,4.5,14.6,2,0,0,3,6,360.0,0.367,-227.8,Normal
BR008,2026-02-10,13,2,52.0,1.7,1.9,1,0,0,1,6,360.0,0.144,-308.0,Normal
BR008,2026-02-10,14,2,15.8,2.5,3.4,1,0,0,0,6,360.0,0.044,-344.2,Normal
BR008,2026-02-10,15,4,42.2,2.125,3.3,0,0,0,1,6,360.0,0.117,-317.8,Normal
BR008,2026-02-11,9,8,97.5,2.725,6.3,1,0,0,1,6,360.0,0.271,-262.5,Normal
BR008,2026-02-11,10,7,136.0,5.6000000000000005,16.3,2,0,2,3,6,360.0,0.378,-224.0,Normal
BR008,2026-02-11,11,9,124.3,2.755555555555555,6.6,4,0,1,3,6,360.0,0.345,-235.7,Normal
BR008,2026-02-11,12,7,99.7,2.0285714285714285,3.2,2,0,1,2,6,360.0,0.277,-260.3,Normal
BR008,2026-02-11,13,3,43.8,2.3666666666666667,2.8,0,0,0,1,6,360.0,0.122,-316.2,Normal
BR008,2026-02-11,14,3,45.3,2.5,3.0,0,0,0,1,6,360.0,0.126,-314.7,Normal
BR008,2026-02-11,15,2,41.2,2.05,2.3,0,0,0,0,6,360.0,0.114,-318.8,Normal
BR008,2026-02-12,9,7,68.30000000000001,4.528571428571429,18.8,2,0,1,0,6,360.0,0.19,-291.7,Normal
BR008,2026-02-12,10,10,77.6,2.6100000000000003,3.6,1,0,3,0,6,360.0,0.216,-282.4,Normal
BR008,2026-02-12,11,5,62.7,2.0799999999999996,3.3,0,0,0,0,6,360.0,0.174,-297.3,Normal
BR008,2026-02-12,13,3,32.900000000000006,1.1666666666666667,1.2,0,0,0,0,6,360.0,0.091,-327.1,Normal
BR008,2026-02-12,14,1,7.6,0.8,0.8,0,0,0,0,6,360.0,0.021,-352.4,Normal
BR008,2026-02-12,15,4,44.699999999999996,2.225,3.1,0,0,0,0,6,360.0,0.124,-315.3,Normal
BR008,2026-02-13,9,6,43.6,27.583333333333332,48.3,4,3,1,1,6,360.0,0.121,-316.4,High
BR008,2026-02-13,10,6,42.5,30.083333333333332,64.8,8,2,2,0,6,360.0,0.118,-317.5,High
BR008,2026-02-13,11,14,107.0,25.521428571428572,64.4,17,5,3,3,6,360.0,0.297,-253.0,High
BR008,2026-02-13,12,8,60.6,41.5,64.3,21,3,1,2,6,360.0,0.168,-299.4,Critical
BR008,2026-02-13,13,7,103.1,22.842857142857138,64.8,23,0,0,1,6,360.0,0.286,-256.9,Moderate
BR008,2026-02-13,14,6,90.60000000000001,18.616666666666667,34.2,26,0,0,2,6,360.0,0.252,-269.4,Moderate
BR008,2026-02-13,15,4,41.4,2.5,3.5,25,0,0,0,6,360.0,0.115,-318.6,Normal
BR008,2026-02-16,9,5,57.7,2.1,3.3,0,0,0,0,6,360.0,0.16,-302.3,Normal
BR008,2026-02-16,10,3,50.4,2.2666666666666666,3.0,0,0,1,1,6,360.0,0.14,-309.6,Normal
BR008,2026-02-16,11,9,99.7,1.9222222222222223,3.5,0,0,1,1,6,360.0,0.277,-260.3,Normal
BR008,2026-02-16,12,3,40.1,1.5999999999999999,1.8,0,0,1,1,6,360.0,0.111,-319.9,Normal
BR008,2026-02-16,13,3,49.6,2.0,3.0,0,0,0,1,6,360.0,0.138,-310.4,Normal
BR008,2026-02-16,14,12,95.9,14.466666666666667,48.2,5,1,1,1,6,360.0,0.266,-264.1,Normal
BR008,2026-02-16,15,5,33.1,2.82,3.4,3,0,1,0,6,360.0,0.092,-326.9,Normal
BR008,2026-02-16,16,1,6.5,2.2,2.2,4,0,0,0,6,360.0,0.018,-353.5,Normal
BR008,2026-02-17,9,3,27.5,3.233333333333333,3.5,0,0,0,1,6,360.0,0.076,-332.5,Normal
BR008,2026-02-17,10,11,133.2,5.118181818181818,20.4,1,0,1,3,6,360.0,0.37,-226.8,Normal
BR008,2026-02-17,11,6,112.5,2.1999999999999997,3.3,0,0,1,2,6,360.0,0.312,-247.5,Normal
BR008,2026-02-17,12,2,29.3,2.2,3.0,0,0,0,1,6,360.0,0.081,-330.7,Normal
BR008,2026-02-17,13,3,25.2,2.466666666666667,3.3,0,0,1,0,6,360.0,0.07,-334.8,Normal
BR008,2026-02-17,14,4,50.9,2.55,3.3,0,0,1,1,6,360.0,0.141,-309.1,Normal
BR008,2026-02-17,15,1,11.7,1.7,1.7,0,0,0,0,6,360.0,0.032,-348.3,Normal
BR008,2026-02-18,9,1,18.3,3.0,3.0,0,0,1,0,6,360.0,0.051,-341.7,Normal
BR008,2026-02-18,10,7,87.2,2.185714285714286,3.2,2,0,1,1,6,360.0,0.242,-272.8,Normal
BR008,2026-02-18,11,9,130.0,4.655555555555555,19.5,3,0,1,3,6,360.0,0.361,-230.0,Normal
BR008,2026-02-18,12,6,62.4,2.066666666666667,3.3,2,0,1,0,6,360.0,0.173,-297.6,Normal
BR008,2026-02-18,13,1,26.3,3.4,3.4,0,0,0,1,6,360.0,0.073,-333.7,Normal
BR008,2026-02-18,14,6,85.8,1.9333333333333333,3.4,0,0,0,2,6,360.0,0.238,-274.2,Normal
BR008,2026-02-18,15,2,44.3,1.55,1.8,0,0,0,1,6,360.0,0.123,-315.7,Normal
BR008,2026-02-19,9,7,88.5,2.2142857142857144,3.2,0,0,1,1,6,360.0,0.246,-271.5,Normal
BR008,2026-02-19,10,3,24.9,2.1333333333333333,2.9,0,0,1,0,6,360.0,0.069,-335.1,Normal
BR008,2026-02-19,11,4,50.400000000000006,1.975,3.4,0,0,0,1,6,360.0,0.14,-309.6,Normal
BR008,2026-02-19,12,9,135.8,10.100000000000001,21.6,6,0,1,3,6,360.0,0.377,-224.2,Normal
BR008,2026-02-19,13,6,56.599999999999994,3.033333333333333,8.8,5,0,1,1,6,360.0,0.157,-303.4,Normal
BR008,2026-02-19,15,2,20.700000000000003,1.55,2.0,3,0,0,0,6,360.0,0.058,-339.3,Normal
BR008,2026-02-20,9,6,58.300000000000004,7.116666666666667,18.4,1,0,1,0,6,360.0,0.162,-301.7,Normal
BR008,2026-02-20,10,9,110.4,7.811111111111111,49.4,2,1,2,2,6,360.0,0.307,-249.6,Normal
BR008,2026-02-20,11,7,81.0,3.271428571428572,10.8,4,0,1,1,6,360.0,0.225,-279.0,Normal
BR008,2026-02-20,12,6,63.199999999999996,7.316666666666666,34.0,2,0,1,0,6,360.0,0.176,-296.8,Normal
BR008,2026-02-20,13,7,85.8,1.9142857142857144,2.7,1,0,0,1,6,360.0,0.238,-274.2,Normal
BR008,2026-02-20,14,5,34.5,2.12,3.3,1,0,0,0,6,360.0,0.096,-325.5,Normal
BR008,2026-02-20,15,5,100.6,2.2800000000000002,3.4,0,0,0,2,6,360.0,0.279,-259.4,Normal
BR008,2026-02-20,16,2,58.2,2.75,2.8,0,0,0,2,6,360.0,0.162,-301.8,Normal
BR008,2026-02-21,9,9,130.4,2.3111111111111113,3.3,0,0,1,3,6,360.0,0.362,-229.6,Normal
BR008,2026-02-21,10,6,68.5,2.9,7.4,1,0,3,1,6,360.0,0.19,-291.5,Normal
BR008,2026-02-21,11,10,122.1,2.2,3.4,0,0,1,0,6,360.0,0.339,-237.9,Normal
BR008,2026-02-21,12,3,57.4,1.9333333333333333,3.3,0,0,0,1,6,360.0,0.159,-302.6,Normal
BR008,2026-02-21,13,6,82.8,2.566666666666667,3.4,0,0,1,1,6,360.0,0.23,-277.2,Normal
BR008,2026-02-21,14,7,53.199999999999996,2.157142857142857,2.9,1,0,0,0,6,360.0,0.148,-306.8,Normal
BR008,2026-02-21,15,5,67.4,2.3,3.0,0,0,0,1,6,360.0,0.187,-292.6,Normal
BR008,2026-02-23,9,7,84.9,3.1,11.0,1,0,0,2,6,360.0,0.236,-275.1,Normal
BR008,2026-02-23,10,8,77.1,4.725,13.7,1,0,2,0,6,360.0,0.214,-282.9,Normal
BR008,2026-02-23,11,9,151.3,7.688888888888889,38.6,2,0,0,3,6,360.0,0.42,-208.7,Normal
BR008,2026-02-23,12,7,120.7,2.814285714285714,4.0,3,0,3,2,6,360.0,0.335,-239.3,Normal
BR008,2026-02-23,13,11,182.9,9.30909090909091,36.9,4,0,2,4,6,360.0,0.508,-177.1,Normal
BR008,2026-02-23,14,5,57.4,3.94,7.7,5,0,0,0,6,360.0,0.159,-302.6,Normal
BR008,2026-02-23,15,4,60.0,1.925,2.2,4,0,0,1,6,360.0,0.167,-300.0,Normal
BR008,2026-02-24,9,2,13.0,0.95,1.0,0,0,1,0,6,360.0,0.036,-347.0,Normal
BR008,2026-02-24,10,6,107.1,11.683333333333332,33.7,3,0,0,2,6,360.0,0.298,-252.9,Normal
BR008,2026-02-24,11,6,84.9,3.0833333333333335,6.4,4,0,1,2,6,360.0,0.236,-275.1,Normal
BR008,2026-02-24,12,3,66.0,1.8,2.2,1,0,0,1,6,360.0,0.183,-294.0,Normal
BR008,2026-02-24,13,3,22.9,2.3333333333333335,2.9,2,0,0,0,6,360.0,0.064,-337.1,Normal
BR008,2026-02-24,14,2,26.7,1.9000000000000001,2.2,0,0,0,0,6,360.0,0.074,-333.3,Normal
BR008,2026-02-25,9,6,70.9,2.066666666666667,3.5,0,0,1,0,6,360.0,0.197,-289.1,Normal
BR008,2026-02-25,10,8,144.9,4.175,14.5,2,0,2,3,6,360.0,0.402,-215.1,Normal
BR008,2026-02-25,11,5,63.2,2.2,3.5,1,0,0,1,6,360.0,0.176,-296.8,Normal
BR008,2026-02-25,12,5,67.2,1.8800000000000001,3.5,1,0,0,1,6,360.0,0.187,-292.8,Normal
BR008,2026-02-25,13,3,32.5,2.6999999999999997,3.2,0,0,0,0,6,360.0,0.09,-327.5,Normal
BR008,2026-02-25,14,1,14.0,2.7,2.7,0,0,0,0,6,360.0,0.039,-346.0,Normal
BR008,2026-02-25,15,2,60.8,1.5,1.6,0,0,0,1,6,360.0,0.169,-299.2,Normal
BR008,2026-02-25,16,1,5.8,3.5,3.5,0,0,0,0,6,360.0,0.016,-354.2,Normal
BR008,2026-02-26,9,9,168.2,2.2777777777777777,3.2,0,0,0,3,6,360.0,0.467,-191.8,Normal
BR008,2026-02-26,10,3,88.2,2.9,3.4,0,0,0,2,6,360.0,0.245,-271.8,Normal
BR008,2026-02-26,11,4,12.3,2.325,3.2,0,0,0,0,6,360.0,0.034,-347.7,Normal
BR008,2026-02-26,12,10,113.3,4.2299999999999995,26.0,1,0,0,2,6,360.0,0.315,-246.7,Normal
BR008,2026-02-26,13,6,81.1,2.25,3.4,0,0,1,2,6,360.0,0.225,-278.9,Normal
BR008,2026-02-26,14,4,28.3,2.2,3.0,0,0,0,0,6,360.0,0.079,-331.7,Normal
BR008,2026-02-26,15,2,30.099999999999998,1.65,2.3,0,0,0,1,6,360.0,0.084,-329.9,Normal
BR008,2026-02-27,9,5,114.80000000000001,2.2199999999999998,3.5,1,0,1,3,6,360.0,0.319,-245.2,Normal
BR008,2026-02-27,10,7,101.1,1.9857142857142855,3.3,0,0,2,2,6,360.0,0.281,-258.9,Normal
BR008,2026-02-27,11,4,62.8,2.4,3.2,0,0,1,2,6,360.0,0.174,-297.2,Normal
BR008,2026-02-27,12,6,64.9,2.1666666666666665,2.8,0,0,0,1,6,360.0,0.18,-295.1,Normal
BR008,2026-02-27,13,7,114.6,1.9857142857142858,3.0,0,0,0,3,6,360.0,0.318,-245.4,Normal
BR008,2026-02-27,14,2,17.3,2.2,3.3,0,0,0,0,6,360.0,0.048,-342.7,Normal
BR008,2026-02-27,15,3,28.0,2.6999999999999997,3.1,0,0,0,0,6,360.0,0.078,-332.0,Normal
BR008,2026-02-27,16,1,5.7,1.5,1.5,0,0,0,0,6,360.0,0.016,-354.3,Normal
BR008,2026-03-02,9,5,84.2,2.3600000000000003,3.5,0,0,2,2,6,360.0,0.234,-275.8,Normal
BR008,2026-03-02,10,7,78.5,18.82857142857143,47.9,8,1,1,2,6,360.0,0.218,-281.5,Moderate
BR008,2026-03-02,11,16,167.9,11.69375,29.6,11,0,3,2,6,360.0,0.466,-192.1,Normal
BR008,2026-03-02,12,12,98.9,4.241666666666667,16.8,10,0,0,1,6,360.0,0.275,-261.1,Normal
BR008,2026-03-02,13,4,40.0,1.7,2.0,8,0,0,0,6,360.0,0.111,-320.0,Normal
BR008,2026-03-02,14,5,88.7,6.12,21.8,2,0,0,2,6,360.0,0.246,-271.3,Normal
BR008,2026-03-02,15,3,30.9,2.033333333333333,3.3,4,0,0,0,6,360.0,0.086,-329.1,Normal
BR008,2026-03-03,9,4,65.3,2.0,2.8,0,0,1,1,6,360.0,0.181,-294.7,Normal
BR008,2026-03-03,10,6,81.4,2.1166666666666667,3.2,0,0,2,0,6,360.0,0.226,-278.6,Normal
BR008,2026-03-03,11,3,13.7,25.76666666666667,42.2,2,1,0,0,6,360.0,0.038,-346.3,High
BR008,2026-03-03,12,10,102.5,2.05,3.4,0,0,1,2,6,360.0,0.285,-257.5,Normal
BR008,2026-03-03,13,8,95.19999999999999,6.3625,31.2,1,0,1,0,6,360.0,0.264,-264.8,Normal
BR008,2026-03-03,14,5,98.5,2.2600000000000002,3.1,0,0,0,2,6,360.0,0.274,-261.5,Normal
BR008,2026-03-03,15,1,21.2,3.3,3.3,0,0,0,1,6,360.0,0.059,-338.8,Normal
BR008,2026-03-05,9,7,101.9,1.6714285714285713,3.4,0,0,2,2,6,360.0,0.283,-258.1,Normal
BR008,2026-03-05,10,8,62.1,4.3,12.0,2,0,1,0,6,360.0,0.173,-297.9,Normal
BR008,2026-03-05,11,4,56.5,2.5,3.2,1,0,1,1,6,360.0,0.157,-303.5,Normal
BR008,2026-03-05,12,6,50.7,1.8166666666666667,2.8,0,0,0,0,6,360.0,0.141,-309.3,Normal
BR008,2026-03-05,13,2,28.8,1.65,1.7,0,0,0,1,6,360.0,0.08,-331.2,Normal
BR008,2026-03-05,14,3,48.2,1.5666666666666667,2.8,0,0,0,1,6,360.0,0.134,-311.8,Normal
BR008,2026-03-05,15,2,15.4,1.4,1.4,0,0,0,0,6,360.0,0.043,-344.6,Normal
BR008,2026-03-06,9,6,50.8,10.15,29.2,2,0,0,0,6,360.0,0.141,-309.2,Normal
BR008,2026-03-06,10,8,66.0,1.6625,2.8,1,0,1,0,6,360.0,0.183,-294.0,Normal
BR008,2026-03-06,11,4,60.7,2.7,3.5,0,0,1,1,6,360.0,0.169,-299.3,Normal
BR008,2026-03-06,12,8,59.8,5.6,32.3,1,0,0,0,6,360.0,0.166,-300.2,Normal
BR008,2026-03-06,13,6,97.5,1.7833333333333332,2.8,0,0,1,2,6,360.0,0.271,-262.5,Normal
BR008,2026-03-06,14,3,38.5,1.5999999999999999,2.4,0,0,1,1,6,360.0,0.107,-321.5,Normal
BR008,2026-03-06,15,4,39.6,1.675,2.0,0,0,0,0,6,360.0,0.11,-320.4,Normal
BR008,2026-03-07,9,8,122.3,2.0,3.5,0,0,0,2,6,360.0,0.34,-237.7,Normal
BR008,2026-03-07,10,4,76.9,1.275,2.1,0,0,1,2,6,360.0,0.214,-283.1,Normal
BR008,2026-03-07,11,10,137.7,3.46,19.1,1,0,3,2,6,360.0,0.382,-222.3,Normal
BR008,2026-03-07,12,3,57.4,1.8999999999999997,2.8,0,0,0,1,6,360.0,0.159,-302.6,Normal
BR008,2026-03-07,13,8,148.3,1.9875,3.3,0,0,0,3,6,360.0,0.412,-211.7,Normal
BR008,2026-03-07,14,2,26.8,2.2,3.0,0,0,0,1,6,360.0,0.074,-333.2,Normal
BR008,2026-03-07,15,1,4.0,1.8,1.8,0,0,0,0,6,360.0,0.011,-356.0,Normal
BR008,2026-03-09,9,4,56.5,2.225,3.1,0,0,1,1,6,360.0,0.157,-303.5,Normal
BR008,2026-03-09,10,7,96.6,3.542857142857143,13.4,1,0,2,2,6,360.0,0.268,-263.4,Normal
BR008,2026-03-09,11,10,167.1,5.08,16.3,3,0,1,3,6,360.0,0.464,-192.9,Normal
BR008,2026-03-09,12,5,72.6,2.2,3.2,2,0,0,1,6,360.0,0.202,-287.4,Normal
BR008,2026-03-09,13,10,99.9,2.6,4.2,1,0,0,0,6,360.0,0.278,-260.1,Normal
BR008,2026-03-09,14,7,89.4,2.485714285714286,3.1,1,0,0,2,6,360.0,0.248,-270.6,Normal
BR008,2026-03-09,15,4,53.800000000000004,1.3,1.7,0,0,0,1,6,360.0,0.149,-306.2,Normal
BR008,2026-03-10,9,5,51.1,3.08,3.5,0,0,0,0,6,360.0,0.142,-308.9,Normal
BR008,2026-03-10,10,7,103.39999999999999,5.957142857142857,27.9,1,0,1,3,6,360.0,0.287,-256.6,Normal
BR008,2026-03-10,11,4,71.7,1.9,3.4,0,0,1,2,6,360.0,0.199,-288.3,Normal
BR008,2026-03-10,12,5,60.900000000000006,1.6199999999999999,2.1,0,0,0,1,6,360.0,0.169,-299.1,Normal
BR008,2026-03-10,13,6,92.4,2.466666666666667,3.2,0,0,1,3,6,360.0,0.257,-267.6,Normal
BR008,2026-03-10,14,6,157.9,1.8833333333333335,2.3,0,0,0,4,6,360.0,0.439,-202.1,Normal
BR008,2026-03-10,15,2,25.7,2.05,2.8,0,0,0,1,6,360.0,0.071,-334.3,Normal
BR008,2026-03-11,9,6,35.6,31.383333333333336,63.6,4,3,1,2,6,360.0,0.099,-324.4,High
BR008,2026-03-11,10,7,99.6,27.17142857142857,63.4,6,1,1,2,6,360.0,0.277,-260.4,High
BR008,2026-03-11,11,7,140.8,11.214285714285714,34.8,7,0,1,3,6,360.0,0.391,-219.2,Normal
BR008,2026-03-11,13,3,20.1,8.4,18.8,6,0,0,0,6,360.0,0.056,-339.9,Normal
BR008,2026-03-11,14,5,41.6,2.42,3.1,5,0,0,0,6,360.0,0.116,-318.4,Normal
BR008,2026-03-11,15,2,37.2,3.0999999999999996,3.3,2,0,0,1,6,360.0,0.103,-322.8,Normal
BR008,2026-03-11,16,1,10.5,0.9,0.9,0,0,0,0,6,360.0,0.029,-349.5,Normal
BR008,2026-03-12,9,6,102.8,1.6500000000000001,2.4,0,0,3,2,6,360.0,0.286,-257.2,Normal
BR008,2026-03-12,10,3,41.2,1.7666666666666666,2.9,0,0,0,1,6,360.0,0.114,-318.8,Normal
BR008,2026-03-12,11,5,46.599999999999994,2.1399999999999997,2.6,0,0,0,0,6,360.0,0.129,-313.4,Normal
BR008,2026-03-12,12,6,80.89999999999999,2.35,3.2,0,0,0,2,6,360.0,0.225,-279.1,Normal
BR008,2026-03-12,13,6,71.4,2.65,3.3,0,0,0,2,6,360.0,0.198,-288.6,Normal
BR008,2026-03-12,14,1,29.1,2.4,2.4,0,0,0,1,6,360.0,0.081,-330.9,Normal
BR008,2026-03-12,15,2,17.4,2.6,3.2,0,0,0,0,6,360.0,0.048,-342.6,Normal
BR008,2026-03-13,9,5,47.4,2.32,3.3,0,0,1,1,6,360.0,0.132,-312.6,Normal
BR008,2026-03-13,10,8,105.2,7.9,35.0,2,0,0,2,6,360.0,0.292,-254.8,Normal
BR008,2026-03-13,11,9,131.3,3.744444444444445,14.9,1,0,1,3,6,360.0,0.365,-228.7,Normal
BR008,2026-03-13,12,7,87.8,1.6428571428571428,2.6,0,0,3,0,6,360.0,0.244,-272.2,Normal
BR008,2026-03-13,13,4,27.4,2.275,3.4,0,0,1,0,6,360.0,0.076,-332.6,Normal
BR008,2026-03-13,14,6,71.7,3.716666666666667,13.0,1,0,0,1,6,360.0,0.199,-288.3,Normal
BR008,2026-03-13,15,2,20.0,2.6500000000000004,2.7,0,0,0,0,6,360.0,0.056,-340.0,Normal
BR008,2026-03-13,16,1,12.2,3.3,3.3,0,0,0,0,6,360.0,0.034,-347.8,Normal
BR008,2026-03-16,9,6,44.1,3.4499999999999997,13.0,1,0,1,0,6,360.0,0.122,-315.9,Normal
BR008,2026-03-16,10,6,68.0,12.65,52.3,2,0,1,1,6,360.0,0.189,-292.0,Normal
BR008,2026-03-16,11,4,58.2,1.975,3.3,0,0,2,1,6,360.0,0.162,-301.8,Normal
BR008,2026-03-16,12,4,40.2,2.2,3.4,1,0,0,2,6,360.0,0.112,-319.8,Normal
BR008,2026-03-16,13,3,34.4,1.9333333333333333,2.7,0,0,0,0,6,360.0,0.096,-325.6,Normal
BR008,2026-03-16,14,6,43.2,6.583333333333333,27.1,1,0,0,0,6,360.0,0.12,-316.8,Normal
BR008,2026-03-16,15,4,63.599999999999994,1.95,3.0,0,0,0,1,6,360.0,0.177,-296.4,Normal
BR008,2026-03-16,16,1,5.1,1.0,1.0,0,0,0,0,6,360.0,0.014,-354.9,Normal
BR008,2026-03-17,9,6,73.5,3.15,6.2,1,0,2,0,6,360.0,0.204,-286.5,Normal
BR008,2026-03-17,10,7,96.3,2.142857142857143,4.0,1,0,0,2,6,360.0,0.268,-263.7,Normal
BR008,2026-03-17,11,6,76.7,2.8000000000000003,3.4,0,0,1,0,6,360.0,0.213,-283.3,Normal
BR008,2026-03-17,12,7,105.1,4.928571428571429,17.6,2,0,0,1,6,360.0,0.292,-254.9,Normal
BR008,2026-03-17,13,7,80.39999999999999,1.8,3.3,1,0,2,1,6,360.0,0.223,-279.6,Normal
BR008,2026-03-17,15,3,22.5,2.2333333333333334,3.1,0,0,0,0,6,360.0,0.062,-337.5,Normal
BR008,2026-03-18,9,8,105.7,12.8875,51.5,2,1,1,1,6,360.0,0.294,-254.3,Normal
BR008,2026-03-18,10,9,106.9,2.177777777777778,4.0,1,0,1,1,6,360.0,0.297,-253.1,Normal
BR008,2026-03-18,11,5,81.5,1.3800000000000001,2.0,1,0,0,1,6,360.0,0.226,-278.5,Normal
BR008,2026-03-18,12,4,34.2,2.65,3.3,0,0,1,0,6,360.0,0.095,-325.8,Normal
BR008,2026-03-18,13,6,94.5,2.4833333333333334,3.3,0,0,1,2,6,360.0,0.262,-265.5,Normal
BR008,2026-03-18,14,1,4.6,2.6,2.6,0,0,0,0,6,360.0,0.013,-355.4,Normal
BR008,2026-03-19,9,5,33.0,2.2,3.2,0,0,1,0,6,360.0,0.092,-327.0,Normal
BR008,2026-03-19,10,4,58.6,2.15,2.8,0,0,0,1,6,360.0,0.163,-301.4,Normal
BR008,2026-03-19,11,5,108.19999999999999,1.8399999999999999,2.8,0,0,0,3,6,360.0,0.301,-251.8,Normal
BR008,2026-03-19,12,3,96.0,1.7666666666666666,2.4,0,0,1,3,6,360.0,0.267,-264.0,Normal
BR008,2026-03-19,13,1,6.8,2.4,2.4,0,0,0,0,6,360.0,0.019,-353.2,Normal
BR008,2026-03-19,14,3,44.8,2.1666666666666665,2.7,0,0,0,0,6,360.0,0.124,-315.2,Normal
BR008,2026-03-19,15,4,68.2,1.225,1.7,0,0,1,1,6,360.0,0.189,-291.8,Normal
BR008,2026-03-21,9,5,80.8,2.08,3.2,0,0,1,2,6,360.0,0.224,-279.2,Normal
BR008,2026-03-21,10,8,163.0,7.2875,41.3,2,0,0,4,6,360.0,0.453,-197.0,Normal
BR008,2026-03-21,11,7,73.8,10.071428571428571,41.6,2,0,2,0,6,360.0,0.205,-286.2,Normal
BR008,2026-03-21,12,9,108.5,2.111111111111111,3.2,1,0,2,1,6,360.0,0.301,-251.5,Normal
BR008,2026-03-21,13,3,26.400000000000002,2.1666666666666665,2.5,0,0,0,0,6,360.0,0.073,-333.6,Normal
BR008,2026-03-21,14,2,39.9,1.75,1.9,0,0,0,2,6,360.0,0.111,-320.1,Normal
BR008,2026-03-21,15,3,37.4,1.5,2.2,0,0,0,1,6,360.0,0.104,-322.6,Normal
BR008,2026-03-23,9,6,84.4,18.033333333333335,50.7,2,1,0,1,6,360.0,0.234,-275.6,Moderate
BR008,2026-03-23,10,10,148.2,4.2,20.0,2,0,5,3,6,360.0,0.412,-211.8,Normal
BR008,2026-03-23,11,12,142.8,5.425,21.9,1,0,0,3,6,360.0,0.397,-217.2,Normal
BR008,2026-03-23,12,8,147.9,4.625,11.8,3,0,0,3,6,360.0,0.411,-212.1,Normal
BR008,2026-03-23,13,6,67.4,2.35,3.3,2,0,0,1,6,360.0,0.187,-292.6,Normal
BR008,2026-03-23,14,2,34.3,1.65,2.3,0,0,0,1,6,360.0,0.095,-325.7,Normal
BR008,2026-03-23,15,2,38.1,2.5999999999999996,2.8,0,0,0,1,6,360.0,0.106,-321.9,Normal
BR008,2026-03-23,16,3,62.8,2.0,2.5,0,0,0,2,6,360.0,0.174,-297.2,Normal
BR008,2026-03-24,9,5,87.2,2.62,3.4,1,0,1,2,6,360.0,0.242,-272.8,Normal
BR008,2026-03-24,10,6,88.6,3.0,8.8,1,0,2,1,6,360.0,0.246,-271.4,Normal
BR008,2026-03-24,11,10,93.8,5.08,12.8,3,0,1,1,6,360.0,0.261,-266.2,Normal
BR008,2026-03-24,12,4,58.300000000000004,2.225,3.3,2,0,0,2,6,360.0,0.162,-301.7,Normal
BR008,2026-03-24,13,8,110.9,2.0875,3.2,0,0,0,0,6,360.0,0.308,-249.1,Normal
BR008,2026-03-24,14,4,38.1,2.35,2.8,0,0,0,0,6,360.0,0.106,-321.9,Normal
BR008,2026-03-24,15,1,6.5,1.0,1.0,0,0,0,0,6,360.0,0.018,-353.5,Normal
BR008,2026-03-25,9,7,80.7,3.7857142857142856,11.2,1,0,2,1,6,360.0,0.224,-279.3,Normal
BR008,2026-03-25,10,8,103.0,2.325,6.6,1,0,0,2,6,360.0,0.286,-257.0,Normal
BR008,2026-03-25,11,1,7.4,1.9,1.9,0,0,0,0,6,360.0,0.021,-352.6,Normal
BR008,2026-03-25,12,1,6.4,2.9,2.9,0,0,0,0,6,360.0,0.018,-353.6,Normal
BR008,2026-03-25,13,3,41.2,2.6666666666666665,2.8,0,0,0,1,6,360.0,0.114,-318.8,Normal
BR008,2026-03-25,14,2,32.6,2.65,2.9,0,0,0,1,6,360.0,0.091,-327.4,Normal
BR008,2026-03-25,15,4,36.5,2.225,2.6,0,0,0,0,6,360.0,0.101,-323.5,Normal
BR008,2026-03-26,9,7,134.2,1.742857142857143,2.7,0,0,2,4,6,360.0,0.373,-225.8,Normal
BR008,2026-03-26,10,3,27.3,1.8666666666666665,2.9,0,0,0,0,6,360.0,0.076,-332.7,Normal
BR008,2026-03-26,11,5,81.4,2.68,3.5,0,0,1,3,6,360.0,0.226,-278.6,Normal
BR008,2026-03-26,12,5,67.8,3.7600000000000002,9.8,1,0,0,0,6,360.0,0.188,-292.2,Normal
BR008,2026-03-26,13,5,48.3,2.46,3.5,0,0,0,0,6,360.0,0.134,-311.7,Normal
BR008,2026-03-26,14,2,51.8,2.5,3.1,0,0,0,2,6,360.0,0.144,-308.2,Normal
BR008,2026-03-26,15,1,3.5,2.6,2.6,0,0,0,0,6,360.0,0.01,-356.5,Normal
BR008,2026-03-26,16,2,12.8,2.1,2.9,0,0,0,0,6,360.0,0.036,-347.2,Normal
BR008,2026-03-27,9,8,96.2,4.7,18.0,2,0,3,1,6,360.0,0.267,-263.8,Normal
BR008,2026-03-27,10,9,113.2,4.111111111111111,13.5,2,0,1,1,6,360.0,0.314,-246.8,Normal
BR008,2026-03-27,11,9,136.9,1.6444444444444446,2.4,1,0,1,2,6,360.0,0.38,-223.1,Normal
BR008,2026-03-27,12,7,75.4,2.242857142857143,4.1,1,0,1,1,6,360.0,0.209,-284.6,Normal
BR008,2026-03-27,13,8,126.0,2.0125,3.4,0,0,0,3,6,360.0,0.35,-234.0,Normal
BR008,2026-03-27,14,7,110.1,2.6142857142857143,6.0,1,0,0,2,6,360.0,0.306,-249.9,Normal
BR008,2026-03-27,15,4,28.8,2.175,3.2,0,0,0,0,6,360.0,0.08,-331.2,Normal
BR008,2026-03-27,16,1,5.0,2.7,2.7,0,0,0,0,6,360.0,0.014,-355.0,Normal
BR009,2025-10-01,9,17,182.8,6.847058823529412,34.6,3,0,6,1,9,540.0,0.339,-357.2,Normal
BR009,2025-10-01,10,10,110.6,2.43,3.3,2,0,1,1,9,540.0,0.205,-429.4,Normal
BR009,2025-10-01,11,11,139.0,1.7,2.9,1,0,1,2,9,540.0,0.257,-401.0,Normal
BR009,2025-10-01,12,8,112.1,4.125,14.1,1,0,0,2,9,540.0,0.208,-427.9,Normal
BR009,2025-10-01,13,11,94.4,1.8090909090909089,3.9,2,0,0,1,9,540.0,0.175,-445.6,Normal
BR009,2025-10-01,14,6,110.8,1.8166666666666667,3.3,0,0,0,2,9,540.0,0.205,-429.2,Normal
BR009,2025-10-01,15,3,21.0,2.6333333333333333,3.5,0,0,0,0,9,540.0,0.039,-519.0,Normal
BR009,2025-10-03,9,19,234.1,11.84736842105263,40.8,7,1,4,2,9,540.0,0.434,-305.9,Normal
BR009,2025-10-03,10,21,253.3,11.085714285714285,37.3,7,0,5,2,9,540.0,0.469,-286.7,Normal
BR009,2025-10-03,11,20,206.1,11.5,50.9,6,1,0,3,9,540.0,0.382,-333.9,Normal
BR009,2025-10-03,12,13,190.9,2.253846153846154,3.4,3,0,1,4,9,540.0,0.354,-349.1,Normal
BR009,2025-10-03,13,6,112.0,2.0666666666666664,3.4,2,0,0,1,9,540.0,0.207,-428.0,Normal
BR009,2025-10-03,14,14,133.7,6.121428571428572,21.8,3,0,0,1,9,540.0,0.248,-406.3,Normal
BR009,2025-10-03,15,5,56.7,2.2600000000000002,3.0,2,0,0,1,9,540.0,0.105,-483.3,Normal
BR009,2025-10-04,9,18,236.3,10.483333333333333,46.1,5,1,7,4,9,540.0,0.438,-303.7,Normal
BR009,2025-10-04,10,19,176.3,5.305263157894737,46.7,4,1,4,2,9,540.0,0.326,-363.7,Normal
BR009,2025-10-04,11,18,258.4,7.333333333333333,33.9,2,0,4,5,9,540.0,0.479,-281.6,Normal
BR009,2025-10-04,12,15,167.0,4.14,12.4,2,0,0,3,9,540.0,0.309,-373.0,Normal
BR009,2025-10-04,13,12,181.4,2.1666666666666665,3.5,1,0,0,4,9,540.0,0.336,-358.6,Normal
BR009,2025-10-04,14,6,53.5,1.8333333333333333,3.3,0,0,0,0,9,540.0,0.099,-486.5,Normal
BR009,2025-10-04,15,10,138.6,1.67,3.0,0,0,0,1,9,540.0,0.257,-401.4,Normal
BR009,2025-10-04,16,3,19.1,1.5,1.8,0,0,0,0,9,540.0,0.035,-520.9,Normal
BR009,2025-10-06,9,16,148.29999999999998,12.28125,45.9,7,0,6,1,9,540.0,0.275,-391.7,Normal
BR009,2025-10-06,10,17,223.2,8.264705882352942,28.1,6,0,1,5,9,540.0,0.413,-316.8,Normal
BR009,2025-10-06,11,10,118.6,2.17,3.5,6,0,0,2,9,540.0,0.22,-421.4,Normal
BR009,2025-10-06,12,8,101.3,2.4125,3.3,0,0,0,1,9,540.0,0.188,-438.7,Normal
BR009,2025-10-06,13,9,108.3,3.1555555555555554,8.1,1,0,0,1,9,540.0,0.201,-431.7,Normal
BR009,2025-10-06,14,10,162.0,1.85,3.0,0,0,0,3,9,540.0,0.3,-378.0,Normal
BR009,2025-10-06,15,6,45.3,2.35,3.3,0,0,0,0,9,540.0,0.084,-494.7,Normal
BR009,2025-10-06,16,2,8.6,1.85,2.1,0,0,0,0,9,540.0,0.016,-531.4,Normal
BR009,2025-10-07,9,7,139.6,2.0714285714285716,3.1,0,0,3,3,9,540.0,0.259,-400.4,Normal
BR009,2025-10-07,10,11,111.60000000000001,4.809090909090909,18.1,2,0,1,2,9,540.0,0.207,-428.4,Normal
BR009,2025-10-07,11,7,94.5,1.9857142857142858,3.0,1,0,1,2,9,540.0,0.175,-445.5,Normal
BR009,2025-10-07,12,7,96.9,4.228571428571429,16.1,1,0,0,1,9,540.0,0.179,-443.1,Normal
BR009,2025-10-07,13,7,63.400000000000006,2.0714285714285716,3.4,0,0,1,0,9,540.0,0.117,-476.6,Normal
BR009,2025-10-07,14,6,65.3,2.2666666666666666,2.8,0,0,0,1,9,540.0,0.121,-474.7,Normal
BR009,2025-10-07,15,4,36.4,1.975,2.7,0,0,0,0,9,540.0,0.067,-503.6,Normal
BR009,2025-10-08,9,11,130.7,2.5,3.4,0,0,3,1,9,540.0,0.242,-409.3,Normal
BR009,2025-10-08,10,7,69.30000000000001,1.8714285714285717,2.6,0,0,1,1,9,540.0,0.128,-470.7,Normal
BR009,2025-10-08,11,5,60.5,2.2399999999999998,3.5,0,0,1,1,9,540.0,0.112,-479.5,Normal
BR009,2025-10-08,12,9,150.7,2.322222222222222,3.5,1,0,0,4,9,540.0,0.279,-389.3,Normal
BR009,2025-10-08,13,5,28.5,2.2600000000000002,3.2,0,0,0,0,9,540.0,0.053,-511.5,Normal
BR009,2025-10-08,14,4,42.7,2.9,3.3,0,0,0,1,9,540.0,0.079,-497.3,Normal
BR009,2025-10-08,15,2,11.6,1.3,1.5,0,0,0,0,9,540.0,0.021,-528.4,Normal
BR009,2025-10-09,9,13,139.5,2.023076923076923,3.2,0,0,2,0,9,540.0,0.258,-400.5,Normal
BR009,2025-10-09,10,8,120.10000000000001,2.225,3.1,0,0,0,2,9,540.0,0.222,-419.9,Normal
BR009,2025-10-09,11,6,39.9,2.1166666666666667,3.1,0,0,1,0,9,540.0,0.074,-500.1,Normal
BR009,2025-10-09,12,8,88.39999999999999,1.8375,3.3,0,0,2,2,9,540.0,0.164,-451.6,Normal
BR009,2025-10-09,13,5,62.099999999999994,2.2,3.1,0,0,0,0,9,540.0,0.115,-477.9,Normal
BR009,2025-10-09,14,6,93.2,2.25,2.9,0,0,0,2,9,540.0,0.173,-446.8,Normal
BR009,2025-10-09,15,1,14.1,2.0,2.0,0,0,0,0,9,540.0,0.026,-525.9,Normal
BR009,2025-10-10,9,8,116.89999999999999,2.6,7.3,1,0,1,3,9,540.0,0.216,-423.1,Normal
BR009,2025-10-10,10,14,160.6,3.6357142857142857,14.2,1,0,2,3,9,540.0,0.297,-379.4,Normal
BR009,2025-10-10,11,5,97.7,1.5799999999999998,3.0,0,0,0,3,9,540.0,0.181,-442.3,Normal
BR009,2025-10-10,12,9,70.1,6.322222222222223,27.6,3,0,2,1,9,540.0,0.13,-469.9,Normal
BR009,2025-10-10,13,9,80.3,2.2333333333333334,3.4,4,0,1,1,9,540.0,0.149,-459.7,Normal
BR009,2025-10-10,14,7,78.0,1.6428571428571428,2.5,2,0,0,1,9,540.0,0.144,-462.0,Normal
BR009,2025-10-10,15,3,44.7,1.7666666666666666,2.6,0,0,0,1,9,540.0,0.083,-495.3,Normal
BR009,2025-10-10,16,1,9.3,1.2,1.2,0,0,0,0,9,540.0,0.017,-530.7,Normal
BR009,2025-10-13,9,10,167.5,2.23,3.0,1,0,2,4,9,540.0,0.31,-372.5,Normal
BR009,2025-10-13,10,16,278.09999999999997,5.35625,17.5,3,0,2,5,9,540.0,0.515,-261.9,Normal
BR009,2025-10-13,11,7,85.5,2.1285714285714286,3.2,2,0,1,1,9,540.0,0.158,-454.5,Normal
BR009,2025-10-13,12,9,151.5,4.122222222222222,16.9,1,0,0,3,9,540.0,0.281,-388.5,Normal
BR009,2025-10-13,13,6,154.1,2.0833333333333335,3.4,0,0,0,4,9,540.0,0.285,-385.9,Normal
BR009,2025-10-13,14,3,37.2,1.9000000000000001,2.7,0,0,0,1,9,540.0,0.069,-502.8,Normal
BR009,2025-10-13,15,6,31.5,2.216666666666667,3.0,0,0,0,0,9,540.0,0.058,-508.5,Normal
BR009,2025-10-14,9,12,109.9,2.275,3.3,0,0,5,1,9,540.0,0.204,-430.1,Normal
BR009,2025-10-14,10,15,186.9,2.3400000000000003,4.1,1,0,2,3,9,540.0,0.346,-353.1,Normal
BR009,2025-10-14,11,8,83.2,2.5875,3.2,0,0,0,1,9,540.0,0.154,-456.8,Normal
BR009,2025-10-14,12,9,110.0,2.7777777777777777,9.8,1,0,0,1,9,540.0,0.204,-430.0,Normal
BR009,2025-10-14,13,7,72.7,1.757142857142857,2.8,0,0,0,0,9,540.0,0.135,-467.3,Normal
BR009,2025-10-14,14,5,35.3,2.38,3.3,0,0,0,0,9,540.0,0.065,-504.7,Normal
BR009,2025-10-14,15,4,39.9,2.4,3.2,0,0,0,1,9,540.0,0.074,-500.1,Normal
BR009,2025-10-15,9,13,186.4,2.776923076923077,8.6,1,0,2,5,9,540.0,0.345,-353.6,Normal
BR009,2025-10-15,10,8,134.7,2.425,3.5,0,0,0,2,9,540.0,0.249,-405.3,Normal
BR009,2025-10-15,11,12,123.5,1.925,3.1,0,0,2,2,9,540.0,0.229,-416.5,Normal
BR009,2025-10-15,12,6,61.400000000000006,2.4833333333333334,3.2,0,0,2,1,9,540.0,0.114,-478.6,Normal
BR009,2025-10-15,13,8,57.7,1.9625000000000001,3.0,0,0,1,0,9,540.0,0.107,-482.3,Normal
BR009,2025-10-15,14,5,56.6,2.34,3.3,0,0,0,0,9,540.0,0.105,-483.4,Normal
BR009,2025-10-15,15,3,20.6,1.8333333333333333,2.6,0,0,0,0,9,540.0,0.038,-519.4,Normal
BR009,2025-10-16,9,10,147.3,3.7,13.9,1,0,2,3,9,540.0,0.273,-392.7,Normal
BR009,2025-10-16,10,12,175.5,2.6,9.1,1,0,4,3,9,540.0,0.325,-364.5,Normal
BR009,2025-10-16,11,6,52.8,2.6333333333333333,3.5,0,0,0,1,9,540.0,0.098,-487.2,Normal
BR009,2025-10-16,12,3,50.7,2.3000000000000003,2.7,0,0,0,1,9,540.0,0.094,-489.3,Normal
BR009,2025-10-16,13,10,121.1,2.23,3.4,0,0,1,2,9,540.0,0.224,-418.9,Normal
BR009,2025-10-16,14,8,114.7,2.225,3.3,0,0,0,1,9,540.0,0.212,-425.3,Normal
BR009,2025-10-16,15,4,81.8,2.025,2.8,0,0,0,2,9,540.0,0.151,-458.2,Normal
BR009,2025-10-17,9,11,147.8,2.5454545454545454,3.4,0,0,3,2,9,540.0,0.274,-392.2,Normal
BR009,2025-10-17,10,15,185.8,2.3466666666666667,11.8,1,0,1,4,9,540.0,0.344,-354.2,Normal
BR009,2025-10-17,11,11,87.2,4.881818181818182,11.9,3,0,2,1,9,540.0,0.161,-452.8,Normal
BR009,2025-10-17,12,11,170.8,2.4545454545454546,3.4,2,0,0,3,9,540.0,0.316,-369.2,Normal
BR009,2025-10-17,13,9,58.0,2.1555555555555554,3.2,1,0,1,0,9,540.0,0.107,-482.0,Normal
BR009,2025-10-17,14,7,89.9,2.8000000000000003,3.5,0,0,2,2,9,540.0,0.166,-450.1,Normal
BR009,2025-10-17,15,4,28.9,1.6,2.7,0,0,0,0,9,540.0,0.054,-511.1,Normal
BR009,2025-10-18,9,9,116.9,4.311111111111111,19.9,1,0,2,1,9,540.0,0.216,-423.1,Normal
BR009,2025-10-18,10,17,187.5,2.6999999999999997,12.6,2,0,0,3,9,540.0,0.347,-352.5,Normal
BR009,2025-10-18,11,8,78.0,3.4625,13.7,1,0,3,0,9,540.0,0.144,-462.0,Normal
BR009,2025-10-18,12,11,128.2,5.4818181818181815,36.9,1,0,3,3,9,540.0,0.237,-411.8,Normal
BR009,2025-10-18,13,15,224.0,5.053333333333333,14.4,2,0,1,2,9,540.0,0.415,-316.0,Normal
BR009,2025-10-18,14,7,60.0,2.2142857142857144,3.2,0,0,0,0,9,540.0,0.111,-480.0,Normal
BR009,2025-10-18,15,5,50.3,2.2399999999999998,3.3,0,0,0,0,9,540.0,0.093,-489.7,Normal
BR009,2025-10-18,16,2,26.0,2.85,3.2,0,0,0,1,9,540.0,0.048,-514.0,Normal
BR009,2025-10-22,9,7,101.69999999999999,1.942857142857143,3.1,0,0,2,1,9,540.0,0.188,-438.3,Normal
BR009,2025-10-22,10,10,140.0,1.7899999999999998,2.9,0,0,3,2,9,540.0,0.259,-400.0,Normal
BR009,2025-10-22,11,3,25.2,3.1999999999999997,3.5,0,0,0,1,9,540.0,0.047,-514.8,Normal
BR009,2025-10-22,12,11,127.8,3.0181818181818185,9.9,2,0,0,2,9,540.0,0.237,-412.2,Normal
BR009,2025-10-22,13,7,59.599999999999994,2.3714285714285714,3.3,1,0,0,0,9,540.0,0.11,-480.4,Normal
BR009,2025-10-22,14,3,28.6,2.1333333333333333,3.1,0,0,0,0,9,540.0,0.053,-511.4,Normal
BR009,2025-10-22,15,3,25.8,2.6333333333333333,2.9,0,0,0,0,9,540.0,0.048,-514.2,Normal
BR009,2025-10-22,16,1,22.6,0.9,0.9,0,0,0,1,9,540.0,0.042,-517.4,Normal
BR009,2025-10-23,9,10,162.0,2.96,9.2,1,0,1,3,9,540.0,0.3,-378.0,Normal
BR009,2025-10-23,10,11,113.1,5.336363636363637,27.1,1,0,2,2,9,540.0,0.209,-426.9,Normal
BR009,2025-10-23,11,11,150.7,2.2363636363636363,3.4,0,0,3,2,9,540.0,0.279,-389.3,Normal
BR009,2025-10-23,12,10,109.7,2.29,3.1,0,0,1,2,9,540.0,0.203,-430.3,Normal
BR009,2025-10-23,13,7,140.4,2.442857142857143,3.2,0,0,0,4,9,540.0,0.26,-399.6,Normal
BR009,2025-10-23,14,11,108.7,2.6,3.4,0,0,0,1,9,540.0,0.201,-431.3,Normal
BR009,2025-10-23,15,3,38.2,2.1666666666666665,3.3,0,0,0,1,9,540.0,0.071,-501.8,Normal
BR009,2025-10-23,16,1,3.0,3.0,3.0,0,0,0,0,9,540.0,0.006,-537.0,Normal
BR009,2025-10-24,9,15,178.4,3.7333333333333334,22.2,3,0,2,2,9,540.0,0.33,-361.6,Normal
BR009,2025-10-24,10,7,106.5,4.142857142857143,16.2,1,0,4,1,9,540.0,0.197,-433.5,Normal
BR009,2025-10-24,11,15,194.29999999999998,3.3800000000000003,15.9,2,0,2,3,9,540.0,0.36,-345.7,Normal
BR009,2025-10-24,12,11,110.6,3.8909090909090907,16.9,1,0,0,0,9,540.0,0.205,-429.4,Normal
BR009,2025-10-24,13,8,84.1,2.7,3.4,0,0,0,0,9,540.0,0.156,-455.9,Normal
BR009,2025-10-24,14,7,99.9,1.8857142857142857,3.3,0,0,0,2,9,540.0,0.185,-440.1,Normal
BR009,2025-10-24,15,5,57.3,2.04,3.0,0,0,0,1,9,540.0,0.106,-482.7,Normal
BR009,2025-10-27,9,14,169.5,6.535714285714286,39.2,3,1,2,2,9,540.0,0.314,-370.5,Normal
BR009,2025-10-27,10,18,253.8,8.11111111111111,24.9,6,0,5,2,9,540.0,0.47,-286.2,Normal
BR009,2025-10-27,11,9,111.5,2.3444444444444446,3.4,5,0,1,1,9,540.0,0.206,-428.5,Normal
BR009,2025-10-27,12,12,196.0,2.3916666666666666,3.3,1,0,0,3,9,540.0,0.363,-344.0,Normal
BR009,2025-10-27,13,8,113.0,1.7,3.1,0,0,0,2,9,540.0,0.209,-427.0,Normal
BR009,2025-10-27,14,8,115.0,2.0875,2.8,0,0,0,2,9,540.0,0.213,-425.0,Normal
BR009,2025-10-27,15,6,105.69999999999999,2.0,3.3,0,0,0,3,9,540.0,0.196,-434.3,Normal
BR009,2025-10-27,16,2,11.100000000000001,3.05,3.2,0,0,0,0,9,540.0,0.021,-528.9,Normal
BR009,2025-10-28,9,12,108.3,2.3249999999999997,6.0,1,0,2,1,9,540.0,0.201,-431.7,Normal
BR009,2025-10-28,10,16,165.7,8.275,39.2,3,1,2,2,9,540.0,0.307,-374.3,Normal
BR009,2025-10-28,11,15,186.5,13.253333333333334,44.2,6,1,4,2,9,540.0,0.345,-353.5,Normal
BR009,2025-10-28,12,14,196.1,4.107142857142857,23.6,5,0,3,4,9,540.0,0.363,-343.9,Normal
BR009,2025-10-28,13,11,135.6,2.790909090909091,10.4,4,0,0,2,9,540.0,0.251,-404.4,Normal
BR009,2025-10-28,14,7,73.5,2.1285714285714286,3.5,2,0,0,1,9,540.0,0.136,-466.5,Normal
BR009,2025-10-28,15,5,82.8,2.4,3.1,0,0,0,2,9,540.0,0.153,-457.2,Normal
BR009,2025-10-28,16,2,25.400000000000002,2.0500000000000003,3.2,0,0,0,1,9,540.0,0.047,-514.6,Normal
BR009,2025-10-29,9,7,130.8,2.4714285714285715,5.0,1,0,2,3,9,540.0,0.242,-409.2,Normal
BR009,2025-10-29,10,21,199.4,27.06190476190476,64.7,17,5,3,3,9,540.0,0.369,-340.6,High
BR009,2025-10-29,11,14,185.8,19.464285714285715,53.9,23,0,3,3,9,540.0,0.344,-354.2,Moderate
BR009,2025-10-29,12,10,142.5,16.22,39.3,27,1,2,3,9,540.0,0.264,-397.5,Moderate
BR009,2025-10-29,13,11,108.3,3.9909090909090907,9.1,28,0,0,1,9,540.0,0.201,-431.7,Normal
BR009,2025-10-29,14,7,76.89999999999999,7.1000000000000005,18.1,25,0,0,0,9,540.0,0.142,-463.1,Normal
BR009,2025-10-29,15,4,82.4,1.775,3.4,23,0,0,3,9,540.0,0.153,-457.6,Normal
BR009,2025-10-30,9,13,181.0,4.861538461538462,24.6,2,0,3,3,9,540.0,0.335,-359.0,Normal
BR009,2025-10-30,10,14,193.79999999999998,12.571428571428571,51.1,6,1,2,4,9,540.0,0.359,-346.2,Normal
BR009,2025-10-30,11,16,249.4,5.1125,20.3,5,0,4,4,9,540.0,0.462,-290.6,Normal
BR009,2025-10-30,12,11,140.9,2.0272727272727273,6.5,4,0,0,3,9,540.0,0.261,-399.1,Normal
BR009,2025-10-30,13,10,173.5,5.859999999999999,39.9,1,1,0,3,9,540.0,0.321,-366.5,Normal
BR009,2025-10-30,14,10,159.0,2.1399999999999997,2.9,1,0,0,4,9,540.0,0.294,-381.0,Normal
BR009,2025-10-30,15,7,71.1,2.3,3.5,0,0,0,0,9,540.0,0.132,-468.9,Normal
BR009,2025-10-30,16,1,6.3,1.3,1.3,0,0,0,0,9,540.0,0.012,-533.7,Normal
BR009,2025-10-31,9,19,275.4,12.2,52.4,6,1,7,4,9,540.0,0.51,-264.6,Normal
BR009,2025-10-31,10,20,251.5,7.3,22.7,8,0,7,5,9,540.0,0.466,-288.5,Normal
BR009,2025-10-31,11,19,162.4,4.9526315789473685,31.2,9,0,2,0,9,540.0,0.301,-377.6,Normal
BR009,2025-10-31,12,23,289.7,11.339130434782609,47.5,9,1,0,5,9,540.0,0.536,-250.3,Normal
BR009,2025-10-31,13,15,190.4,8.639999999999999,40.2,8,2,0,3,9,540.0,0.353,-349.6,Normal
BR009,2025-10-31,14,18,136.8,23.9,52.3,13,4,0,1,9,540.0,0.253,-403.2,Moderate
BR009,2025-10-31,15,14,135.9,7.3428571428571425,26.9,15,0,0,2,9,540.0,0.252,-404.1,Normal
BR009,2025-10-31,16,1,4.8,2.2,2.2,14,0,0,0,9,540.0,0.009,-535.2,Normal
BR009,2025-11-03,9,16,223.8,2.79375,6.7,2,0,2,4,9,540.0,0.414,-316.2,Normal
BR009,2025-11-03,10,13,152.8,15.423076923076923,51.9,3,1,3,3,9,540.0,0.283,-387.2,Moderate
BR009,2025-11-03,11,19,214.70000000000002,3.594736842105263,23.8,3,0,5,3,9,540.0,0.398,-325.3,Normal
BR009,2025-11-03,12,13,107.2,9.46923076923077,43.1,2,1,1,1,9,540.0,0.199,-432.8,Normal
BR009,2025-11-03,13,21,311.1,3.4952380952380957,18.5,2,0,0,3,9,540.0,0.576,-228.9,Normal
BR009,2025-11-03,14,15,174.79999999999998,6.680000000000001,30.9,3,0,0,2,9,540.0,0.324,-365.2,Normal
BR009,2025-11-03,15,5,61.5,2.3,3.3,2,0,0,0,9,540.0,0.114,-478.5,Normal
BR009,2025-11-04,9,16,190.0,3.79375,12.1,2,0,1,2,9,540.0,0.352,-350.0,Normal
BR009,2025-11-04,10,12,186.6,2.9,6.0,1,0,3,4,9,540.0,0.346,-353.4,Normal
BR009,2025-11-04,11,9,130.5,11.655555555555555,41.4,2,1,0,2,9,540.0,0.242,-409.5,Normal
BR009,2025-11-04,12,15,172.0,2.873333333333333,10.0,4,0,2,2,9,540.0,0.319,-368.0,Normal
BR009,2025-11-04,13,10,135.5,1.9899999999999998,3.2,2,0,1,1,9,540.0,0.251,-404.5,Normal
BR009,2025-11-04,14,7,81.39999999999999,2.0714285714285716,3.5,1,0,0,1,9,540.0,0.151,-458.6,Normal
BR009,2025-11-04,15,4,56.7,1.95,3.2,0,0,0,1,9,540.0,0.105,-483.3,Normal
BR009,2025-11-05,9,13,135.9,2.661538461538462,8.1,1,0,3,1,9,540.0,0.252,-404.1,Normal
BR009,2025-11-05,10,10,114.2,2.02,2.9,0,0,1,2,9,540.0,0.211,-425.8,Normal
BR009,2025-11-05,11,13,160.0,2.130769230769231,3.1,0,0,3,2,9,540.0,0.296,-380.0,Normal
BR009,2025-11-05,12,9,166.6,4.822222222222222,12.2,3,0,2,4,9,540.0,0.309,-373.4,Normal
BR009,2025-11-05,13,11,135.8,1.9636363636363638,3.2,1,0,0,3,9,540.0,0.251,-404.2,Normal
BR009,2025-11-05,14,19,230.79999999999998,6.352631578947369,24.3,6,0,0,4,9,540.0,0.427,-309.2,Normal
BR009,2025-11-05,15,5,64.8,1.56,3.3,5,0,0,1,9,540.0,0.12,-475.2,Normal
BR009,2025-11-06,9,8,66.6,2.0875,3.2,2,0,3,0,9,540.0,0.123,-473.4,Normal
BR009,2025-11-06,10,11,118.2,1.9181818181818182,2.9,1,0,2,1,9,540.0,0.219,-421.8,Normal
BR009,2025-11-06,11,9,61.8,3.522222222222222,12.5,1,0,1,0,9,540.0,0.114,-478.2,Normal
BR009,2025-11-06,12,7,88.8,2.357142857142857,3.5,0,0,0,2,9,540.0,0.164,-451.2,Normal
BR009,2025-11-06,13,3,31.0,2.6666666666666665,3.3,0,0,0,1,9,540.0,0.057,-509.0,Normal
BR009,2025-11-06,14,7,73.1,2.2285714285714286,3.4,0,0,0,0,9,540.0,0.135,-466.9,Normal
BR009,2025-11-06,15,2,19.9,1.1,1.3,0,0,0,1,9,540.0,0.037,-520.1,Normal
BR009,2025-11-06,16,2,17.3,1.85,1.9,0,0,0,0,9,540.0,0.032,-522.7,Normal
BR009,2025-11-07,9,16,299.3,7.0875,43.7,2,1,6,6,9,540.0,0.554,-240.7,Normal
BR009,2025-11-07,10,19,311.6,5.915789473684211,32.2,3,0,4,8,9,540.0,0.577,-228.4,Normal
BR009,2025-11-07,11,8,118.69999999999999,1.875,3.1,2,0,0,2,9,540.0,0.22,-421.3,Normal
BR009,2025-11-07,12,21,263.7,8.595238095238095,30.7,7,0,0,4,9,540.0,0.488,-276.3,Normal
BR009,2025-11-07,13,8,141.9,6.425,13.9,8,0,0,4,9,540.0,0.263,-398.1,Normal
BR009,2025-11-07,14,7,77.9,1.657142857142857,3.5,6,0,0,1,9,540.0,0.144,-462.1,Normal
BR009,2025-11-07,15,4,72.2,2.0,2.8,2,0,0,3,9,540.0,0.134,-467.8,Normal
BR009,2025-11-10,9,17,204.6,3.7176470588235295,16.7,2,0,6,2,9,540.0,0.379,-335.4,Normal
BR009,2025-11-10,10,16,226.6,6.225,33.3,4,0,2,3,9,540.0,0.42,-313.4,Normal
BR009,2025-11-10,11,11,140.5,2.2545454545454544,3.5,3,0,0,3,9,540.0,0.26,-399.5,Normal
BR009,2025-11-10,12,11,167.9,12.636363636363637,37.0,4,0,0,2,9,540.0,0.311,-372.1,Normal
BR009,2025-11-10,13,12,103.7,2.2666666666666666,3.4,2,0,0,0,9,540.0,0.192,-436.3,Normal
BR009,2025-11-10,14,4,76.6,2.6,3.2,3,0,0,1,9,540.0,0.142,-463.4,Normal
BR009,2025-11-10,15,4,50.1,2.025,3.3,0,0,0,1,9,540.0,0.093,-489.9,Normal
BR009,2025-11-10,16,1,16.7,3.5,3.5,0,0,0,0,9,540.0,0.031,-523.3,Normal
BR009,2025-11-11,9,11,121.5,1.7090909090909092,2.8,0,0,2,1,9,540.0,0.225,-418.5,Normal
BR009,2025-11-11,10,14,134.2,7.799999999999999,40.5,3,1,2,2,9,540.0,0.249,-405.8,Normal
BR009,2025-11-11,11,14,158.0,5.164285714285714,24.4,2,0,2,2,9,540.0,0.293,-382.0,Normal
BR009,2025-11-11,12,8,47.3,2.3625,3.4,0,0,1,0,9,540.0,0.088,-492.7,Normal
BR009,2025-11-11,13,12,99.0,1.9166666666666667,3.3,0,0,0,0,9,540.0,0.183,-441.0,Normal
BR009,2025-11-11,14,8,117.19999999999999,4.075,14.8,2,0,0,2,9,540.0,0.217,-422.8,Normal
BR009,2025-11-11,15,6,74.9,2.183333333333333,2.9,0,0,0,1,9,540.0,0.139,-465.1,Normal
BR009,2025-11-11,16,1,8.4,3.0,3.0,1,0,0,0,9,540.0,0.016,-531.6,Normal
BR009,2025-11-12,9,9,123.2,5.566666666666666,24.5,1,0,1,2,9,540.0,0.228,-416.8,Normal
BR009,2025-11-12,10,14,189.5,3.414285714285714,19.0,1,0,2,3,9,540.0,0.351,-350.5,Normal
BR009,2025-11-12,11,9,108.8,2.0666666666666664,3.1,0,0,3,2,9,540.0,0.201,-431.2,Normal
BR009,2025-11-12,12,13,199.8,4.315384615384615,15.4,2,0,2,2,9,540.0,0.37,-340.2,Normal
BR009,2025-11-12,13,7,112.2,2.914285714285714,3.2,1,0,0,2,9,540.0,0.208,-427.8,Normal
BR009,2025-11-12,14,8,94.5,1.7,2.8,1,0,0,1,9,540.0,0.175,-445.5,Normal
BR009,2025-11-12,15,2,21.0,2.45,2.9,0,0,0,0,9,540.0,0.039,-519.0,Normal
BR009,2025-11-13,9,12,103.0,12.808333333333332,51.3,4,1,1,1,9,540.0,0.191,-437.0,Normal
BR009,2025-11-13,10,14,185.8,4.057142857142858,22.1,3,0,2,3,9,540.0,0.344,-354.2,Normal
BR009,2025-11-13,11,9,94.1,2.6333333333333333,3.5,0,0,2,0,9,540.0,0.174,-445.9,Normal
BR009,2025-11-13,12,7,72.60000000000001,2.9857142857142853,6.8,1,0,4,0,9,540.0,0.134,-467.4,Normal
BR009,2025-11-13,13,8,58.3,2.5625,3.4,0,0,0,0,9,540.0,0.108,-481.7,Normal
BR009,2025-11-13,14,6,78.5,1.8499999999999999,2.5,0,0,0,2,9,540.0,0.145,-461.5,Normal
BR009,2025-11-13,15,1,5.3,3.5,3.5,0,0,0,0,9,540.0,0.01,-534.7,Normal
BR009,2025-11-14,9,14,158.7,2.6571428571428575,11.0,2,0,4,0,9,540.0,0.294,-381.3,Normal
BR009,2025-11-14,10,5,77.7,8.7,25.1,4,0,2,2,9,540.0,0.144,-462.3,Normal
BR009,2025-11-14,11,17,230.4,4.470588235294118,24.3,4,0,1,3,9,540.0,0.427,-309.6,Normal
BR009,2025-11-14,12,9,114.5,2.4555555555555557,3.5,1,0,0,2,9,540.0,0.212,-425.5,Normal
BR009,2025-11-14,13,1,12.5,3.1,3.1,0,0,0,0,9,540.0,0.023,-527.5,Normal
BR009,2025-11-14,14,12,119.2,2.0333333333333337,3.1,0,0,0,2,9,540.0,0.221,-420.8,Normal
BR009,2025-11-14,15,4,34.3,2.775,3.3,0,0,0,0,9,540.0,0.064,-505.7,Normal
BR009,2025-11-14,16,1,5.4,3.1,3.1,0,0,0,0,9,540.0,0.01,-534.6,Normal
BR009,2025-11-15,9,7,59.8,1.5571428571428572,2.0,0,0,0,0,9,540.0,0.111,-480.2,Normal
BR009,2025-11-15,10,11,164.3,6.990909090909091,30.0,3,0,4,3,9,540.0,0.304,-375.7,Normal
BR009,2025-11-15,11,11,98.5,2.3545454545454545,5.5,3,0,2,1,9,540.0,0.182,-441.5,Normal
BR009,2025-11-15,12,9,129.3,5.511111111111111,31.0,2,0,1,3,9,540.0,0.239,-410.7,Normal
BR009,2025-11-15,13,10,102.0,2.25,3.5,0,0,0,1,9,540.0,0.189,-438.0,Normal
BR009,2025-11-15,14,9,73.5,2.466666666666667,4.7,1,0,0,0,9,540.0,0.136,-466.5,Normal
BR009,2025-11-15,15,6,74.9,2.4499999999999997,3.4,0,0,0,1,9,540.0,0.139,-465.1,Normal
BR009,2025-11-15,16,2,10.0,1.75,1.9,0,0,0,0,9,540.0,0.019,-530.0,Normal
BR009,2025-11-17,9,8,116.0,2.2125,3.2,0,0,3,2,9,540.0,0.215,-424.0,Normal
BR009,2025-11-17,10,11,120.1,6.681818181818182,23.1,3,0,3,1,9,540.0,0.222,-419.9,Normal
BR009,2025-11-17,11,12,122.8,2.725,9.3,4,0,0,1,9,540.0,0.227,-417.2,Normal
BR009,2025-11-17,12,6,93.1,2.1333333333333333,3.5,3,0,0,2,9,540.0,0.172,-446.9,Normal
BR009,2025-11-17,13,5,44.1,2.18,3.1,0,0,0,0,9,540.0,0.082,-495.9,Normal
BR009,2025-11-17,14,7,104.9,6.171428571428572,31.8,2,0,0,2,9,540.0,0.194,-435.1,Normal
BR009,2025-11-17,15,5,32.2,2.28,3.4,0,0,0,0,9,540.0,0.06,-507.8,Normal
BR009,2025-11-18,9,8,83.9,5.8375,30.3,1,0,2,2,9,540.0,0.155,-456.1,Normal
BR009,2025-11-18,10,12,154.1,3.216666666666667,8.8,1,0,2,2,9,540.0,0.285,-385.9,Normal
BR009,2025-11-18,11,9,101.9,2.466666666666667,3.1,0,0,1,2,9,540.0,0.189,-438.1,Normal
BR009,2025-11-18,12,6,61.599999999999994,1.7333333333333334,2.6,0,0,0,0,9,540.0,0.114,-478.4,Normal
BR009,2025-11-18,13,3,37.0,2.066666666666667,3.4,0,0,0,1,9,540.0,0.069,-503.0,Normal
BR009,2025-11-18,14,5,61.300000000000004,4.3,14.1,1,0,0,1,9,540.0,0.114,-478.7,Normal
BR009,2025-11-18,15,7,79.0,2.3285714285714287,3.4,0,0,0,0,9,540.0,0.146,-461.0,Normal
BR009,2025-11-18,16,1,17.4,2.8,2.8,0,0,0,0,9,540.0,0.032,-522.6,Normal
BR009,2025-11-19,9,10,187.3,4.3100000000000005,15.9,2,0,4,4,9,540.0,0.347,-352.7,Normal
BR009,2025-11-19,10,9,109.8,2.0555555555555554,3.7,1,0,1,1,9,540.0,0.203,-430.2,Normal
BR009,2025-11-19,11,8,137.6,1.7875,3.4,0,0,0,1,9,540.0,0.255,-402.4,Normal
BR009,2025-11-19,12,11,141.7,4.154545454545455,15.0,1,0,3,2,9,540.0,0.262,-398.3,Normal
BR009,2025-11-19,13,9,99.4,2.3,3.2,0,0,1,1,9,540.0,0.184,-440.6,Normal
BR009,2025-11-19,14,6,117.3,4.3,15.4,1,0,0,2,9,540.0,0.217,-422.7,Normal
BR009,2025-11-19,15,7,90.1,1.5,2.7,0,0,0,2,9,540.0,0.167,-449.9,Normal
BR009,2025-11-20,9,10,134.3,2.2199999999999998,3.3,0,0,0,2,9,540.0,0.249,-405.7,Normal
BR009,2025-11-20,10,14,220.5,4.914285714285714,17.2,2,0,1,3,9,540.0,0.408,-319.5,Normal
BR009,2025-11-20,11,4,26.5,1.975,3.1,0,0,0,0,9,540.0,0.049,-513.5,Normal
BR009,2025-11-20,12,2,11.899999999999999,2.4,3.1,1,0,1,0,9,540.0,0.022,-528.1,Normal
BR009,2025-11-20,13,5,73.2,1.64,1.8,0,0,2,0,9,540.0,0.136,-466.8,Normal
BR009,2025-11-20,14,6,84.8,3.9499999999999997,8.1,2,0,1,2,9,540.0,0.157,-455.2,Normal
BR009,2025-11-20,15,6,75.9,2.966666666666667,3.4,0,0,1,1,9,540.0,0.141,-464.1,Normal
BR009,2025-11-21,9,9,111.7,2.155555555555556,3.2,0,0,2,2,9,540.0,0.207,-428.3,Normal
BR009,2025-11-21,10,13,174.3,4.384615384615385,13.6,2,0,3,3,9,540.0,0.323,-365.7,Normal
BR009,2025-11-21,11,12,170.9,2.2833333333333337,3.3,1,0,2,3,9,540.0,0.316,-369.1,Normal
BR009,2025-11-21,12,12,152.0,2.1333333333333333,3.3,0,0,2,2,9,540.0,0.281,-388.0,Normal
BR009,2025-11-21,13,4,65.3,2.1999999999999997,3.3,0,0,0,1,9,540.0,0.121,-474.7,Normal
BR009,2025-11-21,14,5,40.1,2.56,3.4,0,0,0,0,9,540.0,0.074,-499.9,Normal
BR009,2025-11-21,15,5,59.1,2.2,3.0,0,0,0,1,9,540.0,0.109,-480.9,Normal
BR009,2025-11-24,9,11,132.7,2.463636363636364,3.3,0,0,0,1,9,540.0,0.246,-407.3,Normal
BR009,2025-11-24,10,11,99.4,5.1454545454545455,29.9,1,0,0,0,9,540.0,0.184,-440.6,Normal
BR009,2025-11-24,11,9,67.4,1.9333333333333331,2.8,0,0,3,0,9,540.0,0.125,-472.6,Normal
BR009,2025-11-24,12,19,228.5,6.336842105263158,38.6,3,1,2,3,9,540.0,0.423,-311.5,Normal
BR009,2025-11-24,13,12,96.10000000000001,4.408333333333333,19.1,4,0,3,0,9,540.0,0.178,-443.9,Normal
BR009,2025-11-24,14,9,120.89999999999999,2.0999999999999996,3.3,3,0,0,2,9,540.0,0.224,-419.1,Normal
BR009,2025-11-24,15,5,70.0,2.5,3.4,0,0,1,0,9,540.0,0.13,-470.0,Normal
BR009,2025-11-24,16,1,31.3,1.7,1.7,0,0,0,1,9,540.0,0.058,-508.7,Normal
BR009,2025-11-25,9,10,116.10000000000001,2.75,7.8,1,0,1,1,9,540.0,0.215,-423.9,Normal
BR009,2025-11-25,10,6,64.9,1.3666666666666665,1.9,0,0,3,0,9,540.0,0.12,-475.1,Normal
BR009,2025-11-25,11,8,169.4,1.9,2.8,0,0,1,4,9,540.0,0.314,-370.6,Normal
BR009,2025-11-25,12,5,96.5,2.2399999999999998,3.1,0,0,0,2,9,540.0,0.179,-443.5,Normal
BR009,2025-11-25,13,10,120.1,2.4899999999999998,3.5,0,0,0,2,9,540.0,0.222,-419.9,Normal
BR009,2025-11-25,14,6,48.900000000000006,2.316666666666667,3.2,0,0,0,0,9,540.0,0.091,-491.1,Normal
BR009,2025-11-25,15,2,12.600000000000001,2.15,2.4,0,0,0,0,9,540.0,0.023,-527.4,Normal
BR009,2025-11-26,9,8,82.2,2.05,2.9,0,0,3,1,9,540.0,0.152,-457.8,Normal
BR009,2025-11-26,10,15,175.9,3.4733333333333336,19.6,1,0,2,2,9,540.0,0.326,-364.1,Normal
BR009,2025-11-26,11,10,85.0,2.08,3.3,0,0,2,0,9,540.0,0.157,-455.0,Normal
BR009,2025-11-26,12,5,63.2,2.3600000000000003,3.5,0,0,0,2,9,540.0,0.117,-476.8,Normal
BR009,2025-11-26,13,10,71.3,2.13,3.4,0,0,1,0,9,540.0,0.132,-468.7,Normal
BR009,2025-11-26,14,6,62.1,2.316666666666667,3.4,0,0,0,0,9,540.0,0.115,-477.9,Normal
BR009,2025-11-26,15,4,50.2,1.8,2.7,0,0,0,1,9,540.0,0.093,-489.8,Normal
BR009,2025-11-26,16,4,28.9,2.4,3.2,0,0,0,0,9,540.0,0.054,-511.1,Normal
BR009,2025-11-27,9,6,38.599999999999994,2.0166666666666666,2.5,0,0,1,0,9,540.0,0.071,-501.4,Normal
BR009,2025-11-27,10,12,128.70000000000002,2.3083333333333336,6.2,1,0,3,1,9,540.0,0.238,-411.3,Normal
BR009,2025-11-27,11,14,134.8,5.707142857142857,29.8,3,0,3,2,9,540.0,0.25,-405.2,Normal
BR009,2025-11-27,12,11,136.2,2.1454545454545455,3.5,2,0,0,2,9,540.0,0.252,-403.8,Normal
BR009,2025-11-27,13,9,105.6,2.7,7.1,1,0,0,3,9,540.0,0.196,-434.4,Normal
BR009,2025-11-27,14,8,99.5,3.95,13.5,1,0,0,1,9,540.0,0.184,-440.5,Normal
BR009,2025-11-27,15,6,67.5,2.1666666666666665,3.4,0,0,0,0,9,540.0,0.125,-472.5,Normal
BR009,2025-11-27,16,1,9.8,1.3,1.3,0,0,0,0,9,540.0,0.018,-530.2,Normal
BR009,2025-11-28,9,23,170.0,19.678260869565218,64.8,11,2,6,1,9,540.0,0.315,-370.0,Moderate
BR009,2025-11-28,10,19,142.3,25.46315789473684,63.5,28,3,4,2,9,540.0,0.264,-397.7,High
BR009,2025-11-28,11,25,115.3,37.936,64.7,34,12,2,3,9,540.0,0.214,-424.7,Critical
BR009,2025-11-28,12,17,63.9,40.35294117647059,64.4,49,8,0,2,9,540.0,0.118,-476.1,Critical
BR009,2025-11-28,13,14,115.3,34.035714285714285,64.9,64,5,2,2,9,540.0,0.214,-424.7,High
BR009,2025-11-28,14,15,164.8,37.973333333333336,64.1,74,3,0,5,9,540.0,0.305,-375.2,Critical
BR009,2025-11-28,15,8,72.4,12.2125,25.0,75,0,0,0,9,540.0,0.134,-467.6,Normal
BR009,2025-11-28,16,1,26.0,1.8,1.8,74,0,0,1,9,540.0,0.048,-514.0,Normal
BR009,2025-11-29,9,13,140.3,12.215384615384616,50.8,7,2,1,2,9,540.0,0.26,-399.7,Normal
BR009,2025-11-29,10,26,194.4,11.123076923076923,34.5,9,0,5,0,9,540.0,0.36,-345.6,Normal
BR009,2025-11-29,11,17,152.5,3.076470588235294,13.6,8,0,3,1,9,540.0,0.282,-387.5,Normal
BR009,2025-11-29,12,13,116.3,1.9307692307692308,3.6,8,0,3,0,9,540.0,0.215,-423.7,Normal
BR009,2025-11-29,13,6,77.8,2.216666666666667,2.9,1,0,0,1,9,540.0,0.144,-462.2,Normal
BR009,2025-11-29,14,13,187.0,4.569230769230769,20.5,2,0,1,5,9,540.0,0.346,-353.0,Normal
BR009,2025-11-29,15,6,58.3,2.9333333333333336,5.7,3,0,0,0,9,540.0,0.108,-481.7,Normal
BR009,2025-11-29,16,3,35.9,2.1999999999999997,2.7,2,0,0,0,9,540.0,0.066,-504.1,Normal
BR009,2025-12-01,9,21,286.1,14.976190476190476,49.9,9,2,2,5,9,540.0,0.53,-253.9,Normal
BR009,2025-12-01,10,20,192.3,9.74,43.5,6,0,5,2,9,540.0,0.356,-347.7,Normal
BR009,2025-12-01,11,17,260.0,6.188235294117647,23.4,8,0,5,4,9,540.0,0.481,-280.0,Normal
BR009,2025-12-01,12,19,261.7,7.057894736842105,27.3,6,0,1,5,9,540.0,0.485,-278.3,Normal
BR009,2025-12-01,13,8,116.2,4.3625,20.2,2,0,0,3,9,540.0,0.215,-423.8,Normal
BR009,2025-12-01,14,16,193.1,4.55625,18.6,3,0,0,3,9,540.0,0.358,-346.9,Normal
BR009,2025-12-01,15,6,80.3,2.3000000000000003,3.3,1,0,0,2,9,540.0,0.149,-459.7,Normal
BR009,2025-12-02,9,16,188.3,5.987500000000001,27.6,3,0,2,1,9,540.0,0.349,-351.7,Normal
BR009,2025-12-02,10,12,155.8,6.391666666666667,30.8,2,0,3,3,9,540.0,0.289,-384.2,Normal
BR009,2025-12-02,11,14,133.7,2.8214285714285716,7.6,1,0,3,1,9,540.0,0.248,-406.3,Normal
BR009,2025-12-02,12,13,159.6,6.784615384615384,38.0,3,0,1,2,9,540.0,0.296,-380.4,Normal
BR009,2025-12-02,13,10,189.3,2.0100000000000002,3.1,2,0,0,4,9,540.0,0.351,-350.7,Normal
BR009,2025-12-02,14,1,6.0,2.8,2.8,0,0,0,0,9,540.0,0.011,-534.0,Normal
BR009,2025-12-02,15,6,64.4,2.4,3.4,0,0,0,0,9,540.0,0.119,-475.6,Normal
BR009,2025-12-03,9,7,84.2,2.457142857142857,3.4,1,0,0,0,9,540.0,0.156,-455.8,Normal
BR009,2025-12-03,10,10,117.7,3.35,11.8,1,0,0,1,9,540.0,0.218,-422.3,Normal
BR009,2025-12-03,11,10,110.4,2.6100000000000003,3.2,1,0,2,1,9,540.0,0.204,-429.6,Normal
BR009,2025-12-03,12,9,111.0,2.477777777777778,3.4,0,0,2,1,9,540.0,0.206,-429.0,Normal
BR009,2025-12-03,13,10,100.9,2.29,3.4,0,0,3,0,9,540.0,0.187,-439.1,Normal
BR009,2025-12-03,14,11,201.1,7.027272727272727,27.7,2,0,1,4,9,540.0,0.372,-338.9,Normal
BR009,2025-12-03,15,8,80.2,2.6875,3.4,1,0,1,1,9,540.0,0.149,-459.8,Normal
BR009,2025-12-03,16,1,6.2,3.5,3.5,0,0,0,0,9,540.0,0.011,-533.8,Normal
BR009,2025-12-04,9,9,140.1,1.7777777777777777,3.3,0,0,2,2,9,540.0,0.259,-399.9,Normal
BR009,2025-12-04,10,8,109.9,1.9125,3.5,0,0,4,2,9,540.0,0.204,-430.1,Normal
BR009,2025-12-04,11,12,157.4,2.275,3.4,0,0,0,3,9,540.0,0.291,-382.6,Normal
BR009,2025-12-04,12,9,96.2,1.8444444444444446,3.3,0,0,0,3,9,540.0,0.178,-443.8,Normal
BR009,2025-12-04,13,8,144.3,2.2625,3.4,0,0,0,2,9,540.0,0.267,-395.7,Normal
BR009,2025-12-04,14,12,180.4,2.2166666666666663,3.5,0,0,0,3,9,540.0,0.334,-359.6,Normal
BR009,2025-12-04,15,5,28.9,2.54,3.2,0,0,0,0,9,540.0,0.054,-511.1,Normal
BR009,2025-12-04,16,2,20.4,1.8,2.2,0,0,0,0,9,540.0,0.038,-519.6,Normal
BR009,2025-12-05,9,10,196.9,2.42,3.4,0,0,1,4,9,540.0,0.365,-343.1,Normal
BR009,2025-12-05,10,20,195.2,11.81,50.7,8,1,5,1,9,540.0,0.361,-344.8,Normal
BR009,2025-12-05,11,18,227.1,3.7055555555555557,21.6,9,0,4,3,9,540.0,0.421,-312.9,Normal
BR009,2025-12-05,12,11,94.0,2.6727272727272724,9.5,7,0,1,0,9,540.0,0.174,-446.0,Normal
BR009,2025-12-05,13,12,182.8,4.433333333333334,23.4,3,0,0,2,9,540.0,0.339,-357.2,Normal
BR009,2025-12-05,14,14,149.1,8.057142857142857,37.5,3,0,0,1,9,540.0,0.276,-390.9,Normal
BR009,2025-12-05,15,9,119.4,2.1555555555555554,3.3,2,0,0,1,9,540.0,0.221,-420.6,Normal
BR009,2025-12-06,9,8,104.89999999999999,2.45,3.3,0,0,1,3,9,540.0,0.194,-435.1,Normal
BR009,2025-12-06,10,8,141.3,2.35,3.3,1,0,2,3,9,540.0,0.262,-398.7,Normal
BR009,2025-12-06,11,9,135.9,2.2111111111111112,3.5,0,0,0,2,9,540.0,0.252,-404.1,Normal
BR009,2025-12-06,12,7,123.5,1.4285714285714286,2.7,0,0,3,4,9,540.0,0.229,-416.5,Normal
BR009,2025-12-06,13,2,20.3,2.05,3.1,0,0,0,0,9,540.0,0.038,-519.7,Normal
BR009,2025-12-06,14,10,106.60000000000001,3.04,9.6,1,0,1,0,9,540.0,0.197,-433.4,Normal
BR009,2025-12-06,15,6,92.0,2.1166666666666667,3.2,0,0,0,1,9,540.0,0.17,-448.0,Normal
BR009,2025-12-08,9,16,236.79999999999998,9.0,39.5,4,0,4,3,9,540.0,0.439,-303.2,Normal
BR009,2025-12-08,10,12,101.8,2.1750000000000003,3.3,3,0,2,1,9,540.0,0.189,-438.2,Normal
BR009,2025-12-08,11,11,181.5,2.872727272727273,11.4,3,0,2,5,9,540.0,0.336,-358.5,Normal
BR009,2025-12-08,12,8,72.5,2.375,3.2,0,0,0,0,9,540.0,0.134,-467.5,Normal
BR009,2025-12-08,13,9,93.8,2.0999999999999996,3.1,0,0,0,0,9,540.0,0.174,-446.2,Normal
BR009,2025-12-08,14,10,110.1,2.77,10.6,1,0,0,0,9,540.0,0.204,-429.9,Normal
BR009,2025-12-08,15,5,47.3,1.6600000000000001,2.2,0,0,0,1,9,540.0,0.088,-492.7,Normal
BR009,2025-12-08,16,1,6.3,1.9,1.9,0,0,0,0,9,540.0,0.012,-533.7,Normal
BR009,2025-12-09,9,9,124.9,2.3333333333333335,3.3,0,0,2,2,9,540.0,0.231,-415.1,Normal
BR009,2025-12-09,10,8,127.5,2.2,3.3,0,0,3,3,9,540.0,0.236,-412.5,Normal
BR009,2025-12-09,11,4,44.5,2.275,2.8,0,0,0,0,9,540.0,0.082,-495.5,Normal
BR009,2025-12-09,12,9,140.4,3.9666666666666663,15.2,3,0,2,2,9,540.0,0.26,-399.6,Normal
BR009,2025-12-09,13,11,117.8,2.4545454545454546,7.9,3,0,0,1,9,540.0,0.218,-422.2,Normal
BR009,2025-12-09,14,6,110.9,2.3000000000000003,3.0,1,0,0,3,9,540.0,0.205,-429.1,Normal
BR009,2025-12-09,15,3,40.4,1.8999999999999997,3.3,0,0,0,1,9,540.0,0.075,-499.6,Normal
BR009,2025-12-10,9,10,120.6,7.1,19.2,3,0,2,3,9,540.0,0.223,-419.4,Normal
BR009,2025-12-10,10,6,109.5,2.6,3.4,1,0,2,2,9,540.0,0.203,-430.5,Normal
BR009,2025-12-10,11,7,85.0,2.414285714285714,5.3,2,0,1,1,9,540.0,0.157,-455.0,Normal
BR009,2025-12-10,12,9,96.6,7.1000000000000005,34.7,1,0,0,1,9,540.0,0.179,-443.4,Normal
BR009,2025-12-10,13,1,8.9,3.5,3.5,0,0,0,0,9,540.0,0.016,-531.1,Normal
BR009,2025-12-10,14,7,100.60000000000001,2.357142857142857,3.3,0,0,0,2,9,540.0,0.186,-439.4,Normal
BR009,2025-12-10,15,2,31.5,1.6,1.9,0,0,0,1,9,540.0,0.058,-508.5,Normal
BR009,2025-12-11,9,4,66.60000000000001,2.35,3.5,0,0,0,1,9,540.0,0.123,-473.4,Normal
BR009,2025-12-11,10,11,157.6,13.30909090909091,45.3,6,0,2,2,9,540.0,0.292,-382.4,Normal
BR009,2025-12-11,11,15,117.8,3.9466666666666668,15.5,7,0,2,0,9,540.0,0.218,-422.2,Normal
BR009,2025-12-11,12,12,182.8,2.408333333333333,3.2,4,0,1,2,9,540.0,0.339,-357.2,Normal
BR009,2025-12-11,13,4,25.6,1.9500000000000002,2.6,0,0,0,0,9,540.0,0.047,-514.4,Normal
BR009,2025-12-11,14,6,57.0,3.6,9.9,1,0,1,0,9,540.0,0.106,-483.0,Normal
BR009,2025-12-11,15,6,75.4,2.1999999999999997,3.3,0,0,0,2,9,540.0,0.14,-464.6,Normal
BR009,2025-12-12,9,11,122.3,6.127272727272728,31.5,1,0,2,1,9,540.0,0.226,-417.7,Normal
BR009,2025-12-12,10,18,241.4,6.483333333333333,34.8,5,0,4,5,9,540.0,0.447,-298.6,Normal
BR009,2025-12-12,11,12,137.9,1.7583333333333335,3.4,3,0,3,3,9,540.0,0.255,-402.1,Normal
BR009,2025-12-12,12,4,53.4,4.625,13.1,4,0,0,1,9,540.0,0.099,-486.6,Normal
BR009,2025-12-12,13,15,182.4,3.326666666666667,9.8,1,0,1,3,9,540.0,0.338,-357.6,Normal
BR009,2025-12-12,14,6,45.4,1.9666666666666668,2.8,0,0,0,0,9,540.0,0.084,-494.6,Normal
BR009,2025-12-12,15,7,55.9,1.8142857142857143,3.0,0,0,0,0,9,540.0,0.104,-484.1,Normal
BR009,2025-12-15,9,7,81.5,1.8857142857142857,2.9,0,0,1,1,9,540.0,0.151,-458.5,Normal
BR009,2025-12-15,10,9,114.3,2.2,3.3,0,0,1,1,9,540.0,0.212,-425.7,Normal
BR009,2025-12-15,11,7,68.2,3.4,8.9,1,0,1,1,9,540.0,0.126,-471.8,Normal
BR009,2025-12-15,12,13,185.3,5.123076923076923,29.9,2,0,0,4,9,540.0,0.343,-354.7,Normal
BR009,2025-12-15,13,11,141.4,2.3272727272727276,4.0,2,0,3,2,9,540.0,0.262,-398.6,Normal
BR009,2025-12-15,14,1,21.7,3.2,3.2,0,0,0,1,9,540.0,0.04,-518.3,Normal
BR009,2025-12-15,15,5,57.300000000000004,2.5,2.9,0,0,0,0,9,540.0,0.106,-482.7,Normal
BR009,2025-12-16,9,8,135.6,1.75,3.0,1,0,1,2,9,540.0,0.251,-404.4,Normal
BR009,2025-12-16,10,7,69.7,2.7857142857142856,3.2,0,0,1,1,9,540.0,0.129,-470.3,Normal
BR009,2025-12-16,11,8,90.3,2.375,3.1,0,0,1,1,9,540.0,0.167,-449.7,Normal
BR009,2025-12-16,12,6,89.6,2.3666666666666667,3.4,0,0,0,1,9,540.0,0.166,-450.4,Normal
BR009,2025-12-16,13,6,105.6,2.1,2.9,0,0,1,3,9,540.0,0.196,-434.4,Normal
BR009,2025-12-16,14,9,89.0,2.1333333333333333,3.3,0,0,0,1,9,540.0,0.165,-451.0,Normal
BR009,2025-12-16,15,1,5.7,1.9,1.9,0,0,0,0,9,540.0,0.011,-534.3,Normal
BR009,2025-12-16,16,1,7.9,1.1,1.1,0,0,0,0,9,540.0,0.015,-532.1,Normal
BR009,2025-12-17,9,9,114.2,6.0,19.5,1,0,1,2,9,540.0,0.211,-425.8,Normal
BR009,2025-12-17,10,10,115.7,2.28,3.3,0,0,1,2,9,540.0,0.214,-424.3,Normal
BR009,2025-12-17,11,8,64.4,2.775,3.5,0,0,2,0,9,540.0,0.119,-475.6,Normal
BR009,2025-12-17,12,12,164.8,2.275,5.8,1,0,2,3,9,540.0,0.305,-375.2,Normal
BR009,2025-12-17,13,4,77.0,2.275,3.4,0,0,1,2,9,540.0,0.143,-463.0,Normal
BR009,2025-12-17,14,5,45.8,1.8,3.5,0,0,0,0,9,540.0,0.085,-494.2,Normal
BR009,2025-12-17,15,4,48.9,1.8499999999999999,3.0,0,0,0,0,9,540.0,0.091,-491.1,Normal
BR009,2025-12-18,9,12,188.5,2.4250000000000003,3.4,0,0,3,4,9,540.0,0.349,-351.5,Normal
BR009,2025-12-18,10,7,78.5,1.6285714285714286,2.3,0,0,3,2,9,540.0,0.145,-461.5,Normal
BR009,2025-12-18,11,5,78.1,1.94,3.4,0,0,0,1,9,540.0,0.145,-461.9,Normal
BR009,2025-12-18,12,8,83.4,2.4625,3.6,1,0,1,1,9,540.0,0.154,-456.6,Normal
BR009,2025-12-18,13,6,73.4,1.5166666666666666,2.2,0,0,0,1,9,540.0,0.136,-466.6,Normal
BR009,2025-12-18,14,5,51.0,2.7199999999999998,3.4,0,0,0,0,9,540.0,0.094,-489.0,Normal
BR009,2025-12-18,15,2,20.7,1.85,2.0,0,0,0,1,9,540.0,0.038,-519.3,Normal
BR009,2025-12-18,16,1,5.5,1.3,1.3,0,0,0,0,9,540.0,0.01,-534.5,Normal
BR009,2025-12-19,9,16,198.2,2.45,4.5,1,0,4,3,9,540.0,0.367,-341.8,Normal
BR009,2025-12-19,10,7,99.5,2.4714285714285715,3.4,0,0,2,2,9,540.0,0.184,-440.5,Normal
BR009,2025-12-19,11,12,170.4,2.283333333333333,3.9,1,0,1,3,9,540.0,0.316,-369.6,Normal
BR009,2025-12-19,12,12,164.3,6.883333333333333,40.9,4,1,1,3,9,540.0,0.304,-375.7,Normal
BR009,2025-12-19,13,10,105.7,5.51,20.6,3,0,1,1,9,540.0,0.196,-434.3,Normal
BR009,2025-12-19,14,8,81.5,1.6875,2.6,2,0,0,1,9,540.0,0.151,-458.5,Normal
BR009,2025-12-19,15,7,67.6,2.4714285714285715,3.4,0,0,0,0,9,540.0,0.125,-472.4,Normal
BR009,2025-12-20,9,4,69.8,1.55,3.1,0,0,1,1,9,540.0,0.129,-470.2,Normal
BR009,2025-12-20,10,4,33.5,2.425,2.9,0,0,0,0,9,540.0,0.062,-506.5,Normal
BR009,2025-12-20,11,9,87.3,1.8111111111111111,2.7,0,0,2,1,9,540.0,0.162,-452.7,Normal
BR009,2025-12-20,12,7,68.1,2.442857142857143,3.4,0,0,0,0,9,540.0,0.126,-471.9,Normal
BR009,2025-12-20,13,6,106.4,2.1666666666666665,3.2,0,0,2,3,9,540.0,0.197,-433.6,Normal
BR009,2025-12-20,14,10,85.9,6.49,18.5,3,0,0,1,9,540.0,0.159,-454.1,Normal
BR009,2025-12-20,15,2,19.9,2.4000000000000004,3.2,0,0,0,0,9,540.0,0.037,-520.1,Normal
BR009,2025-12-20,16,1,14.0,3.4,3.4,2,0,0,0,9,540.0,0.026,-526.0,Normal
BR009,2025-12-22,9,12,188.5,3.9499999999999997,21.7,2,0,2,3,9,540.0,0.349,-351.5,Normal
BR009,2025-12-22,10,13,169.9,5.961538461538462,30.1,4,0,1,2,9,540.0,0.315,-370.1,Normal
BR009,2025-12-22,11,19,235.1,5.294736842105263,28.0,3,0,3,3,9,540.0,0.435,-304.9,Normal
BR009,2025-12-22,12,12,111.7,3.1916666666666664,10.1,3,0,1,1,9,540.0,0.207,-428.3,Normal
BR009,2025-12-22,13,15,177.2,1.4733333333333334,3.0,1,0,3,1,9,540.0,0.328,-362.8,Normal
BR009,2025-12-22,14,7,59.8,2.042857142857143,3.2,0,0,1,0,9,540.0,0.111,-480.2,Normal
BR009,2025-12-22,15,4,53.0,2.45,3.2,0,0,0,0,9,540.0,0.098,-487.0,Normal
BR009,2025-12-23,9,7,55.5,2.0285714285714285,3.0,0,0,1,0,9,540.0,0.103,-484.5,Normal
BR009,2025-12-23,10,12,194.2,1.875,3.4,1,0,1,4,9,540.0,0.36,-345.8,Normal
BR009,2025-12-23,11,12,152.1,3.1999999999999997,9.2,2,0,2,3,9,540.0,0.282,-387.9,Normal
BR009,2025-12-23,12,10,161.2,9.52,45.2,5,1,2,4,9,540.0,0.299,-378.8,Normal
BR009,2025-12-23,13,12,143.5,3.1666666666666665,9.3,4,0,0,0,9,540.0,0.266,-396.5,Normal
BR009,2025-12-23,14,5,104.8,2.34,3.5,3,0,0,3,9,540.0,0.194,-435.2,Normal
BR009,2025-12-23,15,2,15.8,2.6500000000000004,2.7,0,0,0,0,9,540.0,0.029,-524.2,Normal
BR009,2025-12-23,16,1,26.8,1.3,1.3,0,0,0,1,9,540.0,0.05,-513.2,Normal
BR009,2025-12-24,9,10,123.69999999999999,4.61,19.5,1,0,2,1,9,540.0,0.229,-416.3,Normal
BR009,2025-12-24,10,11,170.2,3.2545454545454544,10.8,1,0,3,3,9,540.0,0.315,-369.8,Normal
BR009,2025-12-24,11,7,102.60000000000001,2.185714285714286,3.2,0,0,0,0,9,540.0,0.19,-437.4,Normal
BR009,2025-12-24,12,9,130.7,2.2666666666666666,3.4,1,0,0,3,9,540.0,0.242,-409.3,Normal
BR009,2025-12-24,13,11,103.6,2.5272727272727273,3.4,0,0,0,0,9,540.0,0.192,-436.4,Normal
BR009,2025-12-24,14,6,85.0,2.033333333333333,3.3,0,0,0,2,9,540.0,0.157,-455.0,Normal
BR009,2025-12-24,15,2,12.3,2.4,3.5,0,0,0,0,9,540.0,0.023,-527.7,Normal
BR009,2025-12-26,9,14,137.8,5.3,21.7,2,0,1,1,9,540.0,0.255,-402.2,Normal
BR009,2025-12-26,10,23,301.7,16.056521739130435,51.8,10,1,4,5,9,540.0,0.559,-238.3,Moderate
BR009,2025-12-26,11,14,175.5,4.621428571428572,14.6,8,0,4,2,9,540.0,0.325,-364.5,Normal
BR009,2025-12-26,12,10,111.0,2.5,5.7,9,0,0,1,9,540.0,0.206,-429.0,Normal
BR009,2025-12-26,13,11,102.5,2.390909090909091,3.3,6,0,0,0,9,540.0,0.19,-437.5,Normal
BR009,2025-12-26,14,4,51.199999999999996,1.625,2.0,0,0,0,1,9,540.0,0.095,-488.8,Normal
BR009,2025-12-26,15,7,93.0,1.6714285714285713,2.2,0,0,0,1,9,540.0,0.172,-447.0,Normal
BR009,2025-12-26,16,1,8.7,1.5,1.5,0,0,0,0,9,540.0,0.016,-531.3,Normal
BR009,2025-12-29,9,19,306.1,9.889473684210527,45.1,5,0,2,5,9,540.0,0.567,-233.9,Normal
BR009,2025-12-29,10,19,170.0,10.978947368421052,47.4,7,3,3,2,9,540.0,0.315,-370.0,Normal
BR009,2025-12-29,11,27,386.9,13.107407407407406,46.7,14,0,8,5,9,540.0,0.716,-153.1,Normal
BR009,2025-12-29,12,16,240.8,18.4625,51.9,20,1,1,2,9,540.0,0.446,-299.2,Moderate
BR009,2025-12-29,13,17,271.9,8.488235294117647,30.6,22,0,0,5,9,540.0,0.504,-268.1,Normal
BR009,2025-12-29,14,20,237.2,4.265000000000001,30.6,21,0,0,3,9,540.0,0.439,-302.8,Normal
BR009,2025-12-29,15,3,38.900000000000006,2.733333333333333,3.4,14,0,0,1,9,540.0,0.072,-501.1,Normal
BR009,2025-12-29,16,2,40.9,1.75,2.0,7,0,0,1,9,540.0,0.076,-499.1,Normal
BR009,2025-12-30,9,13,176.0,8.669230769230769,44.9,1,2,2,3,9,540.0,0.326,-364.0,Normal
BR009,2025-12-30,10,16,160.9,2.675,7.7,1,0,5,1,9,540.0,0.298,-379.1,Normal
BR009,2025-12-30,11,7,88.9,1.8857142857142857,3.0,0,0,0,2,9,540.0,0.165,-451.1,Normal
BR009,2025-12-30,12,19,189.5,2.973684210526316,13.0,1,0,2,6,9,540.0,0.351,-350.5,Normal
BR009,2025-12-30,13,7,81.8,2.0428571428571427,3.3,0,0,0,1,9,540.0,0.151,-458.2,Normal
BR009,2025-12-30,14,9,108.8,2.2,3.1,0,0,0,2,9,540.0,0.201,-431.2,Normal
BR009,2025-12-30,15,6,77.0,2.533333333333333,3.3,0,0,0,1,9,540.0,0.143,-463.0,Normal
BR009,2025-12-31,9,12,163.8,2.191666666666667,7.3,1,0,4,2,9,540.0,0.303,-376.2,Normal
BR009,2025-12-31,10,10,119.7,5.96,30.5,1,0,2,2,9,540.0,0.222,-420.3,Normal
BR009,2025-12-31,11,17,166.8,2.394117647058824,5.7,2,0,3,1,9,540.0,0.309,-373.2,Normal
BR009,2025-12-31,12,10,108.4,2.41,5.4,1,0,0,2,9,540.0,0.201,-431.6,Normal
BR009,2025-12-31,13,6,103.3,2.6833333333333336,3.4,1,0,0,3,9,540.0,0.191,-436.7,Normal
BR009,2025-12-31,14,8,66.2,2.3375,3.3,0,0,0,0,9,540.0,0.123,-473.8,Normal
BR009,2025-12-31,15,3,9.3,2.966666666666667,3.1,0,0,0,0,9,540.0,0.017,-530.7,Normal
BR009,2026-01-02,9,10,107.0,5.82,42.4,2,1,1,1,9,540.0,0.198,-433.0,Normal
BR009,2026-01-02,10,21,137.7,23.633333333333333,64.4,12,7,3,4,9,540.0,0.255,-402.3,Moderate
BR009,2026-01-02,11,16,148.5,23.8625,63.7,21,5,2,4,9,540.0,0.275,-391.5,Moderate
BR009,2026-01-02,12,15,144.79999999999998,10.266666666666667,32.1,22,0,4,0,9,540.0,0.268,-395.2,Normal
BR009,2026-01-02,13,8,61.8,19.6375,63.8,19,2,1,2,9,540.0,0.114,-478.2,Moderate
BR009,2026-01-02,14,15,152.1,19.19333333333333,63.8,19,3,0,3,9,540.0,0.282,-387.9,Moderate
BR009,2026-01-02,15,6,48.6,2.0333333333333337,3.2,18,0,1,0,9,540.0,0.09,-491.4,Normal
BR009,2026-01-03,9,23,207.7,5.0260869565217385,29.3,2,0,4,0,9,540.0,0.385,-332.3,Normal
BR009,2026-01-03,10,21,247.3,13.747619047619047,52.4,10,1,3,4,9,540.0,0.458,-292.7,Normal
BR009,2026-01-03,11,17,106.5,10.41764705882353,52.4,9,1,4,2,9,540.0,0.197,-433.5,Normal
BR009,2026-01-03,12,22,233.60000000000002,5.263636363636364,28.4,9,0,4,3,9,540.0,0.433,-306.4,Normal
BR009,2026-01-03,13,11,129.0,1.5545454545454547,2.5,4,0,0,2,9,540.0,0.239,-411.0,Normal
BR009,2026-01-03,14,7,101.0,2.0,2.9,0,0,0,3,9,540.0,0.187,-439.0,Normal
BR009,2026-01-03,15,4,42.9,1.55,1.9,0,0,0,1,9,540.0,0.079,-497.1,Normal
BR009,2026-01-03,16,2,13.1,3.0,3.4,0,0,0,0,9,540.0,0.024,-526.9,Normal
BR009,2026-01-05,9,13,220.8,7.976923076923077,37.1,1,0,1,5,9,540.0,0.409,-319.2,Normal
BR009,2026-01-05,10,23,229.1,21.252173913043478,52.2,15,3,4,4,9,540.0,0.424,-310.9,Moderate
BR009,2026-01-05,11,19,199.9,5.5736842105263165,19.6,16,0,6,1,9,540.0,0.37,-340.1,Normal
BR009,2026-01-05,12,11,131.9,4.872727272727273,21.2,14,0,2,2,9,540.0,0.244,-408.1,Normal
BR009,2026-01-05,13,12,136.6,2.466666666666667,7.2,10,0,0,2,9,540.0,0.253,-403.4,Normal
BR009,2026-01-05,14,6,85.4,2.4166666666666665,2.9,0,0,0,0,9,540.0,0.158,-454.6,Normal
BR009,2026-01-05,15,7,71.1,2.0,3.2,0,0,0,0,9,540.0,0.132,-468.9,Normal
BR009,2026-01-05,16,1,29.8,2.3,2.3,0,0,0,1,9,540.0,0.055,-510.2,Normal
BR009,2026-01-06,9,12,194.7,1.7666666666666666,2.7,0,0,2,3,9,540.0,0.361,-345.3,Normal
BR009,2026-01-06,10,7,88.9,11.914285714285715,52.2,1,0,1,2,9,540.0,0.165,-451.1,Normal
BR009,2026-01-06,11,14,203.1,2.314285714285714,3.4,0,0,3,3,9,540.0,0.376,-336.9,Normal
BR009,2026-01-06,12,12,127.5,2.6999999999999997,5.3,1,0,2,1,9,540.0,0.236,-412.5,Normal
BR009,2026-01-06,13,11,147.2,2.0545454545454547,3.3,0,0,0,3,9,540.0,0.273,-392.8,Normal
BR009,2026-01-06,14,7,85.4,1.942857142857143,3.2,0,0,0,2,9,540.0,0.158,-454.6,Normal
BR009,2026-01-06,15,3,34.8,1.9000000000000001,2.5,0,0,0,0,9,540.0,0.064,-505.2,Normal
BR009,2026-01-06,16,1,25.8,1.6,1.6,0,0,0,0,9,540.0,0.048,-514.2,Normal
BR009,2026-01-07,9,13,145.9,1.9461538461538461,3.3,0,0,2,1,9,540.0,0.27,-394.1,Normal
BR009,2026-01-07,10,5,66.1,2.1399999999999997,3.1,0,0,1,1,9,540.0,0.122,-473.9,Normal
BR009,2026-01-07,11,13,173.0,2.553846153846154,4.6,1,0,0,3,9,540.0,0.32,-367.0,Normal
BR009,2026-01-07,12,9,75.4,2.2666666666666666,3.4,0,0,2,1,9,540.0,0.14,-464.6,Normal
BR009,2026-01-07,13,6,66.9,1.95,2.9,0,0,0,1,9,540.0,0.124,-473.1,Normal
BR009,2026-01-07,14,6,95.8,2.2,3.1,0,0,0,3,9,540.0,0.177,-444.2,Normal
BR009,2026-01-07,15,4,43.8,2.55,3.5,0,0,0,1,9,540.0,0.081,-496.2,Normal
BR009,2026-01-08,9,12,144.9,2.191666666666667,3.3,0,0,4,2,9,540.0,0.268,-395.1,Normal
BR009,2026-01-08,10,10,142.8,9.559999999999999,47.8,2,0,1,3,9,540.0,0.264,-397.2,Normal
BR009,2026-01-08,11,13,141.0,2.276923076923077,4.9,3,0,0,2,9,540.0,0.261,-399.0,Normal
BR009,2026-01-08,12,5,46.3,2.46,3.0,0,0,0,0,9,540.0,0.086,-493.7,Normal
BR009,2026-01-08,13,5,35.8,2.5,3.2,0,0,0,0,9,540.0,0.066,-504.2,Normal
BR009,2026-01-08,14,7,93.6,1.6714285714285713,2.8,0,0,0,1,9,540.0,0.173,-446.4,Normal
BR009,2026-01-08,15,2,19.4,2.4000000000000004,2.6,0,0,0,0,9,540.0,0.036,-520.6,Normal
BR009,2026-01-09,9,7,75.1,1.7,2.8,0,0,0,0,9,540.0,0.139,-464.9,Normal
BR009,2026-01-09,10,13,122.60000000000001,3.753846153846154,25.5,2,0,5,1,9,540.0,0.227,-417.4,Normal
BR009,2026-01-09,11,13,133.3,2.5615384615384613,4.9,2,0,2,2,9,540.0,0.247,-406.7,Normal
BR009,2026-01-09,12,8,67.5,7.35,27.8,2,0,0,0,9,540.0,0.125,-472.5,Normal
BR009,2026-01-09,13,11,103.7,2.1545454545454543,3.2,0,0,0,0,9,540.0,0.192,-436.3,Normal
BR009,2026-01-09,14,8,139.9,4.5875,14.4,2,0,0,3,9,540.0,0.259,-400.1,Normal
BR009,2026-01-09,15,7,90.5,2.2,3.1,0,0,0,0,9,540.0,0.168,-449.5,Normal
BR009,2026-01-09,16,1,18.1,3.3,3.3,1,0,0,0,9,540.0,0.034,-521.9,Normal
BR009,2026-01-12,9,6,78.5,6.516666666666667,28.2,1,0,0,2,9,540.0,0.145,-461.5,Normal
BR009,2026-01-12,10,16,203.9,5.0875,23.0,2,0,3,2,9,540.0,0.378,-336.1,Normal
BR009,2026-01-12,11,9,101.39999999999999,2.1222222222222222,3.5,0,0,3,1,9,540.0,0.188,-438.6,Normal
BR009,2026-01-12,12,10,118.5,2.08,3.2,1,0,0,2,9,540.0,0.219,-421.5,Normal
BR009,2026-01-12,13,5,63.4,1.98,2.0,0,0,0,1,9,540.0,0.117,-476.6,Normal
BR009,2026-01-12,14,5,62.9,2.84,3.4,0,0,0,1,9,540.0,0.116,-477.1,Normal
BR009,2026-01-12,15,2,8.5,1.15,1.4,0,0,0,0,9,540.0,0.016,-531.5,Normal
BR009,2026-01-13,9,9,112.2,2.3666666666666667,3.2,0,0,1,1,9,540.0,0.208,-427.8,Normal
BR009,2026-01-13,10,8,113.3,1.4625,2.0,0,0,2,2,9,540.0,0.21,-426.7,Normal
BR009,2026-01-13,11,7,81.8,2.157142857142857,3.4,0,0,2,2,9,540.0,0.151,-458.2,Normal
BR009,2026-01-13,12,4,43.1,2.2,2.8,0,0,0,0,9,540.0,0.08,-496.9,Normal
BR009,2026-01-13,13,9,128.7,2.066666666666667,3.5,0,0,0,2,9,540.0,0.238,-411.3,Normal
BR009,2026-01-13,14,6,66.9,2.216666666666667,3.4,0,0,0,0,9,540.0,0.124,-473.1,Normal
BR009,2026-01-13,15,3,49.8,1.6666666666666667,2.5,0,0,0,1,9,540.0,0.092,-490.2,Normal
BR009,2026-01-15,9,9,83.7,6.311111111111112,25.1,2,0,2,1,9,540.0,0.155,-456.3,Normal
BR009,2026-01-15,10,13,184.1,7.107692307692308,40.1,3,0,2,4,9,540.0,0.341,-355.9,Normal
BR009,2026-01-15,11,15,170.0,3.533333333333333,12.6,4,0,1,4,9,540.0,0.315,-370.0,Normal
BR009,2026-01-15,12,5,124.10000000000001,2.04,2.9,2,0,0,3,9,540.0,0.23,-415.9,Normal
BR009,2026-01-15,13,7,90.60000000000001,2.1142857142857143,3.1,0,0,0,2,9,540.0,0.168,-449.4,Normal
BR009,2026-01-15,14,6,57.8,2.183333333333333,3.3,0,0,0,0,9,540.0,0.107,-482.2,Normal
BR009,2026-01-15,15,2,42.7,1.65,1.7,0,0,0,1,9,540.0,0.079,-497.3,Normal
BR009,2026-01-16,9,7,66.0,11.114285714285714,36.3,1,0,2,0,9,540.0,0.122,-474.0,Normal
BR009,2026-01-16,10,13,161.7,9.023076923076923,35.9,3,0,2,3,9,540.0,0.299,-378.3,Normal
BR009,2026-01-16,11,9,109.7,6.355555555555556,33.7,2,0,0,3,9,540.0,0.203,-430.3,Normal
BR009,2026-01-16,12,13,143.3,5.730769230769231,34.9,2,0,1,0,9,540.0,0.265,-396.7,Normal
BR009,2026-01-16,13,7,84.9,4.8428571428571425,19.7,1,0,1,1,9,540.0,0.157,-455.1,Normal
BR009,2026-01-16,14,9,101.0,3.3444444444444446,13.1,1,0,2,1,9,540.0,0.187,-439.0,Normal
BR009,2026-01-16,15,5,44.400000000000006,1.8,3.1,0,0,0,1,9,540.0,0.082,-495.6,Normal
BR009,2026-01-17,9,12,92.1,4.666666666666667,21.6,3,0,3,0,9,540.0,0.171,-447.9,Normal
BR009,2026-01-17,10,12,125.8,6.5,40.4,2,1,2,1,9,540.0,0.233,-414.2,Normal
BR009,2026-01-17,11,10,138.1,5.35,17.5,4,0,2,2,9,540.0,0.256,-401.9,Normal
BR009,2026-01-17,12,9,106.8,7.611111111111111,25.8,2,0,1,1,9,540.0,0.198,-433.2,Normal
BR009,2026-01-17,13,9,63.0,2.511111111111111,3.4,0,0,0,0,9,540.0,0.117,-477.0,Normal
BR009,2026-01-17,14,7,91.8,1.5857142857142856,2.3,1,0,0,2,9,540.0,0.17,-448.2,Normal
BR009,2026-01-17,15,5,61.7,1.98,3.3,0,0,0,1,9,540.0,0.114,-478.3,Normal
BR009,2026-01-17,16,1,7.0,3.1,3.1,0,0,0,0,9,540.0,0.013,-533.0,Normal
BR009,2026-01-19,9,11,138.8,2.7454545454545456,8.4,1,0,2,1,9,540.0,0.257,-401.2,Normal
BR009,2026-01-19,10,12,135.5,4.791666666666667,27.8,1,0,3,2,9,540.0,0.251,-404.5,Normal
BR009,2026-01-19,11,11,123.3,2.1636363636363636,3.3,0,0,2,2,9,540.0,0.228,-416.7,Normal
BR009,2026-01-19,12,8,116.6,1.8625,2.9,0,0,2,3,9,540.0,0.216,-423.4,Normal
BR009,2026-01-19,13,10,100.8,1.7,3.0,0,0,0,0,9,540.0,0.187,-439.2,Normal
BR009,2026-01-19,14,10,166.6,3.6399999999999997,17.6,1,0,0,4,9,540.0,0.309,-373.4,Normal
BR009,2026-01-19,15,4,15.399999999999999,2.85,3.1,0,0,0,0,9,540.0,0.029,-524.6,Normal
BR009,2026-01-20,9,7,85.2,1.9142857142857141,2.8,0,0,3,1,9,540.0,0.158,-454.8,Normal
BR009,2026-01-20,10,9,120.5,15.299999999999999,52.4,4,2,1,3,9,540.0,0.223,-419.5,Moderate
BR009,2026-01-20,11,17,179.20000000000002,4.123529411764705,17.9,3,0,1,2,9,540.0,0.332,-360.8,Normal
BR009,2026-01-20,12,8,127.8,2.225,3.2,2,0,1,2,9,540.0,0.237,-412.2,Normal
BR009,2026-01-20,13,4,58.5,1.35,1.7,0,0,1,0,9,540.0,0.108,-481.5,Normal
BR009,2026-01-20,14,5,66.69999999999999,2.06,3.5,0,0,0,1,9,540.0,0.124,-473.3,Normal
BR009,2026-01-20,15,4,19.5,1.75,3.3,0,0,1,0,9,540.0,0.036,-520.5,Normal
BR009,2026-01-20,16,2,18.5,1.7,2.4,0,0,0,0,9,540.0,0.034,-521.5,Normal
BR009,2026-01-21,9,7,128.5,1.7428571428571427,2.8,0,0,3,3,9,540.0,0.238,-411.5,Normal
BR009,2026-01-21,10,9,112.6,2.1333333333333333,3.4,0,0,2,2,9,540.0,0.209,-427.4,Normal
BR009,2026-01-21,11,7,90.4,1.7714285714285716,2.5,0,0,0,1,9,540.0,0.167,-449.6,Normal
BR009,2026-01-21,12,12,172.0,3.6833333333333336,19.0,1,0,0,4,9,540.0,0.319,-368.0,Normal
BR009,2026-01-21,13,9,113.6,2.0444444444444443,3.2,0,0,0,1,9,540.0,0.21,-426.4,Normal
BR009,2026-01-21,14,9,90.39999999999999,2.477777777777778,3.3,0,0,0,0,9,540.0,0.167,-449.6,Normal
BR009,2026-01-21,15,3,46.1,1.7,2.1,0,0,0,1,9,540.0,0.085,-493.9,Normal
BR009,2026-01-22,9,12,121.5,2.4916666666666667,5.2,1,0,2,2,9,540.0,0.225,-418.5,Normal
BR009,2026-01-22,10,7,67.2,2.2,3.0,0,0,0,0,9,540.0,0.124,-472.8,Normal
BR009,2026-01-22,11,6,88.1,2.6666666666666665,3.2,0,0,2,2,9,540.0,0.163,-451.9,Normal
BR009,2026-01-22,12,7,100.9,2.1285714285714286,3.3,0,0,0,3,9,540.0,0.187,-439.1,Normal
BR009,2026-01-22,13,3,59.400000000000006,2.0,3.5,0,0,0,2,9,540.0,0.11,-480.6,Normal
BR009,2026-01-22,14,9,85.0,1.9888888888888892,3.2,0,0,1,0,9,540.0,0.157,-455.0,Normal
BR009,2026-01-22,15,4,76.2,1.75,3.1,0,0,0,1,9,540.0,0.141,-463.8,Normal
BR009,2026-01-23,9,14,122.0,10.014285714285714,47.6,5,1,2,1,9,540.0,0.226,-418.0,Normal
BR009,2026-01-23,10,15,103.6,13.613333333333333,49.8,4,3,1,1,9,540.0,0.192,-436.4,Normal
BR009,2026-01-23,11,17,183.5,4.252941176470588,20.7,4,0,3,1,9,540.0,0.34,-356.5,Normal
BR009,2026-01-23,12,12,164.3,2.15,3.4,3,0,1,3,9,540.0,0.304,-375.7,Normal
BR009,2026-01-23,13,8,93.7,1.775,2.1,0,0,0,2,9,540.0,0.174,-446.3,Normal
BR009,2026-01-23,14,7,83.7,2.2,3.5,0,0,0,1,9,540.0,0.155,-456.3,Normal
BR009,2026-01-23,15,3,48.5,1.9000000000000001,3.2,0,0,0,0,9,540.0,0.09,-491.5,Normal
BR009,2026-01-23,16,3,18.7,1.9333333333333333,3.1,0,0,0,0,9,540.0,0.035,-521.3,Normal
BR009,2026-01-27,9,9,126.1,2.522222222222222,3.4,0,0,1,2,9,540.0,0.234,-413.9,Normal
BR009,2026-01-27,10,9,85.8,6.3,17.4,3,0,1,1,9,540.0,0.159,-454.2,Normal
BR009,2026-01-27,11,13,186.60000000000002,7.707692307692308,40.6,2,0,2,2,9,540.0,0.346,-353.4,Normal
BR009,2026-01-27,12,13,122.0,2.753846153846154,9.6,3,0,0,2,9,540.0,0.226,-418.0,Normal
BR009,2026-01-27,13,5,61.199999999999996,2.68,3.5,1,0,1,1,9,540.0,0.113,-478.8,Normal
BR009,2026-01-27,14,8,66.0,2.5,3.3,0,0,2,0,9,540.0,0.122,-474.0,Normal
BR009,2026-01-27,15,3,33.3,2.066666666666667,2.7,0,0,0,0,9,540.0,0.062,-506.7,Normal
BR009,2026-01-27,16,1,11.0,2.8,2.8,0,0,0,0,9,540.0,0.02,-529.0,Normal
BR009,2026-01-28,9,26,253.1,5.9192307692307695,31.7,9,0,4,3,9,540.0,0.469,-286.9,Normal
BR009,2026-01-28,10,7,42.1,8.857142857142858,40.4,8,0,1,0,9,540.0,0.078,-497.9,Normal
BR009,2026-01-28,11,15,217.1,4.033333333333333,19.8,6,0,2,5,9,540.0,0.402,-322.9,Normal
BR009,2026-01-28,12,9,125.9,2.3444444444444446,3.4,1,0,1,2,9,540.0,0.233,-414.1,Normal
BR009,2026-01-28,13,10,149.4,1.86,3.0,0,0,0,4,9,540.0,0.277,-390.6,Normal
BR009,2026-01-28,14,11,161.8,2.972727272727273,10.7,1,0,0,4,9,540.0,0.3,-378.2,Normal
BR009,2026-01-28,15,2,29.599999999999998,2.3,2.8,0,0,0,0,9,540.0,0.055,-510.4,Normal
BR009,2026-01-29,9,22,249.9,7.418181818181818,36.0,6,0,4,3,9,540.0,0.463,-290.1,Normal
BR009,2026-01-29,10,12,150.8,4.366666666666666,18.2,3,0,5,2,9,540.0,0.279,-389.2,Normal
BR009,2026-01-29,11,15,118.9,4.16,26.2,5,0,2,0,9,540.0,0.22,-421.1,Normal
BR009,2026-01-29,12,11,136.3,4.190909090909091,20.6,1,0,1,2,9,540.0,0.252,-403.7,Normal
BR009,2026-01-29,13,16,204.0,2.39375,3.5,1,0,0,2,9,540.0,0.378,-336.0,Normal
BR009,2026-01-29,14,6,69.5,5.466666666666666,20.1,1,0,0,0,9,540.0,0.129,-470.5,Normal
BR009,2026-01-29,15,7,100.4,2.185714285714286,3.3,0,0,0,3,9,540.0,0.186,-439.6,Normal
BR009,2026-01-29,16,2,24.5,2.15,3.1,0,0,0,0,9,540.0,0.045,-515.5,Normal
BR009,2026-01-30,9,12,137.3,2.533333333333333,3.5,0,0,2,1,9,540.0,0.254,-402.7,Normal
BR009,2026-01-30,10,16,154.1,2.01875,3.4,0,0,5,2,9,540.0,0.285,-385.9,Normal
BR009,2026-01-30,11,9,81.5,1.6333333333333333,3.4,0,0,0,0,9,540.0,0.151,-458.5,Normal
BR009,2026-01-30,12,13,161.1,6.592307692307693,34.0,2,0,2,2,9,540.0,0.298,-378.9,Normal
BR009,2026-01-30,13,11,118.3,3.5090909090909093,15.2,1,0,1,2,9,540.0,0.219,-421.7,Normal
BR009,2026-01-30,14,12,157.4,3.775,12.2,2,0,0,2,9,540.0,0.291,-382.6,Normal
BR009,2026-01-30,15,5,71.2,2.1399999999999997,2.8,1,0,0,2,9,540.0,0.132,-468.8,Normal
BR009,2026-01-30,16,1,5.6,2.8,2.8,0,0,0,0,9,540.0,0.01,-534.4,Normal
BR009,2026-01-31,9,18,323.1,4.127777777777777,16.7,3,0,3,7,9,540.0,0.598,-216.9,Normal
BR009,2026-01-31,10,12,82.60000000000001,15.858333333333334,44.7,7,2,1,1,9,540.0,0.153,-457.4,Moderate
BR009,2026-01-31,11,22,190.4,5.05,20.0,6,0,3,1,9,540.0,0.353,-349.6,Normal
BR009,2026-01-31,12,16,173.9,4.80625,17.1,4,0,3,1,9,540.0,0.322,-366.1,Normal
BR009,2026-01-31,13,9,105.9,2.011111111111111,3.1,1,0,2,2,9,540.0,0.196,-434.1,Normal
BR009,2026-01-31,14,10,145.1,2.1100000000000003,3.4,1,0,0,2,9,540.0,0.269,-394.9,Normal
BR009,2026-01-31,15,7,80.0,2.185714285714286,3.3,0,0,1,1,9,540.0,0.148,-460.0,Normal
BR009,2026-01-31,16,1,5.6,2.8,2.8,0,0,0,0,9,540.0,0.01,-534.4,Normal
BR009,2026-02-02,9,14,187.0,10.057142857142859,48.4,7,1,2,4,9,540.0,0.346,-353.0,Normal
BR009,2026-02-02,10,26,271.9,9.634615384615385,48.3,6,0,6,2,9,540.0,0.504,-268.1,Normal
BR009,2026-02-02,11,18,252.0,6.572222222222222,22.9,5,0,2,3,9,540.0,0.467,-288.0,Normal
BR009,2026-02-02,12,16,149.5,9.05625,50.6,5,1,1,2,9,540.0,0.277,-390.5,Normal
BR009,2026-02-02,13,17,221.5,5.294117647058823,29.9,6,0,0,3,9,540.0,0.41,-318.5,Normal
BR009,2026-02-02,14,12,147.8,5.375,18.4,3,0,0,2,9,540.0,0.274,-392.2,Normal
BR009,2026-02-02,15,8,87.39999999999999,2.65,3.4,2,0,0,2,9,540.0,0.162,-452.6,Normal
BR009,2026-02-02,16,2,22.0,1.3,1.6,0,0,0,0,9,540.0,0.041,-518.0,Normal
BR009,2026-02-03,9,12,136.1,4.908333333333333,23.9,2,0,4,2,9,540.0,0.252,-403.9,Normal
BR009,2026-02-03,10,15,124.8,3.433333333333333,14.1,2,0,4,0,9,540.0,0.231,-415.2,Normal
BR009,2026-02-03,11,10,92.3,2.0100000000000002,3.3,1,0,0,1,9,540.0,0.171,-447.7,Normal
BR009,2026-02-03,12,6,57.099999999999994,5.083333333333333,17.2,1,0,0,1,9,540.0,0.106,-482.9,Normal
BR009,2026-02-03,13,10,129.20000000000002,2.13,3.2,0,0,0,1,9,540.0,0.239,-410.8,Normal
BR009,2026-02-03,14,7,89.8,2.357142857142857,3.5,0,0,0,1,9,540.0,0.166,-450.2,Normal
BR009,2026-02-03,15,5,53.0,1.72,2.5,0,0,0,1,9,540.0,0.098,-487.0,Normal
BR009,2026-02-03,16,1,5.2,3.0,3.0,0,0,0,0,9,540.0,0.01,-534.8,Normal
BR009,2026-02-04,9,14,176.7,4.021428571428571,20.0,1,0,0,2,9,540.0,0.327,-363.3,Normal
BR009,2026-02-04,10,11,188.7,2.4727272727272727,8.5,1,0,4,3,9,540.0,0.349,-351.3,Normal
BR009,2026-02-04,11,10,79.4,2.05,3.0,0,0,1,0,9,540.0,0.147,-460.6,Normal
BR009,2026-02-04,12,11,129.5,4.918181818181818,25.0,1,0,2,1,9,540.0,0.24,-410.5,Normal
BR009,2026-02-04,13,10,126.7,2.38,3.4,0,0,0,1,9,540.0,0.235,-413.3,Normal
BR009,2026-02-04,14,5,66.9,1.9,3.0,0,0,0,1,9,540.0,0.124,-473.1,Normal
BR009,2026-02-04,15,2,12.3,2.0,2.9,0,0,0,0,9,540.0,0.023,-527.7,Normal
BR009,2026-02-04,16,1,28.1,2.3,2.3,0,0,0,1,9,540.0,0.052,-511.9,Normal
BR009,2026-02-05,9,10,106.3,1.89,3.1,0,0,1,1,9,540.0,0.197,-433.7,Normal
BR009,2026-02-05,10,13,112.4,4.0,19.4,2,0,2,0,9,540.0,0.208,-427.6,Normal
BR009,2026-02-05,11,8,85.2,4.3,15.9,1,0,1,2,9,540.0,0.158,-454.8,Normal
BR009,2026-02-05,12,13,144.7,3.9076923076923076,26.1,1,0,2,2,9,540.0,0.268,-395.3,Normal
BR009,2026-02-05,13,14,151.0,2.807142857142857,10.5,1,0,2,1,9,540.0,0.28,-389.0,Normal
BR009,2026-02-05,14,4,36.2,2.375,3.5,0,0,0,0,9,540.0,0.067,-503.8,Normal
BR009,2026-02-05,15,9,105.2,2.2333333333333334,3.4,0,0,2,0,9,540.0,0.195,-434.8,Normal
BR009,2026-02-06,9,18,240.4,5.166666666666667,15.4,2,0,3,3,9,540.0,0.445,-299.6,Normal
BR009,2026-02-06,10,14,107.4,3.9642857142857144,19.7,3,0,1,0,9,540.0,0.199,-432.6,Normal
BR009,2026-02-06,11,16,157.2,4.5625,22.4,1,0,1,2,9,540.0,0.291,-382.8,Normal
BR009,2026-02-06,12,6,79.2,2.4833333333333334,3.2,0,0,1,2,9,540.0,0.147,-460.8,Normal
BR009,2026-02-06,13,10,149.3,5.39,20.8,2,0,2,3,9,540.0,0.276,-390.7,Normal
BR009,2026-02-06,14,8,114.8,1.9375,2.9,1,0,1,2,9,540.0,0.213,-425.2,Normal
BR009,2026-02-06,15,3,21.1,2.1666666666666665,2.9,0,0,0,0,9,540.0,0.039,-518.9,Normal
BR009,2026-02-07,9,7,100.6,7.514285714285714,26.9,2,0,2,1,9,540.0,0.186,-439.4,Normal
BR009,2026-02-07,10,13,143.1,2.7,4.6,3,0,2,1,9,540.0,0.265,-396.9,Normal
BR009,2026-02-07,11,10,135.4,3.88,19.0,2,0,4,2,9,540.0,0.251,-404.6,Normal
BR009,2026-02-07,12,15,153.8,6.133333333333334,32.3,3,0,1,2,9,540.0,0.285,-386.2,Normal
BR009,2026-02-07,13,12,106.4,2.9250000000000003,7.2,3,0,0,2,9,540.0,0.197,-433.6,Normal
BR009,2026-02-07,14,5,44.0,1.6799999999999997,2.3,2,0,0,0,9,540.0,0.081,-496.0,Normal
BR009,2026-02-07,15,6,60.9,2.4,3.0,0,0,0,1,9,540.0,0.113,-479.1,Normal
BR009,2026-02-07,16,1,4.5,1.4,1.4,0,0,0,0,9,540.0,0.008,-535.5,Normal
BR009,2026-02-09,9,17,222.4,8.700000000000001,40.5,5,0,4,3,9,540.0,0.412,-317.6,Normal
BR009,2026-02-09,10,11,123.4,2.390909090909091,3.4,4,0,2,1,9,540.0,0.229,-416.6,Normal
BR009,2026-02-09,11,12,147.6,5.216666666666667,32.2,3,0,3,2,9,540.0,0.273,-392.4,Normal
BR009,2026-02-09,12,14,154.9,3.185714285714286,18.3,2,0,1,0,9,540.0,0.287,-385.1,Normal
BR009,2026-02-09,13,7,80.0,2.257142857142857,3.1,1,0,0,1,9,540.0,0.148,-460.0,Normal
BR009,2026-02-09,14,6,93.39999999999999,2.0833333333333335,3.2,0,0,0,2,9,540.0,0.173,-446.6,Normal
BR009,2026-02-09,15,4,61.800000000000004,1.8,2.1,0,0,0,2,9,540.0,0.114,-478.2,Normal
BR009,2026-02-09,16,1,4.9,2.4,2.4,0,0,0,0,9,540.0,0.009,-535.1,Normal
BR009,2026-02-10,9,11,130.9,2.0,3.3,0,0,3,1,9,540.0,0.242,-409.1,Normal
BR009,2026-02-10,10,11,135.4,6.509090909090909,25.3,2,0,2,2,9,540.0,0.251,-404.6,Normal
BR009,2026-02-10,11,11,146.1,2.3636363636363638,3.4,1,0,0,1,9,540.0,0.271,-393.9,Normal
BR009,2026-02-10,12,5,60.7,2.52,3.1,0,0,0,1,9,540.0,0.112,-479.3,Normal
BR009,2026-02-10,13,5,62.5,2.42,3.2,0,0,0,0,9,540.0,0.116,-477.5,Normal
BR009,2026-02-10,14,1,3.7,1.6,1.6,0,0,0,0,9,540.0,0.007,-536.3,Normal
BR009,2026-02-10,15,1,6.7,1.5,1.5,0,0,0,0,9,540.0,0.012,-533.3,Normal
BR009,2026-02-11,9,11,163.9,2.4363636363636365,3.4,0,0,3,4,9,540.0,0.304,-376.1,Normal
BR009,2026-02-11,10,8,103.4,7.612500000000001,29.3,2,0,2,2,9,540.0,0.191,-436.6,Normal
BR009,2026-02-11,11,13,156.5,2.930769230769231,10.8,1,0,1,1,9,540.0,0.29,-383.5,Normal
BR009,2026-02-11,12,9,109.3,2.011111111111111,3.5,0,0,0,2,9,540.0,0.202,-430.7,Normal
BR009,2026-02-11,13,6,85.5,2.1999999999999997,3.3,0,0,0,1,9,540.0,0.158,-454.5,Normal
BR009,2026-02-11,14,8,99.5,1.7625,3.2,0,0,0,2,9,540.0,0.184,-440.5,Normal
BR009,2026-02-11,15,4,64.2,2.5,2.8,0,0,0,1,9,540.0,0.119,-475.8,Normal
BR009,2026-02-11,16,1,20.1,3.4,3.4,0,0,0,0,9,540.0,0.037,-519.9,Normal
BR009,2026-02-12,9,5,39.6,2.1,3.0,0,0,1,0,9,540.0,0.073,-500.4,Normal
BR009,2026-02-12,10,8,155.8,3.4625,11.6,1,0,2,2,9,540.0,0.289,-384.2,Normal
BR009,2026-02-12,11,11,170.3,2.127272727272727,3.2,0,0,1,2,9,540.0,0.315,-369.7,Normal
BR009,2026-02-12,12,9,77.7,2.177777777777778,4.7,1,0,0,0,9,540.0,0.144,-462.3,Normal
BR009,2026-02-12,13,9,95.39999999999999,2.0666666666666664,3.3,0,0,2,1,9,540.0,0.177,-444.6,Normal
BR009,2026-02-12,14,5,44.1,2.24,3.5,0,0,0,1,9,540.0,0.082,-495.9,Normal
BR009,2026-02-12,15,2,10.2,2.1,2.5,0,0,0,0,9,540.0,0.019,-529.8,Normal
BR009,2026-02-13,9,10,104.3,4.07,14.1,2,0,2,1,9,540.0,0.193,-435.7,Normal
BR009,2026-02-13,10,17,227.3,4.205882352941177,16.2,6,0,3,4,9,540.0,0.421,-312.7,Normal
BR009,2026-02-13,11,14,235.6,2.2142857142857144,3.2,5,0,1,5,9,540.0,0.436,-304.4,Normal
BR009,2026-02-13,12,11,117.3,7.5636363636363635,31.3,6,0,3,1,9,540.0,0.217,-422.7,Normal
BR009,2026-02-13,13,9,48.8,2.0444444444444443,6.3,5,0,0,0,9,540.0,0.09,-491.2,Normal
BR009,2026-02-13,14,10,86.10000000000001,1.92,3.2,5,0,0,0,9,540.0,0.159,-453.9,Normal
BR009,2026-02-13,15,1,2.5,1.7,1.7,0,0,0,0,9,540.0,0.005,-537.5,Normal
BR009,2026-02-13,16,1,8.5,2.3,2.3,0,0,0,0,9,540.0,0.016,-531.5,Normal
BR009,2026-02-16,9,5,70.5,2.88,3.4,0,0,0,0,9,540.0,0.131,-469.5,Normal
BR009,2026-02-16,10,13,149.3,2.176923076923077,3.2,0,0,2,2,9,540.0,0.276,-390.7,Normal
BR009,2026-02-16,11,9,72.7,1.7555555555555555,3.0,0,0,2,0,9,540.0,0.135,-467.3,Normal
BR009,2026-02-16,12,10,85.3,7.12,28.7,2,0,2,1,9,540.0,0.158,-454.7,Normal
BR009,2026-02-16,13,7,136.1,2.5142857142857147,3.3,0,0,0,2,9,540.0,0.252,-403.9,Normal
BR009,2026-02-16,14,12,222.4,2.625,12.0,1,0,0,6,9,540.0,0.412,-317.6,Normal
BR009,2026-02-16,15,6,60.2,1.7666666666666668,2.8,0,0,0,1,9,540.0,0.111,-479.8,Normal
BR009,2026-02-16,16,3,37.5,1.7666666666666666,1.9,0,0,0,1,9,540.0,0.069,-502.5,Normal
BR009,2026-02-17,9,7,72.2,2.6,3.4,0,0,1,1,9,540.0,0.134,-467.8,Normal
BR009,2026-02-17,10,6,88.6,2.2333333333333334,3.1,0,0,1,2,9,540.0,0.164,-451.4,Normal
BR009,2026-02-17,11,4,72.8,2.475,3.5,0,0,1,2,9,540.0,0.135,-467.2,Normal
BR009,2026-02-17,12,6,60.7,2.1666666666666665,3.3,0,0,1,0,9,540.0,0.112,-479.3,Normal
BR009,2026-02-17,13,6,81.1,1.7,2.4,0,0,0,1,9,540.0,0.15,-458.9,Normal
BR009,2026-02-17,14,4,66.8,2.55,3.5,0,0,0,1,9,540.0,0.124,-473.2,Normal
BR009,2026-02-17,15,4,27.200000000000003,2.25,3.1,0,0,0,0,9,540.0,0.05,-512.8,Normal
BR009,2026-02-18,9,10,145.2,2.18,3.4,0,0,1,2,9,540.0,0.269,-394.8,Normal
BR009,2026-02-18,10,4,81.2,2.575,3.3,0,0,2,1,9,540.0,0.15,-458.8,Normal
BR009,2026-02-18,11,9,85.5,2.2777777777777777,3.4,0,0,4,0,9,540.0,0.158,-454.5,Normal
BR009,2026-02-18,12,12,143.6,6.308333333333334,20.5,3,0,0,2,9,540.0,0.266,-396.4,Normal
BR009,2026-02-18,13,7,66.2,1.8857142857142857,3.1,2,0,0,1,9,540.0,0.123,-473.8,Normal
BR009,2026-02-18,14,5,92.1,2.2600000000000002,3.1,1,0,0,2,9,540.0,0.171,-447.9,Normal
BR009,2026-02-18,15,2,33.5,2.3,2.4,0,0,0,1,9,540.0,0.062,-506.5,Normal
BR009,2026-02-18,16,2,24.7,2.4,3.4,0,0,0,0,9,540.0,0.046,-515.3,Normal
BR009,2026-02-19,9,9,86.2,1.8111111111111111,3.2,0,0,0,1,9,540.0,0.16,-453.8,Normal
BR009,2026-02-19,10,9,168.5,2.411111111111111,3.3,0,0,1,4,9,540.0,0.312,-371.5,Normal
BR009,2026-02-19,11,8,90.7,2.1875,3.3,0,0,2,2,9,540.0,0.168,-449.3,Normal
BR009,2026-02-19,12,7,91.0,2.257142857142857,3.9,1,0,0,1,9,540.0,0.169,-449.0,Normal
BR009,2026-02-19,13,7,78.0,1.9571428571428573,3.2,0,0,2,3,9,540.0,0.144,-462.0,Normal
BR009,2026-02-19,14,6,67.0,1.9500000000000002,3.3,0,0,0,1,9,540.0,0.124,-473.0,Normal
BR009,2026-02-19,15,4,50.2,3.175,3.5,0,0,0,1,9,540.0,0.093,-489.8,Normal
BR009,2026-02-20,9,13,158.6,11.323076923076922,38.6,5,1,3,4,9,540.0,0.294,-381.4,Normal
BR009,2026-02-20,10,22,270.2,5.1499999999999995,21.0,7,0,4,2,9,540.0,0.5,-269.8,Normal
BR009,2026-02-20,11,7,95.0,2.642857142857143,3.3,6,0,0,2,9,540.0,0.176,-445.0,Normal
BR009,2026-02-20,12,14,171.8,8.985714285714286,25.9,4,0,0,2,9,540.0,0.318,-368.2,Normal
BR009,2026-02-20,13,11,115.3,2.618181818181818,7.0,3,0,0,3,9,540.0,0.214,-424.7,Normal
BR009,2026-02-20,14,6,63.099999999999994,2.3833333333333333,3.5,2,0,0,1,9,540.0,0.117,-476.9,Normal
BR009,2026-02-20,15,3,43.3,2.0,2.5,0,0,0,1,9,540.0,0.08,-496.7,Normal
BR009,2026-02-20,16,1,17.8,3.3,3.3,0,0,0,0,9,540.0,0.033,-522.2,Normal
BR009,2026-02-21,9,11,162.7,2.6363636363636362,6.0,2,0,2,2,9,540.0,0.301,-377.3,Normal
BR009,2026-02-21,10,11,160.3,3.709090909090909,15.3,2,0,2,2,9,540.0,0.297,-379.7,Normal
BR009,2026-02-21,11,12,188.6,2.6833333333333336,12.9,1,0,1,3,9,540.0,0.349,-351.4,Normal
BR009,2026-02-21,12,11,176.5,4.263636363636365,27.8,1,0,2,3,9,540.0,0.327,-363.5,Normal
BR009,2026-02-21,13,10,147.9,2.4,3.3,0,0,1,2,9,540.0,0.274,-392.1,Normal
BR009,2026-02-21,14,8,67.6,1.9875,3.1,0,0,0,1,9,540.0,0.125,-472.4,Normal
BR009,2026-02-21,15,3,15.100000000000001,1.8333333333333333,3.2,0,0,0,0,9,540.0,0.028,-524.9,Normal
BR009,2026-02-23,9,8,97.9,2.1625,3.3,0,0,0,2,9,540.0,0.181,-442.1,Normal
BR009,2026-02-23,10,9,94.8,4.444444444444445,20.5,3,0,0,1,9,540.0,0.176,-445.2,Normal
BR009,2026-02-23,11,14,155.8,3.4857142857142853,13.9,4,0,3,0,9,540.0,0.289,-384.2,Normal
BR009,2026-02-23,12,7,57.1,3.971428571428571,14.6,1,0,2,0,9,540.0,0.106,-482.9,Normal
BR009,2026-02-23,13,11,135.3,1.7090909090909092,3.1,0,0,2,2,9,540.0,0.251,-404.7,Normal
BR009,2026-02-23,14,8,88.3,8.025,34.9,2,0,1,1,9,540.0,0.164,-451.7,Normal
BR009,2026-02-23,15,8,122.7,2.1375,3.2,0,0,1,2,9,540.0,0.227,-417.3,Normal
BR009,2026-02-23,16,1,2.8,1.1,1.1,1,0,0,0,9,540.0,0.005,-537.2,Normal
BR009,2026-02-24,9,7,84.3,1.6714285714285713,3.0,0,0,3,1,9,540.0,0.156,-455.7,Normal
BR009,2026-02-24,10,11,135.0,3.5818181818181816,15.4,1,0,2,1,9,540.0,0.25,-405.0,Normal
BR009,2026-02-24,11,7,137.4,1.8714285714285714,2.4,0,0,0,3,9,540.0,0.254,-402.6,Normal
BR009,2026-02-24,12,5,52.300000000000004,2.4,3.1,0,0,0,0,9,540.0,0.097,-487.7,Normal
BR009,2026-02-24,13,11,175.8,1.8636363636363635,2.9,0,0,0,4,9,540.0,0.326,-364.2,Normal
BR009,2026-02-24,14,10,125.0,2.0300000000000002,3.0,0,0,0,1,9,540.0,0.231,-415.0,Normal
BR009,2026-02-24,15,1,15.5,1.0,1.0,0,0,0,0,9,540.0,0.029,-524.5,Normal
BR009,2026-02-24,16,1,14.0,2.5,2.5,0,0,0,1,9,540.0,0.026,-526.0,Normal
BR009,2026-02-25,9,8,169.7,4.550000000000001,19.3,1,0,1,4,9,540.0,0.314,-370.3,Normal
BR009,2026-02-25,10,9,187.0,1.8666666666666667,3.3,0,0,0,4,9,540.0,0.346,-353.0,Normal
BR009,2026-02-25,11,3,33.8,2.1666666666666665,2.5,0,0,1,1,9,540.0,0.063,-506.2,Normal
BR009,2026-02-25,12,8,76.8,2.1,3.3,0,0,2,0,9,540.0,0.142,-463.2,Normal
BR009,2026-02-25,13,7,99.1,2.4285714285714284,3.3,0,0,2,0,9,540.0,0.184,-440.9,Normal
BR009,2026-02-25,14,7,65.5,2.357142857142857,3.2,0,0,0,0,9,540.0,0.121,-474.5,Normal
BR009,2026-02-25,15,2,46.6,2.1,2.2,0,0,0,1,9,540.0,0.086,-493.4,Normal
BR009,2026-02-25,16,1,10.8,2.0,2.0,0,0,0,0,9,540.0,0.02,-529.2,Normal
BR009,2026-02-26,9,17,255.0,4.823529411764706,21.2,3,0,3,5,9,540.0,0.472,-285.0,Normal
BR009,2026-02-26,10,8,108.1,2.65,3.4,2,0,1,2,9,540.0,0.2,-431.9,Normal
BR009,2026-02-26,11,9,140.6,2.2,3.1,1,0,2,3,9,540.0,0.26,-399.4,Normal
BR009,2026-02-26,12,9,133.4,9.666666666666666,33.5,3,0,0,3,9,540.0,0.247,-406.6,Normal
BR009,2026-02-26,13,7,87.6,2.3000000000000003,3.4,2,0,0,1,9,540.0,0.162,-452.4,Normal
BR009,2026-02-26,14,5,68.9,1.92,3.4,1,0,0,0,9,540.0,0.128,-471.1,Normal
BR009,2026-02-26,15,3,21.9,2.6,3.1,0,0,0,0,9,540.0,0.041,-518.1,Normal
BR009,2026-02-27,9,12,172.3,2.066666666666667,3.2,0,0,4,3,9,540.0,0.319,-367.7,Normal
BR009,2026-02-27,10,5,54.5,2.9,4.4,1,0,1,0,9,540.0,0.101,-485.5,Normal
BR009,2026-02-27,11,19,220.7,2.1526315789473682,4.1,1,0,2,1,9,540.0,0.409,-319.3,Normal
BR009,2026-02-27,12,8,70.3,1.925,3.4,0,0,1,0,9,540.0,0.13,-469.7,Normal
BR009,2026-02-27,13,5,70.1,2.02,2.6,0,0,0,1,9,540.0,0.13,-469.9,Normal
BR009,2026-02-27,14,3,51.3,2.6666666666666665,2.7,0,0,0,1,9,540.0,0.095,-488.7,Normal
BR009,2026-02-27,15,3,29.4,2.033333333333333,2.9,0,0,0,0,9,540.0,0.054,-510.6,Normal
BR009,2026-02-27,16,1,19.1,2.7,2.7,0,0,0,0,9,540.0,0.035,-520.9,Normal
BR009,2026-03-02,9,11,148.3,4.9,19.8,1,0,1,3,9,540.0,0.275,-391.7,Normal
BR009,2026-03-02,10,15,154.7,8.706666666666667,47.7,1,2,2,3,9,540.0,0.286,-385.3,Normal
BR009,2026-03-02,11,15,207.5,10.18,52.0,4,2,6,5,9,540.0,0.384,-332.5,Normal
BR009,2026-03-02,12,12,157.2,6.991666666666667,29.9,2,0,0,3,9,540.0,0.291,-382.8,Normal
BR009,2026-03-02,13,16,164.0,2.16875,5.4,3,0,0,2,9,540.0,0.304,-376.0,Normal
BR009,2026-03-02,14,6,43.1,2.2333333333333334,3.0,0,0,0,0,9,540.0,0.08,-496.9,Normal
BR009,2026-03-02,15,7,55.1,2.057142857142857,3.1,0,0,0,0,9,540.0,0.102,-484.9,Normal
BR009,2026-03-02,16,2,31.0,3.0999999999999996,3.3,0,0,0,1,9,540.0,0.057,-509.0,Normal
BR009,2026-03-03,9,9,88.7,2.477777777777778,3.5,0,0,3,1,9,540.0,0.164,-451.3,Normal
BR009,2026-03-03,10,12,138.7,3.341666666666667,15.3,2,0,2,1,9,540.0,0.257,-401.3,Normal
BR009,2026-03-03,11,13,192.0,3.8615384615384616,26.2,1,0,2,4,9,540.0,0.356,-348.0,Normal
BR009,2026-03-03,12,9,122.8,5.122222222222223,16.6,2,0,0,3,9,540.0,0.227,-417.2,Normal
BR009,2026-03-03,13,7,108.1,1.7857142857142858,3.0,1,0,0,3,9,540.0,0.2,-431.9,Normal
BR009,2026-03-03,14,11,88.0,2.5090909090909093,3.4,0,0,0,0,9,540.0,0.163,-452.0,Normal
BR009,2026-03-03,15,4,20.6,2.0,2.4,0,0,0,0,9,540.0,0.038,-519.4,Normal
BR009,2026-03-05,9,10,75.89999999999999,3.79,16.2,1,0,2,0,9,540.0,0.141,-464.1,Normal
BR009,2026-03-05,10,13,161.9,4.8,26.9,1,0,3,2,9,540.0,0.3,-378.1,Normal
BR009,2026-03-05,11,7,88.3,2.257142857142857,3.5,0,0,1,1,9,540.0,0.164,-451.7,Normal
BR009,2026-03-05,12,10,84.8,6.57,23.6,3,0,0,0,9,540.0,0.157,-455.2,Normal
BR009,2026-03-05,13,9,104.6,2.1222222222222222,3.5,0,0,0,2,9,540.0,0.194,-435.4,Normal
BR009,2026-03-05,14,8,76.6,2.1875,3.5,2,0,0,1,9,540.0,0.142,-463.4,Normal
BR009,2026-03-05,15,5,51.1,1.9600000000000002,2.4,0,0,0,1,9,540.0,0.095,-488.9,Normal
BR009,2026-03-06,9,10,121.7,10.01,42.6,3,2,0,4,9,540.0,0.225,-418.3,Normal
BR009,2026-03-06,10,15,218.1,18.60666666666667,63.5,6,3,3,3,9,540.0,0.404,-321.9,Moderate
BR009,2026-03-06,11,14,152.9,25.900000000000002,58.4,13,2,3,1,9,540.0,0.283,-387.1,High
BR009,2026-03-06,12,15,181.5,18.4,63.4,13,4,1,3,9,540.0,0.336,-358.5,Moderate
BR009,2026-03-06,13,8,90.8,12.1375,33.1,14,0,0,0,9,540.0,0.168,-449.2,Normal
BR009,2026-03-06,14,2,27.599999999999998,2.15,2.5,13,0,0,0,9,540.0,0.051,-512.4,Normal
BR009,2026-03-06,15,5,62.1,2.04,3.0,10,0,0,1,9,540.0,0.115,-477.9,Normal
BR009,2026-03-07,9,9,103.4,2.1666666666666665,3.2,1,0,1,0,9,540.0,0.191,-436.6,Normal
BR009,2026-03-07,10,9,114.0,2.2,3.1,0,0,1,1,9,540.0,0.211,-426.0,Normal
BR009,2026-03-07,11,4,35.7,2.3,3.0,0,0,1,0,9,540.0,0.066,-504.3,Normal
BR009,2026-03-07,12,6,47.3,2.5500000000000003,3.3,0,0,1,0,9,540.0,0.088,-492.7,Normal
BR009,2026-03-07,13,9,116.1,2.1444444444444444,3.4,0,0,0,1,9,540.0,0.215,-423.9,Normal
BR009,2026-03-07,14,9,148.0,2.6222222222222222,3.5,0,0,0,3,9,540.0,0.274,-392.0,Normal
BR009,2026-03-07,15,2,32.7,2.25,3.3,0,0,0,1,9,540.0,0.061,-507.3,Normal
BR009,2026-03-09,9,4,32.4,2.1500000000000004,2.6,0,0,0,0,9,540.0,0.06,-507.6,Normal
BR009,2026-03-09,10,12,137.1,7.9750000000000005,40.3,2,1,3,2,9,540.0,0.254,-402.9,Normal
BR009,2026-03-09,11,19,286.9,4.3,21.3,2,0,6,7,9,540.0,0.531,-253.1,Normal
BR009,2026-03-09,12,7,93.4,6.4142857142857155,27.8,1,0,0,1,9,540.0,0.173,-446.6,Normal
BR009,2026-03-09,13,11,160.9,1.7545454545454546,2.9,0,0,0,2,9,540.0,0.298,-379.1,Normal
BR009,2026-03-09,14,6,66.1,2.1,2.9,0,0,0,0,9,540.0,0.122,-473.9,Normal
BR009,2026-03-09,15,3,34.8,1.7666666666666666,3.1,0,0,0,1,9,540.0,0.064,-505.2,Normal
BR009,2026-03-10,9,10,126.5,3.2299999999999995,13.5,1,0,1,1,9,540.0,0.234,-413.5,Normal
BR009,2026-03-10,10,11,123.0,1.5636363636363635,3.0,0,0,3,2,9,540.0,0.228,-417.0,Normal
BR009,2026-03-10,11,8,96.3,2.3625,3.4,0,0,2,1,9,540.0,0.178,-443.7,Normal
BR009,2026-03-10,12,10,124.7,4.92,16.4,2,0,1,1,9,540.0,0.231,-415.3,Normal
BR009,2026-03-10,13,9,98.7,2.3444444444444446,3.3,1,0,1,0,9,540.0,0.183,-441.3,Normal
BR009,2026-03-10,14,5,102.9,2.7800000000000002,3.5,0,0,0,3,9,540.0,0.191,-437.1,Normal
BR009,2026-03-10,15,2,9.3,2.45,3.4,0,0,0,0,9,540.0,0.017,-530.7,Normal
BR009,2026-03-11,9,8,150.1,2.425,3.9,1,0,2,3,9,540.0,0.278,-389.9,Normal
BR009,2026-03-11,10,10,81.8,2.2800000000000002,3.4,0,0,0,1,9,540.0,0.151,-458.2,Normal
BR009,2026-03-11,11,5,49.0,1.7600000000000002,2.3,0,0,0,1,9,540.0,0.091,-491.0,Normal
BR009,2026-03-11,12,6,72.0,2.0,3.5,0,0,1,1,9,540.0,0.133,-468.0,Normal
BR009,2026-03-11,13,4,36.3,2.225,2.7,0,0,0,1,9,540.0,0.067,-503.7,Normal
BR009,2026-03-11,14,3,28.8,1.5666666666666667,2.6,0,0,0,0,9,540.0,0.053,-511.2,Normal
BR009,2026-03-11,15,4,26.0,2.175,3.5,0,0,0,0,9,540.0,0.048,-514.0,Normal
BR009,2026-03-12,9,13,178.1,1.8461538461538463,2.8,0,0,3,3,9,540.0,0.33,-361.9,Normal
BR009,2026-03-12,10,9,105.0,2.2,3.5,0,0,1,0,9,540.0,0.194,-435.0,Normal
BR009,2026-03-12,11,5,44.9,1.98,3.1,0,0,1,0,9,540.0,0.083,-495.1,Normal
BR009,2026-03-12,12,7,116.4,1.657142857142857,2.9,0,0,1,2,9,540.0,0.216,-423.6,Normal
BR009,2026-03-12,13,5,37.9,1.22,1.8,0,0,0,1,9,540.0,0.07,-502.1,Normal
BR009,2026-03-12,14,6,114.39999999999999,2.183333333333333,3.3,0,0,0,3,9,540.0,0.212,-425.6,Normal
BR009,2026-03-12,15,5,43.8,2.0,3.4,0,0,0,1,9,540.0,0.081,-496.2,Normal
BR009,2026-03-12,16,1,25.8,0.9,0.9,0,0,0,1,9,540.0,0.048,-514.2,Normal
BR009,2026-03-13,9,11,128.3,2.109090909090909,3.3,1,0,3,2,9,540.0,0.238,-411.7,Normal
BR009,2026-03-13,10,10,107.9,5.0600000000000005,33.2,1,0,1,1,9,540.0,0.2,-432.1,Normal
BR009,2026-03-13,11,11,209.8,2.9454545454545453,5.1,1,0,2,5,9,540.0,0.389,-330.2,Normal
BR009,2026-03-13,12,11,140.8,2.4,5.2,1,0,2,3,9,540.0,0.261,-399.2,Normal
BR009,2026-03-13,13,11,209.9,2.127272727272727,3.3,1,0,0,5,9,540.0,0.389,-330.1,Normal
BR009,2026-03-13,14,5,40.8,2.2399999999999998,3.4,0,0,0,0,9,540.0,0.076,-499.2,Normal
BR009,2026-03-13,15,4,45.2,2.3,3.0,0,0,0,1,9,540.0,0.084,-494.8,Normal
BR009,2026-03-13,16,1,11.5,1.5,1.5,0,0,0,0,9,540.0,0.021,-528.5,Normal
BR009,2026-03-16,9,8,131.5,3.525,8.1,1,0,2,2,9,540.0,0.244,-408.5,Normal
BR009,2026-03-16,10,17,200.9,5.252941176470588,36.4,3,0,4,2,9,540.0,0.372,-339.1,Normal
BR009,2026-03-16,11,16,261.2,13.39375,42.5,7,2,2,6,9,540.0,0.484,-278.8,Normal
BR009,2026-03-16,12,17,186.7,9.852941176470589,41.3,8,1,1,2,9,540.0,0.346,-353.3,Normal
BR009,2026-03-16,13,12,110.0,2.2083333333333335,3.4,7,0,2,1,9,540.0,0.204,-430.0,Normal
BR009,2026-03-16,14,8,127.4,2.3875,3.5,3,0,0,3,9,540.0,0.236,-412.6,Normal
BR009,2026-03-16,15,6,77.39999999999999,2.3666666666666667,3.2,0,0,0,2,9,540.0,0.143,-462.6,Normal
BR009,2026-03-16,16,1,6.0,3.2,3.2,0,0,0,0,9,540.0,0.011,-534.0,Normal
BR009,2026-03-17,9,4,46.7,2.7,3.4,0,0,0,1,9,540.0,0.086,-493.3,Normal
BR009,2026-03-17,10,10,155.9,2.05,3.4,0,0,3,3,9,540.0,0.289,-384.1,Normal
BR009,2026-03-17,11,8,94.8,1.9125,3.3,0,0,2,1,9,540.0,0.176,-445.2,Normal
BR009,2026-03-17,12,11,116.7,3.5454545454545454,13.7,1,0,1,2,9,540.0,0.216,-423.3,Normal
BR009,2026-03-17,13,6,89.0,2.15,3.5,0,0,0,1,9,540.0,0.165,-451.0,Normal
BR009,2026-03-17,14,7,65.1,1.8571428571428572,3.2,0,0,0,0,9,540.0,0.121,-474.9,Normal
BR009,2026-03-17,15,1,6.6,1.5,1.5,0,0,0,0,9,540.0,0.012,-533.4,Normal
BR009,2026-03-18,9,10,134.3,2.4,3.2,0,0,2,2,9,540.0,0.249,-405.7,Normal
BR009,2026-03-18,10,12,129.9,3.233333333333333,14.1,1,0,2,2,9,540.0,0.241,-410.1,Normal
BR009,2026-03-18,11,6,53.599999999999994,2.4833333333333334,3.5,0,0,1,1,9,540.0,0.099,-486.4,Normal
BR009,2026-03-18,12,9,133.7,2.4555555555555557,3.4,0,0,1,2,9,540.0,0.248,-406.3,Normal
BR009,2026-03-18,13,6,107.7,3.016666666666667,7.0,1,0,0,3,9,540.0,0.199,-432.3,Normal
BR009,2026-03-18,14,11,131.6,2.0272727272727273,3.3,0,0,0,2,9,540.0,0.244,-408.4,Normal
BR009,2026-03-18,15,6,70.8,2.6999999999999997,3.5,0,0,0,0,9,540.0,0.131,-469.2,Normal
BR009,2026-03-18,16,3,30.099999999999998,2.533333333333333,3.2,0,0,0,1,9,540.0,0.056,-509.9,Normal
BR009,2026-03-19,9,10,95.7,2.18,3.0,0,0,2,1,9,540.0,0.177,-444.3,Normal
BR009,2026-03-19,10,11,111.6,2.609090909090909,4.7,1,0,3,1,9,540.0,0.207,-428.4,Normal
BR009,2026-03-19,11,12,152.2,2.3916666666666666,3.4,0,0,3,1,9,540.0,0.282,-387.8,Normal
BR009,2026-03-19,12,3,64.6,2.1333333333333333,2.8,0,0,0,1,9,540.0,0.12,-475.4,Normal
BR009,2026-03-19,13,7,114.39999999999999,1.842857142857143,2.8,0,0,0,2,9,540.0,0.212,-425.6,Normal
BR009,2026-03-19,14,9,112.3,2.588888888888889,3.5,0,0,0,2,9,540.0,0.208,-427.7,Normal
BR009,2026-03-19,15,3,49.0,1.7666666666666666,2.7,0,0,0,0,9,540.0,0.091,-491.0,Normal
BR009,2026-03-19,16,1,6.1,2.7,2.7,0,0,0,0,9,540.0,0.011,-533.9,Normal
BR009,2026-03-21,9,11,152.8,2.109090909090909,5.7,1,0,1,1,9,540.0,0.283,-387.2,Normal
BR009,2026-03-21,10,11,204.3,1.9,3.4,0,0,1,5,9,540.0,0.378,-335.7,Normal
BR009,2026-03-21,11,7,89.2,2.914285714285714,7.0,1,0,3,1,9,540.0,0.165,-450.8,Normal
BR009,2026-03-21,12,12,113.4,2.158333333333333,3.9,1,0,1,1,9,540.0,0.21,-426.6,Normal
BR009,2026-03-21,13,6,85.1,2.033333333333333,3.2,0,0,1,1,9,540.0,0.158,-454.9,Normal
BR009,2026-03-21,14,3,64.6,2.466666666666667,3.5,0,0,0,2,9,540.0,0.12,-475.4,Normal
BR009,2026-03-21,15,5,78.2,2.38,2.9,0,0,0,2,9,540.0,0.145,-461.8,Normal
BR009,2026-03-23,9,14,167.1,1.907142857142857,2.8,0,0,0,0,9,540.0,0.309,-372.9,Normal
BR009,2026-03-23,10,12,128.0,8.941666666666668,36.0,4,0,1,1,9,540.0,0.237,-412.0,Normal
BR009,2026-03-23,11,13,127.2,2.9538461538461536,10.0,4,0,2,0,9,540.0,0.236,-412.8,Normal
BR009,2026-03-23,12,11,150.7,5.972727272727273,37.0,2,0,2,3,9,540.0,0.279,-389.3,Normal
BR009,2026-03-23,13,13,96.1,1.9230769230769231,3.4,1,0,2,0,9,540.0,0.178,-443.9,Normal
BR009,2026-03-23,14,7,53.1,1.7285714285714284,2.9,0,0,1,0,9,540.0,0.098,-486.9,Normal
BR009,2026-03-23,15,3,22.3,1.8666666666666665,2.3,0,0,0,0,9,540.0,0.041,-517.7,Normal
BR009,2026-03-23,16,3,63.599999999999994,1.9333333333333333,2.5,0,0,0,2,9,540.0,0.118,-476.4,Normal
BR009,2026-03-24,9,10,82.5,2.27,3.4,1,0,0,0,9,540.0,0.153,-457.5,Normal
BR009,2026-03-24,10,6,63.1,7.133333333333333,31.8,1,0,1,1,9,540.0,0.117,-476.9,Normal
BR009,2026-03-24,11,14,146.3,2.8428571428571425,7.7,1,0,4,2,9,540.0,0.271,-393.7,Normal
BR009,2026-03-24,12,11,141.9,2.0818181818181816,2.9,0,0,0,2,9,540.0,0.263,-398.1,Normal
BR009,2026-03-24,13,2,11.8,2.25,2.3,0,0,0,0,9,540.0,0.022,-528.2,Normal
BR009,2026-03-24,14,5,43.699999999999996,1.86,2.3,0,0,1,0,9,540.0,0.081,-496.3,Normal
BR009,2026-03-24,15,3,40.400000000000006,1.9666666666666668,2.7,0,0,0,0,9,540.0,0.075,-499.6,Normal
BR009,2026-03-24,16,1,3.8,2.5,2.5,0,0,0,0,9,540.0,0.007,-536.2,Normal
BR009,2026-03-25,9,9,104.3,17.755555555555556,63.8,3,2,3,3,9,540.0,0.193,-435.7,Moderate
BR009,2026-03-25,10,9,108.9,19.38888888888889,64.1,5,1,2,1,9,540.0,0.202,-431.1,Moderate
BR009,2026-03-25,11,12,114.6,7.75,30.5,8,0,1,0,9,540.0,0.212,-425.4,Normal
BR009,2026-03-25,12,7,29.9,14.785714285714286,51.4,7,2,0,1,9,540.0,0.055,-510.1,Normal
BR009,2026-03-25,13,8,95.7,2.95,9.6,4,0,0,1,9,540.0,0.177,-444.3,Normal
BR009,2026-03-25,14,5,95.9,11.08,36.9,1,0,0,2,9,540.0,0.178,-444.1,Normal
BR009,2026-03-25,15,5,69.5,2.48,3.2,0,0,0,1,9,540.0,0.129,-470.5,Normal
BR009,2026-03-25,16,1,12.9,0.9,0.9,0,0,0,0,9,540.0,0.024,-527.1,Normal
BR009,2026-03-26,9,17,218.6,7.5,28.9,7,0,3,3,9,540.0,0.405,-321.4,Normal
BR009,2026-03-26,10,16,213.4,3.2875,13.6,6,0,2,4,9,540.0,0.395,-326.6,Normal
BR009,2026-03-26,11,6,55.8,1.9666666666666668,3.4,0,0,2,0,9,540.0,0.103,-484.2,Normal
BR009,2026-03-26,12,6,46.8,2.283333333333333,2.8,1,0,1,1,9,540.0,0.087,-493.2,Normal
BR009,2026-03-26,13,11,150.7,2.018181818181818,3.2,0,0,1,2,9,540.0,0.279,-389.3,Normal
BR009,2026-03-26,14,3,63.599999999999994,2.0333333333333337,2.7,0,0,0,1,9,540.0,0.118,-476.4,Normal
BR009,2026-03-26,15,6,75.5,2.75,3.4,0,0,0,2,9,540.0,0.14,-464.5,Normal
BR009,2026-03-26,16,1,6.4,3.2,3.2,0,0,0,0,9,540.0,0.012,-533.6,Normal
BR009,2026-03-27,9,11,172.6,2.3181818181818183,3.4,1,0,3,2,9,540.0,0.32,-367.4,Normal
BR009,2026-03-27,10,10,163.8,8.08,33.4,4,0,5,3,9,540.0,0.303,-376.2,Normal
BR009,2026-03-27,11,16,177.9,7.106249999999999,33.8,6,0,0,1,9,540.0,0.329,-362.1,Normal
BR009,2026-03-27,12,10,144.1,1.49,2.4,5,0,0,2,9,540.0,0.267,-395.9,Normal
BR009,2026-03-27,13,11,138.0,2.1636363636363636,3.4,0,0,0,3,9,540.0,0.256,-402.0,Normal
BR009,2026-03-27,14,10,134.9,2.23,3.5,0,0,0,1,9,540.0,0.25,-405.1,Normal
BR009,2026-03-27,15,1,4.0,1.0,1.0,0,0,0,0,9,540.0,0.007,-536.0,Normal
BR009,2026-03-27,16,1,5.4,3.2,3.2,0,0,0,0,9,540.0,0.01,-534.6,Normal
BR010,2025-10-01,9,8,109.5,15.2375,36.6,4,0,1,2,5,300.0,0.365,-190.5,Moderate
BR010,2025-10-01,10,11,120.4,8.327272727272726,33.4,4,0,2,1,5,300.0,0.401,-179.6,Normal
BR010,2025-10-01,11,7,93.39999999999999,3.3285714285714287,7.3,3,0,1,1,5,300.0,0.311,-206.6,Normal
BR010,2025-10-01,12,7,76.8,10.985714285714286,33.0,3,0,1,1,5,300.0,0.256,-223.2,Normal
BR010,2025-10-01,13,8,64.8,8.875,34.6,2,0,1,1,5,300.0,0.216,-235.2,Normal
BR010,2025-10-01,14,6,62.8,2.2333333333333334,3.4,1,0,0,0,5,300.0,0.209,-237.2,Normal
BR010,2025-10-01,15,2,6.6,2.0,3.0,0,0,0,0,5,300.0,0.022,-293.4,Normal
BR010,2025-10-01,16,1,8.9,3.1,3.1,0,0,0,0,5,300.0,0.03,-291.1,Normal
BR010,2025-10-03,9,10,102.1,8.03,47.9,2,1,2,2,5,300.0,0.34,-197.9,Normal
BR010,2025-10-03,10,7,109.9,3.957142857142857,14.1,3,0,1,1,5,300.0,0.366,-190.1,Normal
BR010,2025-10-03,11,11,112.10000000000001,4.763636363636364,18.3,2,0,1,2,5,300.0,0.374,-187.9,Normal
BR010,2025-10-03,12,6,41.0,2.6333333333333333,5.6,1,0,2,0,5,300.0,0.137,-259.0,Normal
BR010,2025-10-03,13,5,76.6,2.94,7.1,1,0,1,0,5,300.0,0.255,-223.4,Normal
BR010,2025-10-03,14,6,107.69999999999999,4.366666666666666,14.2,2,0,0,3,5,300.0,0.359,-192.3,Normal
BR010,2025-10-03,15,5,51.4,3.06,3.5,1,0,1,1,5,300.0,0.171,-248.6,Normal
BR010,2025-10-03,16,1,25.0,3.1,3.1,0,0,0,1,5,300.0,0.083,-275.0,Normal
BR010,2025-10-04,9,5,42.9,1.42,2.1,0,0,0,0,5,300.0,0.143,-257.1,Normal
BR010,2025-10-04,10,6,46.5,2.066666666666667,3.4,0,0,1,1,5,300.0,0.155,-253.5,Normal
BR010,2025-10-04,11,5,84.9,1.6,1.9,0,0,0,3,5,300.0,0.283,-215.1,Normal
BR010,2025-10-04,12,5,42.9,2.32,2.9,0,0,1,0,5,300.0,0.143,-257.1,Normal
BR010,2025-10-04,13,4,46.6,2.525,3.3,0,0,1,0,5,300.0,0.155,-253.4,Normal
BR010,2025-10-04,14,5,30.1,2.7199999999999998,3.3,0,0,1,0,5,300.0,0.1,-269.9,Normal
BR010,2025-10-04,15,1,17.7,1.4,1.4,0,0,0,0,5,300.0,0.059,-282.3,Normal
BR010,2025-10-06,9,8,110.60000000000001,5.2,15.4,2,0,2,2,5,300.0,0.369,-189.4,Normal
BR010,2025-10-06,10,9,153.0,10.97777777777778,44.1,6,0,2,3,5,300.0,0.51,-147.0,Normal
BR010,2025-10-06,11,9,123.4,10.488888888888889,34.7,6,0,1,2,5,300.0,0.411,-176.6,Normal
BR010,2025-10-06,12,11,177.4,5.190909090909091,20.7,6,0,1,3,5,300.0,0.591,-122.6,Normal
BR010,2025-10-06,13,4,51.3,2.7,3.1,4,0,0,1,5,300.0,0.171,-248.7,Normal
BR010,2025-10-06,14,4,46.0,2.175,3.1,4,0,0,1,5,300.0,0.153,-254.0,Normal
BR010,2025-10-06,15,2,33.8,1.3,1.3,0,0,0,1,5,300.0,0.113,-266.2,Normal
BR010,2025-10-06,16,1,4.1,1.5,1.5,0,0,0,0,5,300.0,0.014,-295.9,Normal
BR010,2025-10-07,9,3,18.7,18.366666666666664,50.8,3,1,1,0,5,300.0,0.062,-281.3,Moderate
BR010,2025-10-07,10,11,96.8,4.381818181818182,16.4,3,0,2,1,5,300.0,0.323,-203.2,Normal
BR010,2025-10-07,11,4,20.3,2.5,3.0,2,0,0,0,5,300.0,0.068,-279.7,Normal
BR010,2025-10-07,12,3,35.8,2.6666666666666665,3.4,1,0,0,0,5,300.0,0.119,-264.2,Normal
BR010,2025-10-07,13,2,14.1,2.15,2.8,0,0,0,0,5,300.0,0.047,-285.9,Normal
BR010,2025-10-07,14,3,16.8,2.3333333333333335,3.1,0,0,0,0,5,300.0,0.056,-283.2,Normal
BR010,2025-10-07,16,1,6.1,2.5,2.5,0,0,0,0,5,300.0,0.02,-293.9,Normal
BR010,2025-10-08,9,6,107.2,4.0,9.9,1,0,2,3,5,300.0,0.357,-192.8,Normal
BR010,2025-10-08,10,7,57.3,2.1142857142857143,3.1,0,0,1,0,5,300.0,0.191,-242.7,Normal
BR010,2025-10-08,11,4,45.3,2.2249999999999996,3.4,0,0,0,0,5,300.0,0.151,-254.7,Normal
BR010,2025-10-08,12,3,38.1,1.8,2.4,0,0,0,1,5,300.0,0.127,-261.9,Normal
BR010,2025-10-08,13,3,48.699999999999996,2.3000000000000003,3.2,0,0,0,1,5,300.0,0.162,-251.3,Normal
BR010,2025-10-08,14,2,29.3,2.0,2.2,0,0,0,0,5,300.0,0.098,-270.7,Normal
BR010,2025-10-08,15,1,8.5,2.8,2.8,0,0,0,0,5,300.0,0.028,-291.5,Normal
BR010,2025-10-09,9,2,20.1,3.05,3.5,0,0,0,0,5,300.0,0.067,-279.9,Normal
BR010,2025-10-09,10,7,86.2,3.557142857142857,12.2,2,0,1,1,5,300.0,0.287,-213.8,Normal
BR010,2025-10-09,11,5,41.7,1.94,2.9,0,0,0,0,5,300.0,0.139,-258.3,Normal
BR010,2025-10-09,12,7,91.19999999999999,1.9714285714285715,3.5,1,0,1,1,5,300.0,0.304,-208.8,Normal
BR010,2025-10-09,13,1,21.1,2.1,2.1,0,0,0,1,5,300.0,0.07,-278.9,Normal
BR010,2025-10-09,14,7,92.4,5.471428571428571,13.8,2,0,0,0,5,300.0,0.308,-207.6,Normal
BR010,2025-10-09,15,4,74.7,2.375,3.3,1,0,1,2,5,300.0,0.249,-225.3,Normal
BR010,2025-10-09,16,1,6.0,2.3,2.3,0,0,0,0,5,300.0,0.02,-294.0,Normal
BR010,2025-10-10,9,9,116.89999999999999,6.644444444444445,25.8,2,0,3,1,5,300.0,0.39,-183.1,Normal
BR010,2025-10-10,10,6,97.5,3.25,6.2,1,0,0,3,5,300.0,0.325,-202.5,Normal
BR010,2025-10-10,11,8,59.6,2.4875,4.5,2,0,0,0,5,300.0,0.199,-240.4,Normal
BR010,2025-10-10,12,2,46.0,3.0999999999999996,3.3,0,0,0,1,5,300.0,0.153,-254.0,Normal
BR010,2025-10-10,13,7,79.9,2.185714285714286,2.9,0,0,2,1,5,300.0,0.266,-220.1,Normal
BR010,2025-10-10,14,2,16.5,2.55,2.8,0,0,0,0,5,300.0,0.055,-283.5,Normal
BR010,2025-10-10,15,4,44.2,2.425,3.4,0,0,0,0,5,300.0,0.147,-255.8,Normal
BR010,2025-10-13,9,4,52.2,1.125,1.6,0,0,0,0,5,300.0,0.174,-247.8,Normal
BR010,2025-10-13,10,5,53.199999999999996,3.08,8.4,1,0,1,0,5,300.0,0.177,-246.8,Normal
BR010,2025-10-13,11,4,28.2,2.55,3.4,0,0,2,0,5,300.0,0.094,-271.8,Normal
BR010,2025-10-13,12,7,109.4,11.171428571428573,33.5,2,0,0,2,5,300.0,0.365,-190.6,Normal
BR010,2025-10-13,13,4,57.3,4.225,9.9,1,0,0,1,5,300.0,0.191,-242.7,Normal
BR010,2025-10-13,14,8,84.3,2.25,3.4,1,0,0,1,5,300.0,0.281,-215.7,Normal
BR010,2025-10-13,16,1,8.8,3.3,3.3,0,0,0,0,5,300.0,0.029,-291.2,Normal
BR010,2025-10-14,9,4,75.3,1.4,2.1,0,0,0,2,5,300.0,0.251,-224.7,Normal
BR010,2025-10-14,10,7,56.5,3.814285714285714,11.0,1,0,2,0,5,300.0,0.188,-243.5,Normal
BR010,2025-10-14,11,6,65.7,2.5500000000000003,3.5,0,0,0,1,5,300.0,0.219,-234.3,Normal
BR010,2025-10-14,12,3,50.1,2.3333333333333335,2.9,0,0,1,1,5,300.0,0.167,-249.9,Normal
BR010,2025-10-14,13,2,26.2,3.05,3.3,0,0,0,0,5,300.0,0.087,-273.8,Normal
BR010,2025-10-14,14,7,133.29999999999998,2.042857142857143,2.9,0,0,1,3,5,300.0,0.444,-166.7,Normal
BR010,2025-10-14,15,1,13.2,1.5,1.5,0,0,0,0,5,300.0,0.044,-286.8,Normal
BR010,2025-10-15,9,4,36.5,1.975,3.4,0,0,1,0,5,300.0,0.122,-263.5,Normal
BR010,2025-10-15,10,5,96.0,2.46,3.3,0,0,1,2,5,300.0,0.32,-204.0,Normal
BR010,2025-10-15,11,7,105.5,9.157142857142857,27.8,5,0,2,2,5,300.0,0.352,-194.5,Normal
BR010,2025-10-15,12,7,84.4,2.9,9.3,4,0,0,1,5,300.0,0.281,-215.6,Normal
BR010,2025-10-15,13,5,33.5,2.2399999999999998,3.4,1,0,0,0,5,300.0,0.112,-266.5,Normal
BR010,2025-10-15,14,6,64.6,1.7666666666666668,3.2,0,0,0,1,5,300.0,0.215,-235.4,Normal
BR010,2025-10-16,9,4,61.5,8.95,29.0,1,0,0,1,5,300.0,0.205,-238.5,Normal
BR010,2025-10-16,10,6,64.1,8.049999999999999,39.5,1,1,2,0,5,300.0,0.214,-235.9,Normal
BR010,2025-10-16,11,8,90.2,2.3375,3.3,0,0,0,1,5,300.0,0.301,-209.8,Normal
BR010,2025-10-16,12,4,24.2,1.45,2.0,0,0,0,0,5,300.0,0.081,-275.8,Normal
BR010,2025-10-16,13,3,16.2,1.7,2.2,0,0,1,0,5,300.0,0.054,-283.8,Normal
BR010,2025-10-16,14,2,23.0,3.0,3.1,0,0,1,0,5,300.0,0.077,-277.0,Normal
BR010,2025-10-16,15,2,19.299999999999997,2.1,3.1,0,0,0,0,5,300.0,0.064,-280.7,Normal
BR010,2025-10-16,16,1,16.8,2.0,2.0,0,0,0,0,5,300.0,0.056,-283.2,Normal
BR010,2025-10-17,9,9,100.5,4.311111111111111,15.9,1,0,2,1,5,300.0,0.335,-199.5,Normal
BR010,2025-10-17,10,6,81.6,3.1333333333333333,5.3,1,0,1,1,5,300.0,0.272,-218.4,Normal
BR010,2025-10-17,11,11,134.0,5.645454545454545,24.5,3,0,1,2,5,300.0,0.447,-166.0,Normal
BR010,2025-10-17,12,5,63.6,9.620000000000001,39.0,2,1,0,2,5,300.0,0.212,-236.4,Normal
BR010,2025-10-17,13,9,131.2,2.2555555555555555,3.2,0,0,0,3,5,300.0,0.437,-168.8,Normal
BR010,2025-10-17,14,5,49.0,2.12,2.8,0,0,0,1,5,300.0,0.163,-251.0,Normal
BR010,2025-10-18,9,5,78.1,11.22,38.1,1,0,1,1,5,300.0,0.26,-221.9,Normal
BR010,2025-10-18,10,9,150.7,6.155555555555556,39.7,1,0,1,3,5,300.0,0.502,-149.3,Normal
BR010,2025-10-18,11,5,78.6,2.6,3.3,0,0,1,1,5,300.0,0.262,-221.4,Normal
BR010,2025-10-18,12,7,67.0,1.9,3.3,0,0,1,1,5,300.0,0.223,-233.0,Normal
BR010,2025-10-18,13,5,61.8,1.9,3.4,0,0,0,0,5,300.0,0.206,-238.2,Normal
BR010,2025-10-18,14,5,51.300000000000004,2.1399999999999997,3.4,0,0,0,0,5,300.0,0.171,-248.7,Normal
BR010,2025-10-18,15,2,47.2,1.65,1.9,0,0,0,1,5,300.0,0.157,-252.8,Normal
BR010,2025-10-18,16,1,3.8,2.8,2.8,0,0,0,0,5,300.0,0.013,-296.2,Normal
BR010,2025-10-22,9,1,20.7,1.7,1.7,0,0,0,1,5,300.0,0.069,-279.3,Normal
BR010,2025-10-22,10,9,111.2,2.7666666666666666,9.9,2,0,1,2,5,300.0,0.371,-188.8,Normal
BR010,2025-10-22,11,2,21.1,2.1500000000000004,2.7,0,0,0,0,5,300.0,0.07,-278.9,Normal
BR010,2025-10-22,12,3,26.4,1.0999999999999999,1.4,1,0,0,0,5,300.0,0.088,-273.6,Normal
BR010,2025-10-22,13,2,14.9,2.35,3.4,0,0,0,0,5,300.0,0.05,-285.1,Normal
BR010,2025-10-22,14,2,44.400000000000006,2.15,2.8,0,0,0,0,5,300.0,0.148,-255.6,Normal
BR010,2025-10-22,15,2,21.599999999999998,2.2,2.9,0,0,0,0,5,300.0,0.072,-278.4,Normal
BR010,2025-10-23,9,8,76.7,2.2375,6.8,1,0,2,1,5,300.0,0.256,-223.3,Normal
BR010,2025-10-23,10,4,38.3,1.9000000000000001,3.2,0,0,0,0,5,300.0,0.128,-261.7,Normal
BR010,2025-10-23,11,4,43.599999999999994,2.5,3.5,0,0,1,1,5,300.0,0.145,-256.4,Normal
BR010,2025-10-23,12,4,62.7,2.175,2.8,0,0,0,1,5,300.0,0.209,-237.3,Normal
BR010,2025-10-23,13,2,19.5,1.9,2.0,0,0,0,0,5,300.0,0.065,-280.5,Normal
BR010,2025-10-23,14,4,33.0,2.175,3.5,0,0,0,0,5,300.0,0.11,-267.0,Normal
BR010,2025-10-23,15,3,26.6,1.5333333333333332,1.7,0,0,0,0,5,300.0,0.089,-273.4,Normal
BR010,2025-10-23,16,1,4.5,2.1,2.1,0,0,0,0,5,300.0,0.015,-295.5,Normal
BR010,2025-10-24,9,10,154.4,5.33,15.4,2,0,4,4,5,300.0,0.515,-145.6,Normal
BR010,2025-10-24,10,8,115.5,2.5625,4.4,1,0,1,2,5,300.0,0.385,-184.5,Normal
BR010,2025-10-24,11,5,51.6,1.3599999999999999,2.0,1,0,0,0,5,300.0,0.172,-248.4,Normal
BR010,2025-10-24,12,4,49.3,4.775,14.0,1,0,0,0,5,300.0,0.164,-250.7,Normal
BR010,2025-10-24,13,7,92.2,2.3428571428571425,2.7,0,0,0,1,5,300.0,0.307,-207.8,Normal
BR010,2025-10-24,14,2,12.7,2.8,3.2,0,0,0,0,5,300.0,0.042,-287.3,Normal
BR010,2025-10-27,9,5,55.4,6.840000000000001,28.0,1,0,1,1,5,300.0,0.185,-244.6,Normal
BR010,2025-10-27,10,9,95.1,2.1888888888888887,2.8,0,0,0,0,5,300.0,0.317,-204.9,Normal
BR010,2025-10-27,11,6,80.3,2.15,3.1,0,0,0,1,5,300.0,0.268,-219.7,Normal
BR010,2025-10-27,12,6,75.69999999999999,1.7666666666666668,3.1,1,0,0,1,5,300.0,0.252,-224.3,Normal
BR010,2025-10-27,13,3,48.0,2.6999999999999997,3.4,0,0,1,1,5,300.0,0.16,-252.0,Normal
BR010,2025-10-27,14,6,72.4,1.9666666666666668,2.4,0,0,1,2,5,300.0,0.241,-227.6,Normal
BR010,2025-10-27,15,1,18.9,1.2,1.2,0,0,0,0,5,300.0,0.063,-281.1,Normal
BR010,2025-10-27,16,1,8.0,2.3,2.3,0,0,0,0,5,300.0,0.027,-292.0,Normal
BR010,2025-10-28,9,8,111.2,9.3,38.9,1,0,0,2,5,300.0,0.371,-188.8,Normal
BR010,2025-10-28,10,10,122.5,14.209999999999999,44.7,3,1,1,2,5,300.0,0.408,-177.5,Normal
BR010,2025-10-28,11,11,162.0,6.345454545454545,24.7,4,0,2,3,5,300.0,0.54,-138.0,Normal
BR010,2025-10-28,12,7,81.7,5.171428571428572,17.7,2,0,3,1,5,300.0,0.272,-218.3,Normal
BR010,2025-10-28,13,6,102.4,8.883333333333333,27.5,1,0,1,2,5,300.0,0.341,-197.6,Normal
BR010,2025-10-28,14,6,94.0,2.5166666666666666,3.0,1,0,0,2,5,300.0,0.313,-206.0,Normal
BR010,2025-10-28,15,3,34.099999999999994,1.7333333333333334,2.4,0,0,0,0,5,300.0,0.114,-265.9,Normal
BR010,2025-10-29,9,8,124.1,3.425,11.2,2,0,1,2,5,300.0,0.414,-175.9,Normal
BR010,2025-10-29,10,7,91.4,7.414285714285714,20.6,2,0,3,2,5,300.0,0.305,-208.6,Normal
BR010,2025-10-29,11,8,101.2,2.625,3.4,1,0,2,1,5,300.0,0.337,-198.8,Normal
BR010,2025-10-29,12,4,63.400000000000006,6.75,21.7,1,0,0,1,5,300.0,0.211,-236.6,Normal
BR010,2025-10-29,13,7,129.2,4.185714285714285,14.2,2,0,0,2,5,300.0,0.431,-170.8,Normal
BR010,2025-10-29,14,3,24.6,1.7333333333333332,2.3,0,0,0,0,5,300.0,0.082,-275.4,Normal
BR010,2025-10-29,15,3,28.199999999999996,1.8,2.9,0,0,0,0,5,300.0,0.094,-271.8,Normal
BR010,2025-10-29,16,1,4.2,1.3,1.3,0,0,0,0,5,300.0,0.014,-295.8,Normal
BR010,2025-10-30,9,9,133.1,8.444444444444445,33.1,2,0,3,3,5,300.0,0.444,-166.9,Normal
BR010,2025-10-30,10,6,57.4,2.1333333333333333,3.3,0,0,1,0,5,300.0,0.191,-242.6,Normal
BR010,2025-10-30,11,7,124.1,3.4857142857142853,12.7,1,0,1,2,5,300.0,0.414,-175.9,Normal
BR010,2025-10-30,12,2,9.6,2.0,2.6,0,0,0,0,5,300.0,0.032,-290.4,Normal
BR010,2025-10-30,13,5,46.4,2.62,3.5,0,0,0,1,5,300.0,0.155,-253.6,Normal
BR010,2025-10-30,14,4,33.7,1.875,2.6,0,0,0,0,5,300.0,0.112,-266.3,Normal
BR010,2025-10-30,15,3,43.8,2.066666666666667,3.2,0,0,0,0,5,300.0,0.146,-256.2,Normal
BR010,2025-10-31,9,11,156.1,5.863636363636363,16.4,4,0,5,3,5,300.0,0.52,-143.9,Normal
BR010,2025-10-31,10,7,122.9,12.828571428571431,37.7,4,0,1,3,5,300.0,0.41,-177.1,Normal
BR010,2025-10-31,11,10,66.9,5.04,16.4,5,0,0,0,5,300.0,0.223,-233.1,Normal
BR010,2025-10-31,12,5,68.6,3.94,7.5,4,0,0,2,5,300.0,0.229,-231.4,Normal
BR010,2025-10-31,13,6,89.4,2.6833333333333336,7.2,2,0,0,0,5,300.0,0.298,-210.6,Normal
BR010,2025-10-31,14,5,38.3,6.26,13.3,2,0,0,0,5,300.0,0.128,-261.7,Normal
BR010,2025-10-31,15,3,29.4,2.033333333333333,2.3,1,0,0,0,5,300.0,0.098,-270.6,Normal
BR010,2025-10-31,16,1,4.8,3.0,3.0,0,0,0,0,5,300.0,0.016,-295.2,Normal
BR010,2025-11-03,9,9,106.5,5.0,19.7,2,0,2,1,5,300.0,0.355,-193.5,Normal
BR010,2025-11-03,10,5,57.1,16.740000000000002,51.0,2,0,0,1,5,300.0,0.19,-242.9,Moderate
BR010,2025-11-03,11,8,97.4,3.0999999999999996,12.1,1,0,2,2,5,300.0,0.325,-202.6,Normal
BR010,2025-11-03,12,10,115.9,4.04,10.7,1,0,2,2,5,300.0,0.386,-184.1,Normal
BR010,2025-11-03,13,11,125.5,7.699999999999999,28.5,3,0,1,2,5,300.0,0.418,-174.5,Normal
BR010,2025-11-03,14,5,98.2,1.56,2.0,0,0,1,3,5,300.0,0.327,-201.8,Normal
BR010,2025-11-03,15,3,22.5,3.0666666666666664,3.1,2,0,0,0,5,300.0,0.075,-277.5,Normal
BR010,2025-11-03,16,1,8.8,1.2,1.2,0,0,0,0,5,300.0,0.029,-291.2,Normal
BR010,2025-11-04,9,5,49.6,2.2199999999999998,3.0,0,0,2,1,5,300.0,0.165,-250.4,Normal
BR010,2025-11-04,10,8,130.2,1.7875,2.9,1,0,2,1,5,300.0,0.434,-169.8,Normal
BR010,2025-11-04,11,3,28.9,2.6666666666666665,3.1,0,0,0,0,5,300.0,0.096,-271.1,Normal
BR010,2025-11-04,12,4,50.7,2.525,4.1,1,0,0,1,5,300.0,0.169,-249.3,Normal
BR010,2025-11-04,13,4,66.69999999999999,2.125,2.9,0,0,0,2,5,300.0,0.222,-233.3,Normal
BR010,2025-11-04,14,7,97.3,2.957142857142857,8.2,1,0,0,1,5,300.0,0.324,-202.7,Normal
BR010,2025-11-04,15,3,24.3,2.966666666666667,3.2,0,0,0,0,5,300.0,0.081,-275.7,Normal
BR010,2025-11-04,16,1,6.2,3.4,3.4,0,0,0,0,5,300.0,0.021,-293.8,Normal
BR010,2025-11-05,9,9,92.3,15.766666666666667,48.9,3,2,0,1,5,300.0,0.308,-207.7,Moderate
BR010,2025-11-05,10,8,68.1,7.3375,37.5,3,0,3,0,5,300.0,0.227,-231.9,Normal
BR010,2025-11-05,11,9,102.5,2.6555555555555554,8.7,2,0,1,1,5,300.0,0.342,-197.5,Normal
BR010,2025-11-05,12,5,84.1,5.58,19.8,2,0,0,1,5,300.0,0.28,-215.9,Normal
BR010,2025-11-05,13,10,111.7,3.06,9.8,2,0,0,1,5,300.0,0.372,-188.3,Normal
BR010,2025-11-05,14,2,19.7,2.25,3.5,1,0,1,0,5,300.0,0.066,-280.3,Normal
BR010,2025-11-05,15,2,48.1,2.9,3.3,0,0,0,1,5,300.0,0.16,-251.9,Normal
BR010,2025-11-06,9,1,21.5,2.2,2.2,0,0,0,0,5,300.0,0.072,-278.5,Normal
BR010,2025-11-06,10,5,40.199999999999996,19.04,38.7,3,0,1,0,5,300.0,0.134,-259.8,Moderate
BR010,2025-11-06,11,11,113.4,4.009090909090909,9.6,4,0,2,0,5,300.0,0.378,-186.6,Normal
BR010,2025-11-06,12,7,120.6,2.6142857142857143,3.5,2,0,1,2,5,300.0,0.402,-179.4,Normal
BR010,2025-11-06,13,9,151.8,2.8333333333333335,5.2,1,0,2,3,5,300.0,0.506,-148.2,Normal
BR010,2025-11-06,14,4,39.5,4.074999999999999,9.7,1,0,0,1,5,300.0,0.132,-260.5,Normal
BR010,2025-11-06,15,5,35.6,2.62,3.4,0,0,0,0,5,300.0,0.119,-264.4,Normal
BR010,2025-11-07,9,3,68.2,2.6666666666666665,2.9,0,0,0,1,5,300.0,0.227,-231.8,Normal
BR010,2025-11-07,10,3,40.4,2.9333333333333336,3.3,0,0,0,0,5,300.0,0.135,-259.6,Normal
BR010,2025-11-07,11,4,48.0,2.55,2.6,0,0,2,0,5,300.0,0.16,-252.0,Normal
BR010,2025-11-07,12,6,57.0,2.4499999999999997,3.3,0,0,0,1,5,300.0,0.19,-243.0,Normal
BR010,2025-11-07,13,5,53.7,1.7,3.4,0,0,0,1,5,300.0,0.179,-246.3,Normal
BR010,2025-11-07,14,3,23.3,2.1999999999999997,2.5,0,0,0,0,5,300.0,0.078,-276.7,Normal
BR010,2025-11-07,15,1,5.4,3.4,3.4,0,0,0,0,5,300.0,0.018,-294.6,Normal
BR010,2025-11-10,9,7,58.6,4.085714285714286,17.6,1,0,2,0,5,300.0,0.195,-241.4,Normal
BR010,2025-11-10,10,12,114.2,5.3,30.1,2,0,2,0,5,300.0,0.381,-185.8,Normal
BR010,2025-11-10,11,7,58.7,13.9,36.6,5,0,3,0,5,300.0,0.196,-241.3,Normal
BR010,2025-11-10,12,10,143.1,8.18,18.0,4,0,0,3,5,300.0,0.477,-156.9,Normal
BR010,2025-11-10,13,6,63.0,1.9000000000000001,2.8,4,0,0,0,5,300.0,0.21,-237.0,Normal
BR010,2025-11-10,14,4,20.1,2.3,3.5,1,0,0,0,5,300.0,0.067,-279.9,Normal
BR010,2025-11-10,15,2,12.7,2.95,3.4,0,0,0,0,5,300.0,0.042,-287.3,Normal
BR010,2025-11-11,9,4,35.3,39.1,51.9,6,1,0,1,5,300.0,0.118,-264.7,Critical
BR010,2025-11-11,10,11,150.1,9.2,34.8,5,0,2,4,5,300.0,0.5,-149.9,Normal
BR010,2025-11-11,11,3,32.0,2.9333333333333336,3.4,3,0,0,0,5,300.0,0.107,-268.0,Normal
BR010,2025-11-11,12,6,62.1,1.95,3.5,1,0,0,0,5,300.0,0.207,-237.9,Normal
BR010,2025-11-11,13,1,16.7,2.0,2.0,0,0,0,0,5,300.0,0.056,-283.3,Normal
BR010,2025-11-11,14,2,23.5,2.2,2.6,0,0,0,1,5,300.0,0.078,-276.5,Normal
BR010,2025-11-11,15,2,20.3,2.8,3.1,0,0,1,0,5,300.0,0.068,-279.7,Normal
BR010,2025-11-12,9,8,97.1,4.3875,15.5,2,0,2,2,5,300.0,0.324,-202.9,Normal
BR010,2025-11-12,10,4,34.800000000000004,2.5,3.0,1,0,2,0,5,300.0,0.116,-265.2,Normal
BR010,2025-11-12,11,4,50.2,2.525,3.1,0,0,0,1,5,300.0,0.167,-249.8,Normal
BR010,2025-11-12,12,3,22.7,1.8,2.4,0,0,0,0,5,300.0,0.076,-277.3,Normal
BR010,2025-11-12,13,4,39.4,2.6,3.4,0,0,0,0,5,300.0,0.131,-260.6,Normal
BR010,2025-11-12,14,4,70.8,5.25,13.1,1,0,0,0,5,300.0,0.236,-229.2,Normal
BR010,2025-11-12,15,2,56.3,1.4500000000000002,2.1,0,0,0,1,5,300.0,0.188,-243.7,Normal
BR010,2025-11-13,9,7,84.8,3.5285714285714285,10.1,2,0,2,2,5,300.0,0.283,-215.2,Normal
BR010,2025-11-13,10,7,83.89999999999999,2.857142857142857,3.5,1,0,0,0,5,300.0,0.28,-216.1,Normal
BR010,2025-11-13,11,2,7.5,1.5499999999999998,1.7,0,0,0,0,5,300.0,0.025,-292.5,Normal
BR010,2025-11-13,12,5,58.2,1.98,3.0,0,0,1,1,5,300.0,0.194,-241.8,Normal
BR010,2025-11-13,13,3,24.7,1.7333333333333332,2.3,0,0,0,0,5,300.0,0.082,-275.3,Normal
BR010,2025-11-13,14,5,76.6,3.5,9.3,1,0,0,2,5,300.0,0.255,-223.4,Normal
BR010,2025-11-13,15,1,18.7,2.4,2.4,0,0,0,1,5,300.0,0.062,-281.3,Normal
BR010,2025-11-13,16,1,3.8,3.1,3.1,0,0,0,0,5,300.0,0.013,-296.2,Normal
BR010,2025-11-14,9,5,40.6,2.04,2.8,0,0,1,0,5,300.0,0.135,-259.4,Normal
BR010,2025-11-14,10,5,19.9,2.0200000000000005,3.2,0,0,1,0,5,300.0,0.066,-280.1,Normal
BR010,2025-11-14,11,5,75.6,5.0600000000000005,13.9,1,0,1,2,5,300.0,0.252,-224.4,Normal
BR010,2025-11-14,12,7,96.3,2.257142857142857,3.5,0,0,1,2,5,300.0,0.321,-203.7,Normal
BR010,2025-11-14,13,1,6.7,2.0,2.0,0,0,0,0,5,300.0,0.022,-293.3,Normal
BR010,2025-11-14,14,7,84.1,3.914285714285714,13.3,1,0,0,0,5,300.0,0.28,-215.9,Normal
BR010,2025-11-14,15,5,48.5,1.48,1.9,0,0,0,0,5,300.0,0.162,-251.5,Normal
BR010,2025-11-15,9,3,30.4,2.1333333333333333,2.9,0,0,1,1,5,300.0,0.101,-269.6,Normal
BR010,2025-11-15,10,7,87.6,5.757142857142858,16.6,2,0,2,1,5,300.0,0.292,-212.4,Normal
BR010,2025-11-15,11,4,61.3,2.95,3.4,1,0,0,1,5,300.0,0.204,-238.7,Normal
BR010,2025-11-15,12,6,56.7,1.6166666666666665,2.2,0,0,0,0,5,300.0,0.189,-243.3,Normal
BR010,2025-11-15,13,4,87.0,2.525,3.3,0,0,0,2,5,300.0,0.29,-213.0,Normal
BR010,2025-11-15,14,6,78.80000000000001,3.9,13.9,1,0,0,1,5,300.0,0.263,-221.2,Normal
BR010,2025-11-15,15,4,48.3,2.65,3.0,0,0,0,1,5,300.0,0.161,-251.7,Normal
BR010,2025-11-17,9,2,43.8,2.35,2.7,0,0,0,1,5,300.0,0.146,-256.2,Normal
BR010,2025-11-17,10,8,76.2,12.0375,40.4,4,0,2,1,5,300.0,0.254,-223.8,Normal
BR010,2025-11-17,11,13,151.7,7.223076923076923,28.0,7,0,2,0,5,300.0,0.506,-148.3,Normal
BR010,2025-11-17,12,4,45.5,2.6750000000000003,4.4,7,0,0,0,5,300.0,0.152,-254.5,Normal
BR010,2025-11-17,13,2,11.399999999999999,2.55,2.7,3,0,0,0,5,300.0,0.038,-288.6,Normal
BR010,2025-11-17,14,7,61.199999999999996,1.9857142857142858,3.2,5,0,0,0,5,300.0,0.204,-238.8,Normal
BR010,2025-11-17,15,1,13.2,3.5,3.5,0,0,0,0,5,300.0,0.044,-286.8,Normal
BR010,2025-11-18,9,3,46.5,2.1666666666666665,3.5,0,0,1,1,5,300.0,0.155,-253.5,Normal
BR010,2025-11-18,10,5,56.8,2.2800000000000002,3.2,0,0,1,1,5,300.0,0.189,-243.2,Normal
BR010,2025-11-18,11,4,58.2,2.475,3.2,0,0,0,1,5,300.0,0.194,-241.8,Normal
BR010,2025-11-18,12,4,52.1,2.275,3.4,0,0,0,1,5,300.0,0.174,-247.9,Normal
BR010,2025-11-18,13,4,34.3,1.6,2.5,0,0,1,0,5,300.0,0.114,-265.7,Normal
BR010,2025-11-18,14,2,70.1,2.6,2.7,0,0,0,2,5,300.0,0.234,-229.9,Normal
BR010,2025-11-18,15,1,16.6,2.7,2.7,0,0,0,0,5,300.0,0.055,-283.4,Normal
BR010,2025-11-19,9,4,40.5,3.65,7.1,1,0,0,1,5,300.0,0.135,-259.5,Normal
BR010,2025-11-19,10,7,56.4,28.157142857142855,52.4,7,2,0,0,5,300.0,0.188,-243.6,High
BR010,2025-11-19,11,10,86.6,8.49,28.6,9,0,3,1,5,300.0,0.289,-213.4,Normal
BR010,2025-11-19,12,5,59.3,10.34,23.8,8,0,1,0,5,300.0,0.198,-240.7,Normal
BR010,2025-11-19,13,5,74.2,2.1,2.8,6,0,0,1,5,300.0,0.247,-225.8,Normal
BR010,2025-11-19,14,3,24.8,1.7999999999999998,2.3,4,0,0,0,5,300.0,0.083,-275.2,Normal
BR010,2025-11-19,15,3,42.7,3.0666666666666664,3.2,0,0,0,1,5,300.0,0.142,-257.3,Normal
BR010,2025-11-19,16,1,17.6,1.2,1.2,0,0,0,0,5,300.0,0.059,-282.4,Normal
BR010,2025-11-20,9,4,44.6,2.225,3.1,0,0,0,1,5,300.0,0.149,-255.4,Normal
BR010,2025-11-20,10,7,30.6,42.114285714285714,64.8,6,3,1,0,5,300.0,0.102,-269.4,Critical
BR010,2025-11-20,11,4,52.3,14.65,30.1,6,0,0,0,5,300.0,0.174,-247.7,Normal
BR010,2025-11-20,12,4,30.2,4.575,12.0,7,0,0,0,5,300.0,0.101,-269.8,Normal
BR010,2025-11-20,13,2,26.9,23.9,47.0,5,1,0,1,5,300.0,0.09,-273.1,Moderate
BR010,2025-11-20,14,4,57.2,12.675,35.1,3,0,0,1,5,300.0,0.191,-242.8,Normal
BR010,2025-11-20,15,2,14.0,1.7999999999999998,2.3,3,0,1,0,5,300.0,0.047,-286.0,Normal
BR010,2025-11-21,9,7,81.6,1.7857142857142858,3.8,1,0,3,2,5,300.0,0.272,-218.4,Normal
BR010,2025-11-21,10,4,49.0,1.75,3.5,0,0,0,0,5,300.0,0.163,-251.0,Normal
BR010,2025-11-21,11,8,102.0,1.7375,3.2,0,0,0,2,5,300.0,0.34,-198.0,Normal
BR010,2025-11-21,12,4,71.9,2.575,3.0,0,0,0,1,5,300.0,0.24,-228.1,Normal
BR010,2025-11-21,13,3,29.2,2.433333333333333,2.9,0,0,0,0,5,300.0,0.097,-270.8,Normal
BR010,2025-11-21,14,3,26.3,1.6666666666666667,2.8,0,0,0,0,5,300.0,0.088,-273.7,Normal
BR010,2025-11-21,15,2,26.5,2.0,2.2,0,0,0,0,5,300.0,0.088,-273.5,Normal
BR010,2025-11-21,16,1,5.0,1.8,1.8,0,0,0,0,5,300.0,0.017,-295.0,Normal
BR010,2025-11-24,9,6,96.2,2.1166666666666667,3.5,0,0,1,2,5,300.0,0.321,-203.8,Normal
BR010,2025-11-24,10,6,54.6,9.733333333333334,31.7,2,0,1,0,5,300.0,0.182,-245.4,Normal
BR010,2025-11-24,11,8,81.6,4.775,18.2,2,0,1,0,5,300.0,0.272,-218.4,Normal
BR010,2025-11-24,12,8,98.3,11.1,35.9,3,0,0,1,5,300.0,0.328,-201.7,Normal
BR010,2025-11-24,13,9,79.3,5.466666666666667,14.0,7,0,1,0,5,300.0,0.264,-220.7,Normal
BR010,2025-11-24,14,4,50.7,2.3,3.2,6,0,0,1,5,300.0,0.169,-249.3,Normal
BR010,2025-11-24,15,4,51.0,1.9,2.6,2,0,0,1,5,300.0,0.17,-249.0,Normal
BR010,2025-11-25,9,2,17.4,1.4500000000000002,1.6,0,0,0,0,5,300.0,0.058,-282.6,Normal
BR010,2025-11-25,10,6,51.3,1.9666666666666668,3.3,0,0,2,1,5,300.0,0.171,-248.7,Normal
BR010,2025-11-25,11,5,54.2,2.3,3.4,0,0,2,1,5,300.0,0.181,-245.8,Normal
BR010,2025-11-25,12,5,41.8,2.32,2.9,0,0,0,1,5,300.0,0.139,-258.2,Normal
BR010,2025-11-25,13,4,33.9,2.15,4.7,1,0,0,0,5,300.0,0.113,-266.1,Normal
BR010,2025-11-25,14,3,29.9,0.9666666666666668,1.1,0,0,0,0,5,300.0,0.1,-270.1,Normal
BR010,2025-11-25,15,2,8.5,1.4,1.4,0,0,0,0,5,300.0,0.028,-291.5,Normal
BR010,2025-11-25,16,2,16.8,2.15,2.4,0,0,0,0,5,300.0,0.056,-283.2,Normal
BR010,2025-11-26,9,3,23.2,1.6333333333333335,2.5,0,0,0,0,5,300.0,0.077,-276.8,Normal
BR010,2025-11-26,10,4,56.6,1.875,3.0,0,0,0,1,5,300.0,0.189,-243.4,Normal
BR010,2025-11-26,11,11,121.3,4.8545454545454545,19.9,2,0,4,1,5,300.0,0.404,-178.7,Normal
BR010,2025-11-26,12,6,97.4,22.666666666666668,50.4,3,1,1,3,5,300.0,0.325,-202.6,Moderate
BR010,2025-11-26,13,6,117.0,2.6833333333333336,3.5,2,0,1,2,5,300.0,0.39,-183.0,Normal
BR010,2025-11-26,14,6,106.0,3.8333333333333335,9.7,2,0,0,1,5,300.0,0.353,-194.0,Normal
BR010,2025-11-26,15,2,19.8,2.45,3.3,0,0,0,0,5,300.0,0.066,-280.2,Normal
BR010,2025-11-26,16,1,9.7,0.9,0.9,1,0,0,0,5,300.0,0.032,-290.3,Normal
BR010,2025-11-27,9,5,63.9,2.4,3.1,0,0,2,1,5,300.0,0.213,-236.1,Normal
BR010,2025-11-27,10,5,57.199999999999996,1.8199999999999998,3.0,0,0,2,0,5,300.0,0.191,-242.8,Normal
BR010,2025-11-27,11,10,148.5,13.39,50.6,3,1,0,3,5,300.0,0.495,-151.5,Normal
BR010,2025-11-27,12,7,54.199999999999996,2.9285714285714284,7.1,2,0,0,0,5,300.0,0.181,-245.8,Normal
BR010,2025-11-27,13,6,40.5,2.266666666666667,4.7,1,0,0,0,5,300.0,0.135,-259.5,Normal
BR010,2025-11-27,14,5,50.0,1.9,2.5,0,0,0,0,5,300.0,0.167,-250.0,Normal
BR010,2025-11-28,9,13,132.5,6.661538461538461,34.4,2,0,1,0,5,300.0,0.442,-167.5,Normal
BR010,2025-11-28,10,13,165.0,11.73076923076923,48.8,5,0,3,3,5,300.0,0.55,-135.0,Normal
BR010,2025-11-28,11,13,128.6,5.007692307692308,12.7,6,0,4,2,5,300.0,0.429,-171.4,Normal
BR010,2025-11-28,12,6,71.7,2.5500000000000003,3.9,5,0,0,1,5,300.0,0.239,-228.3,Normal
BR010,2025-11-28,13,12,171.2,4.375,14.3,2,0,1,2,5,300.0,0.571,-128.8,Normal
BR010,2025-11-28,14,7,65.7,15.785714285714286,39.8,3,1,1,1,5,300.0,0.219,-234.3,Moderate
BR010,2025-11-28,15,7,75.4,4.057142857142857,8.7,2,0,1,1,5,300.0,0.251,-224.6,Normal
BR010,2025-11-28,16,3,21.299999999999997,1.7,2.1,2,0,0,0,5,300.0,0.071,-278.7,Normal
BR010,2025-11-29,9,9,104.8,2.066666666666667,2.8,0,0,2,2,5,300.0,0.349,-195.2,Normal
BR010,2025-11-29,10,11,84.5,29.518181818181816,52.1,13,3,2,1,5,300.0,0.282,-215.5,High
BR010,2025-11-29,11,16,154.1,9.95625,30.5,13,0,4,1,5,300.0,0.514,-145.9,Normal
BR010,2025-11-29,12,9,143.39999999999998,3.9777777777777774,13.1,13,0,0,3,5,300.0,0.478,-156.6,Normal
BR010,2025-11-29,13,8,82.3,4.5875,9.9,12,0,0,1,5,300.0,0.274,-217.7,Normal
BR010,2025-11-29,14,7,98.4,9.342857142857143,25.5,8,0,0,1,5,300.0,0.328,-201.6,Normal
BR010,2025-11-29,15,4,69.6,2.775,3.3,7,0,0,2,5,300.0,0.232,-230.4,Normal
BR010,2025-12-01,9,13,152.4,7.738461538461538,45.1,5,1,3,1,5,300.0,0.508,-147.6,Normal
BR010,2025-12-01,10,7,64.8,3.8000000000000003,12.6,4,0,0,1,5,300.0,0.216,-235.2,Normal
BR010,2025-12-01,11,7,82.5,11.142857142857142,38.0,3,0,0,0,5,300.0,0.275,-217.5,Normal
BR010,2025-12-01,12,6,103.5,2.566666666666667,4.2,2,0,3,2,5,300.0,0.345,-196.5,Normal
BR010,2025-12-01,13,5,47.5,4.18,10.2,1,0,0,1,5,300.0,0.158,-252.5,Normal
BR010,2025-12-01,14,4,39.0,2.3,3.3,0,0,0,0,5,300.0,0.13,-261.0,Normal
BR010,2025-12-01,15,2,28.9,1.25,1.4,0,0,0,0,5,300.0,0.096,-271.1,Normal
BR010,2025-12-01,16,2,13.799999999999999,2.95,3.3,0,0,0,0,5,300.0,0.046,-286.2,Normal
BR010,2025-12-02,9,7,97.2,4.771428571428571,21.2,1,0,0,2,5,300.0,0.324,-202.8,Normal
BR010,2025-12-02,10,8,164.0,5.75,17.8,2,0,2,5,5,300.0,0.547,-136.0,Normal
BR010,2025-12-02,11,7,64.3,2.0142857142857142,3.5,1,0,1,0,5,300.0,0.214,-235.7,Normal
BR010,2025-12-02,12,7,94.5,6.485714285714286,32.0,1,0,1,2,5,300.0,0.315,-205.5,Normal
BR010,2025-12-02,13,5,57.6,4.26,10.7,1,0,1,1,5,300.0,0.192,-242.4,Normal
BR010,2025-12-02,14,7,54.5,2.3857142857142857,4.3,1,0,0,0,5,300.0,0.182,-245.5,Normal
BR010,2025-12-02,15,4,26.9,2.75,3.3,0,0,0,0,5,300.0,0.09,-273.1,Normal
BR010,2025-12-03,9,4,65.80000000000001,7.95,24.6,1,0,2,1,5,300.0,0.219,-234.2,Normal
BR010,2025-12-03,10,5,41.8,9.86,26.5,2,0,1,0,5,300.0,0.139,-258.2,Normal
BR010,2025-12-03,11,4,46.9,2.025,3.1,0,0,0,1,5,300.0,0.156,-253.1,Normal
BR010,2025-12-03,12,3,37.1,5.6000000000000005,12.5,1,0,0,1,5,300.0,0.124,-262.9,Normal
BR010,2025-12-03,13,4,35.199999999999996,25.200000000000003,53.2,2,1,0,0,5,300.0,0.117,-264.8,High
BR010,2025-12-03,14,6,44.7,12.0,39.9,4,1,0,0,5,300.0,0.149,-255.3,Normal
BR010,2025-12-03,15,1,7.8,2.0,2.0,3,0,0,0,5,300.0,0.026,-292.2,Normal
BR010,2025-12-04,9,13,237.0,6.176923076923076,24.7,5,0,2,5,5,300.0,0.79,-63.0,Normal
BR010,2025-12-04,10,7,72.5,9.242857142857144,22.9,5,0,0,1,5,300.0,0.242,-227.5,Normal
BR010,2025-12-04,11,6,65.2,2.0,3.4,4,0,1,1,5,300.0,0.217,-234.8,Normal
BR010,2025-12-04,12,3,12.4,18.066666666666666,50.2,3,1,1,0,5,300.0,0.041,-287.6,Moderate
BR010,2025-12-04,13,7,92.2,5.114285714285714,23.6,2,0,1,2,5,300.0,0.307,-207.8,Normal
BR010,2025-12-04,14,5,39.2,1.6199999999999999,2.5,0,0,0,0,5,300.0,0.131,-260.8,Normal
BR010,2025-12-04,15,3,21.1,1.8333333333333333,2.5,0,0,0,0,5,300.0,0.07,-278.9,Normal
BR010,2025-12-04,16,2,25.0,2.3499999999999996,2.4,0,0,1,0,5,300.0,0.083,-275.0,Normal
BR010,2025-12-05,9,15,144.9,8.6,26.7,4,0,2,2,5,300.0,0.483,-155.1,Normal
BR010,2025-12-05,10,4,60.3,2.0999999999999996,3.4,2,0,0,1,5,300.0,0.201,-239.7,Normal
BR010,2025-12-05,11,11,205.29999999999998,8.1,20.2,5,0,1,5,5,300.0,0.684,-94.7,Normal
BR010,2025-12-05,12,7,138.0,13.642857142857142,51.7,4,0,1,2,5,300.0,0.46,-162.0,Normal
BR010,2025-12-05,13,8,104.0,7.175,20.8,3,0,1,1,5,300.0,0.347,-196.0,Normal
BR010,2025-12-05,14,5,51.0,1.92,3.3,3,0,1,0,5,300.0,0.17,-249.0,Normal
BR010,2025-12-05,15,1,17.0,2.3,2.3,0,0,0,0,5,300.0,0.057,-283.0,Normal
BR010,2025-12-06,9,7,77.4,8.971428571428572,36.9,2,0,1,1,5,300.0,0.258,-222.6,Normal
BR010,2025-12-06,10,7,124.7,2.257142857142857,3.0,1,0,1,2,5,300.0,0.416,-175.3,Normal
BR010,2025-12-06,11,5,36.3,2.7800000000000002,3.5,0,0,0,1,5,300.0,0.121,-263.7,Normal
BR010,2025-12-06,12,3,25.7,18.7,51.2,1,1,1,0,5,300.0,0.086,-274.3,Moderate
BR010,2025-12-06,13,7,108.1,2.0571428571428574,3.0,0,0,1,2,5,300.0,0.36,-191.9,Normal
BR010,2025-12-06,14,2,16.700000000000003,2.5,2.8,0,0,0,0,5,300.0,0.056,-283.3,Normal
BR010,2025-12-06,16,2,30.299999999999997,2.6,3.0,0,0,0,1,5,300.0,0.101,-269.7,Normal
BR010,2025-12-08,9,10,112.0,5.71,21.7,2,0,2,3,5,300.0,0.373,-188.0,Normal
BR010,2025-12-08,10,4,38.0,3.95,8.7,1,0,1,0,5,300.0,0.127,-262.0,Normal
BR010,2025-12-08,11,8,58.8,5.4375,27.5,1,0,2,1,5,300.0,0.196,-241.2,Normal
BR010,2025-12-08,12,8,90.7,6.4625,35.6,2,0,0,2,5,300.0,0.302,-209.3,Normal
BR010,2025-12-08,13,5,94.7,3.04,4.6,1,0,0,3,5,300.0,0.316,-205.3,Normal
BR010,2025-12-08,14,1,2.8,3.1,3.1,0,0,0,0,5,300.0,0.009,-297.2,Normal
BR010,2025-12-08,15,1,16.9,2.6,2.6,0,0,0,0,5,300.0,0.056,-283.1,Normal
BR010,2025-12-09,9,5,69.6,2.4,3.3,0,0,1,1,5,300.0,0.232,-230.4,Normal
BR010,2025-12-09,10,6,66.4,3.1333333333333333,8.3,1,0,2,0,5,300.0,0.221,-233.6,Normal
BR010,2025-12-09,11,3,44.1,2.5333333333333337,3.5,0,0,0,1,5,300.0,0.147,-255.9,Normal
BR010,2025-12-09,12,6,70.4,1.8333333333333333,2.9,0,0,1,0,5,300.0,0.235,-229.6,Normal
BR010,2025-12-09,13,2,19.2,3.2,3.4,0,0,0,0,5,300.0,0.064,-280.8,Normal
BR010,2025-12-09,14,5,73.6,2.54,3.2,0,0,0,1,5,300.0,0.245,-226.4,Normal
BR010,2025-12-09,15,2,43.099999999999994,2.7,3.3,0,0,0,1,5,300.0,0.144,-256.9,Normal
BR010,2025-12-10,9,1,5.6,1.9,1.9,0,0,0,0,5,300.0,0.019,-294.4,Normal
BR010,2025-12-10,10,7,56.1,2.1714285714285713,3.2,0,0,0,1,5,300.0,0.187,-243.9,Normal
BR010,2025-12-10,11,2,49.8,1.5,1.5,0,0,0,2,5,300.0,0.166,-250.2,Normal
BR010,2025-12-10,12,4,22.2,2.55,3.4,0,0,0,0,5,300.0,0.074,-277.8,Normal
BR010,2025-12-10,13,2,11.5,1.9,2.6,0,0,0,0,5,300.0,0.038,-288.5,Normal
BR010,2025-12-10,14,5,59.5,2.32,3.0,0,0,1,0,5,300.0,0.198,-240.5,Normal
BR010,2025-12-10,15,1,9.0,2.8,2.8,0,0,0,0,5,300.0,0.03,-291.0,Normal
BR010,2025-12-10,16,1,14.9,0.9,0.9,0,0,0,0,5,300.0,0.05,-285.1,Normal
BR010,2025-12-11,9,8,57.9,2.7125,5.7,1,0,2,0,5,300.0,0.193,-242.1,Normal
BR010,2025-12-11,10,6,64.7,1.5499999999999998,2.0,0,0,2,0,5,300.0,0.216,-235.3,Normal
BR010,2025-12-11,11,3,49.3,2.033333333333333,2.6,0,0,0,0,5,300.0,0.164,-250.7,Normal
BR010,2025-12-11,12,5,78.0,2.5,3.5,0,0,0,2,5,300.0,0.26,-222.0,Normal
BR010,2025-12-11,13,5,73.5,1.8800000000000001,2.5,0,0,0,1,5,300.0,0.245,-226.5,Normal
BR010,2025-12-11,14,3,64.8,30.133333333333336,45.8,3,0,0,1,5,300.0,0.216,-235.2,High
BR010,2025-12-11,15,5,40.8,2.54,3.3,0,0,0,0,5,300.0,0.136,-259.2,Normal
BR010,2025-12-12,9,5,53.3,2.02,3.2,0,0,0,1,5,300.0,0.178,-246.7,Normal
BR010,2025-12-12,10,4,34.199999999999996,2.325,3.5,0,0,0,0,5,300.0,0.114,-265.8,Normal
BR010,2025-12-12,11,8,77.6,1.7375,2.5,0,0,2,0,5,300.0,0.259,-222.4,Normal
BR010,2025-12-12,12,2,15.3,1.85,2.0,0,0,0,0,5,300.0,0.051,-284.7,Normal
BR010,2025-12-12,13,3,24.6,2.6,3.2,0,0,0,0,5,300.0,0.082,-275.4,Normal
BR010,2025-12-12,14,3,40.5,2.8000000000000003,3.5,0,0,0,1,5,300.0,0.135,-259.5,Normal
BR010,2025-12-12,15,3,45.1,2.3333333333333335,2.9,0,0,0,1,5,300.0,0.15,-254.9,Normal
BR010,2025-12-12,16,1,5.8,1.6,1.6,0,0,0,0,5,300.0,0.019,-294.2,Normal
BR010,2025-12-15,9,10,143.9,2.05,3.3,1,0,1,1,5,300.0,0.48,-156.1,Normal
BR010,2025-12-15,10,4,47.8,1.425,2.0,0,0,1,0,5,300.0,0.159,-252.2,Normal
BR010,2025-12-15,11,2,8.3,2.4,3.4,0,0,0,0,5,300.0,0.028,-291.7,Normal
BR010,2025-12-15,12,5,73.7,1.8,2.6,0,0,1,2,5,300.0,0.246,-226.3,Normal
BR010,2025-12-15,13,5,71.4,1.9600000000000002,3.0,0,0,0,2,5,300.0,0.238,-228.6,Normal
BR010,2025-12-15,14,5,63.800000000000004,2.4,3.4,0,0,0,1,5,300.0,0.213,-236.2,Normal
BR010,2025-12-15,15,2,12.4,2.3,3.1,0,0,0,0,5,300.0,0.041,-287.6,Normal
BR010,2025-12-16,9,7,76.0,2.1285714285714286,3.2,0,0,1,1,5,300.0,0.253,-224.0,Normal
BR010,2025-12-16,10,3,57.599999999999994,1.9333333333333333,2.8,0,0,0,1,5,300.0,0.192,-242.4,Normal
BR010,2025-12-16,11,5,66.3,1.58,2.3,0,0,0,1,5,300.0,0.221,-233.7,Normal
BR010,2025-12-16,12,5,95.2,6.24,16.7,2,0,0,2,5,300.0,0.317,-204.8,Normal
BR010,2025-12-16,13,4,54.4,2.8,3.2,1,0,0,1,5,300.0,0.181,-245.6,Normal
BR010,2025-12-16,14,3,59.9,1.4000000000000001,2.3,0,0,1,1,5,300.0,0.2,-240.1,Normal
BR010,2025-12-16,15,1,13.4,2.6,2.6,0,0,0,0,5,300.0,0.045,-286.6,Normal
BR010,2025-12-17,9,5,40.400000000000006,2.32,3.4,0,0,0,0,5,300.0,0.135,-259.6,Normal
BR010,2025-12-17,10,4,69.5,2.175,2.9,0,0,1,1,5,300.0,0.232,-230.5,Normal
BR010,2025-12-17,11,3,59.5,1.1333333333333335,1.3,0,0,1,1,5,300.0,0.198,-240.5,Normal
BR010,2025-12-17,12,5,34.6,1.92,3.4,0,0,2,0,5,300.0,0.115,-265.4,Normal
BR010,2025-12-17,13,6,55.1,2.3666666666666667,3.1,0,0,0,0,5,300.0,0.184,-244.9,Normal
BR010,2025-12-17,14,3,15.0,2.966666666666667,3.5,0,0,0,0,5,300.0,0.05,-285.0,Normal
BR010,2025-12-17,15,3,53.4,1.8666666666666665,3.0,0,0,0,1,5,300.0,0.178,-246.6,Normal
BR010,2025-12-17,16,1,31.5,2.9,2.9,0,0,0,1,5,300.0,0.105,-268.5,Normal
BR010,2025-12-18,9,5,57.5,2.34,3.0,0,0,0,0,5,300.0,0.192,-242.5,Normal
BR010,2025-12-18,10,4,45.0,2.425,3.5,0,0,1,0,5,300.0,0.15,-255.0,Normal
BR010,2025-12-18,11,2,22.3,2.55,2.6,0,0,0,0,5,300.0,0.074,-277.7,Normal
BR010,2025-12-18,12,6,79.6,2.066666666666667,3.0,0,0,0,1,5,300.0,0.265,-220.4,Normal
BR010,2025-12-18,13,6,62.0,2.0833333333333335,3.5,1,0,0,1,5,300.0,0.207,-238.0,Normal
BR010,2025-12-18,14,7,112.6,2.042857142857143,3.4,0,0,3,3,5,300.0,0.375,-187.4,Normal
BR010,2025-12-18,15,1,4.5,1.6,1.6,0,0,0,0,5,300.0,0.015,-295.5,Normal
BR010,2025-12-18,16,1,3.2,1.9,1.9,0,0,0,0,5,300.0,0.011,-296.8,Normal
BR010,2025-12-19,9,8,113.6,1.5125,3.3,0,0,2,2,5,300.0,0.379,-186.4,Normal
BR010,2025-12-19,10,9,128.7,6.144444444444444,22.0,2,0,2,1,5,300.0,0.429,-171.3,Normal
BR010,2025-12-19,11,5,60.8,4.0200000000000005,10.0,1,0,1,0,5,300.0,0.203,-239.2,Normal
BR010,2025-12-19,12,5,101.9,2.7199999999999998,3.4,0,0,0,3,5,300.0,0.34,-198.1,Normal
BR010,2025-12-19,13,3,58.3,1.2333333333333334,1.5,0,0,0,1,5,300.0,0.194,-241.7,Normal
BR010,2025-12-19,14,4,80.6,1.175,1.4,0,0,0,1,5,300.0,0.269,-219.4,Normal
BR010,2025-12-19,15,1,14.8,1.7,1.7,0,0,0,0,5,300.0,0.049,-285.2,Normal
BR010,2025-12-20,9,5,117.4,1.98,3.5,0,0,1,2,5,300.0,0.391,-182.6,Normal
BR010,2025-12-20,10,2,23.5,2.6,3.1,0,0,0,0,5,300.0,0.078,-276.5,Normal
BR010,2025-12-20,11,7,98.0,1.9714285714285713,2.4,0,0,1,1,5,300.0,0.327,-202.0,Normal
BR010,2025-12-20,12,3,22.9,1.366666666666667,2.0,0,0,0,0,5,300.0,0.076,-277.1,Normal
BR010,2025-12-20,13,5,67.0,2.2399999999999998,3.3,0,0,0,1,5,300.0,0.223,-233.0,Normal
BR010,2025-12-20,14,4,45.599999999999994,2.675,3.1,0,0,1,0,5,300.0,0.152,-254.4,Normal
BR010,2025-12-20,15,3,33.5,1.5,1.9,0,0,0,1,5,300.0,0.112,-266.5,Normal
BR010,2025-12-20,16,1,6.9,1.9,1.9,0,0,0,0,5,300.0,0.023,-293.1,Normal
BR010,2025-12-22,9,6,88.1,3.033333333333333,7.3,1,0,1,2,5,300.0,0.294,-211.9,Normal
BR010,2025-12-22,10,7,83.1,2.2,3.2,0,0,1,2,5,300.0,0.277,-216.9,Normal
BR010,2025-12-22,11,2,16.5,2.85,3.0,0,0,0,0,5,300.0,0.055,-283.5,Normal
BR010,2025-12-22,12,10,121.6,15.1,64.3,5,1,2,2,5,300.0,0.405,-178.4,Moderate
BR010,2025-12-22,13,6,71.2,16.466666666666665,26.0,7,0,0,1,5,300.0,0.237,-228.8,Moderate
BR010,2025-12-22,14,3,6.199999999999999,21.266666666666666,60.4,6,1,0,0,5,300.0,0.021,-293.8,Moderate
BR010,2025-12-22,15,5,39.6,3.1800000000000006,8.3,5,0,0,0,5,300.0,0.132,-260.4,Normal
BR010,2025-12-22,16,1,7.1,2.3,2.3,4,0,0,0,5,300.0,0.024,-292.9,Normal
BR010,2025-12-23,9,7,80.0,8.814285714285715,31.0,2,0,2,2,5,300.0,0.267,-220.0,Normal
BR010,2025-12-23,10,4,37.4,2.6,3.4,0,0,2,1,5,300.0,0.125,-262.6,Normal
BR010,2025-12-23,11,2,36.3,2.0999999999999996,2.3,1,0,0,1,5,300.0,0.121,-263.7,Normal
BR010,2025-12-23,12,6,92.4,3.4166666666666665,7.8,1,0,0,1,5,300.0,0.308,-207.6,Normal
BR010,2025-12-23,13,3,41.2,1.5666666666666667,1.9,0,0,0,1,5,300.0,0.137,-258.8,Normal
BR010,2025-12-23,14,2,29.599999999999998,1.95,2.5,0,0,0,1,5,300.0,0.099,-270.4,Normal
BR010,2025-12-23,15,4,104.0,1.825,2.3,0,0,0,3,5,300.0,0.347,-196.0,Normal
BR010,2025-12-24,9,3,31.4,2.533333333333333,2.7,0,0,0,0,5,300.0,0.105,-268.6,Normal
BR010,2025-12-24,10,5,27.0,2.7600000000000002,3.4,0,0,2,0,5,300.0,0.09,-273.0,Normal
BR010,2025-12-24,11,2,16.2,2.45,2.7,0,0,0,0,5,300.0,0.054,-283.8,Normal
BR010,2025-12-24,12,6,39.6,2.1,2.9,0,0,0,0,5,300.0,0.132,-260.4,Normal
BR010,2025-12-24,13,4,79.6,1.45,2.0,0,0,1,2,5,300.0,0.265,-220.4,Normal
BR010,2025-12-24,14,2,15.1,2.95,3.5,0,0,0,0,5,300.0,0.05,-284.9,Normal
BR010,2025-12-24,15,3,47.599999999999994,1.8,2.7,0,0,0,1,5,300.0,0.159,-252.4,Normal
BR010,2025-12-24,16,1,8.7,1.2,1.2,0,0,0,0,5,300.0,0.029,-291.3,Normal
BR010,2025-12-26,9,9,114.0,2.111111111111111,3.4,0,0,3,2,5,300.0,0.38,-186.0,Normal
BR010,2025-12-26,10,9,68.6,11.355555555555554,51.3,2,0,1,0,5,300.0,0.229,-231.4,Normal
BR010,2025-12-26,11,8,133.5,3.6999999999999997,11.6,1,0,2,3,5,300.0,0.445,-166.5,Normal
BR010,2025-12-26,12,6,38.099999999999994,10.116666666666667,52.2,4,1,1,1,5,300.0,0.127,-261.9,Normal
BR010,2025-12-26,13,11,140.8,8.254545454545454,28.4,3,0,1,1,5,300.0,0.469,-159.2,Normal
BR010,2025-12-26,14,5,74.1,8.459999999999999,34.1,3,0,0,2,5,300.0,0.247,-225.9,Normal
BR010,2025-12-26,15,8,68.7,6.9375,22.9,2,0,0,0,5,300.0,0.229,-231.3,Normal
BR010,2025-12-26,16,2,18.5,2.75,3.4,2,0,0,0,5,300.0,0.062,-281.5,Normal
BR010,2025-12-29,9,8,85.3,10.975,41.7,3,1,2,2,5,300.0,0.284,-214.7,Normal
BR010,2025-12-29,10,9,135.6,3.322222222222222,6.5,4,0,3,2,5,300.0,0.452,-164.4,Normal
BR010,2025-12-29,11,12,127.9,9.174999999999999,30.2,5,0,0,1,5,300.0,0.426,-172.1,Normal
BR010,2025-12-29,12,6,69.4,4.8,19.5,4,0,0,2,5,300.0,0.231,-230.6,Normal
BR010,2025-12-29,13,7,61.1,2.5,3.4,4,0,0,0,5,300.0,0.204,-238.9,Normal
BR010,2025-12-29,14,3,30.3,1.8666666666666665,2.8,0,0,0,0,5,300.0,0.101,-269.7,Normal
BR010,2025-12-29,15,5,56.0,2.3,3.1,0,0,0,1,5,300.0,0.187,-244.0,Normal
BR010,2025-12-30,9,5,61.5,8.08,32.3,2,0,2,2,5,300.0,0.205,-238.5,Normal
BR010,2025-12-30,10,8,73.0,2.5375,3.5,1,0,1,0,5,300.0,0.243,-227.0,Normal
BR010,2025-12-30,11,3,15.8,1.9666666666666668,2.2,0,0,0,0,5,300.0,0.053,-284.2,Normal
BR010,2025-12-30,12,11,145.6,7.245454545454546,30.0,3,0,0,3,5,300.0,0.485,-154.4,Normal
BR010,2025-12-30,13,3,45.8,1.7,2.8,2,0,0,1,5,300.0,0.153,-254.2,Normal
BR010,2025-12-30,14,4,65.5,2.625,6.1,1,0,0,1,5,300.0,0.218,-234.5,Normal
BR010,2025-12-30,15,2,30.9,1.9500000000000002,2.2,0,0,0,0,5,300.0,0.103,-269.1,Normal
BR010,2025-12-30,16,1,3.9,2.2,2.2,0,0,0,0,5,300.0,0.013,-296.1,Normal
BR010,2025-12-31,9,3,34.9,2.066666666666667,3.2,0,0,0,0,5,300.0,0.116,-265.1,Normal
BR010,2025-12-31,10,4,62.8,2.125,3.4,1,0,0,2,5,300.0,0.209,-237.2,Normal
BR010,2025-12-31,11,9,112.4,2.1222222222222222,3.4,0,0,3,2,5,300.0,0.375,-187.6,Normal
BR010,2025-12-31,12,5,30.7,21.18,51.1,4,2,0,1,5,300.0,0.102,-269.3,Moderate
BR010,2025-12-31,13,11,151.1,3.9,9.4,4,0,1,3,5,300.0,0.504,-148.9,Normal
BR010,2025-12-31,14,4,20.299999999999997,25.875,50.0,4,1,0,0,5,300.0,0.068,-279.7,High
BR010,2025-12-31,15,6,65.7,3.9333333333333336,12.1,3,0,0,0,5,300.0,0.219,-234.3,Normal
BR010,2025-12-31,16,1,15.4,2.5,2.5,3,0,0,0,5,300.0,0.051,-284.6,Normal
BR010,2026-01-02,9,9,127.1,13.311111111111112,45.2,3,1,4,4,5,300.0,0.424,-172.9,Normal
BR010,2026-01-02,10,12,88.7,11.408333333333333,47.0,6,1,4,1,5,300.0,0.296,-211.3,Normal
BR010,2026-01-02,11,13,132.0,3.0923076923076924,13.5,6,0,0,2,5,300.0,0.44,-168.0,Normal
BR010,2026-01-02,12,8,99.0,14.5,37.2,4,0,0,2,5,300.0,0.33,-201.0,Normal
BR010,2026-01-02,13,8,85.3,2.1875,3.2,2,0,0,1,5,300.0,0.284,-214.7,Normal
BR010,2026-01-02,14,6,76.4,2.783333333333333,5.6,1,0,0,2,5,300.0,0.255,-223.6,Normal
BR010,2026-01-02,15,3,25.6,1.7000000000000002,2.1,0,0,0,0,5,300.0,0.085,-274.4,Normal
BR010,2026-01-02,16,2,20.299999999999997,2.75,3.2,0,0,0,0,5,300.0,0.068,-279.7,Normal
BR010,2026-01-03,9,7,44.7,24.642857142857142,52.1,11,1,1,0,5,300.0,0.149,-255.3,Moderate
BR010,2026-01-03,10,18,277.8,7.227777777777778,13.9,14,0,6,7,5,300.0,0.926,-22.2,Moderate
BR010,2026-01-03,11,4,39.8,2.75,3.3,13,0,0,0,5,300.0,0.133,-260.2,Normal
BR010,2026-01-03,12,4,33.2,24.825000000000003,50.7,12,1,0,0,5,300.0,0.111,-266.8,Moderate
BR010,2026-01-03,13,11,202.1,9.790909090909091,35.5,10,0,0,5,5,300.0,0.674,-97.9,Normal
BR010,2026-01-03,14,4,71.6,2.425,3.1,9,0,0,2,5,300.0,0.239,-228.4,Normal
BR010,2026-01-03,15,1,9.1,2.6,2.6,7,0,0,0,5,300.0,0.03,-290.9,Normal
BR010,2026-01-03,16,2,27.1,2.35,2.5,4,0,0,0,5,300.0,0.09,-272.9,Normal
BR010,2026-01-05,9,9,95.7,4.211111111111111,13.7,4,0,4,0,5,300.0,0.319,-204.3,Normal
BR010,2026-01-05,10,6,57.9,12.833333333333334,34.7,3,0,1,0,5,300.0,0.193,-242.1,Normal
BR010,2026-01-05,11,8,86.1,8.9625,36.9,3,0,1,2,5,300.0,0.287,-213.9,Normal
BR010,2026-01-05,12,9,117.1,12.422222222222224,52.2,3,1,1,2,5,300.0,0.39,-182.9,Normal
BR010,2026-01-05,13,8,135.5,3.3875,10.5,2,0,1,2,5,300.0,0.452,-164.5,Normal
BR010,2026-01-05,14,7,103.3,2.185714285714286,3.2,1,0,0,2,5,300.0,0.344,-196.7,Normal
BR010,2026-01-05,15,3,14.9,1.2666666666666668,1.6,0,0,0,0,5,300.0,0.05,-285.1,Normal
BR010,2026-01-05,16,1,18.7,3.3,3.3,0,0,0,1,5,300.0,0.062,-281.3,Normal
BR010,2026-01-06,9,7,56.8,2.0714285714285716,3.3,0,0,2,1,5,300.0,0.189,-243.2,Normal
BR010,2026-01-06,10,3,25.0,2.6999999999999997,3.3,0,0,1,0,5,300.0,0.083,-275.0,Normal
BR010,2026-01-06,11,3,45.7,2.3,3.3,0,0,0,0,5,300.0,0.152,-254.3,Normal
BR010,2026-01-06,12,1,31.8,1.4,1.4,0,0,0,1,5,300.0,0.106,-268.2,Normal
BR010,2026-01-06,13,4,50.0,2.575,3.2,0,0,0,0,5,300.0,0.167,-250.0,Normal
BR010,2026-01-06,14,6,109.9,7.166666666666667,23.9,2,0,0,2,5,300.0,0.366,-190.1,Normal
BR010,2026-01-06,15,5,30.0,1.9600000000000002,3.5,1,0,0,0,5,300.0,0.1,-270.0,Normal
BR010,2026-01-07,9,6,102.4,2.4499999999999997,3.8,1,0,2,3,5,300.0,0.341,-197.6,Normal
BR010,2026-01-07,10,10,151.4,7.209999999999999,31.7,3,0,1,2,5,300.0,0.505,-148.6,Normal
BR010,2026-01-07,11,5,76.9,1.94,3.3,2,0,0,0,5,300.0,0.256,-223.1,Normal
BR010,2026-01-07,12,4,49.4,2.45,2.9,0,0,0,0,5,300.0,0.165,-250.6,Normal
BR010,2026-01-07,13,4,28.900000000000002,2.8,3.5,0,0,0,0,5,300.0,0.096,-271.1,Normal
BR010,2026-01-07,14,1,12.8,1.8,1.8,0,0,0,0,5,300.0,0.043,-287.2,Normal
BR010,2026-01-07,15,1,4.2,3.5,3.5,0,0,0,0,5,300.0,0.014,-295.8,Normal
BR010,2026-01-08,9,9,155.9,4.844444444444445,13.7,2,0,2,3,5,300.0,0.52,-144.1,Normal
BR010,2026-01-08,10,6,61.0,14.333333333333334,39.5,2,2,1,1,5,300.0,0.203,-239.0,Normal
BR010,2026-01-08,11,7,49.1,2.2,3.4,1,0,1,0,5,300.0,0.164,-250.9,Normal
BR010,2026-01-08,12,6,72.6,4.216666666666667,12.1,1,0,0,1,5,300.0,0.242,-227.4,Normal
BR010,2026-01-08,13,4,41.0,1.95,2.4,0,0,0,0,5,300.0,0.137,-259.0,Normal
BR010,2026-01-08,14,2,38.400000000000006,2.2,2.3,0,0,0,1,5,300.0,0.128,-261.6,Normal
BR010,2026-01-08,15,1,15.8,1.9,1.9,0,0,0,0,5,300.0,0.053,-284.2,Normal
BR010,2026-01-09,9,11,163.2,3.0818181818181816,8.1,2,0,0,4,5,300.0,0.544,-136.8,Normal
BR010,2026-01-09,10,4,22.0,1.625,2.4,1,0,2,0,5,300.0,0.073,-278.0,Normal
BR010,2026-01-09,11,5,71.89999999999999,2.58,3.2,0,0,1,1,5,300.0,0.24,-228.1,Normal
BR010,2026-01-09,12,7,94.6,7.671428571428572,27.3,2,0,1,1,5,300.0,0.315,-205.4,Normal
BR010,2026-01-09,13,5,71.0,2.94,3.4,1,0,1,2,5,300.0,0.237,-229.0,Normal
BR010,2026-01-09,14,6,67.9,10.216666666666667,35.3,2,0,1,0,5,300.0,0.226,-232.1,Normal
BR010,2026-01-09,15,7,57.9,4.085714285714286,13.6,5,0,0,0,5,300.0,0.193,-242.1,Normal
BR010,2026-01-12,9,7,107.6,3.2142857142857144,6.5,1,0,1,2,5,300.0,0.359,-192.4,Normal
BR010,2026-01-12,10,6,72.6,10.133333333333333,27.4,3,0,3,1,5,300.0,0.242,-227.4,Normal
BR010,2026-01-12,11,6,66.69999999999999,2.15,3.3,1,0,1,1,5,300.0,0.222,-233.3,Normal
BR010,2026-01-12,12,11,107.89999999999999,2.6545454545454543,9.1,2,0,0,2,5,300.0,0.36,-192.1,Normal
BR010,2026-01-12,13,2,9.8,1.6,2.0,0,0,0,0,5,300.0,0.033,-290.2,Normal
BR010,2026-01-12,14,4,76.5,2.025,2.6,0,0,0,2,5,300.0,0.255,-223.5,Normal
BR010,2026-01-12,15,2,44.3,2.2,3.3,0,0,0,1,5,300.0,0.148,-255.7,Normal
BR010,2026-01-12,16,1,4.3,2.0,2.0,0,0,0,0,5,300.0,0.014,-295.7,Normal
BR010,2026-01-13,9,9,111.6,2.433333333333333,6.3,2,0,0,2,5,300.0,0.372,-188.4,Normal
BR010,2026-01-13,10,3,43.4,2.3000000000000003,3.0,1,0,1,0,5,300.0,0.145,-256.6,Normal
BR010,2026-01-13,11,2,22.0,1.75,2.6,0,0,0,0,5,300.0,0.073,-278.0,Normal
BR010,2026-01-13,12,3,25.5,2.4,2.9,0,0,1,0,5,300.0,0.085,-274.5,Normal
BR010,2026-01-13,13,1,11.6,2.5,2.5,0,0,0,0,5,300.0,0.039,-288.4,Normal
BR010,2026-01-13,14,2,25.3,2.15,2.6,0,0,0,0,5,300.0,0.084,-274.7,Normal
BR010,2026-01-15,9,3,15.7,21.333333333333332,43.6,2,1,1,1,5,300.0,0.052,-284.3,Moderate
BR010,2026-01-15,10,9,111.5,16.322222222222223,51.5,5,1,0,3,5,300.0,0.372,-188.5,Moderate
BR010,2026-01-15,11,11,117.39999999999999,4.3999999999999995,16.0,4,0,2,1,5,300.0,0.391,-182.6,Normal
BR010,2026-01-15,12,4,43.7,2.275,3.0,3,0,1,0,5,300.0,0.146,-256.3,Normal
BR010,2026-01-15,13,7,75.8,5.185714285714285,23.3,1,0,1,1,5,300.0,0.253,-224.2,Normal
BR010,2026-01-15,14,3,41.400000000000006,2.1999999999999997,3.3,0,0,0,0,5,300.0,0.138,-258.6,Normal
BR010,2026-01-15,15,3,29.3,2.733333333333333,3.4,0,0,0,0,5,300.0,0.098,-270.7,Normal
BR010,2026-01-16,9,9,127.1,2.788888888888889,8.9,2,0,2,2,5,300.0,0.424,-172.9,Normal
BR010,2026-01-16,10,1,9.7,2.5,2.5,0,0,0,0,5,300.0,0.032,-290.3,Normal
BR010,2026-01-16,11,5,47.0,1.9,3.4,1,0,2,0,5,300.0,0.157,-253.0,Normal
BR010,2026-01-16,12,7,106.4,11.171428571428573,32.4,3,0,0,2,5,300.0,0.355,-193.6,Normal
BR010,2026-01-16,13,6,69.7,3.8000000000000003,10.9,4,0,0,0,5,300.0,0.232,-230.3,Normal
BR010,2026-01-16,14,2,28.6,2.1500000000000004,2.2,3,0,0,0,5,300.0,0.095,-271.4,Normal
BR010,2026-01-16,15,2,25.799999999999997,2.8,3.3,1,0,0,0,5,300.0,0.086,-274.2,Normal
BR010,2026-01-17,9,9,71.9,7.6000000000000005,36.3,1,0,1,1,5,300.0,0.24,-228.1,Normal
BR010,2026-01-17,10,10,157.5,16.81,42.6,4,0,1,3,5,300.0,0.525,-142.5,Moderate
BR010,2026-01-17,11,4,69.80000000000001,1.8,3.2,2,0,1,1,5,300.0,0.233,-230.2,Normal
BR010,2026-01-17,12,6,44.7,13.916666666666666,35.4,3,0,0,0,5,300.0,0.149,-255.3,Normal
BR010,2026-01-17,13,4,54.9,2.45,3.1,1,0,1,1,5,300.0,0.183,-245.1,Normal
BR010,2026-01-17,14,4,50.4,2.575,3.2,2,0,0,0,5,300.0,0.168,-249.6,Normal
BR010,2026-01-19,9,7,53.8,20.185714285714287,51.6,4,0,0,0,5,300.0,0.179,-246.2,Moderate
BR010,2026-01-19,10,8,58.0,4.575,21.3,3,0,0,0,5,300.0,0.193,-242.0,Normal
BR010,2026-01-19,11,5,56.6,3.08,6.3,1,0,3,0,5,300.0,0.189,-243.4,Normal
BR010,2026-01-19,12,4,58.0,2.25,3.0,0,0,1,1,5,300.0,0.193,-242.0,Normal
BR010,2026-01-19,13,4,74.0,1.85,2.9,0,0,0,1,5,300.0,0.247,-226.0,Normal
BR010,2026-01-19,14,3,31.0,2.1999999999999997,2.3,0,0,0,0,5,300.0,0.103,-269.0,Normal
BR010,2026-01-19,15,1,3.8,1.2,1.2,0,0,0,0,5,300.0,0.013,-296.2,Normal
BR010,2026-01-19,16,1,5.1,2.9,2.9,0,0,0,0,5,300.0,0.017,-294.9,Normal
BR010,2026-01-20,9,5,49.5,2.18,3.1,0,0,0,1,5,300.0,0.165,-250.5,Normal
BR010,2026-01-20,10,7,84.8,1.9428571428571428,3.4,0,0,0,1,5,300.0,0.283,-215.2,Normal
BR010,2026-01-20,11,5,35.0,3.34,7.2,1,0,1,1,5,300.0,0.117,-265.0,Normal
BR010,2026-01-20,12,4,33.3,2.325,3.2,0,0,0,0,5,300.0,0.111,-266.7,Normal
BR010,2026-01-20,13,6,66.0,2.6333333333333333,5.6,1,0,2,1,5,300.0,0.22,-234.0,Normal
BR010,2026-01-20,14,3,58.4,2.3333333333333335,3.0,0,0,0,1,5,300.0,0.195,-241.6,Normal
BR010,2026-01-20,15,1,21.3,2.2,2.2,0,0,0,1,5,300.0,0.071,-278.7,Normal
BR010,2026-01-20,16,1,6.4,1.3,1.3,0,0,0,0,5,300.0,0.021,-293.6,Normal
BR010,2026-01-21,9,4,18.8,2.2249999999999996,3.3,0,0,2,0,5,300.0,0.063,-281.2,Normal
BR010,2026-01-21,10,4,18.1,2.375,3.4,0,0,1,0,5,300.0,0.06,-281.9,Normal
BR010,2026-01-21,11,5,39.8,2.2199999999999998,3.1,0,0,0,0,5,300.0,0.133,-260.2,Normal
BR010,2026-01-21,12,3,16.9,1.9666666666666668,3.0,0,0,0,0,5,300.0,0.056,-283.1,Normal
BR010,2026-01-21,13,2,39.4,1.6,1.9,0,0,0,1,5,300.0,0.131,-260.6,Normal
BR010,2026-01-21,14,4,43.9,2.375,2.9,0,0,0,0,5,300.0,0.146,-256.1,Normal
BR010,2026-01-21,16,2,18.3,1.6,2.2,0,0,0,0,5,300.0,0.061,-281.7,Normal
BR010,2026-01-22,9,6,50.8,2.1666666666666665,2.6,0,0,1,0,5,300.0,0.169,-249.2,Normal
BR010,2026-01-22,10,7,58.8,5.485714285714286,26.8,1,0,1,1,5,300.0,0.196,-241.2,Normal
BR010,2026-01-22,11,5,45.6,1.7399999999999998,2.8,0,0,2,0,5,300.0,0.152,-254.4,Normal
BR010,2026-01-22,12,2,13.0,2.65,2.9,0,0,0,0,5,300.0,0.043,-287.0,Normal
BR010,2026-01-22,13,7,123.5,2.8285714285714287,3.5,0,0,0,2,5,300.0,0.412,-176.5,Normal
BR010,2026-01-22,14,2,16.5,2.9000000000000004,3.1,0,0,0,0,5,300.0,0.055,-283.5,Normal
BR010,2026-01-22,15,2,19.4,1.8,2.5,0,0,0,0,5,300.0,0.065,-280.6,Normal
BR010,2026-01-23,9,4,59.7,15.8,29.2,3,0,2,1,5,300.0,0.199,-240.3,Moderate
BR010,2026-01-23,10,8,62.6,17.5375,43.1,5,1,1,0,5,300.0,0.209,-237.4,Moderate
BR010,2026-01-23,11,6,80.9,12.700000000000001,34.6,4,0,0,1,5,300.0,0.27,-219.1,Normal
BR010,2026-01-23,12,4,46.3,10.85,35.4,3,0,1,1,5,300.0,0.154,-253.7,Normal
BR010,2026-01-23,13,8,85.1,26.725,57.9,5,0,0,1,5,300.0,0.284,-214.9,High
BR010,2026-01-23,14,4,51.6,7.975,26.9,6,0,0,0,5,300.0,0.172,-248.4,Normal
BR010,2026-01-23,15,3,15.399999999999999,1.8333333333333333,2.3,5,0,0,0,5,300.0,0.051,-284.6,Normal
BR010,2026-01-23,16,1,5.3,1.5,1.5,3,0,0,0,5,300.0,0.018,-294.7,Normal
BR010,2026-01-27,9,4,39.4,1.7,2.5,0,0,1,0,5,300.0,0.131,-260.6,Normal
BR010,2026-01-27,10,9,99.39999999999999,9.055555555555555,38.2,3,1,2,2,5,300.0,0.331,-200.6,Normal
BR010,2026-01-27,11,9,77.4,2.3333333333333335,4.9,2,0,1,1,5,300.0,0.258,-222.6,Normal
BR010,2026-01-27,12,3,18.3,2.2666666666666666,2.9,1,0,0,0,5,300.0,0.061,-281.7,Normal
BR010,2026-01-27,13,4,74.9,2.25,3.3,0,0,0,1,5,300.0,0.25,-225.1,Normal
BR010,2026-01-27,14,5,118.4,2.42,3.2,0,0,0,3,5,300.0,0.395,-181.6,Normal
BR010,2026-01-27,15,1,13.7,2.2,2.2,0,0,0,0,5,300.0,0.046,-286.3,Normal
BR010,2026-01-28,9,7,94.5,6.6571428571428575,22.5,2,0,1,1,5,300.0,0.315,-205.5,Normal
BR010,2026-01-28,10,7,94.8,15.057142857142859,37.0,3,0,1,2,5,300.0,0.316,-205.2,Moderate
BR010,2026-01-28,11,5,99.0,2.34,3.3,2,0,2,3,5,300.0,0.33,-201.0,Normal
BR010,2026-01-28,12,2,20.7,1.7000000000000002,2.1,1,0,0,0,5,300.0,0.069,-279.3,Normal
BR010,2026-01-28,13,7,76.9,1.9285714285714286,3.1,0,0,0,1,5,300.0,0.256,-223.1,Normal
BR010,2026-01-28,14,3,39.8,1.9333333333333333,2.4,0,0,0,1,5,300.0,0.133,-260.2,Normal
BR010,2026-01-28,15,2,21.7,1.4,2.0,0,0,0,0,5,300.0,0.072,-278.3,Normal
BR010,2026-01-29,9,8,144.5,7.025,26.8,1,0,0,3,5,300.0,0.482,-155.5,Normal
BR010,2026-01-29,10,8,80.1,9.9625,44.2,6,1,2,1,5,300.0,0.267,-219.9,Normal
BR010,2026-01-29,11,11,119.7,5.790909090909091,29.8,5,0,2,3,5,300.0,0.399,-180.3,Normal
BR010,2026-01-29,12,6,90.4,8.133333333333333,35.3,4,0,1,1,5,300.0,0.301,-209.6,Normal
BR010,2026-01-29,13,6,60.2,4.033333333333333,13.6,3,0,1,0,5,300.0,0.201,-239.8,Normal
BR010,2026-01-29,14,7,91.3,3.0,3.5,0,0,1,2,5,300.0,0.304,-208.7,Normal
BR010,2026-01-29,15,3,40.3,1.2333333333333334,1.9,0,0,0,1,5,300.0,0.134,-259.7,Normal
BR010,2026-01-29,16,1,28.6,1.6,1.6,0,0,0,1,5,300.0,0.095,-271.4,Normal
BR010,2026-01-30,9,9,96.4,4.199999999999999,19.8,1,0,0,2,5,300.0,0.321,-203.6,Normal
BR010,2026-01-30,10,12,137.9,21.158333333333335,51.7,10,3,0,5,5,300.0,0.46,-162.1,Moderate
BR010,2026-01-30,11,12,128.7,12.700000000000001,29.6,12,0,3,1,5,300.0,0.429,-171.3,Normal
BR010,2026-01-30,12,8,115.39999999999999,12.1375,44.8,11,0,1,2,5,300.0,0.385,-184.6,Normal
BR010,2026-01-30,13,9,77.0,5.6000000000000005,16.7,11,0,2,0,5,300.0,0.257,-223.0,Normal
BR010,2026-01-30,14,5,56.3,3.1399999999999997,3.5,7,0,2,1,5,300.0,0.188,-243.7,Normal
BR010,2026-01-30,15,4,57.599999999999994,1.925,2.7,5,0,0,1,5,300.0,0.192,-242.4,Normal
BR010,2026-01-31,9,14,143.5,15.700000000000001,40.6,10,1,2,1,5,300.0,0.478,-156.5,Moderate
BR010,2026-01-31,10,11,129.6,6.463636363636363,17.9,9,0,0,2,5,300.0,0.432,-170.4,Normal
BR010,2026-01-31,11,9,167.5,3.4222222222222225,16.6,8,0,3,4,5,300.0,0.558,-132.5,Normal
BR010,2026-01-31,12,13,119.5,28.700000000000003,51.5,11,5,1,1,5,300.0,0.398,-180.5,High
BR010,2026-01-31,13,11,145.0,11.281818181818181,25.7,14,0,1,3,5,300.0,0.483,-155.0,Normal
BR010,2026-01-31,14,9,73.4,4.977777777777778,12.8,14,0,0,0,5,300.0,0.245,-226.6,Normal
BR010,2026-01-31,15,2,17.4,2.25,2.7,11,0,0,0,5,300.0,0.058,-282.6,Normal
BR010,2026-02-02,9,11,140.7,9.909090909090908,34.5,3,0,3,1,5,300.0,0.469,-159.3,Normal
BR010,2026-02-02,10,9,181.6,8.355555555555556,26.6,4,0,1,3,5,300.0,0.605,-118.4,Normal
BR010,2026-02-02,11,7,71.3,7.271428571428571,24.6,5,0,1,0,5,300.0,0.238,-228.7,Normal
BR010,2026-02-02,12,8,84.6,3.6999999999999997,14.6,4,0,0,0,5,300.0,0.282,-215.4,Normal
BR010,2026-02-02,13,3,32.1,3.233333333333333,4.5,2,0,0,1,5,300.0,0.107,-267.9,Normal
BR010,2026-02-02,14,4,66.9,2.75,3.4,1,0,0,0,5,300.0,0.223,-233.1,Normal
BR010,2026-02-03,9,8,112.7,4.0125,20.3,1,0,3,2,5,300.0,0.376,-187.3,Normal
BR010,2026-02-03,10,5,60.6,1.9600000000000002,3.1,0,0,1,1,5,300.0,0.202,-239.4,Normal
BR010,2026-02-03,11,5,70.7,5.9,18.9,1,0,0,1,5,300.0,0.236,-229.3,Normal
BR010,2026-02-03,12,5,48.1,2.38,3.3,0,0,0,0,5,300.0,0.16,-251.9,Normal
BR010,2026-02-03,13,4,44.4,2.575,3.5,0,0,0,0,5,300.0,0.148,-255.6,Normal
BR010,2026-02-03,14,4,48.7,1.95,3.5,0,0,0,1,5,300.0,0.162,-251.3,Normal
BR010,2026-02-03,15,3,36.9,1.0666666666666667,1.2,0,0,0,1,5,300.0,0.123,-263.1,Normal
BR010,2026-02-04,9,8,82.8,3.6375,13.0,1,0,2,2,5,300.0,0.276,-217.2,Normal
BR010,2026-02-04,10,4,80.5,14.15,41.2,1,0,2,1,5,300.0,0.268,-219.5,Normal
BR010,2026-02-04,11,12,175.0,5.966666666666666,21.0,4,0,1,3,5,300.0,0.583,-125.0,Normal
BR010,2026-02-04,12,2,17.7,2.6500000000000004,3.1,3,0,0,0,5,300.0,0.059,-282.3,Normal
BR010,2026-02-04,13,3,63.5,2.9,3.3,3,0,0,1,5,300.0,0.212,-236.5,Normal
BR010,2026-02-04,14,5,73.5,5.779999999999999,20.8,1,0,0,1,5,300.0,0.245,-226.5,Normal
BR010,2026-02-04,15,3,17.1,1.9000000000000001,3.2,0,0,0,0,5,300.0,0.057,-282.9,Normal
BR010,2026-02-05,9,15,183.9,14.18,51.6,6,2,0,5,5,300.0,0.613,-116.1,Normal
BR010,2026-02-05,10,7,42.1,4.814285714285715,15.4,4,0,2,0,5,300.0,0.14,-257.9,Normal
BR010,2026-02-05,11,7,75.4,5.471428571428571,15.0,5,0,2,1,5,300.0,0.251,-224.6,Normal
BR010,2026-02-05,12,8,98.5,3.3625,12.2,1,0,1,2,5,300.0,0.328,-201.5,Normal
BR010,2026-02-05,13,1,17.6,1.4,1.4,0,0,0,0,5,300.0,0.059,-282.4,Normal
BR010,2026-02-05,14,3,27.1,2.033333333333333,2.4,0,0,0,0,5,300.0,0.09,-272.9,Normal
BR010,2026-02-05,15,4,34.4,2.475,3.2,0,0,0,0,5,300.0,0.115,-265.6,Normal
BR010,2026-02-05,16,1,5.6,1.2,1.2,0,0,0,0,5,300.0,0.019,-294.4,Normal
BR010,2026-02-06,9,7,50.3,12.242857142857144,47.3,4,1,1,1,5,300.0,0.168,-249.7,Normal
BR010,2026-02-06,10,6,48.3,2.3666666666666667,4.2,3,0,2,0,5,300.0,0.161,-251.7,Normal
BR010,2026-02-06,11,4,42.6,1.55,2.7,2,0,0,0,5,300.0,0.142,-257.4,Normal
BR010,2026-02-06,12,4,46.7,8.524999999999999,27.4,1,0,1,1,5,300.0,0.156,-253.3,Normal
BR010,2026-02-06,13,7,109.0,7.157142857142857,26.8,3,0,1,2,5,300.0,0.363,-191.0,Normal
BR010,2026-02-06,14,1,36.3,3.0,3.0,1,0,0,1,5,300.0,0.121,-263.7,Normal
BR010,2026-02-06,15,4,44.4,3.0999999999999996,3.3,0,0,0,0,5,300.0,0.148,-255.6,Normal
BR010,2026-02-07,9,5,73.9,3.72,12.3,1,0,0,0,5,300.0,0.246,-226.1,Normal
BR010,2026-02-07,10,9,87.4,17.766666666666666,52.0,3,2,2,1,5,300.0,0.291,-212.6,Moderate
BR010,2026-02-07,11,9,84.5,3.7222222222222223,10.0,3,0,2,2,5,300.0,0.282,-215.5,Normal
BR010,2026-02-07,12,4,79.4,2.025,3.0,2,0,0,1,5,300.0,0.265,-220.6,Normal
BR010,2026-02-07,13,5,79.4,2.04,2.9,0,0,0,2,5,300.0,0.265,-220.6,Normal
BR010,2026-02-07,14,4,30.9,2.05,3.5,0,0,0,0,5,300.0,0.103,-269.1,Normal
BR010,2026-02-07,15,2,27.700000000000003,1.35,1.7,0,0,0,0,5,300.0,0.092,-272.3,Normal
BR010,2026-02-07,16,1,4.8,2.0,2.0,0,0,0,0,5,300.0,0.016,-295.2,Normal
BR010,2026-02-09,9,7,42.4,29.585714285714285,64.0,5,2,2,1,5,300.0,0.141,-257.6,High
BR010,2026-02-09,10,5,22.1,24.6,64.9,5,1,2,0,5,300.0,0.074,-277.9,Moderate
BR010,2026-02-09,11,8,98.6,40.5125,64.4,11,4,1,3,5,300.0,0.329,-201.4,Critical
BR010,2026-02-09,12,5,43.2,40.72,64.6,14,2,0,1,5,300.0,0.144,-256.8,Critical
BR010,2026-02-09,13,5,33.0,10.879999999999999,16.9,16,0,0,0,5,300.0,0.11,-267.0,Normal
BR010,2026-02-09,14,4,19.7,39.175,65.0,17,2,0,1,5,300.0,0.066,-280.3,Critical
BR010,2026-02-09,15,3,39.7,6.6000000000000005,13.0,18,0,0,0,5,300.0,0.132,-260.3,Normal
BR010,2026-02-10,9,4,17.0,5.0,13.6,1,0,2,0,5,300.0,0.057,-283.0,Normal
BR010,2026-02-10,10,8,39.4,2.2,3.1,0,0,1,0,5,300.0,0.131,-260.6,Normal
BR010,2026-02-10,11,4,45.3,2.5,3.5,0,0,0,0,5,300.0,0.151,-254.7,Normal
BR010,2026-02-10,12,4,39.8,1.975,2.6,0,0,0,1,5,300.0,0.133,-260.2,Normal
BR010,2026-02-10,13,2,23.7,2.7,3.2,0,0,0,0,5,300.0,0.079,-276.3,Normal
BR010,2026-02-10,14,2,8.6,1.55,2.0,0,0,0,0,5,300.0,0.029,-291.4,Normal
BR010,2026-02-10,15,3,65.9,2.733333333333333,3.3,0,0,0,1,5,300.0,0.22,-234.1,Normal
BR010,2026-02-10,16,1,9.7,2.6,2.6,0,0,0,0,5,300.0,0.032,-290.3,Normal
BR010,2026-02-11,9,3,27.599999999999998,1.4666666666666668,2.0,0,0,0,0,5,300.0,0.092,-272.4,Normal
BR010,2026-02-11,10,7,105.7,19.314285714285713,49.9,4,1,0,2,5,300.0,0.352,-194.3,Moderate
BR010,2026-02-11,11,8,99.1,3.6375,7.3,4,0,2,3,5,300.0,0.33,-200.9,Normal
BR010,2026-02-11,12,3,40.6,2.2666666666666666,2.8,3,0,1,1,5,300.0,0.135,-259.4,Normal
BR010,2026-02-11,14,4,49.1,2.125,3.4,1,0,0,2,5,300.0,0.164,-250.9,Normal
BR010,2026-02-11,15,1,5.4,3.2,3.2,0,0,0,0,5,300.0,0.018,-294.6,Normal
BR010,2026-02-11,16,2,41.7,2.3,3.4,0,0,0,1,5,300.0,0.139,-258.3,Normal
BR010,2026-02-12,9,1,6.7,2.3,2.3,0,0,1,0,5,300.0,0.022,-293.3,Normal
BR010,2026-02-12,10,2,13.5,2.05,2.9,0,0,1,0,5,300.0,0.045,-286.5,Normal
BR010,2026-02-12,11,14,158.2,26.3,64.5,9,3,4,4,5,300.0,0.527,-141.8,High
BR010,2026-02-12,12,4,46.599999999999994,42.8,63.3,14,2,0,1,5,300.0,0.155,-253.4,Critical
BR010,2026-02-12,13,11,50.5,49.68181818181818,64.2,21,5,0,1,5,300.0,0.168,-249.5,Critical
BR010,2026-02-12,14,6,35.5,39.166666666666664,65.0,25,3,0,0,5,300.0,0.118,-264.5,Critical
BR010,2026-02-12,15,2,21.6,15.75,28.9,23,0,0,0,5,300.0,0.072,-278.4,Moderate
BR010,2026-02-12,16,1,28.8,3.0,3.0,24,0,0,1,5,300.0,0.096,-271.2,Normal
BR010,2026-02-13,9,8,79.2,16.875,47.9,2,1,0,1,5,300.0,0.264,-220.8,Moderate
BR010,2026-02-13,10,8,72.0,3.2875,11.8,1,0,1,0,5,300.0,0.24,-228.0,Normal
BR010,2026-02-13,11,10,147.5,4.87,30.9,1,0,2,3,5,300.0,0.492,-152.5,Normal
BR010,2026-02-13,12,8,76.0,4.1125,18.4,1,0,2,1,5,300.0,0.253,-224.0,Normal
BR010,2026-02-13,13,3,68.80000000000001,2.1999999999999997,3.3,0,0,0,1,5,300.0,0.229,-231.2,Normal
BR010,2026-02-13,14,2,15.200000000000001,2.3,3.0,0,0,0,0,5,300.0,0.051,-284.8,Normal
BR010,2026-02-13,15,5,66.4,2.4799999999999995,5.1,1,0,0,1,5,300.0,0.221,-233.6,Normal
BR010,2026-02-13,16,2,13.1,2.1500000000000004,2.7,0,0,0,0,5,300.0,0.044,-286.9,Normal
BR010,2026-02-16,9,10,76.0,2.33,3.7,1,0,0,0,5,300.0,0.253,-224.0,Normal
BR010,2026-02-16,10,8,119.6,2.1625,6.5,1,0,3,2,5,300.0,0.399,-180.4,Normal
BR010,2026-02-16,11,6,59.6,2.5666666666666664,3.3,1,0,0,0,5,300.0,0.199,-240.4,Normal
BR010,2026-02-16,12,8,75.1,2.1125,3.3,1,0,1,0,5,300.0,0.25,-224.9,Normal
BR010,2026-02-16,13,5,40.0,2.2199999999999998,3.0,0,0,0,0,5,300.0,0.133,-260.0,Normal
BR010,2026-02-16,14,5,80.3,1.6800000000000002,2.9,0,0,0,2,5,300.0,0.268,-219.7,Normal
BR010,2026-02-16,15,3,21.4,1.5999999999999999,2.1,0,0,0,0,5,300.0,0.071,-278.6,Normal
BR010,2026-02-17,9,7,70.3,7.557142857142858,39.6,1,0,3,1,5,300.0,0.234,-229.7,Normal
BR010,2026-02-17,10,6,113.0,6.883333333333333,26.7,2,0,1,2,5,300.0,0.377,-187.0,Normal
BR010,2026-02-17,11,7,112.7,1.6857142857142857,2.3,1,0,1,2,5,300.0,0.376,-187.3,Normal
BR010,2026-02-17,12,11,114.7,12.345454545454546,36.4,6,0,0,2,5,300.0,0.382,-185.3,Normal
BR010,2026-02-17,13,5,104.3,2.12,3.3,5,0,0,3,5,300.0,0.348,-195.7,Normal
BR010,2026-02-17,14,4,47.8,25.6,49.3,4,1,0,1,5,300.0,0.159,-252.2,High
BR010,2026-02-17,15,7,124.5,3.142857142857143,8.7,3,0,0,2,5,300.0,0.415,-175.5,Normal
BR010,2026-02-17,16,1,6.7,2.1,2.1,3,0,0,0,5,300.0,0.022,-293.3,Normal
BR010,2026-02-18,9,5,39.0,1.94,2.8,0,0,1,0,5,300.0,0.13,-261.0,Normal
BR010,2026-02-18,10,4,36.3,1.5,2.0,0,0,2,1,5,300.0,0.121,-263.7,Normal
BR010,2026-02-18,11,6,58.5,1.7,3.1,0,0,0,1,5,300.0,0.195,-241.5,Normal
BR010,2026-02-18,12,6,103.7,17.583333333333332,41.3,3,0,0,2,5,300.0,0.346,-196.3,Moderate
BR010,2026-02-18,13,5,34.0,2.08,3.2,2,0,0,0,5,300.0,0.113,-266.0,Normal
BR010,2026-02-18,14,2,33.2,3.3499999999999996,3.4,0,0,0,1,5,300.0,0.111,-266.8,Normal
BR010,2026-02-18,15,2,15.4,2.15,2.9,1,0,0,0,5,300.0,0.051,-284.6,Normal
BR010,2026-02-18,16,2,15.8,1.7,2.4,0,0,0,0,5,300.0,0.053,-284.2,Normal
BR010,2026-02-19,9,5,70.6,8.1,32.0,1,0,0,2,5,300.0,0.235,-229.4,Normal
BR010,2026-02-19,10,7,110.30000000000001,10.900000000000002,51.6,1,1,1,2,5,300.0,0.368,-189.7,Normal
BR010,2026-02-19,11,8,148.5,3.6375,7.2,3,0,1,4,5,300.0,0.495,-151.5,Normal
BR010,2026-02-19,12,4,62.7,1.925,3.5,2,0,1,1,5,300.0,0.209,-237.3,Normal
BR010,2026-02-19,13,4,99.3,2.425,3.4,0,0,0,2,5,300.0,0.331,-200.7,Normal
BR010,2026-02-19,14,2,12.8,2.6,3.2,0,0,0,0,5,300.0,0.043,-287.2,Normal
BR010,2026-02-19,16,1,20.7,2.7,2.7,0,0,0,0,5,300.0,0.069,-279.3,Normal
BR010,2026-02-20,9,4,70.0,1.975,3.0,0,0,0,1,5,300.0,0.233,-230.0,Normal
BR010,2026-02-20,10,4,46.599999999999994,8.85,29.5,1,0,0,0,5,300.0,0.155,-253.4,Normal
BR010,2026-02-20,11,5,42.4,1.7,2.6,0,0,0,0,5,300.0,0.141,-257.6,Normal
BR010,2026-02-20,12,8,66.4,2.4375,3.2,0,0,2,0,5,300.0,0.221,-233.6,Normal
BR010,2026-02-20,13,3,34.0,6.066666666666666,14.5,1,0,1,1,5,300.0,0.113,-266.0,Normal
BR010,2026-02-20,14,7,61.1,2.2142857142857144,2.8,0,0,1,1,5,300.0,0.204,-238.9,Normal
BR010,2026-02-20,15,1,7.2,1.9,1.9,0,0,0,0,5,300.0,0.024,-292.8,Normal
BR010,2026-02-20,16,1,34.9,3.1,3.1,0,0,0,1,5,300.0,0.116,-265.1,Normal
BR010,2026-02-21,9,2,21.2,2.1,3.0,0,0,1,0,5,300.0,0.071,-278.8,Normal
BR010,2026-02-21,10,6,103.4,1.9666666666666668,2.8,0,0,1,2,5,300.0,0.345,-196.6,Normal
BR010,2026-02-21,11,2,17.2,2.1,2.4,0,0,1,0,5,300.0,0.057,-282.8,Normal
BR010,2026-02-21,12,6,47.3,1.8499999999999999,2.7,0,0,0,0,5,300.0,0.158,-252.7,Normal
BR010,2026-02-21,13,2,22.5,1.6,2.2,0,0,0,0,5,300.0,0.075,-277.5,Normal
BR010,2026-02-21,14,2,15.7,1.3,1.3,0,0,0,0,5,300.0,0.052,-284.3,Normal
BR010,2026-02-21,15,3,38.5,2.466666666666667,3.2,0,0,0,0,5,300.0,0.128,-261.5,Normal
BR010,2026-02-21,16,1,10.0,2.5,2.5,0,0,0,0,5,300.0,0.033,-290.0,Normal
BR010,2026-02-23,9,5,70.0,1.8399999999999999,3.1,0,0,1,1,5,300.0,0.233,-230.0,Normal
BR010,2026-02-23,10,12,145.4,12.700000000000001,35.6,7,0,1,2,5,300.0,0.485,-154.6,Normal
BR010,2026-02-23,11,7,82.1,6.814285714285715,16.6,6,0,1,2,5,300.0,0.274,-217.9,Normal
BR010,2026-02-23,12,9,119.5,13.711111111111112,44.2,5,1,0,2,5,300.0,0.398,-180.5,Normal
BR010,2026-02-23,13,9,86.5,2.522222222222222,5.0,4,0,2,2,5,300.0,0.288,-213.5,Normal
BR010,2026-02-23,14,5,33.4,1.94,3.5,0,0,0,0,5,300.0,0.111,-266.6,Normal
BR010,2026-02-23,15,3,36.4,1.9333333333333333,2.8,0,0,0,1,5,300.0,0.121,-263.6,Normal
BR010,2026-02-24,9,7,88.1,4.5285714285714285,18.7,2,0,2,1,5,300.0,0.294,-211.9,Normal
BR010,2026-02-24,10,4,46.1,2.4,3.4,1,0,1,1,5,300.0,0.154,-253.9,Normal
BR010,2026-02-24,11,4,59.5,10.25,32.6,1,0,0,1,5,300.0,0.198,-240.5,Normal
BR010,2026-02-24,12,5,37.4,1.54,2.6,0,0,0,0,5,300.0,0.125,-262.6,Normal
BR010,2026-02-24,13,5,76.5,1.28,1.6,0,0,0,1,5,300.0,0.255,-223.5,Normal
BR010,2026-02-24,14,4,52.1,1.525,2.0,0,0,0,1,5,300.0,0.174,-247.9,Normal
BR010,2026-02-24,15,1,20.1,2.7,2.7,0,0,0,0,5,300.0,0.067,-279.9,Normal
BR010,2026-02-25,9,4,40.1,2.1,3.5,0,0,1,0,5,300.0,0.134,-259.9,Normal
BR010,2026-02-25,10,8,133.3,2.275,3.4,0,0,1,3,5,300.0,0.444,-166.7,Normal
BR010,2026-02-25,11,2,20.7,1.6,1.9,0,0,1,0,5,300.0,0.069,-279.3,Normal
BR010,2026-02-25,12,6,95.7,7.766666666666667,35.7,1,0,0,2,5,300.0,0.319,-204.3,Normal
BR010,2026-02-25,13,2,11.1,1.9,2.6,0,0,0,0,5,300.0,0.037,-288.9,Normal
BR010,2026-02-25,15,4,32.2,1.525,1.8,0,0,0,0,5,300.0,0.107,-267.8,Normal
BR010,2026-02-26,9,8,131.6,6.112500000000001,31.8,2,0,2,3,5,300.0,0.439,-168.4,Normal
BR010,2026-02-26,10,4,30.7,2.4000000000000004,3.1,0,0,0,0,5,300.0,0.102,-269.3,Normal
BR010,2026-02-26,11,4,80.9,1.775,2.6,1,0,1,1,5,300.0,0.27,-219.1,Normal
BR010,2026-02-26,12,2,31.900000000000002,1.85,2.2,0,0,0,0,5,300.0,0.106,-268.1,Normal
BR010,2026-02-26,13,8,108.9,2.25,3.4,0,0,0,2,5,300.0,0.363,-191.1,Normal
BR010,2026-02-26,14,2,24.1,1.6,2.4,0,0,0,0,5,300.0,0.08,-275.9,Normal
BR010,2026-02-26,15,2,18.9,1.2,1.5,0,0,0,0,5,300.0,0.063,-281.1,Normal
BR010,2026-02-26,16,1,4.7,3.2,3.2,0,0,0,0,5,300.0,0.016,-295.3,Normal
BR010,2026-02-27,9,12,158.0,13.766666666666666,51.9,3,1,3,2,5,300.0,0.527,-142.0,Normal
BR010,2026-02-27,10,14,184.0,23.407142857142855,51.9,8,2,1,4,5,300.0,0.613,-116.0,Moderate
BR010,2026-02-27,11,7,90.5,3.7714285714285714,11.0,9,0,1,2,5,300.0,0.302,-209.5,Normal
BR010,2026-02-27,12,4,53.2,1.55,2.5,7,0,0,1,5,300.0,0.177,-246.8,Normal
BR010,2026-02-27,13,6,66.6,2.8833333333333333,3.4,5,0,0,0,5,300.0,0.222,-233.4,Normal
BR010,2026-02-27,14,3,19.9,3.0,3.3,0,0,0,0,5,300.0,0.066,-280.1,Normal
BR010,2026-02-27,15,3,57.4,2.033333333333333,2.8,0,0,0,2,5,300.0,0.191,-242.6,Normal
BR010,2026-02-27,16,1,18.2,1.4,1.4,0,0,0,0,5,300.0,0.061,-281.8,Normal
BR010,2026-03-02,9,9,111.8,14.433333333333334,39.5,6,1,2,3,5,300.0,0.373,-188.2,Normal
BR010,2026-03-02,10,11,116.7,14.19090909090909,44.6,7,1,1,2,5,300.0,0.389,-183.3,Normal
BR010,2026-03-02,11,9,114.4,6.155555555555555,17.6,6,0,1,2,5,300.0,0.381,-185.6,Normal
BR010,2026-03-02,12,11,87.4,18.963636363636365,52.4,8,2,1,0,5,300.0,0.291,-212.6,Moderate
BR010,2026-03-02,13,9,102.8,8.644444444444444,31.9,7,0,1,2,5,300.0,0.343,-197.2,Normal
BR010,2026-03-02,14,6,43.6,2.25,3.2,6,0,1,0,5,300.0,0.145,-256.4,Normal
BR010,2026-03-02,15,3,21.7,1.8,2.1,0,0,0,0,5,300.0,0.072,-278.3,Normal
BR010,2026-03-03,9,7,60.6,6.757142857142857,21.1,2,0,1,1,5,300.0,0.202,-239.4,Normal
BR010,2026-03-03,10,13,162.2,4.961538461538462,15.5,2,0,2,3,5,300.0,0.541,-137.8,Normal
BR010,2026-03-03,11,7,73.6,2.1142857142857143,2.8,1,0,2,0,5,300.0,0.245,-226.4,Normal
BR010,2026-03-03,12,4,60.4,2.075,2.7,0,0,1,1,5,300.0,0.201,-239.6,Normal
BR010,2026-03-03,13,8,124.3,3.8125,10.3,1,0,1,3,5,300.0,0.414,-175.7,Normal
BR010,2026-03-03,14,3,19.2,2.4,3.4,0,0,0,0,5,300.0,0.064,-280.8,Normal
BR010,2026-03-03,15,6,95.9,2.1,3.1,0,0,0,1,5,300.0,0.32,-204.1,Normal
BR010,2026-03-05,9,9,100.3,2.0444444444444443,3.4,1,0,2,1,5,300.0,0.334,-199.7,Normal
BR010,2026-03-05,10,4,39.7,2.2,3.0,0,0,1,0,5,300.0,0.132,-260.3,Normal
BR010,2026-03-05,11,6,100.4,6.616666666666667,27.6,2,0,0,2,5,300.0,0.335,-199.6,Normal
BR010,2026-03-05,12,4,45.6,3.625,7.3,1,0,0,1,5,300.0,0.152,-254.4,Normal
BR010,2026-03-05,13,4,60.4,1.25,1.6,1,0,0,1,5,300.0,0.201,-239.6,Normal
BR010,2026-03-05,14,4,72.0,5.0,13.6,1,0,0,2,5,300.0,0.24,-228.0,Normal
BR010,2026-03-05,15,2,10.399999999999999,2.55,3.1,0,0,0,0,5,300.0,0.035,-289.6,Normal
BR010,2026-03-05,16,1,6.7,2.6,2.6,0,0,0,0,5,300.0,0.022,-293.3,Normal
BR010,2026-03-06,9,2,40.7,1.05,1.2,0,0,0,1,5,300.0,0.136,-259.3,Normal
BR010,2026-03-06,10,7,91.6,6.385714285714286,25.0,2,0,1,2,5,300.0,0.305,-208.4,Normal
BR010,2026-03-06,11,4,31.0,1.6,2.4,1,0,1,0,5,300.0,0.103,-269.0,Normal
BR010,2026-03-06,12,3,80.0,2.433333333333333,3.4,0,0,0,3,5,300.0,0.267,-220.0,Normal
BR010,2026-03-06,13,5,47.5,2.34,3.1,0,0,0,1,5,300.0,0.158,-252.5,Normal
BR010,2026-03-06,14,3,45.3,1.9666666666666666,3.3,0,0,0,1,5,300.0,0.151,-254.7,Normal
BR010,2026-03-06,15,2,31.3,3.1500000000000004,3.2,0,0,0,1,5,300.0,0.104,-268.7,Normal
BR010,2026-03-07,9,11,115.2,7.845454545454547,41.7,2,1,2,2,5,300.0,0.384,-184.8,Normal
BR010,2026-03-07,10,10,96.1,11.809999999999999,29.7,4,0,1,1,5,300.0,0.32,-203.9,Normal
BR010,2026-03-07,11,4,41.5,2.275,2.7,3,0,2,0,5,300.0,0.138,-258.5,Normal
BR010,2026-03-07,12,4,56.5,2.275,2.6,2,0,0,1,5,300.0,0.188,-243.5,Normal
BR010,2026-03-07,13,7,52.3,1.6285714285714286,2.3,0,0,0,0,5,300.0,0.174,-247.7,Normal
BR010,2026-03-07,14,6,38.1,1.8833333333333335,3.8,1,0,0,0,5,300.0,0.127,-261.9,Normal
BR010,2026-03-07,15,3,55.9,1.7666666666666666,3.3,0,0,0,1,5,300.0,0.186,-244.1,Normal
BR010,2026-03-07,16,1,14.5,0.8,0.8,0,0,0,0,5,300.0,0.048,-285.5,Normal
BR010,2026-03-09,9,5,49.800000000000004,1.8799999999999997,3.4,0,0,1,0,5,300.0,0.166,-250.2,Normal
BR010,2026-03-09,10,7,70.30000000000001,8.185714285714285,44.9,1,0,0,1,5,300.0,0.234,-229.7,Normal
BR010,2026-03-09,11,8,144.8,3.8875,14.9,2,0,2,5,5,300.0,0.483,-155.2,Normal
BR010,2026-03-09,12,2,25.0,2.2,2.5,0,0,0,1,5,300.0,0.083,-275.0,Normal
BR010,2026-03-09,13,4,49.1,2.825,3.2,0,0,0,0,5,300.0,0.164,-250.9,Normal
BR010,2026-03-09,14,4,24.8,2.175,2.5,0,0,0,0,5,300.0,0.083,-275.2,Normal
BR010,2026-03-09,15,4,48.3,2.725,3.4,0,0,0,0,5,300.0,0.161,-251.7,Normal
BR010,2026-03-10,9,5,67.5,1.7,2.5,0,0,2,1,5,300.0,0.225,-232.5,Normal
BR010,2026-03-10,10,7,76.7,20.442857142857143,51.6,3,1,1,1,5,300.0,0.256,-223.3,Moderate
BR010,2026-03-10,11,5,64.4,3.9,10.3,4,0,1,1,5,300.0,0.215,-235.6,Normal
BR010,2026-03-10,12,6,77.8,6.616666666666667,26.8,3,0,0,1,5,300.0,0.259,-222.2,Normal
BR010,2026-03-10,13,5,57.800000000000004,1.98,2.6,0,0,0,1,5,300.0,0.193,-242.2,Normal
BR010,2026-03-10,14,4,57.199999999999996,2.125,3.0,0,0,0,1,5,300.0,0.191,-242.8,Normal
BR010,2026-03-10,16,1,7.3,3.1,3.1,0,0,0,0,5,300.0,0.024,-292.7,Normal
BR010,2026-03-11,9,5,22.8,11.22,49.6,2,1,1,0,5,300.0,0.076,-277.2,Normal
BR010,2026-03-11,10,11,117.3,32.20909090909091,64.9,7,5,4,4,5,300.0,0.391,-182.7,High
BR010,2026-03-11,11,4,77.6,23.3,62.1,8,0,0,1,5,300.0,0.259,-222.4,Moderate
BR010,2026-03-11,12,3,25.8,4.066666666666666,6.9,9,0,0,0,5,300.0,0.086,-274.2,Normal
BR010,2026-03-11,13,5,77.1,3.0800000000000005,8.3,7,0,0,2,5,300.0,0.257,-222.9,Normal
BR010,2026-03-11,14,2,15.399999999999999,2.25,2.9,3,0,0,0,5,300.0,0.051,-284.6,Normal
BR010,2026-03-11,15,6,92.5,4.8,18.7,2,0,0,0,5,300.0,0.308,-207.5,Normal
BR010,2026-03-11,16,2,28.2,2.7,2.9,1,0,0,1,5,300.0,0.094,-271.8,Normal
BR010,2026-03-12,9,4,83.2,15.9,58.5,2,1,1,2,5,300.0,0.277,-216.8,Moderate
BR010,2026-03-12,10,9,63.599999999999994,33.699999999999996,64.6,7,3,1,2,5,300.0,0.212,-236.4,High
BR010,2026-03-12,11,6,42.0,42.483333333333334,64.1,15,2,0,1,5,300.0,0.14,-258.0,Critical
BR010,2026-03-12,12,8,66.9,33.9125,63.1,16,3,2,2,5,300.0,0.223,-233.1,High
BR010,2026-03-12,13,3,14.9,41.9,63.8,17,1,0,0,5,300.0,0.05,-285.1,Critical
BR010,2026-03-12,14,7,70.4,20.97142857142857,52.1,21,1,1,0,5,300.0,0.235,-229.6,Moderate
BR010,2026-03-12,16,1,24.8,1.6,1.6,20,0,0,1,5,300.0,0.083,-275.2,Normal
BR010,2026-03-13,9,7,90.9,1.8285714285714287,3.0,0,0,0,1,5,300.0,0.303,-209.1,Normal
BR010,2026-03-13,10,6,92.1,1.5,3.0,0,0,1,2,5,300.0,0.307,-207.9,Normal
BR010,2026-03-13,11,12,136.0,4.575,12.2,2,0,2,2,5,300.0,0.453,-164.0,Normal
BR010,2026-03-13,12,4,47.1,4.6,12.0,1,0,0,1,5,300.0,0.157,-252.9,Normal
BR010,2026-03-13,13,7,59.4,2.4,3.5,1,0,2,0,5,300.0,0.198,-240.6,Normal
BR010,2026-03-13,14,2,16.2,2.05,2.3,0,0,0,0,5,300.0,0.054,-283.8,Normal
BR010,2026-03-13,15,1,28.1,1.1,1.1,0,0,0,1,5,300.0,0.094,-271.9,Normal
BR010,2026-03-13,16,1,3.9,3.0,3.0,0,0,0,0,5,300.0,0.013,-296.1,Normal
BR010,2026-03-16,9,4,32.3,1.375,1.6,0,0,3,0,5,300.0,0.108,-267.7,Normal
BR010,2026-03-16,10,8,157.3,8.6875,36.7,2,0,2,3,5,300.0,0.524,-142.7,Normal
BR010,2026-03-16,11,4,59.8,2.1,3.5,0,0,0,2,5,300.0,0.199,-240.2,Normal
BR010,2026-03-16,12,9,99.6,3.788888888888889,9.6,2,0,0,0,5,300.0,0.332,-200.4,Normal
BR010,2026-03-16,13,4,49.2,1.825,3.3,0,0,0,1,5,300.0,0.164,-250.8,Normal
BR010,2026-03-16,14,4,52.599999999999994,9.075,29.4,1,0,0,2,5,300.0,0.175,-247.4,Normal
BR010,2026-03-16,15,3,20.6,2.1333333333333333,2.9,0,0,0,0,5,300.0,0.069,-279.4,Normal
BR010,2026-03-17,9,3,49.39999999999999,2.1999999999999997,2.4,0,0,1,1,5,300.0,0.165,-250.6,Normal
BR010,2026-03-17,10,4,53.099999999999994,2.25,2.4,0,0,1,1,5,300.0,0.177,-246.9,Normal
BR010,2026-03-17,11,6,38.4,2.5833333333333335,3.1,0,0,0,0,5,300.0,0.128,-261.6,Normal
BR010,2026-03-17,12,5,33.9,2.46,3.4,0,0,0,0,5,300.0,0.113,-266.1,Normal
BR010,2026-03-17,13,3,21.3,2.3000000000000003,3.4,0,0,0,0,5,300.0,0.071,-278.7,Normal
BR010,2026-03-17,14,2,20.0,1.95,2.3,0,0,0,0,5,300.0,0.067,-280.0,Normal
BR010,2026-03-18,9,5,89.19999999999999,1.92,3.1,0,0,2,2,5,300.0,0.297,-210.8,Normal
BR010,2026-03-18,10,6,69.1,2.3000000000000003,3.5,0,0,0,2,5,300.0,0.23,-230.9,Normal
BR010,2026-03-18,11,4,109.7,2.95,3.3,0,0,0,3,5,300.0,0.366,-190.3,Normal
BR010,2026-03-18,12,6,50.1,1.5166666666666666,2.3,0,0,1,0,5,300.0,0.167,-249.9,Normal
BR010,2026-03-18,13,2,23.6,2.5,3.4,0,0,0,0,5,300.0,0.079,-276.4,Normal
BR010,2026-03-18,14,6,97.9,1.7,3.1,0,0,0,2,5,300.0,0.326,-202.1,Normal
BR010,2026-03-18,15,2,33.699999999999996,1.9,2.8,0,0,0,1,5,300.0,0.112,-266.3,Normal
BR010,2026-03-19,9,7,97.1,1.8714285714285714,2.8,0,0,3,1,5,300.0,0.324,-202.9,Normal
BR010,2026-03-19,10,8,121.6,5.5125,17.3,2,0,0,3,5,300.0,0.405,-178.4,Normal
BR010,2026-03-19,11,7,64.6,5.271428571428572,17.3,1,0,1,2,5,300.0,0.215,-235.4,Normal
BR010,2026-03-19,12,6,64.4,2.6166666666666667,3.2,0,0,0,1,5,300.0,0.215,-235.6,Normal
BR010,2026-03-19,13,4,68.6,2.825,3.4,0,0,0,2,5,300.0,0.229,-231.4,Normal
BR010,2026-03-21,9,7,89.6,3.242857142857143,7.0,1,0,1,0,5,300.0,0.299,-210.4,Normal
BR010,2026-03-21,10,4,47.0,6.625,22.2,1,0,1,1,5,300.0,0.157,-253.0,Normal
BR010,2026-03-21,11,4,58.699999999999996,2.35,2.8,0,0,1,1,5,300.0,0.196,-241.3,Normal
BR010,2026-03-21,12,6,53.4,2.516666666666667,5.9,1,0,1,0,5,300.0,0.178,-246.6,Normal
BR010,2026-03-21,13,7,84.3,4.171428571428572,18.9,1,0,0,1,5,300.0,0.281,-215.7,Normal
BR010,2026-03-21,14,7,101.4,3.442857142857143,7.2,1,0,0,2,5,300.0,0.338,-198.6,Normal
BR010,2026-03-21,15,2,26.4,1.6,2.2,0,0,0,0,5,300.0,0.088,-273.6,Normal
BR010,2026-03-21,16,1,6.9,2.1,2.1,0,0,0,0,5,300.0,0.023,-293.1,Normal
BR010,2026-03-23,9,11,92.60000000000001,4.181818181818182,19.5,1,0,0,0,5,300.0,0.309,-207.4,Normal
BR010,2026-03-23,10,6,58.3,11.083333333333334,40.1,3,1,1,1,5,300.0,0.194,-241.7,Normal
BR010,2026-03-23,11,8,118.9,4.2,10.3,4,0,3,2,5,300.0,0.396,-181.1,Normal
BR010,2026-03-23,12,6,57.4,2.3000000000000003,3.4,3,0,1,0,5,300.0,0.191,-242.6,Normal
BR010,2026-03-23,13,3,11.6,2.5,3.5,0,0,1,0,5,300.0,0.039,-288.4,Normal
BR010,2026-03-23,14,3,15.399999999999999,2.1333333333333333,3.4,0,0,0,0,5,300.0,0.051,-284.6,Normal
BR010,2026-03-23,15,3,16.7,1.7,2.3,0,0,0,0,5,300.0,0.056,-283.3,Normal
BR010,2026-03-24,9,4,71.1,2.1,3.1,0,0,0,1,5,300.0,0.237,-228.9,Normal
BR010,2026-03-24,10,10,157.3,7.76,29.9,2,0,3,4,5,300.0,0.524,-142.7,Normal
BR010,2026-03-24,11,4,90.6,2.125,2.6,1,0,1,2,5,300.0,0.302,-209.4,Normal
BR010,2026-03-24,12,2,22.4,2.2,3.2,0,0,0,0,5,300.0,0.075,-277.6,Normal
BR010,2026-03-24,13,3,38.8,1.5666666666666667,2.0,0,0,0,1,5,300.0,0.129,-261.2,Normal
BR010,2026-03-24,14,4,79.9,2.3,2.6,0,0,0,2,5,300.0,0.266,-220.1,Normal
BR010,2026-03-24,15,3,42.8,2.3333333333333335,3.0,0,0,0,1,5,300.0,0.143,-257.2,Normal
BR010,2026-03-25,9,5,61.3,2.2,3.0,0,0,2,1,5,300.0,0.204,-238.7,Normal
BR010,2026-03-25,10,6,84.5,2.65,3.3,0,0,1,1,5,300.0,0.282,-215.5,Normal
BR010,2026-03-25,11,1,10.9,2.8,2.8,0,0,0,0,5,300.0,0.036,-289.1,Normal
BR010,2026-03-25,12,3,38.0,1.5999999999999999,2.1,0,0,0,0,5,300.0,0.127,-262.0,Normal
BR010,2026-03-25,13,4,83.80000000000001,1.5,3.0,0,0,0,2,5,300.0,0.279,-216.2,Normal
BR010,2026-03-25,14,3,53.1,2.4,3.2,0,0,0,1,5,300.0,0.177,-246.9,Normal
BR010,2026-03-25,15,1,4.2,1.1,1.1,0,0,0,0,5,300.0,0.014,-295.8,Normal
BR010,2026-03-25,16,2,43.599999999999994,2.5999999999999996,3.3,0,0,0,1,5,300.0,0.145,-256.4,Normal
BR010,2026-03-26,9,6,62.1,2.1999999999999997,3.1,0,0,1,0,5,300.0,0.207,-237.9,Normal
BR010,2026-03-26,10,5,54.9,1.7399999999999998,2.8,0,0,0,0,5,300.0,0.183,-245.1,Normal
BR010,2026-03-26,11,3,20.6,2.1333333333333333,3.5,0,0,0,0,5,300.0,0.069,-279.4,Normal
BR010,2026-03-26,12,9,140.8,2.977777777777778,6.6,1,0,1,2,5,300.0,0.469,-159.2,Normal
BR010,2026-03-26,13,7,107.7,1.9857142857142858,2.6,0,0,0,1,5,300.0,0.359,-192.3,Normal
BR010,2026-03-26,14,2,14.1,3.0,3.4,0,0,0,0,5,300.0,0.047,-285.9,Normal
BR010,2026-03-26,15,1,6.5,3.5,3.5,0,0,0,0,5,300.0,0.022,-293.5,Normal
BR010,2026-03-26,16,1,7.8,3.0,3.0,0,0,0,0,5,300.0,0.026,-292.2,Normal
BR010,2026-03-27,9,2,15.700000000000001,1.85,2.2,0,0,1,0,5,300.0,0.052,-284.3,Normal
BR010,2026-03-27,10,13,113.5,11.7,51.4,6,0,2,1,5,300.0,0.378,-186.5,Normal
BR010,2026-03-27,11,7,73.7,4.671428571428572,13.8,4,0,2,1,5,300.0,0.246,-226.3,Normal
BR010,2026-03-27,12,7,96.1,1.4142857142857144,2.0,5,0,0,1,5,300.0,0.32,-203.9,Normal
BR010,2026-03-27,13,5,40.5,2.56,3.6,1,0,0,0,5,300.0,0.135,-259.5,Normal
BR010,2026-03-27,14,3,21.7,2.5666666666666664,3.4,0,0,0,0,5,300.0,0.072,-278.3,Normal
BR010,2026-03-27,15,2,7.8,1.7999999999999998,2.4,0,0,0,0,5,300.0,0.026,-292.2,Normal
