timestamp,branch_code,service_name,customer_id,wait_time_minutes,service_duration_minutes,counter_id,satisfaction_rating
2026-09-23T09:42:14.537807,AV-CENTRAL,Wealth & Forex,CUST-78078,18,20,CNT-6,2
2026-09-23T09:21:14.537807,AV-CENTRAL,Wealth & Forex,CUST-22781,12,14,CNT-6,3
2026-09-23T09:00:14.537807,AV-CENTRAL,Loan & Mortgages,CUST-93019,30,22,CNT-5,3
2026-09-23T09:06:14.537807,AV-CENTRAL,Cash & Deposits,CUST-77500,4,4,CNT-1,3
2026-09-23T09:07:14.537807,AV-CENTRAL,Account Opening & KYC,CUST-24215,17,20,CNT-2,2
2026-09-23T09:51:14.537807,AV-CENTRAL,Cash & Deposits,CUST-41121,2,4,CNT-2,3
2026-09-23T09:15:14.537807,AV-CENTRAL,Loan & Mortgages,CUST-98771,36,31,CNT-8,2
2026-09-23T09:08:14.537807,AV-CENTRAL,Loan & Mortgages,CUST-41111,36,16,CNT-3,2
2026-09-23T09:18:14.537807,AV-CENTRAL,Cash & Deposits,CUST-15169,7,5,CNT-4,3
2026-09-23T09:08:14.537807,AV-CENTRAL,Loan & Mortgages,CUST-67013,40,36,CNT-8,2
2026-09-23T09:52:14.537807,AV-CENTRAL,Account Opening & KYC,CUST-49421,21,21,CNT-1,4
2026-09-23T09:25:14.537807,AV-CENTRAL,Account Opening & KYC,CUST-41316,19,9,CNT-2,3
2026-09-23T09:39:14.537807,AV-CENTRAL,Wealth & Forex,CUST-14470,16,14,CNT-4,3
2026-09-23T09:02:14.537807,AV-CENTRAL,Loan & Mortgages,CUST-18237,28,25,CNT-3,2
2026-09-23T09:11:14.537807,AV-CENTRAL,Loan & Mortgages,CUST-73923,34,17,CNT-4,4
2026-09-23T09:24:14.537807,AV-CENTRAL,Cash & Deposits,CUST-49039,4,4,CNT-5,4
2026-09-23T09:30:14.537807,AV-CENTRAL,Loan & Mortgages,CUST-45659,30,17,CNT-8,3
2026-09-23T09:39:14.537807,AV-CENTRAL,Account Opening & KYC,CUST-36627,13,24,CNT-1,2
2026-09-23T09:41:14.537807,AV-CENTRAL,Loan & Mortgages,CUST-86246,35,23,CNT-1,2
2026-09-23T09:45:14.537807,AV-CENTRAL,Wealth & Forex,CUST-30621,4,18,CNT-7,5
2026-09-23T09:43:14.537807,AV-NORTH,Account Opening & KYC,CUST-44275,19,22,CNT-8,3
2026-09-23T09:30:14.537807,AV-NORTH,Loan & Mortgages,CUST-93844,14,15,CNT-1,5
2026-09-23T09:35:14.537807,AV-NORTH,Cash & Deposits,CUST-58610,9,6,CNT-7,3
2026-09-23T09:52:14.537807,AV-NORTH,Account Opening & KYC,CUST-55481,9,12,CNT-6,5
2026-09-23T09:53:14.537807,AV-NORTH,Loan & Mortgages,CUST-39842,26,26,CNT-6,2
2026-09-23T09:23:14.537807,AV-NORTH,Loan & Mortgages,CUST-82422,33,10,CNT-1,2
2026-09-23T09:00:14.537807,AV-NORTH,Cash & Deposits,CUST-50010,9,5,CNT-8,3
2026-09-23T09:13:14.537807,AV-NORTH,Cash & Deposits,CUST-13465,8,7,CNT-2,4
2026-09-23T09:43:14.537807,AV-WEST,Wealth & Forex,CUST-70412,17,9,CNT-3,4
2026-09-23T09:44:14.537807,AV-WEST,Wealth & Forex,CUST-26481,14,15,CNT-5,4
2026-09-23T09:40:14.537807,AV-WEST,Wealth & Forex,CUST-92451,24,11,CNT-5,2
2026-09-23T09:11:14.537807,AV-WEST,Wealth & Forex,CUST-62913,10,21,CNT-2,4
2026-09-23T09:51:14.537807,AV-WEST,Wealth & Forex,CUST-75512,2,16,CNT-8,2
2026-09-23T09:05:14.537807,AV-WEST,Cash & Deposits,CUST-29975,11,7,CNT-3,3
2026-09-23T09:00:14.537807,AV-WEST,Loan & Mortgages,CUST-10630,21,29,CNT-2,3
2026-09-23T09:07:14.537807,AV-WEST,Account Opening & KYC,CUST-48550,23,18,CNT-8,3
2026-09-23T09:49:14.537807,AV-WEST,Loan & Mortgages,CUST-27926,29,28,CNT-3,3
2026-09-23T09:05:14.537807,AV-WEST,Loan & Mortgages,CUST-43501,26,31,CNT-1,3
2026-09-23T09:56:14.537807,AV-WEST,Loan & Mortgages,CUST-45245,17,29,CNT-3,3
2026-09-23T09:47:14.537807,AV-WEST,Loan & Mortgages,CUST-41696,25,27,CNT-2,3
2026-09-23T09:29:14.537807,AV-WEST,Account Opening & KYC,CUST-94902,10,13,CNT-3,3
2026-09-23T09:24:14.537807,AV-WEST,Loan & Mortgages,CUST-24172,30,14,CNT-8,3
2026-09-23T09:21:14.537807,AV-WEST,Cash & Deposits,CUST-35256,8,6,CNT-7,3
2026-09-23T10:13:14.537807,AV-CENTRAL,Loan & Mortgages,CUST-51339,14,25,CNT-8,4
2026-09-23T10:25:14.537807,AV-CENTRAL,Account Opening & KYC,CUST-87080,13,18,CNT-7,2
2026-09-23T10:56:14.537807,AV-CENTRAL,Cash & Deposits,CUST-72489,8,5,CNT-7,4
2026-09-23T10:18:14.537807,AV-CENTRAL,Account Opening & KYC,CUST-74042,16,14,CNT-6,4
2026-09-23T10:10:14.537807,AV-CENTRAL,Cash & Deposits,CUST-93668,2,6,CNT-3,3
2026-09-23T10:42:14.537807,AV-CENTRAL,Loan & Mortgages,CUST-73817,32,21,CNT-8,4
2026-09-23T10:15:14.537807,AV-CENTRAL,Loan & Mortgages,CUST-31581,10,21,CNT-6,3
2026-09-23T10:14:14.537807,AV-CENTRAL,Cash & Deposits,CUST-97995,6,3,CNT-1,4
2026-09-23T10:49:14.537807,AV-CENTRAL,Cash & Deposits,CUST-90838,6,7,CNT-3,3
2026-09-23T10:31:14.537807,AV-CENTRAL,Loan & Mortgages,CUST-28976,32,8,CNT-7,3
2026-09-23T10:15:14.537807,AV-CENTRAL,Account Opening & KYC,CUST-99089,25,18,CNT-3,1
2026-09-23T10:56:14.537807,AV-CENTRAL,Account Opening & KYC,CUST-56657,16,14,CNT-2,3
2026-09-23T10:34:14.537807,AV-CENTRAL,Loan & Mortgages,CUST-81281,46,23,CNT-8,2
2026-09-23T10:43:14.537807,AV-CENTRAL,Cash & Deposits,CUST-46026,2,6,CNT-5,3
2026-09-23T10:37:14.537807,AV-CENTRAL,Cash & Deposits,CUST-60218,10,6,CNT-5,4
2026-09-23T10:28:14.537807,AV-CENTRAL,Cash & Deposits,CUST-10234,5,6,CNT-6,4
2026-09-23T10:16:14.537807,AV-CENTRAL,Loan & Mortgages,CUST-23512,27,30,CNT-6,2
2026-09-23T10:26:14.537807,AV-CENTRAL,Cash & Deposits,CUST-24563,8,4,CNT-6,4
2026-09-23T10:59:14.537807,AV-CENTRAL,Loan & Mortgages,CUST-73971,34,25,CNT-4,3
2026-09-23T10:41:14.537807,AV-CENTRAL,Loan & Mortgages,CUST-31348,27,30,CNT-8,3
2026-09-23T10:04:14.537807,AV-CENTRAL,Cash & Deposits,CUST-16900,2,6,CNT-6,3
2026-09-23T10:45:14.537807,AV-CENTRAL,Account Opening & KYC,CUST-81868,32,15,CNT-4,2
2026-09-23T10:06:14.537807,AV-CENTRAL,Loan & Mortgages,CUST-45597,30,34,CNT-4,4
2026-09-23T10:03:14.537807,AV-CENTRAL,Loan & Mortgages,CUST-69107,17,25,CNT-1,4
2026-09-23T10:53:14.537807,AV-CENTRAL,Wealth & Forex,CUST-60447,14,12,CNT-1,3
2026-09-23T10:45:14.537807,AV-NORTH,Account Opening & KYC,CUST-40441,21,15,CNT-2,4
2026-09-23T10:35:14.537807,AV-NORTH,Cash & Deposits,CUST-99180,7,3,CNT-6,4
2026-09-23T10:02:14.537807,AV-NORTH,Account Opening & KYC,CUST-95174,13,17,CNT-5,4
2026-09-23T10:21:14.537807,AV-NORTH,Loan & Mortgages,CUST-17894,29,35,CNT-6,3
2026-09-23T10:05:14.537807,AV-NORTH,Cash & Deposits,CUST-48898,5,5,CNT-8,5
2026-09-23T10:34:14.537807,AV-NORTH,Cash & Deposits,CUST-87796,4,4,CNT-6,4
2026-09-23T10:05:14.537807,AV-NORTH,Cash & Deposits,CUST-35783,5,7,CNT-3,3
2026-09-23T10:34:14.537807,AV-NORTH,Cash & Deposits,CUST-25545,2,4,CNT-1,4
2026-09-23T10:09:14.537807,AV-NORTH,Wealth & Forex,CUST-41375,15,12,CNT-8,4
2026-09-23T10:56:14.537807,AV-NORTH,Wealth & Forex,CUST-31566,13,24,CNT-4,3
2026-09-23T10:40:14.537807,AV-NORTH,Cash & Deposits,CUST-22932,2,6,CNT-2,4
2026-09-23T10:31:14.537807,AV-NORTH,Loan & Mortgages,CUST-50645,40,13,CNT-1,1
2026-09-23T10:15:14.537807,AV-NORTH,Loan & Mortgages,CUST-74471,28,31,CNT-8,3
2026-09-23T10:36:14.537807,AV-NORTH,Cash & Deposits,CUST-54316,6,3,CNT-6,4
2026-09-23T10:49:14.537807,AV-NORTH,Wealth & Forex,CUST-53150,15,23,CNT-6,3
2026-09-23T10:38:14.537807,AV-NORTH,Cash & Deposits,CUST-59977,2,6,CNT-1,3
2026-09-23T10:56:14.537807,AV-NORTH,Account Opening & KYC,CUST-96278,8,13,CNT-5,3
2026-09-23T10:23:14.537807,AV-NORTH,Account Opening & KYC,CUST-71516,19,12,CNT-4,4
2026-09-23T10:19:14.537807,AV-WEST,Loan & Mortgages,CUST-34753,36,12,CNT-7,3
2026-09-23T10:21:14.537807,AV-WEST,Cash & Deposits,CUST-40677,6,3,CNT-8,4
2026-09-23T10:56:14.537807,AV-WEST,Cash & Deposits,CUST-69210,10,3,CNT-7,3
2026-09-23T10:20:14.537807,AV-WEST,Cash & Deposits,CUST-39442,7,5,CNT-4,2
2026-09-23T10:35:14.537807,AV-WEST,Cash & Deposits,CUST-85791,7,4,CNT-6,2
2026-09-23T10:39:14.537807,AV-WEST,Wealth & Forex,CUST-48443,30,17,CNT-7,3
2026-09-23T10:51:14.537807,AV-WEST,Loan & Mortgages,CUST-77669,36,27,CNT-7,3
2026-09-23T10:32:14.537807,AV-WEST,Loan & Mortgages,CUST-13029,20,19,CNT-7,3
2026-09-23T10:57:14.537807,AV-WEST,Cash & Deposits,CUST-13251,5,7,CNT-2,3
2026-09-23T10:58:14.537807,AV-WEST,Wealth & Forex,CUST-11734,20,15,CNT-3,3
2026-09-23T10:57:14.537807,AV-WEST,Loan & Mortgages,CUST-11326,24,29,CNT-1,3
2026-09-23T10:41:14.537807,AV-WEST,Loan & Mortgages,CUST-48617,32,22,CNT-7,3
2026-09-23T10:59:14.537807,AV-WEST,Account Opening & KYC,CUST-78431,22,20,CNT-3,2
2026-09-23T10:31:14.537807,AV-WEST,Loan & Mortgages,CUST-75693,30,23,CNT-2,3
2026-09-23T10:12:14.537807,AV-WEST,Loan & Mortgages,CUST-63121,31,23,CNT-3,3
2026-09-23T10:26:14.537807,AV-WEST,Wealth & Forex,CUST-26820,16,27,CNT-1,4
2026-09-23T10:33:14.537807,AV-WEST,Loan & Mortgages,CUST-68532,37,19,CNT-8,2
2026-09-23T10:50:14.537807,AV-WEST,Cash & Deposits,CUST-92693,4,4,CNT-7,3
2026-09-23T10:50:14.537807,AV-WEST,Loan & Mortgages,CUST-68008,25,19,CNT-5,3
2026-09-23T11:55:14.537807,AV-CENTRAL,Loan & Mortgages,CUST-90015,22,30,CNT-2,4
2026-09-23T11:13:14.537807,AV-CENTRAL,Account Opening & KYC,CUST-67535,15,26,CNT-1,3
2026-09-23T11:41:14.537807,AV-CENTRAL,Loan & Mortgages,CUST-85302,19,24,CNT-6,2
2026-09-23T11:53:14.537807,AV-CENTRAL,Wealth & Forex,CUST-57619,16,9,CNT-4,2
2026-09-23T11:16:14.537807,AV-CENTRAL,Account Opening & KYC,CUST-74635,23,18,CNT-5,3
2026-09-23T11:19:14.537807,AV-CENTRAL,Account Opening & KYC,CUST-84832,20,24,CNT-1,3
2026-09-23T11:09:14.537807,AV-CENTRAL,Wealth & Forex,CUST-52701,21,14,CNT-8,4
2026-09-23T11:24:14.537807,AV-CENTRAL,Wealth & Forex,CUST-82916,18,11,CNT-8,2
2026-09-23T11:31:14.537807,AV-CENTRAL,Wealth & Forex,CUST-46571,14,18,CNT-3,3
2026-09-23T11:50:14.537807,AV-CENTRAL,Wealth & Forex,CUST-39192,6,24,CNT-5,4
2026-09-23T11:03:14.537807,AV-CENTRAL,Loan & Mortgages,CUST-32590,26,21,CNT-2,4
2026-09-23T11:06:14.537807,AV-CENTRAL,Wealth & Forex,CUST-26233,17,15,CNT-3,2
2026-09-23T11:08:14.537807,AV-CENTRAL,Wealth & Forex,CUST-49219,22,18,CNT-6,3
2026-09-23T11:13:14.537807,AV-CENTRAL,Account Opening & KYC,CUST-98380,11,16,CNT-8,3
2026-09-23T11:08:14.537807,AV-CENTRAL,Account Opening & KYC,CUST-31624,15,10,CNT-6,3
2026-09-23T11:51:14.537807,AV-CENTRAL,Account Opening & KYC,CUST-94529,21,17,CNT-5,4
2026-09-23T11:44:14.537807,AV-CENTRAL,Wealth & Forex,CUST-45537,25,16,CNT-5,4
2026-09-23T11:27:14.537807,AV-CENTRAL,Account Opening & KYC,CUST-55125,16,13,CNT-5,3
2026-09-23T11:53:14.537807,AV-CENTRAL,Cash & Deposits,CUST-58221,3,5,CNT-1,3
2026-09-23T11:50:14.537807,AV-CENTRAL,Cash & Deposits,CUST-54374,3,7,CNT-5,5
2026-09-23T11:38:14.537807,AV-CENTRAL,Loan & Mortgages,CUST-71571,28,25,CNT-1,4
2026-09-23T11:35:14.537807,AV-CENTRAL,Cash & Deposits,CUST-87894,4,4,CNT-4,3
2026-09-23T11:32:14.537807,AV-CENTRAL,Account Opening & KYC,CUST-98194,18,12,CNT-2,3
2026-09-23T11:22:14.537807,AV-CENTRAL,Account Opening & KYC,CUST-14550,21,13,CNT-1,3
2026-09-23T11:02:14.537807,AV-NORTH,Cash & Deposits,CUST-24482,7,5,CNT-8,3
2026-09-23T11:11:14.537807,AV-NORTH,Cash & Deposits,CUST-57185,9,3,CNT-2,4
2026-09-23T11:57:14.537807,AV-NORTH,Account Opening & KYC,CUST-98140,16,16,CNT-2,4
2026-09-23T11:59:14.537807,AV-NORTH,Cash & Deposits,CUST-58899,9,5,CNT-8,4
2026-09-23T11:27:14.537807,AV-NORTH,Wealth & Forex,CUST-62782,10,12,CNT-7,3
2026-09-23T11:51:14.537807,AV-NORTH,Account Opening & KYC,CUST-64690,25,20,CNT-7,3
2026-09-23T11:11:14.537807,AV-NORTH,Cash & Deposits,CUST-67377,6,3,CNT-7,4
2026-09-23T11:56:14.537807,AV-NORTH,Cash & Deposits,CUST-93789,3,4,CNT-3,5
2026-09-23T11:33:14.537807,AV-NORTH,Loan & Mortgages,CUST-82969,33,18,CNT-8,1
2026-09-23T11:43:14.537807,AV-NORTH,Cash & Deposits,CUST-66674,8,4,CNT-7,3
2026-09-23T11:12:14.537807,AV-NORTH,Wealth & Forex,CUST-85174,15,18,CNT-2,3
2026-09-23T11:39:14.537807,AV-NORTH,Account Opening & KYC,CUST-44727,13,15,CNT-8,2
2026-09-23T11:37:14.537807,AV-NORTH,Account Opening & KYC,CUST-10161,15,12,CNT-5,5
2026-09-23T11:47:14.537807,AV-NORTH,Account Opening & KYC,CUST-87358,22,18,CNT-1,3
2026-09-23T11:41:14.537807,AV-NORTH,Wealth & Forex,CUST-86946,4,17,CNT-3,3
2026-09-23T11:52:14.537807,AV-NORTH,Cash & Deposits,CUST-54091,7,6,CNT-7,3
2026-09-23T11:18:14.537807,AV-NORTH,Cash & Deposits,CUST-40839,4,9,CNT-7,5
2026-09-23T11:19:14.537807,AV-WEST,Wealth & Forex,CUST-62705,21,16,CNT-5,2
2026-09-23T11:14:14.537807,AV-WEST,Loan & Mortgages,CUST-24203,17,23,CNT-7,3
2026-09-23T11:07:14.537807,AV-WEST,Cash & Deposits,CUST-29631,10,6,CNT-7,3
2026-09-23T11:15:14.537807,AV-WEST,Account Opening & KYC,CUST-31796,15,12,CNT-4,3
2026-09-23T11:58:14.537807,AV-WEST,Account Opening & KYC,CUST-51233,12,10,CNT-6,3
2026-09-23T11:32:14.537807,AV-WEST,Account Opening & KYC,CUST-52306,12,16,CNT-8,2
2026-09-23T11:42:14.537807,AV-WEST,Account Opening & KYC,CUST-61540,18,14,CNT-4,3
2026-09-23T11:17:14.537807,AV-WEST,Account Opening & KYC,CUST-95677,8,16,CNT-1,3
2026-09-23T11:32:14.537807,AV-WEST,Loan & Mortgages,CUST-17989,31,28,CNT-1,3
2026-09-23T11:38:14.537807,AV-WEST,Loan & Mortgages,CUST-59292,25,13,CNT-8,3
2026-09-23T11:47:14.537807,AV-WEST,Loan & Mortgages,CUST-72888,36,32,CNT-8,2
2026-09-23T11:07:14.537807,AV-WEST,Loan & Mortgages,CUST-66001,40,22,CNT-8,1
2026-09-23T11:57:14.537807,AV-WEST,Loan & Mortgages,CUST-53843,18,28,CNT-2,2
2026-09-23T11:46:14.537807,AV-WEST,Account Opening & KYC,CUST-89670,16,9,CNT-6,4
2026-09-23T11:16:14.537807,AV-WEST,Account Opening & KYC,CUST-15379,24,17,CNT-5,4
2026-09-23T12:55:14.537807,AV-CENTRAL,Wealth & Forex,CUST-70946,18,23,CNT-2,5
2026-09-23T12:59:14.537807,AV-CENTRAL,Wealth & Forex,CUST-32744,17,25,CNT-5,4
2026-09-23T12:24:14.537807,AV-CENTRAL,Loan & Mortgages,CUST-41988,36,34,CNT-8,3
2026-09-23T12:55:14.537807,AV-CENTRAL,Account Opening & KYC,CUST-76102,21,14,CNT-1,4
2026-09-23T12:19:14.537807,AV-CENTRAL,Account Opening & KYC,CUST-96192,13,14,CNT-8,3
2026-09-23T12:16:14.537807,AV-CENTRAL,Account Opening & KYC,CUST-55960,14,14,CNT-2,3
2026-09-23T12:43:14.537807,AV-CENTRAL,Account Opening & KYC,CUST-13508,8,19,CNT-6,3
2026-09-23T12:28:14.537807,AV-CENTRAL,Wealth & Forex,CUST-17371,9,28,CNT-5,3
2026-09-23T12:38:14.537807,AV-CENTRAL,Account Opening & KYC,CUST-66520,20,19,CNT-4,4
2026-09-23T12:09:14.537807,AV-CENTRAL,Loan & Mortgages,CUST-11919,16,25,CNT-8,3
2026-09-23T12:58:14.537807,AV-CENTRAL,Cash & Deposits,CUST-73198,9,4,CNT-6,3
2026-09-23T12:50:14.537807,AV-CENTRAL,Loan & Mortgages,CUST-15851,31,18,CNT-3,4
2026-09-23T12:33:14.537807,AV-CENTRAL,Wealth & Forex,CUST-75293,25,19,CNT-7,2
2026-09-23T12:55:14.537807,AV-CENTRAL,Wealth & Forex,CUST-69679,16,17,CNT-4,3
2026-09-23T12:22:14.537807,AV-CENTRAL,Loan & Mortgages,CUST-70440,36,12,CNT-2,4
2026-09-23T12:39:14.537807,AV-CENTRAL,Loan & Mortgages,CUST-68703,28,13,CNT-6,3
2026-09-23T12:51:14.537807,AV-CENTRAL,Account Opening & KYC,CUST-16739,14,20,CNT-6,3
2026-09-23T12:34:14.537807,AV-CENTRAL,Wealth & Forex,CUST-14753,15,17,CNT-2,2
2026-09-23T12:26:14.537807,AV-CENTRAL,Loan & Mortgages,CUST-74032,32,21,CNT-3,3
2026-09-23T12:17:14.537807,AV-CENTRAL,Wealth & Forex,CUST-97021,19,19,CNT-3,3
2026-09-23T12:39:14.537807,AV-CENTRAL,Account Opening & KYC,CUST-21504,22,19,CNT-4,2
2026-09-23T12:07:14.537807,AV-CENTRAL,Account Opening & KYC,CUST-22479,15,17,CNT-1,3
2026-09-23T12:03:14.537807,AV-CENTRAL,Account Opening & KYC,CUST-77526,27,11,CNT-5,3
2026-09-23T12:46:14.537807,AV-CENTRAL,Account Opening & KYC,CUST-69043,27,16,CNT-2,4
2026-09-23T12:27:14.537807,AV-CENTRAL,Wealth & Forex,CUST-68982,11,5,CNT-6,2
2026-09-23T12:22:14.537807,AV-CENTRAL,Account Opening & KYC,CUST-79581,26,14,CNT-2,3
2026-09-23T12:06:14.537807,AV-CENTRAL,Cash & Deposits,CUST-71227,7,5,CNT-7,4
2026-09-23T12:56:14.537807,AV-CENTRAL,Cash & Deposits,CUST-33721,2,3,CNT-6,5
2026-09-23T12:47:14.537807,AV-CENTRAL,Account Opening & KYC,CUST-81176,17,12,CNT-4,5
2026-09-23T12:04:14.537807,AV-CENTRAL,Account Opening & KYC,CUST-63642,26,17,CNT-3,3
2026-09-23T12:17:14.537807,AV-CENTRAL,Cash & Deposits,CUST-59273,2,6,CNT-5,3
2026-09-23T12:45:14.537807,AV-NORTH,Account Opening & KYC,CUST-97486,18,22,CNT-8,3
2026-09-23T12:42:14.537807,AV-NORTH,Loan & Mortgages,CUST-43408,29,21,CNT-3,2
2026-09-23T12:59:14.537807,AV-NORTH,Wealth & Forex,CUST-76473,9,18,CNT-8,2
2026-09-23T12:59:14.537807,AV-NORTH,Wealth & Forex,CUST-97452,18,9,CNT-1,2
2026-09-23T12:57:14.537807,AV-NORTH,Loan & Mortgages,CUST-71179,26,29,CNT-8,3
2026-09-23T12:31:14.537807,AV-NORTH,Loan & Mortgages,CUST-27973,20,17,CNT-1,3
2026-09-23T12:16:14.537807,AV-NORTH,Wealth & Forex,CUST-91371,4,11,CNT-4,2
2026-09-23T12:48:14.537807,AV-NORTH,Wealth & Forex,CUST-52396,12,12,CNT-8,3
2026-09-23T12:36:14.537807,AV-NORTH,Wealth & Forex,CUST-52177,12,10,CNT-7,3
2026-09-23T12:30:14.537807,AV-NORTH,Account Opening & KYC,CUST-78144,17,17,CNT-8,1
2026-09-23T12:08:14.537807,AV-NORTH,Cash & Deposits,CUST-48991,5,5,CNT-1,4
2026-09-23T12:49:14.537807,AV-NORTH,Loan & Mortgages,CUST-68501,27,15,CNT-5,4
2026-09-23T12:02:14.537807,AV-NORTH,Loan & Mortgages,CUST-96944,24,17,CNT-1,2
2026-09-23T12:39:14.537807,AV-NORTH,Cash & Deposits,CUST-46067,2,3,CNT-6,3
2026-09-23T12:57:14.537807,AV-NORTH,Loan & Mortgages,CUST-50075,33,18,CNT-1,2
2026-09-23T12:58:14.537807,AV-NORTH,Loan & Mortgages,CUST-87120,21,17,CNT-7,3
2026-09-23T12:12:14.537807,AV-NORTH,Wealth & Forex,CUST-46604,8,21,CNT-5,4
2026-09-23T12:00:14.537807,AV-NORTH,Account Opening & KYC,CUST-49489,20,15,CNT-3,3
2026-09-23T12:52:14.537807,AV-WEST,Account Opening & KYC,CUST-60493,25,20,CNT-3,4
2026-09-23T12:08:14.537807,AV-WEST,Wealth & Forex,CUST-21811,6,22,CNT-3,3
2026-09-23T12:28:14.537807,AV-WEST,Loan & Mortgages,CUST-56274,30,15,CNT-4,3
2026-09-23T12:15:14.537807,AV-WEST,Cash & Deposits,CUST-89443,11,4,CNT-5,3
2026-09-23T12:10:14.537807,AV-WEST,Account Opening & KYC,CUST-15115,20,15,CNT-6,2
2026-09-23T12:32:14.537807,AV-WEST,Cash & Deposits,CUST-30426,5,6,CNT-1,3
2026-09-23T12:57:14.537807,AV-WEST,Wealth & Forex,CUST-76365,7,15,CNT-1,4
2026-09-23T12:52:14.537807,AV-WEST,Wealth & Forex,CUST-32204,19,21,CNT-4,3
2026-09-23T12:10:14.537807,AV-WEST,Account Opening & KYC,CUST-40459,12,26,CNT-6,3
2026-09-23T12:16:14.537807,AV-WEST,Wealth & Forex,CUST-91010,15,26,CNT-6,5
2026-09-23T12:40:14.537807,AV-WEST,Wealth & Forex,CUST-36418,24,20,CNT-1,3
2026-09-23T12:49:14.537807,AV-WEST,Cash & Deposits,CUST-80076,2,8,CNT-1,3
2026-09-23T12:49:14.537807,AV-WEST,Loan & Mortgages,CUST-65048,27,23,CNT-2,3
2026-09-23T12:44:14.537807,AV-WEST,Loan & Mortgages,CUST-17956,19,13,CNT-1,2
2026-09-23T12:30:14.537807,AV-WEST,Account Opening & KYC,CUST-21401,16,18,CNT-6,3
2026-09-23T12:21:14.537807,AV-WEST,Loan & Mortgages,CUST-39188,23,16,CNT-4,3
2026-09-23T12:37:14.537807,AV-WEST,Loan & Mortgages,CUST-21447,27,34,CNT-5,3
2026-09-23T12:09:14.537807,AV-WEST,Cash & Deposits,CUST-68034,8,4,CNT-1,3
2026-09-23T12:55:14.537807,AV-WEST,Wealth & Forex,CUST-53287,11,21,CNT-4,4
2026-09-23T12:09:14.537807,AV-WEST,Wealth & Forex,CUST-57559,20,22,CNT-5,3
2026-09-23T12:40:14.537807,AV-WEST,Wealth & Forex,CUST-36309,13,17,CNT-5,4
2026-09-23T12:32:14.537807,AV-WEST,Loan & Mortgages,CUST-82043,24,30,CNT-6,3
2026-09-23T12:39:14.537807,AV-WEST,Loan & Mortgages,CUST-95365,20,24,CNT-4,4
2026-09-23T12:48:14.537807,AV-WEST,Cash & Deposits,CUST-69362,2,3,CNT-4,4
2026-09-23T12:23:14.537807,AV-WEST,Loan & Mortgages,CUST-25459,26,31,CNT-8,3
2026-09-23T12:08:14.537807,AV-WEST,Account Opening & KYC,CUST-64106,16,17,CNT-4,4
2026-09-23T13:57:14.537807,AV-CENTRAL,Loan & Mortgages,CUST-53241,37,24,CNT-6,3
2026-09-23T13:07:14.537807,AV-CENTRAL,Wealth & Forex,CUST-84175,4,24,CNT-2,3
2026-09-23T13:37:14.537807,AV-CENTRAL,Loan & Mortgages,CUST-23332,45,18,CNT-2,2
2026-09-23T13:09:14.537807,AV-CENTRAL,Account Opening & KYC,CUST-66464,25,11,CNT-4,2
2026-09-23T13:22:14.537807,AV-CENTRAL,Cash & Deposits,CUST-78120,5,3,CNT-6,4
2026-09-23T13:55:14.537807,AV-CENTRAL,Loan & Mortgages,CUST-83195,26,31,CNT-6,2
2026-09-23T13:38:14.537807,AV-CENTRAL,Cash & Deposits,CUST-56108,4,8,CNT-8,2
2026-09-23T13:34:14.537807,AV-CENTRAL,Account Opening & KYC,CUST-99473,18,13,CNT-7,3
2026-09-23T13:06:14.537807,AV-CENTRAL,Cash & Deposits,CUST-48589,6,3,CNT-8,4
2026-09-23T13:04:14.537807,AV-CENTRAL,Wealth & Forex,CUST-98472,11,12,CNT-2,3
2026-09-23T13:08:14.537807,AV-CENTRAL,Wealth & Forex,CUST-18989,11,17,CNT-1,3
2026-09-23T13:43:14.537807,AV-CENTRAL,Cash & Deposits,CUST-91827,6,6,CNT-1,5
2026-09-23T13:53:14.537807,AV-CENTRAL,Account Opening & KYC,CUST-74883,21,16,CNT-2,3
2026-09-23T13:59:14.537807,AV-CENTRAL,Wealth & Forex,CUST-52550,19,19,CNT-8,4
2026-09-23T13:06:14.537807,AV-CENTRAL,Cash & Deposits,CUST-40712,3,3,CNT-6,3
2026-09-23T13:32:14.537807,AV-CENTRAL,Cash & Deposits,CUST-91850,2,5,CNT-3,3
2026-09-23T13:07:14.537807,AV-CENTRAL,Loan & Mortgages,CUST-48211,29,21,CNT-6,3
2026-09-23T13:29:14.537807,AV-CENTRAL,Loan & Mortgages,CUST-44435,31,23,CNT-7,2
2026-09-23T13:36:14.537807,AV-CENTRAL,Cash & Deposits,CUST-11030,7,7,CNT-2,3
2026-09-23T13:53:14.537807,AV-CENTRAL,Loan & Mortgages,CUST-73701,27,24,CNT-4,3
2026-09-23T13:37:14.537807,AV-CENTRAL,Wealth & Forex,CUST-25455,26,22,CNT-1,3
2026-09-23T13:06:14.537807,AV-CENTRAL,Wealth & Forex,CUST-25822,19,9,CNT-7,4
2026-09-23T13:18:14.537807,AV-CENTRAL,Loan & Mortgages,CUST-56312,25,22,CNT-3,2
2026-09-23T13:33:14.537807,AV-CENTRAL,Wealth & Forex,CUST-99416,16,18,CNT-6,4
2026-09-23T13:34:14.537807,AV-CENTRAL,Wealth & Forex,CUST-41583,17,20,CNT-1,2
2026-09-23T13:22:14.537807,AV-CENTRAL,Wealth & Forex,CUST-17640,20,11,CNT-2,3
2026-09-23T13:59:14.537807,AV-CENTRAL,Wealth & Forex,CUST-20394,7,14,CNT-6,3
2026-09-23T13:43:14.537807,AV-CENTRAL,Loan & Mortgages,CUST-88532,28,32,CNT-5,4
2026-09-23T13:08:14.537807,AV-CENTRAL,Cash & Deposits,CUST-92211,2,4,CNT-3,4
2026-09-23T13:16:14.537807,AV-CENTRAL,Loan & Mortgages,CUST-70875,22,27,CNT-2,2
2026-09-23T13:25:14.537807,AV-CENTRAL,Loan & Mortgages,CUST-38416,35,27,CNT-8,2
2026-09-23T13:15:14.537807,AV-CENTRAL,Account Opening & KYC,CUST-83560,17,15,CNT-7,1
2026-09-23T13:53:14.537807,AV-CENTRAL,Loan & Mortgages,CUST-22176,19,27,CNT-5,3
2026-09-23T13:17:14.537807,AV-CENTRAL,Cash & Deposits,CUST-94215,5,6,CNT-2,4
2026-09-23T13:04:14.537807,AV-CENTRAL,Loan & Mortgages,CUST-74151,26,9,CNT-1,2
2026-09-23T13:42:14.537807,AV-NORTH,Account Opening & KYC,CUST-15154,15,13,CNT-3,4
2026-09-23T13:03:14.537807,AV-NORTH,Cash & Deposits,CUST-65948,7,7,CNT-5,3
2026-09-23T13:48:14.537807,AV-NORTH,Wealth & Forex,CUST-50473,17,15,CNT-8,3
2026-09-23T13:25:14.537807,AV-NORTH,Account Opening & KYC,CUST-93644,20,17,CNT-4,3
2026-09-23T13:16:14.537807,AV-NORTH,Cash & Deposits,CUST-40904,2,7,CNT-3,3
2026-09-23T13:50:14.537807,AV-NORTH,Cash & Deposits,CUST-56893,6,4,CNT-8,2
2026-09-23T13:23:14.537807,AV-NORTH,Loan & Mortgages,CUST-79821,41,13,CNT-3,3
2026-09-23T13:02:14.537807,AV-NORTH,Cash & Deposits,CUST-51112,10,3,CNT-3,4
2026-09-23T13:49:14.537807,AV-NORTH,Cash & Deposits,CUST-65493,5,7,CNT-3,3
2026-09-23T13:34:14.537807,AV-NORTH,Account Opening & KYC,CUST-49374,16,14,CNT-5,2
2026-09-23T13:40:14.537807,AV-NORTH,Loan & Mortgages,CUST-63651,28,26,CNT-1,3
2026-09-23T13:59:14.537807,AV-NORTH,Cash & Deposits,CUST-61030,13,8,CNT-7,4
2026-09-23T13:35:14.537807,AV-NORTH,Wealth & Forex,CUST-31358,13,9,CNT-4,3
2026-09-23T13:12:14.537807,AV-NORTH,Account Opening & KYC,CUST-10735,12,13,CNT-3,3
2026-09-23T13:47:14.537807,AV-NORTH,Cash & Deposits,CUST-10472,5,6,CNT-2,2
2026-09-23T13:04:14.537807,AV-NORTH,Loan & Mortgages,CUST-68884,21,30,CNT-7,3
2026-09-23T13:01:14.537807,AV-NORTH,Loan & Mortgages,CUST-49382,35,14,CNT-3,3
2026-09-23T13:30:14.537807,AV-WEST,Wealth & Forex,CUST-71375,10,18,CNT-1,3
2026-09-23T13:30:14.537807,AV-WEST,Cash & Deposits,CUST-22224,5,3,CNT-4,3
2026-09-23T13:41:14.537807,AV-WEST,Account Opening & KYC,CUST-53578,13,13,CNT-3,2
2026-09-23T13:03:14.537807,AV-WEST,Loan & Mortgages,CUST-25370,28,8,CNT-8,3
2026-09-23T13:21:14.537807,AV-WEST,Wealth & Forex,CUST-87756,13,20,CNT-5,4
2026-09-23T13:39:14.537807,AV-WEST,Cash & Deposits,CUST-86768,3,4,CNT-5,4
2026-09-23T13:37:14.537807,AV-WEST,Cash & Deposits,CUST-27505,8,5,CNT-4,3
2026-09-23T13:31:14.537807,AV-WEST,Cash & Deposits,CUST-73001,8,3,CNT-5,2
2026-09-23T13:08:14.537807,AV-WEST,Wealth & Forex,CUST-67876,10,19,CNT-7,5
2026-09-23T13:48:14.537807,AV-WEST,Loan & Mortgages,CUST-26448,37,22,CNT-5,2
2026-09-23T13:12:14.537807,AV-WEST,Cash & Deposits,CUST-38882,3,5,CNT-2,3
2026-09-23T13:37:14.537807,AV-WEST,Wealth & Forex,CUST-95537,6,7,CNT-6,2
2026-09-23T13:15:14.537807,AV-WEST,Account Opening & KYC,CUST-24520,20,22,CNT-2,3
2026-09-23T13:31:14.537807,AV-WEST,Wealth & Forex,CUST-71749,11,18,CNT-7,3
2026-09-23T13:05:14.537807,AV-WEST,Cash & Deposits,CUST-38316,5,4,CNT-5,3
2026-09-23T13:33:14.537807,AV-WEST,Loan & Mortgages,CUST-16311,29,18,CNT-4,2
2026-09-23T13:51:14.537807,AV-WEST,Wealth & Forex,CUST-13337,18,16,CNT-5,3
2026-09-23T13:55:14.537807,AV-WEST,Account Opening & KYC,CUST-26387,12,21,CNT-1,3
2026-09-23T13:19:14.537807,AV-WEST,Cash & Deposits,CUST-30130,4,3,CNT-8,3
2026-09-23T13:12:14.537807,AV-WEST,Account Opening & KYC,CUST-44234,25,11,CNT-1,2
2026-09-23T13:04:14.537807,AV-WEST,Wealth & Forex,CUST-25478,6,18,CNT-6,5
2026-09-23T13:57:14.537807,AV-WEST,Account Opening & KYC,CUST-68705,23,16,CNT-6,2
2026-09-23T13:13:14.537807,AV-WEST,Cash & Deposits,CUST-82352,7,5,CNT-4,3
2026-09-23T14:04:14.537807,AV-CENTRAL,Account Opening & KYC,CUST-53823,22,21,CNT-5,4
2026-09-23T14:05:14.537807,AV-CENTRAL,Account Opening & KYC,CUST-87452,17,16,CNT-3,3
2026-09-23T14:46:14.537807,AV-CENTRAL,Wealth & Forex,CUST-62593,14,13,CNT-7,4
2026-09-23T14:31:14.537807,AV-CENTRAL,Wealth & Forex,CUST-51350,23,20,CNT-5,3
2026-09-23T14:36:14.537807,AV-CENTRAL,Wealth & Forex,CUST-78918,21,17,CNT-5,4
2026-09-23T14:51:14.537807,AV-CENTRAL,Cash & Deposits,CUST-28709,5,6,CNT-8,3
2026-09-23T14:12:14.537807,AV-CENTRAL,Account Opening & KYC,CUST-64938,17,13,CNT-2,2
2026-09-23T14:23:14.537807,AV-CENTRAL,Loan & Mortgages,CUST-81869,22,40,CNT-2,3
2026-09-23T14:40:14.537807,AV-CENTRAL,Wealth & Forex,CUST-99209,8,16,CNT-7,3
2026-09-23T14:13:14.537807,AV-CENTRAL,Loan & Mortgages,CUST-11843,39,19,CNT-3,2
2026-09-23T14:35:14.537807,AV-CENTRAL,Account Opening & KYC,CUST-31619,14,6,CNT-6,4
2026-09-23T14:17:14.537807,AV-CENTRAL,Wealth & Forex,CUST-45909,17,11,CNT-2,3
2026-09-23T14:25:14.537807,AV-CENTRAL,Cash & Deposits,CUST-45126,7,5,CNT-6,3
2026-09-23T14:48:14.537807,AV-CENTRAL,Wealth & Forex,CUST-70916,8,20,CNT-1,4
2026-09-23T14:10:14.537807,AV-CENTRAL,Loan & Mortgages,CUST-30026,31,26,CNT-5,3
2026-09-23T14:10:14.537807,AV-CENTRAL,Loan & Mortgages,CUST-11666,23,14,CNT-6,3
2026-09-23T14:04:14.537807,AV-CENTRAL,Account Opening & KYC,CUST-34849,13,13,CNT-4,4
2026-09-23T14:33:14.537807,AV-CENTRAL,Loan & Mortgages,CUST-21744,28,24,CNT-8,1
2026-09-23T14:03:14.537807,AV-CENTRAL,Loan & Mortgages,CUST-99768,28,38,CNT-8,2
2026-09-23T14:34:14.537807,AV-CENTRAL,Account Opening & KYC,CUST-82614,13,18,CNT-3,3
2026-09-23T14:53:14.537807,AV-CENTRAL,Cash & Deposits,CUST-25458,5,6,CNT-5,3
2026-09-23T14:26:14.537807,AV-CENTRAL,Cash & Deposits,CUST-84240,2,6,CNT-4,3
2026-09-23T14:26:14.537807,AV-CENTRAL,Cash & Deposits,CUST-44224,5,5,CNT-7,4
2026-09-23T14:11:14.537807,AV-CENTRAL,Loan & Mortgages,CUST-76681,22,22,CNT-7,4
2026-09-23T14:33:14.537807,AV-CENTRAL,Wealth & Forex,CUST-87636,25,11,CNT-3,3
2026-09-23T14:47:14.537807,AV-CENTRAL,Loan & Mortgages,CUST-59305,41,22,CNT-1,3
2026-09-23T14:21:14.537807,AV-CENTRAL,Account Opening & KYC,CUST-12744,15,16,CNT-6,3
2026-09-23T14:17:14.537807,AV-CENTRAL,Loan & Mortgages,CUST-64037,29,15,CNT-7,4
2026-09-23T14:57:14.537807,AV-NORTH,Wealth & Forex,CUST-88899,14,12,CNT-1,3
2026-09-23T14:08:14.537807,AV-NORTH,Cash & Deposits,CUST-19696,4,4,CNT-7,3
2026-09-23T14:27:14.537807,AV-NORTH,Account Opening & KYC,CUST-49870,22,15,CNT-2,3
2026-09-23T14:48:14.537807,AV-NORTH,Cash & Deposits,CUST-28811,3,3,CNT-4,3
2026-09-23T14:22:14.537807,AV-NORTH,Loan & Mortgages,CUST-56802,28,21,CNT-8,4
2026-09-23T14:00:14.537807,AV-NORTH,Wealth & Forex,CUST-12477,6,20,CNT-1,4
2026-09-23T14:08:14.537807,AV-NORTH,Wealth & Forex,CUST-32023,15,27,CNT-7,3
2026-09-23T14:20:14.537807,AV-NORTH,Cash & Deposits,CUST-25864,3,3,CNT-7,3
2026-09-23T14:43:14.537807,AV-NORTH,Cash & Deposits,CUST-31507,3,3,CNT-6,3
2026-09-23T14:19:14.537807,AV-NORTH,Cash & Deposits,CUST-22497,3,6,CNT-6,4
2026-09-23T14:53:14.537807,AV-NORTH,Wealth & Forex,CUST-49530,8,22,CNT-1,4
2026-09-23T14:51:14.537807,AV-WEST,Loan & Mortgages,CUST-24746,32,18,CNT-1,4
2026-09-23T14:17:14.537807,AV-WEST,Cash & Deposits,CUST-20714,3,5,CNT-8,4
2026-09-23T14:21:14.537807,AV-WEST,Wealth & Forex,CUST-15586,24,17,CNT-3,3
2026-09-23T14:24:14.537807,AV-WEST,Account Opening & KYC,CUST-44856,17,15,CNT-6,4
2026-09-23T14:24:14.537807,AV-WEST,Cash & Deposits,CUST-60582,10,9,CNT-6,3
2026-09-23T14:19:14.537807,AV-WEST,Cash & Deposits,CUST-48855,8,9,CNT-8,2
2026-09-23T14:43:14.537807,AV-WEST,Account Opening & KYC,CUST-55868,13,11,CNT-3,2
2026-09-23T14:30:14.537807,AV-WEST,Wealth & Forex,CUST-44259,17,13,CNT-2,4
2026-09-23T14:38:14.537807,AV-WEST,Account Opening & KYC,CUST-20326,14,14,CNT-6,3
2026-09-23T14:45:14.537807,AV-WEST,Cash & Deposits,CUST-97251,8,4,CNT-5,4
2026-09-23T14:27:14.537807,AV-WEST,Loan & Mortgages,CUST-58983,12,26,CNT-3,3
2026-09-23T14:27:14.537807,AV-WEST,Account Opening & KYC,CUST-39531,15,16,CNT-8,3
2026-09-23T14:49:14.537807,AV-WEST,Cash & Deposits,CUST-12877,6,4,CNT-5,4
2026-09-23T14:09:14.537807,AV-WEST,Wealth & Forex,CUST-78205,12,20,CNT-6,4
2026-09-23T14:57:14.537807,AV-WEST,Loan & Mortgages,CUST-32027,27,38,CNT-8,3
2026-09-23T14:48:14.537807,AV-WEST,Wealth & Forex,CUST-28133,15,24,CNT-2,2
2026-09-23T14:43:14.537807,AV-WEST,Account Opening & KYC,CUST-80437,12,13,CNT-6,3
2026-09-23T14:29:14.537807,AV-WEST,Wealth & Forex,CUST-96871,17,10,CNT-3,4
2026-09-23T14:30:14.537807,AV-WEST,Cash & Deposits,CUST-42454,2,7,CNT-6,4
2026-09-23T14:23:14.537807,AV-WEST,Wealth & Forex,CUST-28014,22,26,CNT-6,4
2026-09-23T15:37:14.537807,AV-CENTRAL,Account Opening & KYC,CUST-11752,16,14,CNT-1,4
2026-09-23T15:24:14.537807,AV-CENTRAL,Account Opening & KYC,CUST-46596,11,17,CNT-1,4
2026-09-23T15:45:14.537807,AV-CENTRAL,Loan & Mortgages,CUST-45951,28,27,CNT-2,3
2026-09-23T15:43:14.537807,AV-CENTRAL,Account Opening & KYC,CUST-47906,9,16,CNT-6,3
2026-09-23T15:30:14.537807,AV-CENTRAL,Account Opening & KYC,CUST-78569,18,19,CNT-4,3
2026-09-23T15:03:14.537807,AV-CENTRAL,Cash & Deposits,CUST-76862,3,7,CNT-6,3
2026-09-23T15:53:14.537807,AV-CENTRAL,Cash & Deposits,CUST-69913,2,3,CNT-4,3
2026-09-23T15:25:14.537807,AV-CENTRAL,Wealth & Forex,CUST-41356,2,19,CNT-6,4
2026-09-23T15:31:14.537807,AV-CENTRAL,Loan & Mortgages,CUST-50416,45,21,CNT-6,2
2026-09-23T15:27:14.537807,AV-CENTRAL,Loan & Mortgages,CUST-35444,31,25,CNT-7,3
2026-09-23T15:03:14.537807,AV-CENTRAL,Loan & Mortgages,CUST-93667,21,23,CNT-2,3
2026-09-23T15:35:14.537807,AV-CENTRAL,Cash & Deposits,CUST-95177,6,5,CNT-4,5
2026-09-23T15:28:14.537807,AV-CENTRAL,Wealth & Forex,CUST-18183,11,18,CNT-6,2
2026-09-23T15:28:14.537807,AV-CENTRAL,Loan & Mortgages,CUST-31687,22,28,CNT-3,3
2026-09-23T15:41:14.537807,AV-CENTRAL,Cash & Deposits,CUST-36533,2,8,CNT-7,3
2026-09-23T15:11:14.537807,AV-CENTRAL,Loan & Mortgages,CUST-59627,30,40,CNT-6,1
2026-09-23T15:10:14.537807,AV-NORTH,Account Opening & KYC,CUST-39807,27,14,CNT-2,4
2026-09-23T15:03:14.537807,AV-NORTH,Account Opening & KYC,CUST-46386,15,16,CNT-4,3
2026-09-23T15:38:14.537807,AV-NORTH,Account Opening & KYC,CUST-87440,24,11,CNT-2,3
2026-09-23T15:43:14.537807,AV-WEST,Loan & Mortgages,CUST-63991,23,21,CNT-8,3
2026-09-23T15:45:14.537807,AV-WEST,Loan & Mortgages,CUST-85565,32,25,CNT-4,3
2026-09-23T15:58:14.537807,AV-WEST,Account Opening & KYC,CUST-75209,25,22,CNT-6,3
2026-09-23T15:16:14.537807,AV-WEST,Loan & Mortgages,CUST-10225,30,39,CNT-4,1
2026-09-23T15:17:14.537807,AV-WEST,Loan & Mortgages,CUST-42720,34,25,CNT-1,3
2026-09-23T15:11:14.537807,AV-WEST,Cash & Deposits,CUST-59707,6,4,CNT-3,2
2026-09-23T15:30:14.537807,AV-WEST,Wealth & Forex,CUST-81326,14,16,CNT-4,4
2026-09-23T16:16:14.537807,AV-CENTRAL,Account Opening & KYC,CUST-32992,21,14,CNT-5,2
2026-09-23T16:17:14.537807,AV-CENTRAL,Loan & Mortgages,CUST-45587,22,29,CNT-6,2
2026-09-23T16:51:14.537807,AV-CENTRAL,Wealth & Forex,CUST-27591,17,24,CNT-2,3
2026-09-23T16:13:14.537807,AV-CENTRAL,Cash & Deposits,CUST-58629,7,6,CNT-1,4
2026-09-23T16:45:14.537807,AV-CENTRAL,Cash & Deposits,CUST-17337,5,5,CNT-5,3
2026-09-23T16:18:14.537807,AV-CENTRAL,Wealth & Forex,CUST-20516,11,25,CNT-1,4
2026-09-23T16:13:14.537807,AV-CENTRAL,Cash & Deposits,CUST-53278,4,8,CNT-8,3
2026-09-23T16:52:14.537807,AV-CENTRAL,Wealth & Forex,CUST-35496,29,20,CNT-4,2
2026-09-23T16:14:14.537807,AV-CENTRAL,Wealth & Forex,CUST-17935,13,16,CNT-2,4
2026-09-23T16:13:14.537807,AV-CENTRAL,Account Opening & KYC,CUST-93312,23,11,CNT-7,3
2026-09-23T16:34:14.537807,AV-CENTRAL,Account Opening & KYC,CUST-63368,17,11,CNT-3,3
2026-09-23T16:03:14.537807,AV-CENTRAL,Cash & Deposits,CUST-34264,2,4,CNT-6,4
2026-09-23T16:24:14.537807,AV-CENTRAL,Wealth & Forex,CUST-37396,20,10,CNT-7,2
2026-09-23T16:02:14.537807,AV-CENTRAL,Cash & Deposits,CUST-56936,6,5,CNT-4,4
2026-09-23T16:33:14.537807,AV-CENTRAL,Wealth & Forex,CUST-52657,11,12,CNT-2,2
2026-09-23T16:03:14.537807,AV-CENTRAL,Account Opening & KYC,CUST-53522,17,16,CNT-4,3
2026-09-23T16:44:14.537807,AV-NORTH,Wealth & Forex,CUST-14980,32,19,CNT-2,3
2026-09-23T16:05:14.537807,AV-NORTH,Loan & Mortgages,CUST-79633,12,25,CNT-2,4
2026-09-23T16:16:14.537807,AV-NORTH,Cash & Deposits,CUST-36091,4,6,CNT-1,4
2026-09-23T16:03:14.537807,AV-NORTH,Cash & Deposits,CUST-55117,9,6,CNT-8,3
2026-09-23T16:13:14.537807,AV-NORTH,Account Opening & KYC,CUST-22111,16,15,CNT-5,3
2026-09-23T16:30:14.537807,AV-NORTH,Loan & Mortgages,CUST-21917,39,30,CNT-1,4
2026-09-23T16:07:14.537807,AV-NORTH,Loan & Mortgages,CUST-81912,31,21,CNT-6,3
2026-09-23T16:25:14.537807,AV-NORTH,Loan & Mortgages,CUST-97781,30,25,CNT-3,3
2026-09-23T16:35:14.537807,AV-NORTH,Cash & Deposits,CUST-25397,5,5,CNT-4,3
2026-09-23T16:58:14.537807,AV-NORTH,Loan & Mortgages,CUST-57386,14,32,CNT-8,2
2026-09-23T16:05:14.537807,AV-NORTH,Loan & Mortgages,CUST-61660,28,26,CNT-4,2
2026-09-23T16:28:14.537807,AV-WEST,Cash & Deposits,CUST-66143,10,3,CNT-2,4
2026-09-23T16:54:14.537807,AV-WEST,Loan & Mortgages,CUST-85568,33,23,CNT-1,4
2026-09-23T16:37:14.537807,AV-WEST,Cash & Deposits,CUST-65724,6,5,CNT-7,4
2026-09-23T16:53:14.537807,AV-WEST,Loan & Mortgages,CUST-38990,16,28,CNT-3,2
2026-09-23T16:49:14.537807,AV-WEST,Wealth & Forex,CUST-14822,21,24,CNT-5,2
2026-09-23T16:20:14.537807,AV-WEST,Wealth & Forex,CUST-39497,8,17,CNT-4,2
2026-09-23T16:06:14.537807,AV-WEST,Wealth & Forex,CUST-82314,20,22,CNT-1,3
2026-09-23T16:10:14.537807,AV-WEST,Loan & Mortgages,CUST-80658,10,24,CNT-4,5
2026-09-23T16:17:14.537807,AV-WEST,Loan & Mortgages,CUST-85036,34,20,CNT-2,2
2026-09-23T16:03:14.537807,AV-WEST,Cash & Deposits,CUST-84498,9,9,CNT-3,3
2026-09-23T16:16:14.537807,AV-WEST,Cash & Deposits,CUST-32649,3,5,CNT-1,4
2026-09-24T09:15:14.537807,AV-CENTRAL,Wealth & Forex,CUST-55327,15,19,CNT-3,3
2026-09-24T09:19:14.537807,AV-CENTRAL,Cash & Deposits,CUST-60922,8,7,CNT-8,3
2026-09-24T09:06:14.537807,AV-CENTRAL,Wealth & Forex,CUST-45516,13,9,CNT-1,3
2026-09-24T09:24:14.537807,AV-CENTRAL,Wealth & Forex,CUST-73525,9,16,CNT-7,3
2026-09-24T09:52:14.537807,AV-CENTRAL,Wealth & Forex,CUST-51223,19,16,CNT-4,3
2026-09-24T09:19:14.537807,AV-CENTRAL,Loan & Mortgages,CUST-61458,34,26,CNT-4,2
2026-09-24T09:11:14.537807,AV-CENTRAL,Loan & Mortgages,CUST-45071,8,27,CNT-1,4
2026-09-24T09:38:14.537807,AV-CENTRAL,Loan & Mortgages,CUST-31645,16,16,CNT-2,5
2026-09-24T09:38:14.537807,AV-CENTRAL,Loan & Mortgages,CUST-17459,32,17,CNT-8,3
2026-09-24T09:03:14.537807,AV-CENTRAL,Loan & Mortgages,CUST-91835,28,16,CNT-7,3
2026-09-24T09:51:14.537807,AV-CENTRAL,Loan & Mortgages,CUST-42433,27,14,CNT-2,3
2026-09-24T09:53:14.537807,AV-CENTRAL,Account Opening & KYC,CUST-24010,21,18,CNT-7,4
2026-09-24T09:17:14.537807,AV-NORTH,Account Opening & KYC,CUST-42897,21,14,CNT-2,2
2026-09-24T09:56:14.537807,AV-NORTH,Loan & Mortgages,CUST-50377,27,31,CNT-6,3
2026-09-24T09:59:14.537807,AV-NORTH,Account Opening & KYC,CUST-21288,11,17,CNT-2,4
2026-09-24T09:47:14.537807,AV-NORTH,Account Opening & KYC,CUST-90433,15,13,CNT-2,3
2026-09-24T09:20:14.537807,AV-NORTH,Cash & Deposits,CUST-14387,8,9,CNT-6,4
2026-09-24T09:48:14.537807,AV-NORTH,Cash & Deposits,CUST-38164,9,6,CNT-8,3
2026-09-24T09:52:14.537807,AV-NORTH,Wealth & Forex,CUST-12074,7,18,CNT-5,3
2026-09-24T09:33:14.537807,AV-NORTH,Wealth & Forex,CUST-45310,12,22,CNT-4,4
2026-09-24T09:39:14.537807,AV-NORTH,Loan & Mortgages,CUST-65335,32,21,CNT-5,3
2026-09-24T09:56:14.537807,AV-NORTH,Cash & Deposits,CUST-70707,6,3,CNT-3,4
2026-09-24T09:10:14.537807,AV-WEST,Cash & Deposits,CUST-82866,3,5,CNT-7,4
2026-09-24T09:32:14.537807,AV-WEST,Cash & Deposits,CUST-87308,7,3,CNT-6,3
2026-09-24T09:13:14.537807,AV-WEST,Wealth & Forex,CUST-26558,17,14,CNT-1,3
2026-09-24T09:33:14.537807,AV-WEST,Cash & Deposits,CUST-54833,2,6,CNT-5,3
2026-09-24T09:35:14.537807,AV-WEST,Cash & Deposits,CUST-18556,2,3,CNT-7,5
2026-09-24T09:38:14.537807,AV-WEST,Wealth & Forex,CUST-34593,23,19,CNT-8,3
2026-09-24T09:54:14.537807,AV-WEST,Cash & Deposits,CUST-58473,7,3,CNT-7,4
2026-09-24T09:46:14.537807,AV-WEST,Account Opening & KYC,CUST-71252,17,16,CNT-5,4
2026-09-24T10:43:14.537807,AV-CENTRAL,Account Opening & KYC,CUST-38827,17,23,CNT-8,3
2026-09-24T10:48:14.537807,AV-CENTRAL,Account Opening & KYC,CUST-61466,17,25,CNT-7,2
2026-09-24T10:32:14.537807,AV-CENTRAL,Loan & Mortgages,CUST-95204,25,26,CNT-3,3
2026-09-24T10:25:14.537807,AV-CENTRAL,Account Opening & KYC,CUST-89426,23,10,CNT-8,4
2026-09-24T10:31:14.537807,AV-CENTRAL,Loan & Mortgages,CUST-11870,42,27,CNT-4,2
2026-09-24T10:19:14.537807,AV-CENTRAL,Account Opening & KYC,CUST-70177,20,22,CNT-7,3
2026-09-24T10:33:14.537807,AV-CENTRAL,Wealth & Forex,CUST-54764,14,14,CNT-7,3
2026-09-24T10:50:14.537807,AV-CENTRAL,Loan & Mortgages,CUST-72773,36,22,CNT-3,2
2026-09-24T10:20:14.537807,AV-CENTRAL,Account Opening & KYC,CUST-22021,20,10,CNT-3,2
2026-09-24T10:10:14.537807,AV-CENTRAL,Wealth & Forex,CUST-62337,16,21,CNT-7,3
2026-09-24T10:37:14.537807,AV-CENTRAL,Wealth & Forex,CUST-98877,6,19,CNT-8,4
2026-09-24T10:58:14.537807,AV-CENTRAL,Cash & Deposits,CUST-73134,9,7,CNT-5,3
2026-09-24T10:34:14.537807,AV-CENTRAL,Cash & Deposits,CUST-86922,6,3,CNT-6,5
2026-09-24T10:35:14.537807,AV-CENTRAL,Loan & Mortgages,CUST-92498,26,22,CNT-6,4
2026-09-24T10:27:14.537807,AV-CENTRAL,Wealth & Forex,CUST-64336,20,16,CNT-5,3
2026-09-24T10:52:14.537807,AV-CENTRAL,Cash & Deposits,CUST-30600,4,3,CNT-1,4
2026-09-24T10:03:14.537807,AV-CENTRAL,Cash & Deposits,CUST-27560,7,6,CNT-3,3
2026-09-24T10:05:14.537807,AV-CENTRAL,Wealth & Forex,CUST-75150,14,11,CNT-4,3
2026-09-24T10:35:14.537807,AV-CENTRAL,Account Opening & KYC,CUST-97179,14,18,CNT-8,5
2026-09-24T10:08:14.537807,AV-CENTRAL,Cash & Deposits,CUST-70115,7,3,CNT-2,3
2026-09-24T10:36:14.537807,AV-CENTRAL,Wealth & Forex,CUST-73117,20,16,CNT-8,3
2026-09-24T10:54:14.537807,AV-NORTH,Loan & Mortgages,CUST-41958,32,23,CNT-3,4
2026-09-24T10:04:14.537807,AV-NORTH,Cash & Deposits,CUST-89154,4,7,CNT-8,4
2026-09-24T10:16:14.537807,AV-NORTH,Loan & Mortgages,CUST-47409,29,21,CNT-3,1
2026-09-24T10:44:14.537807,AV-NORTH,Cash & Deposits,CUST-42427,5,3,CNT-8,4
2026-09-24T10:34:14.537807,AV-NORTH,Cash & Deposits,CUST-95618,4,7,CNT-4,2
2026-09-24T10:14:14.537807,AV-NORTH,Account Opening & KYC,CUST-39448,18,16,CNT-7,3
2026-09-24T10:22:14.537807,AV-NORTH,Wealth & Forex,CUST-47635,18,13,CNT-6,3
2026-09-24T10:35:14.537807,AV-NORTH,Cash & Deposits,CUST-41668,11,4,CNT-8,4
2026-09-24T10:11:14.537807,AV-NORTH,Cash & Deposits,CUST-43271,7,8,CNT-2,4
2026-09-24T10:51:14.537807,AV-NORTH,Loan & Mortgages,CUST-60662,32,23,CNT-4,2
2026-09-24T10:51:14.537807,AV-WEST,Account Opening & KYC,CUST-19327,24,21,CNT-3,3
2026-09-24T10:58:14.537807,AV-WEST,Loan & Mortgages,CUST-54454,18,24,CNT-3,3
2026-09-24T10:56:14.537807,AV-WEST,Cash & Deposits,CUST-82562,5,3,CNT-6,4
2026-09-24T10:12:14.537807,AV-WEST,Loan & Mortgages,CUST-66870,19,24,CNT-4,3
2026-09-24T10:49:14.537807,AV-WEST,Loan & Mortgages,CUST-38693,23,30,CNT-2,2
2026-09-24T10:26:14.537807,AV-WEST,Account Opening & KYC,CUST-48244,17,14,CNT-7,3
2026-09-24T10:35:14.537807,AV-WEST,Account Opening & KYC,CUST-55733,18,10,CNT-7,3
2026-09-24T10:14:14.537807,AV-WEST,Account Opening & KYC,CUST-35410,16,18,CNT-1,3
2026-09-24T10:21:14.537807,AV-WEST,Loan & Mortgages,CUST-39463,20,23,CNT-8,3
2026-09-24T10:04:14.537807,AV-WEST,Account Opening & KYC,CUST-50332,21,17,CNT-2,3
2026-09-24T10:14:14.537807,AV-WEST,Cash & Deposits,CUST-39236,2,7,CNT-6,4
2026-09-24T10:59:14.537807,AV-WEST,Wealth & Forex,CUST-18475,13,15,CNT-4,4
2026-09-24T10:12:14.537807,AV-WEST,Wealth & Forex,CUST-53269,11,15,CNT-1,4
2026-09-24T10:58:14.537807,AV-WEST,Wealth & Forex,CUST-96064,12,24,CNT-2,4
2026-09-24T10:26:14.537807,AV-WEST,Wealth & Forex,CUST-51249,21,14,CNT-7,4
2026-09-24T10:00:14.537807,AV-WEST,Cash & Deposits,CUST-56413,10,3,CNT-1,2
2026-09-24T10:53:14.537807,AV-WEST,Account Opening & KYC,CUST-29567,19,15,CNT-4,2
2026-09-24T11:03:14.537807,AV-CENTRAL,Cash & Deposits,CUST-62091,7,4,CNT-4,3
2026-09-24T11:12:14.537807,AV-CENTRAL,Wealth & Forex,CUST-80249,13,26,CNT-3,4
2026-09-24T11:49:14.537807,AV-CENTRAL,Wealth & Forex,CUST-97510,2,18,CNT-5,4
2026-09-24T11:36:14.537807,AV-CENTRAL,Cash & Deposits,CUST-75556,5,7,CNT-2,4
2026-09-24T11:20:14.537807,AV-CENTRAL,Account Opening & KYC,CUST-51743,20,18,CNT-5,3
2026-09-24T11:14:14.537807,AV-CENTRAL,Wealth & Forex,CUST-33467,2,19,CNT-2,5
2026-09-24T11:02:14.537807,AV-CENTRAL,Account Opening & KYC,CUST-23297,14,12,CNT-6,3
2026-09-24T11:19:14.537807,AV-CENTRAL,Cash & Deposits,CUST-10049,11,3,CNT-6,4
2026-09-24T11:01:14.537807,AV-CENTRAL,Account Opening & KYC,CUST-11203,18,18,CNT-6,2
2026-09-24T11:13:14.537807,AV-CENTRAL,Loan & Mortgages,CUST-81999,21,19,CNT-5,3
2026-09-24T11:49:14.537807,AV-CENTRAL,Cash & Deposits,CUST-64562,6,5,CNT-5,4
2026-09-24T11:25:14.537807,AV-CENTRAL,Account Opening & KYC,CUST-57683,22,16,CNT-7,3
2026-09-24T11:35:14.537807,AV-CENTRAL,Wealth & Forex,CUST-37880,15,12,CNT-5,4
2026-09-24T11:34:14.537807,AV-CENTRAL,Wealth & Forex,CUST-20205,15,25,CNT-8,3
2026-09-24T11:15:14.537807,AV-CENTRAL,Cash & Deposits,CUST-98435,7,4,CNT-7,3
2026-09-24T11:51:14.537807,AV-CENTRAL,Wealth & Forex,CUST-24694,10,14,CNT-1,4
2026-09-24T11:16:14.537807,AV-CENTRAL,Cash & Deposits,CUST-76331,5,3,CNT-3,3
2026-09-24T11:54:14.537807,AV-CENTRAL,Wealth & Forex,CUST-80114,3,18,CNT-2,4
2026-09-24T11:28:14.537807,AV-CENTRAL,Loan & Mortgages,CUST-65078,40,34,CNT-2,3
2026-09-24T11:30:14.537807,AV-CENTRAL,Cash & Deposits,CUST-68981,4,8,CNT-7,2
2026-09-24T11:37:14.537807,AV-CENTRAL,Wealth & Forex,CUST-42447,15,21,CNT-5,2
2026-09-24T11:19:14.537807,AV-CENTRAL,Cash & Deposits,CUST-74661,9,3,CNT-7,3
2026-09-24T11:32:14.537807,AV-CENTRAL,Account Opening & KYC,CUST-74810,11,11,CNT-1,4
2026-09-24T11:46:14.537807,AV-NORTH,Account Opening & KYC,CUST-10869,15,15,CNT-5,4
2026-09-24T11:31:14.537807,AV-NORTH,Loan & Mortgages,CUST-41019,38,21,CNT-3,1
2026-09-24T11:06:14.537807,AV-NORTH,Account Opening & KYC,CUST-61462,12,14,CNT-1,4
2026-09-24T11:53:14.537807,AV-NORTH,Loan & Mortgages,CUST-95886,16,22,CNT-8,2
2026-09-24T11:46:14.537807,AV-NORTH,Wealth & Forex,CUST-46289,13,19,CNT-2,4
2026-09-24T11:40:14.537807,AV-NORTH,Wealth & Forex,CUST-26620,12,16,CNT-6,3
2026-09-24T11:00:14.537807,AV-NORTH,Cash & Deposits,CUST-79365,2,7,CNT-3,3
2026-09-24T11:45:14.537807,AV-NORTH,Cash & Deposits,CUST-43624,8,5,CNT-6,2
2026-09-24T11:08:14.537807,AV-NORTH,Account Opening & KYC,CUST-37293,14,16,CNT-6,3
2026-09-24T11:29:14.537807,AV-NORTH,Loan & Mortgages,CUST-77279,20,27,CNT-3,3
2026-09-24T11:56:14.537807,AV-NORTH,Cash & Deposits,CUST-86271,10,4,CNT-4,4
2026-09-24T11:06:14.537807,AV-NORTH,Wealth & Forex,CUST-82759,21,20,CNT-7,3
2026-09-24T11:09:14.537807,AV-NORTH,Account Opening & KYC,CUST-31734,15,12,CNT-1,3
2026-09-24T11:24:14.537807,AV-NORTH,Cash & Deposits,CUST-25924,6,7,CNT-2,3
2026-09-24T11:18:14.537807,AV-NORTH,Account Opening & KYC,CUST-15587,15,22,CNT-5,3
2026-09-24T11:53:14.537807,AV-NORTH,Cash & Deposits,CUST-17922,3,3,CNT-8,3
2026-09-24T11:40:14.537807,AV-NORTH,Wealth & Forex,CUST-71979,17,24,CNT-8,4
2026-09-24T11:43:14.537807,AV-NORTH,Loan & Mortgages,CUST-54690,29,17,CNT-3,2
2026-09-24T11:12:14.537807,AV-WEST,Wealth & Forex,CUST-50663,19,21,CNT-2,3
2026-09-24T11:54:14.537807,AV-WEST,Loan & Mortgages,CUST-52553,28,38,CNT-2,3
2026-09-24T11:21:14.537807,AV-WEST,Account Opening & KYC,CUST-74209,15,14,CNT-8,3
2026-09-24T11:39:14.537807,AV-WEST,Cash & Deposits,CUST-41919,4,3,CNT-7,4
2026-09-24T11:04:14.537807,AV-WEST,Wealth & Forex,CUST-23739,21,7,CNT-6,2
2026-09-24T11:32:14.537807,AV-WEST,Wealth & Forex,CUST-45619,14,12,CNT-3,3
2026-09-24T11:57:14.537807,AV-WEST,Loan & Mortgages,CUST-37714,34,24,CNT-8,3
2026-09-24T11:17:14.537807,AV-WEST,Loan & Mortgages,CUST-33291,42,21,CNT-7,4
2026-09-24T11:47:14.537807,AV-WEST,Loan & Mortgages,CUST-54988,37,23,CNT-6,2
2026-09-24T11:35:14.537807,AV-WEST,Cash & Deposits,CUST-24928,13,4,CNT-2,3
2026-09-24T11:08:14.537807,AV-WEST,Cash & Deposits,CUST-58812,6,4,CNT-7,4
2026-09-24T11:01:14.537807,AV-WEST,Loan & Mortgages,CUST-27038,20,16,CNT-8,2
2026-09-24T11:23:14.537807,AV-WEST,Loan & Mortgages,CUST-50362,26,21,CNT-1,2
2026-09-24T11:06:14.537807,AV-WEST,Loan & Mortgages,CUST-23625,34,23,CNT-6,3
2026-09-24T11:03:14.537807,AV-WEST,Wealth & Forex,CUST-59502,21,14,CNT-7,3
2026-09-24T11:28:14.537807,AV-WEST,Wealth & Forex,CUST-36377,5,12,CNT-2,3
2026-09-24T11:20:14.537807,AV-WEST,Cash & Deposits,CUST-84104,8,3,CNT-1,2
2026-09-24T11:23:14.537807,AV-WEST,Cash & Deposits,CUST-82140,7,7,CNT-3,4
2026-09-24T11:11:14.537807,AV-WEST,Loan & Mortgages,CUST-42842,17,23,CNT-4,4
2026-09-24T11:00:14.537807,AV-WEST,Loan & Mortgages,CUST-75313,32,20,CNT-5,3
2026-09-24T11:48:14.537807,AV-WEST,Wealth & Forex,CUST-12141,20,19,CNT-2,3
2026-09-24T12:45:14.537807,AV-CENTRAL,Account Opening & KYC,CUST-86791,14,22,CNT-5,2
2026-09-24T12:30:14.537807,AV-CENTRAL,Wealth & Forex,CUST-82617,10,18,CNT-5,3
2026-09-24T12:19:14.537807,AV-CENTRAL,Wealth & Forex,CUST-36405,31,26,CNT-5,3
2026-09-24T12:43:14.537807,AV-CENTRAL,Wealth & Forex,CUST-51731,16,12,CNT-5,2
2026-09-24T12:17:14.537807,AV-CENTRAL,Wealth & Forex,CUST-27364,10,23,CNT-7,3
2026-09-24T12:48:14.537807,AV-CENTRAL,Account Opening & KYC,CUST-29493,25,23,CNT-1,4
2026-09-24T12:01:14.537807,AV-CENTRAL,Account Opening & KYC,CUST-29874,21,19,CNT-4,3
2026-09-24T12:30:14.537807,AV-CENTRAL,Cash & Deposits,CUST-31140,4,3,CNT-6,4
2026-09-24T12:36:14.537807,AV-CENTRAL,Cash & Deposits,CUST-36989,11,3,CNT-5,4
2026-09-24T12:56:14.537807,AV-CENTRAL,Loan & Mortgages,CUST-67877,14,15,CNT-1,4
2026-09-24T12:45:14.537807,AV-CENTRAL,Wealth & Forex,CUST-43441,28,17,CNT-2,3
2026-09-24T12:08:14.537807,AV-CENTRAL,Cash & Deposits,CUST-94409,7,3,CNT-1,3
2026-09-24T12:25:14.537807,AV-CENTRAL,Wealth & Forex,CUST-95796,20,25,CNT-8,4
2026-09-24T12:48:14.537807,AV-CENTRAL,Account Opening & KYC,CUST-32655,17,15,CNT-4,2
2026-09-24T12:41:14.537807,AV-CENTRAL,Wealth & Forex,CUST-71748,22,20,CNT-8,4
2026-09-24T12:30:14.537807,AV-CENTRAL,Cash & Deposits,CUST-63785,8,4,CNT-6,5
2026-09-24T12:59:14.537807,AV-CENTRAL,Wealth & Forex,CUST-95358,11,25,CNT-2,4
2026-09-24T12:48:14.537807,AV-CENTRAL,Loan & Mortgages,CUST-38476,19,28,CNT-6,4
2026-09-24T12:05:14.537807,AV-CENTRAL,Cash & Deposits,CUST-18664,7,5,CNT-4,2
2026-09-24T12:52:14.537807,AV-CENTRAL,Loan & Mortgages,CUST-57762,13,25,CNT-2,5
2026-09-24T12:42:14.537807,AV-CENTRAL,Wealth & Forex,CUST-58967,12,5,CNT-6,3
2026-09-24T12:50:14.537807,AV-CENTRAL,Cash & Deposits,CUST-95559,5,4,CNT-6,3
2026-09-24T12:00:14.537807,AV-CENTRAL,Wealth & Forex,CUST-39784,16,20,CNT-7,4
2026-09-24T12:45:14.537807,AV-CENTRAL,Account Opening & KYC,CUST-28084,22,14,CNT-3,2
2026-09-24T12:42:14.537807,AV-CENTRAL,Loan & Mortgages,CUST-42947,32,28,CNT-7,3
2026-09-24T12:51:14.537807,AV-CENTRAL,Loan & Mortgages,CUST-57526,13,15,CNT-1,3
2026-09-24T12:54:14.537807,AV-CENTRAL,Loan & Mortgages,CUST-92027,31,25,CNT-4,2
2026-09-24T12:03:14.537807,AV-CENTRAL,Loan & Mortgages,CUST-93913,14,31,CNT-4,2
2026-09-24T12:53:14.537807,AV-CENTRAL,Account Opening & KYC,CUST-67780,19,17,CNT-7,3
2026-09-24T12:10:14.537807,AV-CENTRAL,Wealth & Forex,CUST-64436,26,20,CNT-1,2
2026-09-24T12:05:14.537807,AV-CENTRAL,Cash & Deposits,CUST-90789,4,5,CNT-8,4
2026-09-24T12:50:14.537807,AV-CENTRAL,Account Opening & KYC,CUST-52259,17,15,CNT-8,2
2026-09-24T12:52:14.537807,AV-CENTRAL,Account Opening & KYC,CUST-57027,13,26,CNT-1,3
2026-09-24T12:57:14.537807,AV-CENTRAL,Loan & Mortgages,CUST-62249,29,19,CNT-1,3
2026-09-24T12:23:14.537807,AV-CENTRAL,Cash & Deposits,CUST-27723,2,3,CNT-6,3
2026-09-24T12:11:14.537807,AV-NORTH,Cash & Deposits,CUST-13007,2,4,CNT-8,3
2026-09-24T12:47:14.537807,AV-NORTH,Account Opening & KYC,CUST-19384,26,15,CNT-2,3
2026-09-24T12:38:14.537807,AV-NORTH,Loan & Mortgages,CUST-32723,31,31,CNT-5,2
2026-09-24T12:14:14.537807,AV-NORTH,Wealth & Forex,CUST-76896,7,9,CNT-2,4
2026-09-24T12:30:14.537807,AV-NORTH,Cash & Deposits,CUST-27635,8,5,CNT-1,4
2026-09-24T12:30:14.537807,AV-NORTH,Cash & Deposits,CUST-44312,3,4,CNT-2,4
2026-09-24T12:55:14.537807,AV-NORTH,Cash & Deposits,CUST-54812,8,3,CNT-7,3
2026-09-24T12:35:14.537807,AV-NORTH,Wealth & Forex,CUST-78515,15,15,CNT-6,3
2026-09-24T12:09:14.537807,AV-NORTH,Loan & Mortgages,CUST-26421,31,38,CNT-2,4
2026-09-24T12:03:14.537807,AV-NORTH,Wealth & Forex,CUST-83670,6,26,CNT-3,3
2026-09-24T12:56:14.537807,AV-NORTH,Account Opening & KYC,CUST-79675,12,25,CNT-2,3
2026-09-24T12:00:14.537807,AV-NORTH,Wealth & Forex,CUST-74570,12,26,CNT-3,3
2026-09-24T12:04:14.537807,AV-WEST,Loan & Mortgages,CUST-22002,34,23,CNT-5,3
2026-09-24T12:58:14.537807,AV-WEST,Account Opening & KYC,CUST-72717,14,14,CNT-8,4
2026-09-24T12:59:14.537807,AV-WEST,Cash & Deposits,CUST-75696,2,6,CNT-2,3
2026-09-24T12:28:14.537807,AV-WEST,Account Opening & KYC,CUST-96795,22,15,CNT-6,4
2026-09-24T12:22:14.537807,AV-WEST,Loan & Mortgages,CUST-12702,35,22,CNT-4,3
2026-09-24T12:47:14.537807,AV-WEST,Account Opening & KYC,CUST-33675,21,19,CNT-4,3
2026-09-24T12:38:14.537807,AV-WEST,Account Opening & KYC,CUST-29672,17,17,CNT-3,3
2026-09-24T12:37:14.537807,AV-WEST,Wealth & Forex,CUST-17949,20,19,CNT-3,3
2026-09-24T12:05:14.537807,AV-WEST,Loan & Mortgages,CUST-26845,28,17,CNT-2,3
2026-09-24T12:34:14.537807,AV-WEST,Account Opening & KYC,CUST-50155,18,24,CNT-5,3
2026-09-24T12:55:14.537807,AV-WEST,Loan & Mortgages,CUST-61196,46,15,CNT-1,1
2026-09-24T12:22:14.537807,AV-WEST,Wealth & Forex,CUST-13311,12,16,CNT-7,3
2026-09-24T12:56:14.537807,AV-WEST,Wealth & Forex,CUST-97051,9,22,CNT-8,3
2026-09-24T12:26:14.537807,AV-WEST,Loan & Mortgages,CUST-38700,30,27,CNT-2,3
2026-09-24T12:17:14.537807,AV-WEST,Cash & Deposits,CUST-41843,8,6,CNT-8,3
2026-09-24T12:49:14.537807,AV-WEST,Account Opening & KYC,CUST-55374,27,17,CNT-3,3
2026-09-24T12:33:14.537807,AV-WEST,Account Opening & KYC,CUST-54365,14,16,CNT-8,3
2026-09-24T12:11:14.537807,AV-WEST,Loan & Mortgages,CUST-79787,22,32,CNT-2,2
2026-09-24T12:41:14.537807,AV-WEST,Cash & Deposits,CUST-82366,9,3,CNT-7,3
2026-09-24T12:14:14.537807,AV-WEST,Loan & Mortgages,CUST-24971,24,23,CNT-3,2
2026-09-24T12:09:14.537807,AV-WEST,Loan & Mortgages,CUST-12803,26,20,CNT-2,2
2026-09-24T12:51:14.537807,AV-WEST,Loan & Mortgages,CUST-92804,34,32,CNT-7,4
2026-09-24T12:14:14.537807,AV-WEST,Wealth & Forex,CUST-49966,23,14,CNT-4,3
2026-09-24T12:15:14.537807,AV-WEST,Cash & Deposits,CUST-15807,4,3,CNT-5,4
2026-09-24T12:29:14.537807,AV-WEST,Loan & Mortgages,CUST-67929,28,28,CNT-2,3
2026-09-24T12:19:14.537807,AV-WEST,Wealth & Forex,CUST-12792,12,19,CNT-7,3
2026-09-24T12:32:14.537807,AV-WEST,Wealth & Forex,CUST-17500,19,13,CNT-6,3
2026-09-24T12:34:14.537807,AV-WEST,Loan & Mortgages,CUST-31960,20,13,CNT-2,3
2026-09-24T12:50:14.537807,AV-WEST,Account Opening & KYC,CUST-35751,20,10,CNT-2,3
2026-09-24T13:05:14.537807,AV-CENTRAL,Account Opening & KYC,CUST-26790,20,12,CNT-1,4
2026-09-24T13:57:14.537807,AV-CENTRAL,Loan & Mortgages,CUST-14410,28,21,CNT-8,2
2026-09-24T13:58:14.537807,AV-CENTRAL,Cash & Deposits,CUST-83090,9,3,CNT-6,2
2026-09-24T13:35:14.537807,AV-CENTRAL,Loan & Mortgages,CUST-31250,26,9,CNT-3,3
2026-09-24T13:16:14.537807,AV-CENTRAL,Loan & Mortgages,CUST-14258,37,26,CNT-7,1
2026-09-24T13:36:14.537807,AV-CENTRAL,Cash & Deposits,CUST-99487,12,6,CNT-2,4
2026-09-24T13:44:14.537807,AV-CENTRAL,Wealth & Forex,CUST-43884,22,12,CNT-4,3
2026-09-24T13:03:14.537807,AV-CENTRAL,Account Opening & KYC,CUST-96468,20,16,CNT-6,3
2026-09-24T13:43:14.537807,AV-CENTRAL,Cash & Deposits,CUST-84036,6,6,CNT-3,4
2026-09-24T13:07:14.537807,AV-CENTRAL,Account Opening & KYC,CUST-98179,21,22,CNT-7,2
2026-09-24T13:48:14.537807,AV-CENTRAL,Cash & Deposits,CUST-65499,2,3,CNT-3,4
2026-09-24T13:54:14.537807,AV-CENTRAL,Account Opening & KYC,CUST-78889,17,10,CNT-5,3
2026-09-24T13:17:14.537807,AV-CENTRAL,Cash & Deposits,CUST-77440,4,3,CNT-4,1
2026-09-24T13:31:14.537807,AV-CENTRAL,Account Opening & KYC,CUST-94526,13,22,CNT-4,4
2026-09-24T13:05:14.537807,AV-CENTRAL,Wealth & Forex,CUST-52697,14,13,CNT-3,3
2026-09-24T13:08:14.537807,AV-CENTRAL,Wealth & Forex,CUST-52996,11,13,CNT-8,3
2026-09-24T13:57:14.537807,AV-CENTRAL,Account Opening & KYC,CUST-43338,23,16,CNT-7,3
2026-09-24T13:43:14.537807,AV-CENTRAL,Cash & Deposits,CUST-13810,2,6,CNT-8,4
2026-09-24T13:29:14.537807,AV-CENTRAL,Cash & Deposits,CUST-99742,9,5,CNT-7,4
2026-09-24T13:42:14.537807,AV-CENTRAL,Cash & Deposits,CUST-59885,10,5,CNT-8,3
2026-09-24T13:41:14.537807,AV-CENTRAL,Wealth & Forex,CUST-38110,19,18,CNT-5,3
2026-09-24T13:55:14.537807,AV-CENTRAL,Account Opening & KYC,CUST-86649,29,17,CNT-5,2
2026-09-24T13:53:14.537807,AV-CENTRAL,Wealth & Forex,CUST-70241,16,24,CNT-7,3
2026-09-24T13:05:14.537807,AV-CENTRAL,Loan & Mortgages,CUST-58396,30,18,CNT-2,3
2026-09-24T13:54:14.537807,AV-CENTRAL,Loan & Mortgages,CUST-55776,41,19,CNT-3,2
2026-09-24T13:37:14.537807,AV-CENTRAL,Cash & Deposits,CUST-41377,6,3,CNT-1,4
2026-09-24T13:37:14.537807,AV-CENTRAL,Wealth & Forex,CUST-31077,9,18,CNT-2,3
2026-09-24T13:49:14.537807,AV-CENTRAL,Account Opening & KYC,CUST-86893,13,10,CNT-5,4
2026-09-24T13:17:14.537807,AV-CENTRAL,Loan & Mortgages,CUST-24405,31,30,CNT-2,3
2026-09-24T13:20:14.537807,AV-CENTRAL,Cash & Deposits,CUST-98228,4,7,CNT-1,3
2026-09-24T13:49:14.537807,AV-CENTRAL,Account Opening & KYC,CUST-13635,20,18,CNT-4,3
2026-09-24T13:39:14.537807,AV-CENTRAL,Account Opening & KYC,CUST-49289,14,26,CNT-6,4
2026-09-24T13:24:14.537807,AV-NORTH,Wealth & Forex,CUST-31221,24,27,CNT-8,3
2026-09-24T13:53:14.537807,AV-NORTH,Cash & Deposits,CUST-65173,10,3,CNT-6,3
2026-09-24T13:10:14.537807,AV-NORTH,Loan & Mortgages,CUST-85703,26,30,CNT-1,3
2026-09-24T13:25:14.537807,AV-NORTH,Loan & Mortgages,CUST-17635,28,22,CNT-8,4
2026-09-24T13:58:14.537807,AV-NORTH,Cash & Deposits,CUST-20408,7,4,CNT-1,4
2026-09-24T13:03:14.537807,AV-NORTH,Account Opening & KYC,CUST-33309,21,11,CNT-6,2
2026-09-24T13:42:14.537807,AV-NORTH,Loan & Mortgages,CUST-65132,24,28,CNT-4,3
2026-09-24T13:48:14.537807,AV-NORTH,Cash & Deposits,CUST-99231,3,6,CNT-4,4
2026-09-24T13:32:14.537807,AV-NORTH,Account Opening & KYC,CUST-59017,3,11,CNT-2,4
2026-09-24T13:39:14.537807,AV-NORTH,Cash & Deposits,CUST-33174,7,7,CNT-2,3
2026-09-24T13:43:14.537807,AV-NORTH,Cash & Deposits,CUST-11282,4,4,CNT-8,3
2026-09-24T13:24:14.537807,AV-NORTH,Wealth & Forex,CUST-99736,11,11,CNT-5,2
2026-09-24T13:54:14.537807,AV-NORTH,Loan & Mortgages,CUST-41254,28,27,CNT-3,3
2026-09-24T13:28:14.537807,AV-NORTH,Wealth & Forex,CUST-52622,12,25,CNT-8,3
2026-09-24T13:59:14.537807,AV-NORTH,Cash & Deposits,CUST-26450,5,3,CNT-3,3
2026-09-24T13:13:14.537807,AV-NORTH,Account Opening & KYC,CUST-52181,28,15,CNT-8,3
2026-09-24T13:37:14.537807,AV-NORTH,Wealth & Forex,CUST-42241,12,19,CNT-1,2
2026-09-24T13:00:14.537807,AV-WEST,Cash & Deposits,CUST-73937,10,4,CNT-7,3
2026-09-24T13:21:14.537807,AV-WEST,Cash & Deposits,CUST-69704,5,7,CNT-5,4
2026-09-24T13:21:14.537807,AV-WEST,Cash & Deposits,CUST-85331,5,5,CNT-2,4
2026-09-24T13:39:14.537807,AV-WEST,Account Opening & KYC,CUST-42212,17,17,CNT-1,3
2026-09-24T13:21:14.537807,AV-WEST,Account Opening & KYC,CUST-39456,19,15,CNT-6,3
2026-09-24T13:17:14.537807,AV-WEST,Wealth & Forex,CUST-84896,20,22,CNT-1,3
2026-09-24T13:11:14.537807,AV-WEST,Account Opening & KYC,CUST-14058,16,19,CNT-1,4
2026-09-24T13:45:14.537807,AV-WEST,Cash & Deposits,CUST-95938,8,5,CNT-1,4
2026-09-24T13:12:14.537807,AV-WEST,Wealth & Forex,CUST-13667,14,11,CNT-1,4
2026-09-24T13:48:14.537807,AV-WEST,Account Opening & KYC,CUST-46405,14,13,CNT-3,4
2026-09-24T13:40:14.537807,AV-WEST,Cash & Deposits,CUST-11156,3,3,CNT-6,4
2026-09-24T13:36:14.537807,AV-WEST,Loan & Mortgages,CUST-94575,25,18,CNT-4,4
2026-09-24T13:45:14.537807,AV-WEST,Loan & Mortgages,CUST-67802,38,25,CNT-6,3
2026-09-24T13:38:14.537807,AV-WEST,Cash & Deposits,CUST-44146,5,4,CNT-2,3
2026-09-24T13:50:14.537807,AV-WEST,Loan & Mortgages,CUST-71372,31,17,CNT-3,2
2026-09-24T13:17:14.537807,AV-WEST,Account Opening & KYC,CUST-22619,15,18,CNT-6,3
2026-09-24T13:50:14.537807,AV-WEST,Account Opening & KYC,CUST-42476,19,19,CNT-7,3
2026-09-24T13:57:14.537807,AV-WEST,Account Opening & KYC,CUST-89599,14,18,CNT-1,3
2026-09-24T13:19:14.537807,AV-WEST,Cash & Deposits,CUST-67894,7,3,CNT-3,3
2026-09-24T13:55:14.537807,AV-WEST,Loan & Mortgages,CUST-98486,25,29,CNT-1,3
2026-09-24T13:01:14.537807,AV-WEST,Account Opening & KYC,CUST-18937,27,13,CNT-4,3
2026-09-24T13:35:14.537807,AV-WEST,Account Opening & KYC,CUST-80182,16,16,CNT-6,3
2026-09-24T13:48:14.537807,AV-WEST,Cash & Deposits,CUST-28502,2,4,CNT-6,3
2026-09-24T14:59:14.537807,AV-CENTRAL,Account Opening & KYC,CUST-41279,16,12,CNT-7,4
2026-09-24T14:59:14.537807,AV-CENTRAL,Account Opening & KYC,CUST-92887,22,23,CNT-5,4
2026-09-24T14:49:14.537807,AV-CENTRAL,Wealth & Forex,CUST-67226,17,12,CNT-8,4
2026-09-24T14:30:14.537807,AV-CENTRAL,Wealth & Forex,CUST-69372,26,21,CNT-7,3
2026-09-24T14:29:14.537807,AV-CENTRAL,Wealth & Forex,CUST-28979,22,24,CNT-4,3
2026-09-24T14:58:14.537807,AV-CENTRAL,Account Opening & KYC,CUST-49444,23,11,CNT-1,3
2026-09-24T14:32:14.537807,AV-CENTRAL,Cash & Deposits,CUST-86021,3,6,CNT-6,3
2026-09-24T14:01:14.537807,AV-CENTRAL,Wealth & Forex,CUST-34378,12,22,CNT-7,3
2026-09-24T14:35:14.537807,AV-CENTRAL,Cash & Deposits,CUST-34952,9,4,CNT-8,4
2026-09-24T14:50:14.537807,AV-CENTRAL,Loan & Mortgages,CUST-17452,38,20,CNT-8,3
2026-09-24T14:59:14.537807,AV-CENTRAL,Account Opening & KYC,CUST-37834,17,12,CNT-8,2
2026-09-24T14:34:14.537807,AV-CENTRAL,Account Opening & KYC,CUST-55342,23,14,CNT-7,3
2026-09-24T14:10:14.537807,AV-CENTRAL,Cash & Deposits,CUST-65328,3,9,CNT-7,4
2026-09-24T14:17:14.537807,AV-CENTRAL,Wealth & Forex,CUST-51264,18,11,CNT-4,3
2026-09-24T14:11:14.537807,AV-CENTRAL,Cash & Deposits,CUST-15500,6,5,CNT-3,3
2026-09-24T14:07:14.537807,AV-CENTRAL,Account Opening & KYC,CUST-62289,19,9,CNT-1,3
2026-09-24T14:51:14.537807,AV-CENTRAL,Cash & Deposits,CUST-74426,7,8,CNT-7,4
2026-09-24T14:41:14.537807,AV-CENTRAL,Account Opening & KYC,CUST-17975,21,15,CNT-5,3
2026-09-24T14:43:14.537807,AV-CENTRAL,Wealth & Forex,CUST-84326,12,12,CNT-8,4
2026-09-24T14:10:14.537807,AV-CENTRAL,Cash & Deposits,CUST-23644,8,8,CNT-4,3
2026-09-24T14:55:14.537807,AV-CENTRAL,Account Opening & KYC,CUST-49933,14,11,CNT-3,3
2026-09-24T14:17:14.537807,AV-CENTRAL,Account Opening & KYC,CUST-31579,17,20,CNT-6,3
2026-09-24T14:12:14.537807,AV-CENTRAL,Wealth & Forex,CUST-95735,15,13,CNT-5,4
2026-09-24T14:24:14.537807,AV-CENTRAL,Account Opening & KYC,CUST-86917,21,11,CNT-8,4
2026-09-24T14:42:14.537807,AV-NORTH,Cash & Deposits,CUST-80905,7,4,CNT-8,3
2026-09-24T14:57:14.537807,AV-NORTH,Loan & Mortgages,CUST-69983,47,17,CNT-6,3
2026-09-24T14:21:14.537807,AV-NORTH,Wealth & Forex,CUST-53448,9,25,CNT-1,2
2026-09-24T14:17:14.537807,AV-NORTH,Loan & Mortgages,CUST-13069,37,15,CNT-6,3
2026-09-24T14:25:14.537807,AV-NORTH,Wealth & Forex,CUST-61619,19,21,CNT-7,3
2026-09-24T14:31:14.537807,AV-NORTH,Loan & Mortgages,CUST-78787,40,26,CNT-6,3
2026-09-24T14:10:14.537807,AV-NORTH,Account Opening & KYC,CUST-81932,14,18,CNT-5,4
2026-09-24T14:07:14.537807,AV-NORTH,Loan & Mortgages,CUST-20661,24,24,CNT-6,3
2026-09-24T14:07:14.537807,AV-NORTH,Wealth & Forex,CUST-93314,21,19,CNT-8,4
2026-09-24T14:53:14.537807,AV-NORTH,Account Opening & KYC,CUST-78438,7,16,CNT-4,3
2026-09-24T14:31:14.537807,AV-NORTH,Wealth & Forex,CUST-42818,12,33,CNT-1,4
2026-09-24T14:09:14.537807,AV-NORTH,Loan & Mortgages,CUST-58600,26,27,CNT-3,3
2026-09-24T14:58:14.537807,AV-NORTH,Loan & Mortgages,CUST-34631,43,22,CNT-7,2
2026-09-24T14:09:14.537807,AV-WEST,Cash & Deposits,CUST-58207,5,3,CNT-8,4
2026-09-24T14:22:14.537807,AV-WEST,Wealth & Forex,CUST-74914,15,13,CNT-7,3
2026-09-24T14:31:14.537807,AV-WEST,Cash & Deposits,CUST-27665,2,3,CNT-6,3
2026-09-24T14:40:14.537807,AV-WEST,Account Opening & KYC,CUST-11357,20,22,CNT-7,4
2026-09-24T14:22:14.537807,AV-WEST,Loan & Mortgages,CUST-51436,25,24,CNT-1,3
2026-09-24T14:52:14.537807,AV-WEST,Account Opening & KYC,CUST-43226,18,18,CNT-6,4
2026-09-24T14:20:14.537807,AV-WEST,Loan & Mortgages,CUST-51569,44,20,CNT-2,2
2026-09-24T14:44:14.537807,AV-WEST,Wealth & Forex,CUST-67452,13,22,CNT-5,3
2026-09-24T14:14:14.537807,AV-WEST,Cash & Deposits,CUST-28746,12,5,CNT-7,3
2026-09-24T14:50:14.537807,AV-WEST,Loan & Mortgages,CUST-15266,21,13,CNT-2,2
2026-09-24T14:59:14.537807,AV-WEST,Wealth & Forex,CUST-27181,6,24,CNT-4,3
2026-09-24T14:17:14.537807,AV-WEST,Cash & Deposits,CUST-81975,7,5,CNT-2,3
2026-09-24T14:06:14.537807,AV-WEST,Loan & Mortgages,CUST-33946,34,23,CNT-3,3
2026-09-24T14:42:14.537807,AV-WEST,Cash & Deposits,CUST-80079,7,5,CNT-2,3
2026-09-24T14:21:14.537807,AV-WEST,Cash & Deposits,CUST-75407,4,6,CNT-5,4
2026-09-24T14:46:14.537807,AV-WEST,Wealth & Forex,CUST-42868,14,14,CNT-8,3
2026-09-24T14:06:14.537807,AV-WEST,Wealth & Forex,CUST-62701,9,17,CNT-1,3
2026-09-24T14:47:14.537807,AV-WEST,Account Opening & KYC,CUST-68684,11,12,CNT-5,5
2026-09-24T14:24:14.537807,AV-WEST,Wealth & Forex,CUST-65520,16,18,CNT-3,3
2026-09-24T14:50:14.537807,AV-WEST,Account Opening & KYC,CUST-31328,11,18,CNT-4,2
2026-09-24T14:34:14.537807,AV-WEST,Loan & Mortgages,CUST-58730,16,18,CNT-5,2
2026-09-24T14:49:14.537807,AV-WEST,Wealth & Forex,CUST-99443,20,21,CNT-6,3
2026-09-24T14:31:14.537807,AV-WEST,Wealth & Forex,CUST-44115,17,16,CNT-2,3
2026-09-24T14:39:14.537807,AV-WEST,Account Opening & KYC,CUST-96682,21,16,CNT-6,2
2026-09-24T15:24:14.537807,AV-CENTRAL,Loan & Mortgages,CUST-59532,23,21,CNT-5,3
2026-09-24T15:24:14.537807,AV-CENTRAL,Cash & Deposits,CUST-46868,6,4,CNT-8,4
2026-09-24T15:15:14.537807,AV-CENTRAL,Cash & Deposits,CUST-12229,3,8,CNT-7,4
2026-09-24T15:54:14.537807,AV-CENTRAL,Cash & Deposits,CUST-58834,2,4,CNT-5,4
2026-09-24T15:05:14.537807,AV-CENTRAL,Cash & Deposits,CUST-88236,7,6,CNT-1,4
2026-09-24T15:07:14.537807,AV-CENTRAL,Account Opening & KYC,CUST-60435,13,9,CNT-2,4
2026-09-24T15:26:14.537807,AV-CENTRAL,Account Opening & KYC,CUST-60129,24,22,CNT-5,3
2026-09-24T15:31:14.537807,AV-CENTRAL,Loan & Mortgages,CUST-38814,24,27,CNT-3,3
2026-09-24T15:59:14.537807,AV-CENTRAL,Loan & Mortgages,CUST-13172,30,33,CNT-2,3
2026-09-24T15:18:14.537807,AV-CENTRAL,Cash & Deposits,CUST-82979,3,3,CNT-3,4
2026-09-24T15:58:14.537807,AV-CENTRAL,Account Opening & KYC,CUST-74066,14,15,CNT-5,2
2026-09-24T15:33:14.537807,AV-CENTRAL,Loan & Mortgages,CUST-92846,20,23,CNT-7,2
2026-09-24T15:46:14.537807,AV-CENTRAL,Account Opening & KYC,CUST-98174,35,19,CNT-5,3
2026-09-24T15:40:14.537807,AV-CENTRAL,Account Opening & KYC,CUST-65671,23,15,CNT-4,3
2026-09-24T15:29:14.537807,AV-CENTRAL,Cash & Deposits,CUST-86767,4,3,CNT-2,4
2026-09-24T15:06:14.537807,AV-CENTRAL,Loan & Mortgages,CUST-25043,22,13,CNT-5,3
2026-09-24T15:09:14.537807,AV-CENTRAL,Loan & Mortgages,CUST-99598,20,18,CNT-7,4
2026-09-24T15:35:14.537807,AV-CENTRAL,Wealth & Forex,CUST-10775,14,17,CNT-1,3
2026-09-24T15:02:14.537807,AV-CENTRAL,Cash & Deposits,CUST-18001,6,6,CNT-1,3
2026-09-24T15:48:14.537807,AV-CENTRAL,Account Opening & KYC,CUST-17527,19,13,CNT-7,2
2026-09-24T15:16:14.537807,AV-NORTH,Wealth & Forex,CUST-80792,6,18,CNT-7,4
2026-09-24T15:04:14.537807,AV-NORTH,Loan & Mortgages,CUST-56554,37,23,CNT-4,2
2026-09-24T15:12:14.537807,AV-NORTH,Wealth & Forex,CUST-74520,15,9,CNT-2,3
2026-09-24T15:12:14.537807,AV-NORTH,Wealth & Forex,CUST-51987,17,19,CNT-3,3
2026-09-24T15:31:14.537807,AV-NORTH,Cash & Deposits,CUST-38927,3,3,CNT-2,4
2026-09-24T15:31:14.537807,AV-NORTH,Account Opening & KYC,CUST-40548,23,19,CNT-3,4
2026-09-24T15:06:14.537807,AV-WEST,Loan & Mortgages,CUST-15668,28,31,CNT-4,2
2026-09-24T15:03:14.537807,AV-WEST,Account Opening & KYC,CUST-74475,30,17,CNT-3,2
2026-09-24T15:01:14.537807,AV-WEST,Loan & Mortgages,CUST-87710,37,26,CNT-5,3
2026-09-24T15:54:14.537807,AV-WEST,Cash & Deposits,CUST-72865,7,7,CNT-5,4
2026-09-24T15:22:14.537807,AV-WEST,Wealth & Forex,CUST-66882,12,18,CNT-6,4
2026-09-24T15:11:14.537807,AV-WEST,Cash & Deposits,CUST-56367,9,6,CNT-1,4
2026-09-24T15:34:14.537807,AV-WEST,Loan & Mortgages,CUST-76852,29,24,CNT-7,3
2026-09-24T15:51:14.537807,AV-WEST,Wealth & Forex,CUST-18505,14,23,CNT-6,3
2026-09-24T15:48:14.537807,AV-WEST,Account Opening & KYC,CUST-96441,4,19,CNT-2,4
2026-09-24T15:23:14.537807,AV-WEST,Loan & Mortgages,CUST-64871,36,18,CNT-8,3
2026-09-24T15:19:14.537807,AV-WEST,Wealth & Forex,CUST-34581,21,21,CNT-2,4
2026-09-24T15:44:14.537807,AV-WEST,Cash & Deposits,CUST-71154,5,4,CNT-3,2
2026-09-24T16:13:14.537807,AV-CENTRAL,Loan & Mortgages,CUST-38513,27,28,CNT-1,3
2026-09-24T16:58:14.537807,AV-CENTRAL,Loan & Mortgages,CUST-10789,23,26,CNT-3,4
2026-09-24T16:39:14.537807,AV-CENTRAL,Wealth & Forex,CUST-91809,7,20,CNT-8,5
2026-09-24T16:26:14.537807,AV-CENTRAL,Wealth & Forex,CUST-86616,17,12,CNT-1,2
2026-09-24T16:38:14.537807,AV-CENTRAL,Account Opening & KYC,CUST-79769,9,10,CNT-5,3
2026-09-24T16:17:14.537807,AV-CENTRAL,Loan & Mortgages,CUST-14396,17,26,CNT-1,3
2026-09-24T16:35:14.537807,AV-CENTRAL,Loan & Mortgages,CUST-14356,32,21,CNT-6,2
2026-09-24T16:45:14.537807,AV-CENTRAL,Loan & Mortgages,CUST-88295,17,25,CNT-2,3
2026-09-24T16:02:14.537807,AV-CENTRAL,Loan & Mortgages,CUST-44818,22,21,CNT-2,4
2026-09-24T16:55:14.537807,AV-CENTRAL,Loan & Mortgages,CUST-13027,21,9,CNT-3,3
2026-09-24T16:14:14.537807,AV-CENTRAL,Account Opening & KYC,CUST-55448,9,14,CNT-7,4
2026-09-24T16:14:14.537807,AV-CENTRAL,Wealth & Forex,CUST-52319,7,12,CNT-5,3
2026-09-24T16:54:14.537807,AV-CENTRAL,Loan & Mortgages,CUST-53542,22,22,CNT-7,3
2026-09-24T16:05:14.537807,AV-CENTRAL,Account Opening & KYC,CUST-97797,17,14,CNT-7,4
2026-09-24T16:27:14.537807,AV-CENTRAL,Cash & Deposits,CUST-76494,9,4,CNT-5,4
2026-09-24T16:30:14.537807,AV-CENTRAL,Wealth & Forex,CUST-12934,11,19,CNT-5,4
2026-09-24T16:37:14.537807,AV-CENTRAL,Wealth & Forex,CUST-58415,15,14,CNT-1,2
2026-09-24T16:52:14.537807,AV-CENTRAL,Wealth & Forex,CUST-47814,11,18,CNT-5,3
2026-09-24T16:42:14.537807,AV-NORTH,Account Opening & KYC,CUST-31037,11,17,CNT-5,4
2026-09-24T16:48:14.537807,AV-NORTH,Wealth & Forex,CUST-65780,16,15,CNT-5,4
2026-09-24T16:30:14.537807,AV-NORTH,Loan & Mortgages,CUST-36998,30,28,CNT-5,2
2026-09-24T16:04:14.537807,AV-NORTH,Cash & Deposits,CUST-78267,6,3,CNT-7,3
2026-09-24T16:32:14.537807,AV-NORTH,Loan & Mortgages,CUST-13406,9,41,CNT-4,4
2026-09-24T16:15:14.537807,AV-NORTH,Account Opening & KYC,CUST-65716,19,22,CNT-2,3
2026-09-24T16:38:14.537807,AV-NORTH,Cash & Deposits,CUST-37202,8,7,CNT-2,3
2026-09-24T16:17:14.537807,AV-NORTH,Loan & Mortgages,CUST-95596,24,25,CNT-1,3
2026-09-24T16:06:14.537807,AV-WEST,Cash & Deposits,CUST-76007,2,7,CNT-1,5
2026-09-24T16:12:14.537807,AV-WEST,Account Opening & KYC,CUST-18326,21,17,CNT-1,2
2026-09-24T16:00:14.537807,AV-WEST,Wealth & Forex,CUST-69135,12,9,CNT-3,4
2026-09-24T16:13:14.537807,AV-WEST,Wealth & Forex,CUST-44014,25,14,CNT-5,3
2026-09-24T16:39:14.537807,AV-WEST,Account Opening & KYC,CUST-28982,21,12,CNT-5,4
2026-09-24T16:08:14.537807,AV-WEST,Account Opening & KYC,CUST-97422,15,12,CNT-1,2
2026-09-24T16:09:14.537807,AV-WEST,Account Opening & KYC,CUST-80721,23,13,CNT-4,3
2026-09-24T16:19:14.537807,AV-WEST,Cash & Deposits,CUST-62523,2,6,CNT-3,3
2026-09-24T16:26:14.537807,AV-WEST,Loan & Mortgages,CUST-20105,27,24,CNT-6,3
2026-09-24T16:55:14.537807,AV-WEST,Cash & Deposits,CUST-40064,4,3,CNT-3,4
2026-09-24T16:13:14.537807,AV-WEST,Wealth & Forex,CUST-18722,18,28,CNT-4,3
2026-09-24T16:47:14.537807,AV-WEST,Cash & Deposits,CUST-71829,5,4,CNT-3,3
2026-09-24T16:15:14.537807,AV-WEST,Wealth & Forex,CUST-96491,10,18,CNT-1,3
2026-09-25T09:38:14.537807,AV-CENTRAL,Wealth & Forex,CUST-57732,5,20,CNT-2,3
2026-09-25T09:39:14.537807,AV-CENTRAL,Account Opening & KYC,CUST-45530,23,21,CNT-6,4
2026-09-25T09:23:14.537807,AV-CENTRAL,Account Opening & KYC,CUST-49307,18,18,CNT-4,3
2026-09-25T09:18:14.537807,AV-CENTRAL,Account Opening & KYC,CUST-49218,21,16,CNT-3,3
2026-09-25T09:27:14.537807,AV-CENTRAL,Loan & Mortgages,CUST-33842,13,38,CNT-7,3
2026-09-25T09:42:14.537807,AV-CENTRAL,Cash & Deposits,CUST-95793,2,4,CNT-4,5
2026-09-25T09:33:14.537807,AV-CENTRAL,Loan & Mortgages,CUST-51757,26,22,CNT-3,3
2026-09-25T09:58:14.537807,AV-CENTRAL,Wealth & Forex,CUST-34210,25,8,CNT-6,1
2026-09-25T09:28:14.537807,AV-CENTRAL,Loan & Mortgages,CUST-19153,10,39,CNT-2,3
2026-09-25T09:23:14.537807,AV-CENTRAL,Loan & Mortgages,CUST-53007,20,18,CNT-2,4
2026-09-25T09:35:14.537807,AV-CENTRAL,Loan & Mortgages,CUST-85892,19,13,CNT-7,2
2026-09-25T09:14:14.537807,AV-CENTRAL,Cash & Deposits,CUST-99327,6,5,CNT-6,4
2026-09-25T09:28:14.537807,AV-CENTRAL,Loan & Mortgages,CUST-91211,30,26,CNT-2,2
2026-09-25T09:09:14.537807,AV-CENTRAL,Account Opening & KYC,CUST-68958,26,21,CNT-5,2
2026-09-25T09:22:14.537807,AV-NORTH,Loan & Mortgages,CUST-33591,25,22,CNT-6,3
2026-09-25T09:38:14.537807,AV-NORTH,Cash & Deposits,CUST-84899,10,4,CNT-6,4
2026-09-25T09:56:14.537807,AV-NORTH,Account Opening & KYC,CUST-96480,15,16,CNT-2,3
2026-09-25T09:26:14.537807,AV-NORTH,Loan & Mortgages,CUST-75126,31,20,CNT-6,3
2026-09-25T09:53:14.537807,AV-NORTH,Loan & Mortgages,CUST-82667,14,27,CNT-3,3
2026-09-25T09:00:14.537807,AV-NORTH,Account Opening & KYC,CUST-19144,23,19,CNT-7,3
2026-09-25T09:58:14.537807,AV-NORTH,Wealth & Forex,CUST-49929,25,16,CNT-1,3
2026-09-25T09:05:14.537807,AV-NORTH,Loan & Mortgages,CUST-85051,28,18,CNT-7,3
2026-09-25T09:44:14.537807,AV-NORTH,Loan & Mortgages,CUST-11265,38,12,CNT-3,1
2026-09-25T09:14:14.537807,AV-WEST,Wealth & Forex,CUST-61163,8,14,CNT-4,2
2026-09-25T09:32:14.537807,AV-WEST,Account Opening & KYC,CUST-59387,11,10,CNT-2,4
2026-09-25T09:37:14.537807,AV-WEST,Loan & Mortgages,CUST-27137,12,17,CNT-6,4
2026-09-25T09:37:14.537807,AV-WEST,Loan & Mortgages,CUST-62561,30,27,CNT-5,3
2026-09-25T09:20:14.537807,AV-WEST,Cash & Deposits,CUST-31712,5,5,CNT-7,4
2026-09-25T09:33:14.537807,AV-WEST,Loan & Mortgages,CUST-30455,27,27,CNT-5,3
2026-09-25T09:03:14.537807,AV-WEST,Cash & Deposits,CUST-47095,5,3,CNT-8,2
2026-09-25T09:40:14.537807,AV-WEST,Cash & Deposits,CUST-39224,2,7,CNT-6,3
2026-09-25T09:27:14.537807,AV-WEST,Loan & Mortgages,CUST-34955,31,13,CNT-3,2
2026-09-25T09:26:14.537807,AV-WEST,Account Opening & KYC,CUST-81338,15,12,CNT-2,3
2026-09-25T09:10:14.537807,AV-WEST,Wealth & Forex,CUST-42940,13,20,CNT-1,3
2026-09-25T09:47:14.537807,AV-WEST,Cash & Deposits,CUST-81386,3,6,CNT-6,3
2026-09-25T09:11:14.537807,AV-WEST,Cash & Deposits,CUST-78318,6,7,CNT-8,4
2026-09-25T10:45:14.537807,AV-CENTRAL,Cash & Deposits,CUST-99597,4,4,CNT-1,4
2026-09-25T10:15:14.537807,AV-CENTRAL,Account Opening & KYC,CUST-88148,21,15,CNT-8,2
2026-09-25T10:27:14.537807,AV-CENTRAL,Wealth & Forex,CUST-97884,18,19,CNT-7,3
2026-09-25T10:07:14.537807,AV-CENTRAL,Cash & Deposits,CUST-82309,14,5,CNT-3,3
2026-09-25T10:06:14.537807,AV-CENTRAL,Wealth & Forex,CUST-93607,25,16,CNT-4,3
2026-09-25T10:25:14.537807,AV-CENTRAL,Account Opening & KYC,CUST-64866,14,21,CNT-8,4
2026-09-25T10:00:14.537807,AV-CENTRAL,Wealth & Forex,CUST-62069,22,14,CNT-5,3
2026-09-25T10:23:14.537807,AV-CENTRAL,Loan & Mortgages,CUST-84078,35,23,CNT-8,2
2026-09-25T10:22:14.537807,AV-CENTRAL,Wealth & Forex,CUST-24435,8,15,CNT-6,4
2026-09-25T10:13:14.537807,AV-CENTRAL,Wealth & Forex,CUST-30260,11,10,CNT-4,2
2026-09-25T10:05:14.537807,AV-CENTRAL,Loan & Mortgages,CUST-43653,20,16,CNT-4,4
2026-09-25T10:47:14.537807,AV-CENTRAL,Loan & Mortgages,CUST-57400,24,20,CNT-2,2
2026-09-25T10:32:14.537807,AV-CENTRAL,Account Opening & KYC,CUST-61411,22,13,CNT-6,3
2026-09-25T10:43:14.537807,AV-CENTRAL,Loan & Mortgages,CUST-39826,39,19,CNT-4,2
2026-09-25T10:33:14.537807,AV-CENTRAL,Account Opening & KYC,CUST-59112,17,12,CNT-8,4
2026-09-25T10:14:14.537807,AV-CENTRAL,Cash & Deposits,CUST-37588,2,5,CNT-8,5
2026-09-25T10:49:14.537807,AV-CENTRAL,Cash & Deposits,CUST-55250,2,4,CNT-6,4
2026-09-25T10:37:14.537807,AV-CENTRAL,Account Opening & KYC,CUST-55255,26,20,CNT-4,2
2026-09-25T10:56:14.537807,AV-CENTRAL,Account Opening & KYC,CUST-49991,14,16,CNT-4,3
2026-09-25T10:21:14.537807,AV-CENTRAL,Loan & Mortgages,CUST-90147,26,26,CNT-2,3
2026-09-25T10:44:14.537807,AV-CENTRAL,Cash & Deposits,CUST-96970,3,6,CNT-2,3
2026-09-25T10:45:14.537807,AV-CENTRAL,Cash & Deposits,CUST-87992,6,8,CNT-8,4
2026-09-25T10:55:14.537807,AV-CENTRAL,Loan & Mortgages,CUST-42629,25,29,CNT-1,3
2026-09-25T10:30:14.537807,AV-CENTRAL,Account Opening & KYC,CUST-25835,16,14,CNT-2,3
2026-09-25T10:34:14.537807,AV-CENTRAL,Account Opening & KYC,CUST-36043,24,12,CNT-1,4
2026-09-25T10:09:14.537807,AV-NORTH,Wealth & Forex,CUST-52790,6,23,CNT-2,4
2026-09-25T10:51:14.537807,AV-NORTH,Account Opening & KYC,CUST-44111,9,26,CNT-8,3
2026-09-25T10:22:14.537807,AV-NORTH,Cash & Deposits,CUST-68816,6,5,CNT-2,3
2026-09-25T10:55:14.537807,AV-NORTH,Wealth & Forex,CUST-16146,5,18,CNT-8,3
2026-09-25T10:36:14.537807,AV-NORTH,Cash & Deposits,CUST-14101,2,3,CNT-8,4
2026-09-25T10:36:14.537807,AV-NORTH,Loan & Mortgages,CUST-81859,40,14,CNT-2,3
2026-09-25T10:16:14.537807,AV-NORTH,Wealth & Forex,CUST-80610,19,16,CNT-2,3
2026-09-25T10:07:14.537807,AV-NORTH,Wealth & Forex,CUST-78262,22,11,CNT-1,4
2026-09-25T10:54:14.537807,AV-NORTH,Cash & Deposits,CUST-35460,8,5,CNT-1,3
2026-09-25T10:55:14.537807,AV-NORTH,Loan & Mortgages,CUST-94875,14,26,CNT-7,3
2026-09-25T10:22:14.537807,AV-NORTH,Wealth & Forex,CUST-52939,10,11,CNT-6,3
2026-09-25T10:08:14.537807,AV-NORTH,Wealth & Forex,CUST-99804,7,8,CNT-5,3
2026-09-25T10:55:14.537807,AV-NORTH,Account Opening & KYC,CUST-65161,21,16,CNT-6,4
2026-09-25T10:15:14.537807,AV-NORTH,Loan & Mortgages,CUST-45113,27,15,CNT-7,2
2026-09-25T10:35:14.537807,AV-NORTH,Account Opening & KYC,CUST-94512,23,8,CNT-4,4
2026-09-25T10:18:14.537807,AV-WEST,Wealth & Forex,CUST-51002,18,7,CNT-1,3
2026-09-25T10:07:14.537807,AV-WEST,Wealth & Forex,CUST-97625,18,17,CNT-8,2
2026-09-25T10:42:14.537807,AV-WEST,Wealth & Forex,CUST-18475,9,12,CNT-8,2
2026-09-25T10:46:14.537807,AV-WEST,Wealth & Forex,CUST-70792,10,13,CNT-3,3
2026-09-25T10:10:14.537807,AV-WEST,Wealth & Forex,CUST-87277,15,27,CNT-6,3
2026-09-25T10:40:14.537807,AV-WEST,Wealth & Forex,CUST-45868,22,15,CNT-8,3
2026-09-25T10:54:14.537807,AV-WEST,Cash & Deposits,CUST-80289,8,3,CNT-7,4
2026-09-25T10:33:14.537807,AV-WEST,Cash & Deposits,CUST-14331,3,3,CNT-4,4
2026-09-25T10:00:14.537807,AV-WEST,Cash & Deposits,CUST-35340,2,5,CNT-5,4
2026-09-25T10:16:14.537807,AV-WEST,Loan & Mortgages,CUST-49371,27,16,CNT-1,3
2026-09-25T10:29:14.537807,AV-WEST,Wealth & Forex,CUST-78160,17,15,CNT-3,3
2026-09-25T10:55:14.537807,AV-WEST,Account Opening & KYC,CUST-15576,13,22,CNT-7,2
2026-09-25T10:45:14.537807,AV-WEST,Account Opening & KYC,CUST-26760,19,16,CNT-5,3
2026-09-25T10:41:14.537807,AV-WEST,Loan & Mortgages,CUST-27451,35,15,CNT-4,3
2026-09-25T10:43:14.537807,AV-WEST,Loan & Mortgages,CUST-58234,27,23,CNT-4,2
2026-09-25T10:17:14.537807,AV-WEST,Wealth & Forex,CUST-10879,28,20,CNT-5,4
2026-09-25T10:17:14.537807,AV-WEST,Account Opening & KYC,CUST-39560,21,20,CNT-4,2
2026-09-25T10:00:14.537807,AV-WEST,Loan & Mortgages,CUST-43777,34,30,CNT-8,1
2026-09-25T10:35:14.537807,AV-WEST,Cash & Deposits,CUST-41620,9,4,CNT-5,3
2026-09-25T10:01:14.537807,AV-WEST,Cash & Deposits,CUST-61694,2,5,CNT-2,3
2026-09-25T10:52:14.537807,AV-WEST,Wealth & Forex,CUST-47306,28,25,CNT-8,3
2026-09-25T10:10:14.537807,AV-WEST,Wealth & Forex,CUST-41085,11,22,CNT-4,3
2026-09-25T11:47:14.537807,AV-CENTRAL,Wealth & Forex,CUST-12107,22,15,CNT-6,3
2026-09-25T11:31:14.537807,AV-CENTRAL,Wealth & Forex,CUST-25629,19,17,CNT-7,2
2026-09-25T11:11:14.537807,AV-CENTRAL,Account Opening & KYC,CUST-19627,22,15,CNT-6,3
2026-09-25T11:03:14.537807,AV-CENTRAL,Cash & Deposits,CUST-35828,9,3,CNT-1,3
2026-09-25T11:42:14.537807,AV-CENTRAL,Loan & Mortgages,CUST-11794,23,28,CNT-4,2
2026-09-25T11:45:14.537807,AV-CENTRAL,Loan & Mortgages,CUST-81905,11,30,CNT-1,3
2026-09-25T11:39:14.537807,AV-CENTRAL,Cash & Deposits,CUST-37809,6,3,CNT-3,2
2026-09-25T11:03:14.537807,AV-CENTRAL,Cash & Deposits,CUST-62633,5,3,CNT-5,4
2026-09-25T11:31:14.537807,AV-CENTRAL,Account Opening & KYC,CUST-93233,10,18,CNT-3,3
2026-09-25T11:30:14.537807,AV-CENTRAL,Wealth & Forex,CUST-41707,13,18,CNT-5,2
2026-09-25T11:44:14.537807,AV-CENTRAL,Wealth & Forex,CUST-92348,14,22,CNT-4,3
2026-09-25T11:52:14.537807,AV-CENTRAL,Loan & Mortgages,CUST-87527,36,10,CNT-1,2
2026-09-25T11:25:14.537807,AV-CENTRAL,Wealth & Forex,CUST-81430,17,21,CNT-7,3
2026-09-25T11:31:14.537807,AV-CENTRAL,Wealth & Forex,CUST-18585,7,12,CNT-8,4
2026-09-25T11:42:14.537807,AV-CENTRAL,Wealth & Forex,CUST-67527,14,8,CNT-3,2
2026-09-25T11:38:14.537807,AV-CENTRAL,Loan & Mortgages,CUST-50811,37,27,CNT-3,3
2026-09-25T11:28:14.537807,AV-CENTRAL,Account Opening & KYC,CUST-21336,12,24,CNT-3,5
2026-09-25T11:28:14.537807,AV-CENTRAL,Wealth & Forex,CUST-36135,21,20,CNT-4,2
2026-09-25T11:06:14.537807,AV-CENTRAL,Cash & Deposits,CUST-56695,3,6,CNT-8,5
2026-09-25T11:12:14.537807,AV-CENTRAL,Wealth & Forex,CUST-88431,11,15,CNT-7,3
2026-09-25T11:05:14.537807,AV-CENTRAL,Cash & Deposits,CUST-86166,6,3,CNT-6,3
2026-09-25T11:55:14.537807,AV-CENTRAL,Wealth & Forex,CUST-45070,7,20,CNT-5,5
2026-09-25T11:42:14.537807,AV-NORTH,Wealth & Forex,CUST-23903,26,17,CNT-1,3
2026-09-25T11:24:14.537807,AV-NORTH,Loan & Mortgages,CUST-64427,29,22,CNT-7,2
2026-09-25T11:29:14.537807,AV-NORTH,Wealth & Forex,CUST-22326,4,19,CNT-5,4
2026-09-25T11:36:14.537807,AV-NORTH,Wealth & Forex,CUST-76174,13,11,CNT-7,4
2026-09-25T11:41:14.537807,AV-NORTH,Loan & Mortgages,CUST-98714,37,23,CNT-1,3
2026-09-25T11:04:14.537807,AV-NORTH,Cash & Deposits,CUST-22621,2,8,CNT-8,4
2026-09-25T11:21:14.537807,AV-NORTH,Wealth & Forex,CUST-86654,16,16,CNT-4,3
2026-09-25T11:19:14.537807,AV-NORTH,Cash & Deposits,CUST-38138,3,3,CNT-6,4
2026-09-25T11:16:14.537807,AV-NORTH,Account Opening & KYC,CUST-87651,18,14,CNT-3,2
2026-09-25T11:59:14.537807,AV-NORTH,Cash & Deposits,CUST-31714,8,7,CNT-5,3
2026-09-25T11:18:14.537807,AV-NORTH,Wealth & Forex,CUST-60411,10,15,CNT-5,3
2026-09-25T11:03:14.537807,AV-NORTH,Cash & Deposits,CUST-95432,9,3,CNT-4,3
2026-09-25T11:56:14.537807,AV-NORTH,Loan & Mortgages,CUST-59536,40,23,CNT-1,3
2026-09-25T11:47:14.537807,AV-WEST,Wealth & Forex,CUST-55463,13,10,CNT-5,4
2026-09-25T11:39:14.537807,AV-WEST,Loan & Mortgages,CUST-52787,20,24,CNT-3,3
2026-09-25T11:39:14.537807,AV-WEST,Wealth & Forex,CUST-26468,13,15,CNT-6,4
2026-09-25T11:14:14.537807,AV-WEST,Cash & Deposits,CUST-46208,7,6,CNT-6,2
2026-09-25T11:57:14.537807,AV-WEST,Cash & Deposits,CUST-88551,8,9,CNT-6,4
2026-09-25T11:31:14.537807,AV-WEST,Account Opening & KYC,CUST-56605,13,12,CNT-6,3
2026-09-25T11:14:14.537807,AV-WEST,Wealth & Forex,CUST-89052,13,11,CNT-6,5
2026-09-25T11:07:14.537807,AV-WEST,Wealth & Forex,CUST-84251,12,13,CNT-1,5
2026-09-25T11:04:14.537807,AV-WEST,Wealth & Forex,CUST-82660,22,10,CNT-5,2
2026-09-25T11:27:14.537807,AV-WEST,Cash & Deposits,CUST-29900,2,3,CNT-5,3
2026-09-25T11:23:14.537807,AV-WEST,Account Opening & KYC,CUST-50974,11,20,CNT-3,2
2026-09-25T11:27:14.537807,AV-WEST,Loan & Mortgages,CUST-50469,23,18,CNT-6,2
2026-09-25T11:02:14.537807,AV-WEST,Loan & Mortgages,CUST-98933,20,26,CNT-4,3
2026-09-25T11:42:14.537807,AV-WEST,Wealth & Forex,CUST-84059,17,17,CNT-4,3
2026-09-25T11:06:14.537807,AV-WEST,Wealth & Forex,CUST-36730,10,16,CNT-4,3
2026-09-25T11:32:14.537807,AV-WEST,Wealth & Forex,CUST-83797,10,19,CNT-5,5
2026-09-25T11:25:14.537807,AV-WEST,Wealth & Forex,CUST-98715,17,13,CNT-4,2
2026-09-25T12:17:14.537807,AV-CENTRAL,Account Opening & KYC,CUST-66235,16,15,CNT-2,4
2026-09-25T12:18:14.537807,AV-CENTRAL,Cash & Deposits,CUST-50118,10,6,CNT-3,2
2026-09-25T12:55:14.537807,AV-CENTRAL,Account Opening & KYC,CUST-75859,20,13,CNT-5,3
2026-09-25T12:47:14.537807,AV-CENTRAL,Cash & Deposits,CUST-54060,4,4,CNT-3,3
2026-09-25T12:13:14.537807,AV-CENTRAL,Cash & Deposits,CUST-73901,8,7,CNT-1,3
2026-09-25T12:29:14.537807,AV-CENTRAL,Cash & Deposits,CUST-39688,8,3,CNT-4,3
2026-09-25T12:49:14.537807,AV-CENTRAL,Loan & Mortgages,CUST-71805,34,32,CNT-5,2
2026-09-25T12:14:14.537807,AV-CENTRAL,Cash & Deposits,CUST-93724,6,4,CNT-2,4
2026-09-25T12:05:14.537807,AV-CENTRAL,Cash & Deposits,CUST-91066,7,3,CNT-3,3
2026-09-25T12:36:14.537807,AV-CENTRAL,Cash & Deposits,CUST-23502,8,8,CNT-2,3
2026-09-25T12:18:14.537807,AV-CENTRAL,Loan & Mortgages,CUST-49476,12,20,CNT-6,4
2026-09-25T12:40:14.537807,AV-CENTRAL,Cash & Deposits,CUST-59989,5,3,CNT-7,3
2026-09-25T12:45:14.537807,AV-CENTRAL,Loan & Mortgages,CUST-20164,31,21,CNT-1,2
2026-09-25T12:42:14.537807,AV-CENTRAL,Cash & Deposits,CUST-97082,2,5,CNT-2,3
2026-09-25T12:45:14.537807,AV-CENTRAL,Cash & Deposits,CUST-50058,5,4,CNT-1,4
2026-09-25T12:10:14.537807,AV-CENTRAL,Account Opening & KYC,CUST-41881,20,18,CNT-7,2
2026-09-25T12:33:14.537807,AV-CENTRAL,Account Opening & KYC,CUST-98606,14,13,CNT-6,4
2026-09-25T12:38:14.537807,AV-CENTRAL,Wealth & Forex,CUST-11707,5,21,CNT-4,4
2026-09-25T12:41:14.537807,AV-CENTRAL,Account Opening & KYC,CUST-88461,18,13,CNT-3,3
2026-09-25T12:43:14.537807,AV-CENTRAL,Cash & Deposits,CUST-81592,4,7,CNT-7,4
2026-09-25T12:07:14.537807,AV-CENTRAL,Account Opening & KYC,CUST-62376,9,16,CNT-4,4
2026-09-25T12:33:14.537807,AV-CENTRAL,Loan & Mortgages,CUST-50480,31,23,CNT-1,2
2026-09-25T12:01:14.537807,AV-CENTRAL,Wealth & Forex,CUST-25447,14,10,CNT-3,3
2026-09-25T12:10:14.537807,AV-CENTRAL,Cash & Deposits,CUST-26635,2,6,CNT-7,3
2026-09-25T12:13:14.537807,AV-CENTRAL,Account Opening & KYC,CUST-60338,14,15,CNT-3,5
2026-09-25T12:25:14.537807,AV-CENTRAL,Loan & Mortgages,CUST-67003,41,15,CNT-6,3
2026-09-25T12:02:14.537807,AV-CENTRAL,Loan & Mortgages,CUST-48194,20,25,CNT-8,4
2026-09-25T12:47:14.537807,AV-CENTRAL,Loan & Mortgages,CUST-34199,32,13,CNT-3,2
2026-09-25T12:53:14.537807,AV-CENTRAL,Cash & Deposits,CUST-88699,11,6,CNT-8,4
2026-09-25T12:41:14.537807,AV-CENTRAL,Cash & Deposits,CUST-70251,2,6,CNT-6,4
2026-09-25T12:55:14.537807,AV-CENTRAL,Cash & Deposits,CUST-33446,5,3,CNT-4,5
2026-09-25T12:55:14.537807,AV-CENTRAL,Loan & Mortgages,CUST-98432,31,35,CNT-7,2
2026-09-25T12:49:14.537807,AV-CENTRAL,Loan & Mortgages,CUST-51353,35,23,CNT-1,3
2026-09-25T12:20:14.537807,AV-CENTRAL,Account Opening & KYC,CUST-54659,13,16,CNT-4,4
2026-09-25T12:37:14.537807,AV-NORTH,Wealth & Forex,CUST-61316,13,14,CNT-1,4
2026-09-25T12:47:14.537807,AV-NORTH,Loan & Mortgages,CUST-21198,39,25,CNT-3,3
2026-09-25T12:18:14.537807,AV-NORTH,Loan & Mortgages,CUST-28924,31,27,CNT-6,3
2026-09-25T12:47:14.537807,AV-NORTH,Cash & Deposits,CUST-15198,4,8,CNT-4,3
2026-09-25T12:35:14.537807,AV-NORTH,Cash & Deposits,CUST-99574,2,3,CNT-6,4
2026-09-25T12:08:14.537807,AV-NORTH,Cash & Deposits,CUST-79634,9,3,CNT-6,3
2026-09-25T12:50:14.537807,AV-NORTH,Loan & Mortgages,CUST-28950,48,30,CNT-7,1
2026-09-25T12:48:14.537807,AV-NORTH,Loan & Mortgages,CUST-47537,10,31,CNT-6,2
2026-09-25T12:42:14.537807,AV-NORTH,Wealth & Forex,CUST-43415,27,24,CNT-8,4
2026-09-25T12:03:14.537807,AV-NORTH,Cash & Deposits,CUST-82435,6,3,CNT-2,3
2026-09-25T12:42:14.537807,AV-NORTH,Wealth & Forex,CUST-66637,13,17,CNT-7,2
2026-09-25T12:51:14.537807,AV-NORTH,Wealth & Forex,CUST-54782,12,12,CNT-2,4
2026-09-25T12:42:14.537807,AV-NORTH,Cash & Deposits,CUST-79795,5,4,CNT-2,4
2026-09-25T12:56:14.537807,AV-NORTH,Loan & Mortgages,CUST-53342,14,24,CNT-1,3
2026-09-25T12:09:14.537807,AV-NORTH,Account Opening & KYC,CUST-37297,16,19,CNT-4,3
2026-09-25T12:59:14.537807,AV-NORTH,Cash & Deposits,CUST-10485,2,7,CNT-7,2
2026-09-25T12:26:14.537807,AV-NORTH,Wealth & Forex,CUST-98342,20,13,CNT-4,4
2026-09-25T12:24:14.537807,AV-NORTH,Account Opening & KYC,CUST-31559,14,11,CNT-2,3
2026-09-25T12:03:14.537807,AV-NORTH,Loan & Mortgages,CUST-39820,26,28,CNT-7,2
2026-09-25T12:03:14.537807,AV-NORTH,Wealth & Forex,CUST-24660,4,19,CNT-2,2
2026-09-25T12:17:14.537807,AV-NORTH,Wealth & Forex,CUST-16690,17,19,CNT-1,4
2026-09-25T12:15:14.537807,AV-WEST,Loan & Mortgages,CUST-63761,12,35,CNT-3,4
2026-09-25T12:26:14.537807,AV-WEST,Cash & Deposits,CUST-38528,4,7,CNT-3,4
2026-09-25T12:45:14.537807,AV-WEST,Cash & Deposits,CUST-31972,4,8,CNT-8,4
2026-09-25T12:03:14.537807,AV-WEST,Cash & Deposits,CUST-70084,7,3,CNT-6,5
2026-09-25T12:43:14.537807,AV-WEST,Wealth & Forex,CUST-81808,13,16,CNT-8,4
2026-09-25T12:18:14.537807,AV-WEST,Cash & Deposits,CUST-95466,7,3,CNT-7,4
2026-09-25T12:23:14.537807,AV-WEST,Cash & Deposits,CUST-10110,6,6,CNT-2,3
2026-09-25T12:35:14.537807,AV-WEST,Loan & Mortgages,CUST-55175,29,26,CNT-2,3
2026-09-25T12:32:14.537807,AV-WEST,Loan & Mortgages,CUST-25652,31,23,CNT-4,2
2026-09-25T12:47:14.537807,AV-WEST,Loan & Mortgages,CUST-38954,39,26,CNT-8,3
2026-09-25T12:05:14.537807,AV-WEST,Cash & Deposits,CUST-79572,6,6,CNT-8,4
2026-09-25T12:39:14.537807,AV-WEST,Loan & Mortgages,CUST-18254,35,23,CNT-5,2
2026-09-25T12:43:14.537807,AV-WEST,Loan & Mortgages,CUST-31177,26,32,CNT-3,4
2026-09-25T12:36:14.537807,AV-WEST,Account Opening & KYC,CUST-22693,24,14,CNT-7,3
2026-09-25T12:23:14.537807,AV-WEST,Loan & Mortgages,CUST-29688,14,27,CNT-4,3
2026-09-25T12:46:14.537807,AV-WEST,Wealth & Forex,CUST-92457,17,16,CNT-4,3
2026-09-25T12:38:14.537807,AV-WEST,Loan & Mortgages,CUST-60074,18,15,CNT-4,1
2026-09-25T12:40:14.537807,AV-WEST,Cash & Deposits,CUST-97916,2,6,CNT-6,4
2026-09-25T12:22:14.537807,AV-WEST,Cash & Deposits,CUST-77090,2,3,CNT-3,4
2026-09-25T12:40:14.537807,AV-WEST,Loan & Mortgages,CUST-97682,33,27,CNT-4,2
2026-09-25T12:07:14.537807,AV-WEST,Wealth & Forex,CUST-60119,18,20,CNT-5,3
2026-09-25T12:15:14.537807,AV-WEST,Loan & Mortgages,CUST-13968,37,28,CNT-7,2
2026-09-25T12:13:14.537807,AV-WEST,Account Opening & KYC,CUST-17923,25,18,CNT-6,3
2026-09-25T12:20:14.537807,AV-WEST,Account Opening & KYC,CUST-16793,24,12,CNT-3,2
2026-09-25T13:27:14.537807,AV-CENTRAL,Loan & Mortgages,CUST-37127,34,25,CNT-7,2
2026-09-25T13:43:14.537807,AV-CENTRAL,Cash & Deposits,CUST-85564,2,7,CNT-4,3
2026-09-25T13:29:14.537807,AV-CENTRAL,Wealth & Forex,CUST-86063,3,26,CNT-7,4
2026-09-25T13:24:14.537807,AV-CENTRAL,Wealth & Forex,CUST-61265,18,17,CNT-1,3
2026-09-25T13:14:14.537807,AV-CENTRAL,Wealth & Forex,CUST-10372,5,9,CNT-3,3
2026-09-25T13:05:14.537807,AV-CENTRAL,Wealth & Forex,CUST-39918,17,20,CNT-4,4
2026-09-25T13:26:14.537807,AV-CENTRAL,Wealth & Forex,CUST-75993,12,15,CNT-3,2
2026-09-25T13:06:14.537807,AV-CENTRAL,Cash & Deposits,CUST-76067,3,3,CNT-6,4
2026-09-25T13:53:14.537807,AV-CENTRAL,Account Opening & KYC,CUST-93889,13,15,CNT-1,3
2026-09-25T13:08:14.537807,AV-CENTRAL,Cash & Deposits,CUST-63861,6,4,CNT-4,4
2026-09-25T13:14:14.537807,AV-CENTRAL,Loan & Mortgages,CUST-63749,35,28,CNT-1,3
2026-09-25T13:50:14.537807,AV-CENTRAL,Wealth & Forex,CUST-62488,13,12,CNT-1,3
2026-09-25T13:42:14.537807,AV-CENTRAL,Account Opening & KYC,CUST-87024,7,17,CNT-2,2
2026-09-25T13:07:14.537807,AV-CENTRAL,Cash & Deposits,CUST-81013,7,5,CNT-2,5
2026-09-25T13:56:14.537807,AV-CENTRAL,Account Opening & KYC,CUST-77142,11,19,CNT-3,4
2026-09-25T13:33:14.537807,AV-CENTRAL,Account Opening & KYC,CUST-20132,21,11,CNT-4,3
2026-09-25T13:30:14.537807,AV-CENTRAL,Loan & Mortgages,CUST-83772,36,27,CNT-8,2
2026-09-25T13:29:14.537807,AV-CENTRAL,Cash & Deposits,CUST-92636,4,7,CNT-6,2
2026-09-25T13:52:14.537807,AV-CENTRAL,Loan & Mortgages,CUST-34375,31,27,CNT-8,3
2026-09-25T13:38:14.537807,AV-CENTRAL,Wealth & Forex,CUST-89554,13,19,CNT-1,3
2026-09-25T13:36:14.537807,AV-CENTRAL,Loan & Mortgages,CUST-60557,39,19,CNT-8,3
2026-09-25T13:54:14.537807,AV-CENTRAL,Account Opening & KYC,CUST-21915,17,21,CNT-6,3
2026-09-25T13:15:14.537807,AV-CENTRAL,Loan & Mortgages,CUST-65757,30,23,CNT-5,2
2026-09-25T13:04:14.537807,AV-CENTRAL,Loan & Mortgages,CUST-42673,36,18,CNT-2,2
2026-09-25T13:46:14.537807,AV-CENTRAL,Cash & Deposits,CUST-70503,3,6,CNT-6,4
2026-09-25T13:11:14.537807,AV-CENTRAL,Wealth & Forex,CUST-53371,20,13,CNT-4,4
2026-09-25T13:55:14.537807,AV-CENTRAL,Account Opening & KYC,CUST-90885,14,16,CNT-7,3
2026-09-25T13:07:14.537807,AV-CENTRAL,Account Opening & KYC,CUST-37715,25,18,CNT-8,3
2026-09-25T13:26:14.537807,AV-CENTRAL,Wealth & Forex,CUST-71904,22,21,CNT-3,3
2026-09-25T13:17:14.537807,AV-CENTRAL,Cash & Deposits,CUST-68959,5,4,CNT-3,3
2026-09-25T13:32:14.537807,AV-CENTRAL,Cash & Deposits,CUST-78361,12,4,CNT-7,4
2026-09-25T13:53:14.537807,AV-CENTRAL,Loan & Mortgages,CUST-20155,25,23,CNT-4,3
2026-09-25T13:18:14.537807,AV-CENTRAL,Account Opening & KYC,CUST-46567,16,13,CNT-1,3
2026-09-25T13:15:14.537807,AV-CENTRAL,Account Opening & KYC,CUST-10627,25,12,CNT-4,2
2026-09-25T13:04:14.537807,AV-NORTH,Wealth & Forex,CUST-15111,22,12,CNT-6,4
2026-09-25T13:33:14.537807,AV-NORTH,Cash & Deposits,CUST-84526,3,3,CNT-7,3
2026-09-25T13:26:14.537807,AV-NORTH,Loan & Mortgages,CUST-38827,18,27,CNT-3,3
2026-09-25T13:47:14.537807,AV-NORTH,Wealth & Forex,CUST-85671,15,16,CNT-6,3
2026-09-25T13:06:14.537807,AV-NORTH,Wealth & Forex,CUST-92714,15,18,CNT-4,3
2026-09-25T13:23:14.537807,AV-NORTH,Account Opening & KYC,CUST-73104,10,14,CNT-5,2
2026-09-25T13:40:14.537807,AV-NORTH,Wealth & Forex,CUST-43965,4,19,CNT-8,3
2026-09-25T13:25:14.537807,AV-NORTH,Wealth & Forex,CUST-27559,15,16,CNT-3,3
2026-09-25T13:51:14.537807,AV-NORTH,Cash & Deposits,CUST-41702,6,6,CNT-2,5
2026-09-25T13:31:14.537807,AV-NORTH,Wealth & Forex,CUST-55970,4,17,CNT-1,3
2026-09-25T13:35:14.537807,AV-NORTH,Account Opening & KYC,CUST-74749,16,17,CNT-1,2
2026-09-25T13:04:14.537807,AV-NORTH,Cash & Deposits,CUST-13017,10,3,CNT-2,2
2026-09-25T13:53:14.537807,AV-NORTH,Cash & Deposits,CUST-79226,2,6,CNT-5,3
2026-09-25T13:27:14.537807,AV-NORTH,Loan & Mortgages,CUST-78515,37,23,CNT-6,2
2026-09-25T13:45:14.537807,AV-NORTH,Loan & Mortgages,CUST-33438,21,20,CNT-5,3
2026-09-25T13:50:14.537807,AV-WEST,Wealth & Forex,CUST-73850,10,14,CNT-4,3
2026-09-25T13:06:14.537807,AV-WEST,Cash & Deposits,CUST-27136,8,4,CNT-1,3
2026-09-25T13:20:14.537807,AV-WEST,Account Opening & KYC,CUST-94632,16,18,CNT-8,3
2026-09-25T13:01:14.537807,AV-WEST,Loan & Mortgages,CUST-22772,35,24,CNT-7,1
2026-09-25T13:00:14.537807,AV-WEST,Wealth & Forex,CUST-32459,15,19,CNT-6,4
2026-09-25T13:51:14.537807,AV-WEST,Loan & Mortgages,CUST-95421,34,16,CNT-4,3
2026-09-25T13:31:14.537807,AV-WEST,Cash & Deposits,CUST-12452,9,3,CNT-1,3
2026-09-25T13:51:14.537807,AV-WEST,Cash & Deposits,CUST-49838,4,5,CNT-2,2
2026-09-25T13:26:14.537807,AV-WEST,Wealth & Forex,CUST-12686,13,20,CNT-6,4
2026-09-25T13:01:14.537807,AV-WEST,Wealth & Forex,CUST-29693,23,20,CNT-8,4
2026-09-25T13:35:14.537807,AV-WEST,Loan & Mortgages,CUST-85779,19,23,CNT-1,4
2026-09-25T13:38:14.537807,AV-WEST,Wealth & Forex,CUST-48256,15,17,CNT-4,4
2026-09-25T13:23:14.537807,AV-WEST,Account Opening & KYC,CUST-28320,14,15,CNT-8,3
2026-09-25T13:48:14.537807,AV-WEST,Account Opening & KYC,CUST-29117,20,19,CNT-8,3
2026-09-25T13:49:14.537807,AV-WEST,Account Opening & KYC,CUST-15689,20,15,CNT-2,4
2026-09-25T13:06:14.537807,AV-WEST,Account Opening & KYC,CUST-40061,28,11,CNT-3,3
2026-09-25T13:37:14.537807,AV-WEST,Wealth & Forex,CUST-40885,28,15,CNT-3,2
2026-09-25T13:12:14.537807,AV-WEST,Cash & Deposits,CUST-61092,6,7,CNT-3,3
2026-09-25T13:03:14.537807,AV-WEST,Loan & Mortgages,CUST-48280,29,34,CNT-7,3
2026-09-25T13:37:14.537807,AV-WEST,Account Opening & KYC,CUST-45036,19,16,CNT-4,4
2026-09-25T13:47:14.537807,AV-WEST,Cash & Deposits,CUST-95980,3,7,CNT-2,4
2026-09-25T13:43:14.537807,AV-WEST,Loan & Mortgages,CUST-31467,25,26,CNT-5,4
2026-09-25T13:50:14.537807,AV-WEST,Wealth & Forex,CUST-32018,17,21,CNT-4,2
2026-09-25T14:37:14.537807,AV-CENTRAL,Account Opening & KYC,CUST-42025,13,14,CNT-1,5
2026-09-25T14:54:14.537807,AV-CENTRAL,Wealth & Forex,CUST-72121,18,8,CNT-7,3
2026-09-25T14:56:14.537807,AV-CENTRAL,Cash & Deposits,CUST-51487,9,3,CNT-5,3
2026-09-25T14:40:14.537807,AV-CENTRAL,Account Opening & KYC,CUST-82772,15,15,CNT-1,3
2026-09-25T14:04:14.537807,AV-CENTRAL,Account Opening & KYC,CUST-58372,9,20,CNT-1,5
2026-09-25T14:50:14.537807,AV-CENTRAL,Loan & Mortgages,CUST-25935,25,9,CNT-7,2
2026-09-25T14:55:14.537807,AV-CENTRAL,Account Opening & KYC,CUST-44133,15,14,CNT-4,3
2026-09-25T14:58:14.537807,AV-CENTRAL,Loan & Mortgages,CUST-78765,11,26,CNT-7,4
2026-09-25T14:56:14.537807,AV-CENTRAL,Wealth & Forex,CUST-99890,21,14,CNT-8,3
2026-09-25T14:58:14.537807,AV-CENTRAL,Cash & Deposits,CUST-25803,10,5,CNT-3,3
2026-09-25T14:48:14.537807,AV-CENTRAL,Loan & Mortgages,CUST-60543,23,29,CNT-1,3
2026-09-25T14:38:14.537807,AV-CENTRAL,Wealth & Forex,CUST-95887,11,24,CNT-5,4
2026-09-25T14:44:14.537807,AV-CENTRAL,Loan & Mortgages,CUST-50406,34,21,CNT-1,3
2026-09-25T14:53:14.537807,AV-CENTRAL,Loan & Mortgages,CUST-80685,48,24,CNT-7,2
2026-09-25T14:04:14.537807,AV-CENTRAL,Loan & Mortgages,CUST-58208,22,29,CNT-2,2
2026-09-25T14:23:14.537807,AV-CENTRAL,Cash & Deposits,CUST-55328,8,3,CNT-4,3
2026-09-25T14:53:14.537807,AV-CENTRAL,Account Opening & KYC,CUST-82033,17,13,CNT-2,3
2026-09-25T14:29:14.537807,AV-CENTRAL,Account Opening & KYC,CUST-71528,19,13,CNT-5,3
2026-09-25T14:24:14.537807,AV-CENTRAL,Loan & Mortgages,CUST-91421,15,21,CNT-4,3
2026-09-25T14:45:14.537807,AV-CENTRAL,Wealth & Forex,CUST-42418,15,22,CNT-6,4
2026-09-25T14:42:14.537807,AV-CENTRAL,Cash & Deposits,CUST-25919,10,4,CNT-1,4
2026-09-25T14:45:14.537807,AV-CENTRAL,Cash & Deposits,CUST-53524,2,5,CNT-6,4
2026-09-25T14:32:14.537807,AV-CENTRAL,Loan & Mortgages,CUST-26917,26,29,CNT-7,4
2026-09-25T14:27:14.537807,AV-CENTRAL,Account Opening & KYC,CUST-62376,18,17,CNT-8,3
2026-09-25T14:35:14.537807,AV-NORTH,Loan & Mortgages,CUST-88892,30,23,CNT-4,3
2026-09-25T14:23:14.537807,AV-NORTH,Cash & Deposits,CUST-75323,2,3,CNT-1,4
2026-09-25T14:58:14.537807,AV-NORTH,Account Opening & KYC,CUST-62646,11,11,CNT-5,4
2026-09-25T14:09:14.537807,AV-NORTH,Cash & Deposits,CUST-89877,5,3,CNT-4,4
2026-09-25T14:00:14.537807,AV-NORTH,Cash & Deposits,CUST-47836,6,7,CNT-1,4
2026-09-25T14:56:14.537807,AV-NORTH,Wealth & Forex,CUST-16954,17,18,CNT-8,3
2026-09-25T14:25:14.537807,AV-NORTH,Loan & Mortgages,CUST-94404,31,22,CNT-8,4
2026-09-25T14:52:14.537807,AV-NORTH,Account Opening & KYC,CUST-74347,22,9,CNT-7,3
2026-09-25T14:55:14.537807,AV-NORTH,Wealth & Forex,CUST-79912,13,18,CNT-7,3
2026-09-25T14:30:14.537807,AV-NORTH,Cash & Deposits,CUST-93792,2,6,CNT-1,4
2026-09-25T14:11:14.537807,AV-NORTH,Account Opening & KYC,CUST-57057,24,20,CNT-6,3
2026-09-25T14:10:14.537807,AV-NORTH,Wealth & Forex,CUST-14890,4,28,CNT-6,2
2026-09-25T14:19:14.537807,AV-NORTH,Cash & Deposits,CUST-82240,9,6,CNT-3,4
2026-09-25T14:52:14.537807,AV-NORTH,Wealth & Forex,CUST-82199,11,20,CNT-2,4
2026-09-25T14:36:14.537807,AV-NORTH,Loan & Mortgages,CUST-69351,27,19,CNT-5,3
2026-09-25T14:26:14.537807,AV-WEST,Account Opening & KYC,CUST-48857,13,13,CNT-5,4
2026-09-25T14:41:14.537807,AV-WEST,Account Opening & KYC,CUST-20082,19,13,CNT-7,3
2026-09-25T14:54:14.537807,AV-WEST,Cash & Deposits,CUST-95691,7,3,CNT-8,4
2026-09-25T14:11:14.537807,AV-WEST,Wealth & Forex,CUST-13530,16,17,CNT-7,3
2026-09-25T14:48:14.537807,AV-WEST,Loan & Mortgages,CUST-60842,27,24,CNT-8,4
2026-09-25T14:43:14.537807,AV-WEST,Loan & Mortgages,CUST-83894,31,20,CNT-7,2
2026-09-25T14:13:14.537807,AV-WEST,Cash & Deposits,CUST-28803,7,6,CNT-5,2
2026-09-25T14:01:14.537807,AV-WEST,Cash & Deposits,CUST-25735,6,4,CNT-4,2
2026-09-25T14:21:14.537807,AV-WEST,Wealth & Forex,CUST-81407,19,19,CNT-4,4
2026-09-25T14:29:14.537807,AV-WEST,Wealth & Forex,CUST-51921,21,17,CNT-4,3
2026-09-25T14:40:14.537807,AV-WEST,Loan & Mortgages,CUST-60000,25,32,CNT-5,3
2026-09-25T14:22:14.537807,AV-WEST,Account Opening & KYC,CUST-33290,11,12,CNT-3,4
2026-09-25T14:45:14.537807,AV-WEST,Account Opening & KYC,CUST-21373,14,15,CNT-6,3
2026-09-25T14:02:14.537807,AV-WEST,Cash & Deposits,CUST-14534,4,5,CNT-4,3
2026-09-25T14:38:14.537807,AV-WEST,Wealth & Forex,CUST-29819,13,21,CNT-7,4
2026-09-25T14:10:14.537807,AV-WEST,Loan & Mortgages,CUST-14148,21,24,CNT-7,4
2026-09-25T14:53:14.537807,AV-WEST,Wealth & Forex,CUST-92165,17,16,CNT-3,4
2026-09-25T14:17:14.537807,AV-WEST,Cash & Deposits,CUST-81135,5,4,CNT-7,3
2026-09-25T14:24:14.537807,AV-WEST,Cash & Deposits,CUST-25965,4,5,CNT-2,3
2026-09-25T14:00:14.537807,AV-WEST,Cash & Deposits,CUST-67245,2,4,CNT-8,4
2026-09-25T14:47:14.537807,AV-WEST,Cash & Deposits,CUST-45412,7,7,CNT-1,3
2026-09-25T15:10:14.537807,AV-CENTRAL,Account Opening & KYC,CUST-90195,24,14,CNT-3,2
2026-09-25T15:41:14.537807,AV-CENTRAL,Loan & Mortgages,CUST-11717,39,21,CNT-8,3
2026-09-25T15:03:14.537807,AV-CENTRAL,Cash & Deposits,CUST-18217,7,3,CNT-5,3
2026-09-25T15:37:14.537807,AV-CENTRAL,Cash & Deposits,CUST-61555,7,4,CNT-7,5
2026-09-25T15:08:14.537807,AV-CENTRAL,Loan & Mortgages,CUST-31063,29,17,CNT-5,3
2026-09-25T15:45:14.537807,AV-CENTRAL,Wealth & Forex,CUST-93050,16,17,CNT-5,3
2026-09-25T15:00:14.537807,AV-CENTRAL,Loan & Mortgages,CUST-50052,40,24,CNT-2,2
2026-09-25T15:59:14.537807,AV-CENTRAL,Wealth & Forex,CUST-47697,20,12,CNT-6,3
2026-09-25T15:58:14.537807,AV-CENTRAL,Cash & Deposits,CUST-64380,4,4,CNT-4,5
2026-09-25T15:09:14.537807,AV-CENTRAL,Wealth & Forex,CUST-31512,11,22,CNT-3,4
2026-09-25T15:03:14.537807,AV-CENTRAL,Loan & Mortgages,CUST-64439,31,25,CNT-7,3
2026-09-25T15:24:14.537807,AV-CENTRAL,Loan & Mortgages,CUST-38155,32,22,CNT-2,3
2026-09-25T15:53:14.537807,AV-CENTRAL,Cash & Deposits,CUST-12589,6,6,CNT-4,3
2026-09-25T15:43:14.537807,AV-NORTH,Wealth & Forex,CUST-87879,4,11,CNT-8,4
2026-09-25T15:50:14.537807,AV-NORTH,Wealth & Forex,CUST-70341,2,24,CNT-5,3
2026-09-25T15:13:14.537807,AV-NORTH,Wealth & Forex,CUST-77461,13,20,CNT-7,3
2026-09-25T15:18:14.537807,AV-NORTH,Cash & Deposits,CUST-94493,3,4,CNT-3,4
2026-09-25T15:09:14.537807,AV-NORTH,Account Opening & KYC,CUST-45668,12,25,CNT-6,3
2026-09-25T15:32:14.537807,AV-NORTH,Account Opening & KYC,CUST-98071,15,17,CNT-4,3
2026-09-25T15:21:14.537807,AV-NORTH,Loan & Mortgages,CUST-74648,23,22,CNT-1,2
2026-09-25T15:27:14.537807,AV-NORTH,Loan & Mortgages,CUST-56877,25,21,CNT-5,3
2026-09-25T15:21:14.537807,AV-WEST,Cash & Deposits,CUST-94275,11,3,CNT-7,2
2026-09-25T15:09:14.537807,AV-WEST,Account Opening & KYC,CUST-48467,19,9,CNT-7,4
2026-09-25T15:36:14.537807,AV-WEST,Loan & Mortgages,CUST-90306,23,21,CNT-4,3
2026-09-25T15:03:14.537807,AV-WEST,Wealth & Forex,CUST-11399,7,22,CNT-8,4
2026-09-25T15:34:14.537807,AV-WEST,Cash & Deposits,CUST-14128,4,6,CNT-1,3
2026-09-25T15:16:14.537807,AV-WEST,Wealth & Forex,CUST-14453,22,12,CNT-5,2
2026-09-25T15:53:14.537807,AV-WEST,Loan & Mortgages,CUST-87966,29,14,CNT-3,3
2026-09-25T15:13:14.537807,AV-WEST,Loan & Mortgages,CUST-20915,32,31,CNT-5,2
2026-09-25T16:51:14.537807,AV-CENTRAL,Account Opening & KYC,CUST-12239,12,15,CNT-1,4
2026-09-25T16:35:14.537807,AV-CENTRAL,Wealth & Forex,CUST-78622,12,32,CNT-4,3
2026-09-25T16:28:14.537807,AV-CENTRAL,Account Opening & KYC,CUST-50810,13,13,CNT-6,3
2026-09-25T16:43:14.537807,AV-CENTRAL,Cash & Deposits,CUST-26825,11,3,CNT-3,4
2026-09-25T16:04:14.537807,AV-CENTRAL,Account Opening & KYC,CUST-77620,21,5,CNT-8,3
2026-09-25T16:16:14.537807,AV-CENTRAL,Wealth & Forex,CUST-86243,12,18,CNT-7,3
2026-09-25T16:12:14.537807,AV-CENTRAL,Wealth & Forex,CUST-23096,12,24,CNT-3,3
2026-09-25T16:06:14.537807,AV-CENTRAL,Wealth & Forex,CUST-37956,8,15,CNT-6,4
2026-09-25T16:11:14.537807,AV-CENTRAL,Wealth & Forex,CUST-56034,10,17,CNT-6,4
2026-09-25T16:00:14.537807,AV-CENTRAL,Wealth & Forex,CUST-56364,24,21,CNT-2,4
2026-09-25T16:01:14.537807,AV-CENTRAL,Cash & Deposits,CUST-42072,7,6,CNT-3,3
2026-09-25T16:04:14.537807,AV-CENTRAL,Account Opening & KYC,CUST-64591,23,15,CNT-1,4
2026-09-25T16:00:14.537807,AV-CENTRAL,Cash & Deposits,CUST-62009,6,3,CNT-6,3
2026-09-25T16:09:14.537807,AV-CENTRAL,Cash & Deposits,CUST-21515,10,4,CNT-7,3
2026-09-25T16:11:14.537807,AV-CENTRAL,Cash & Deposits,CUST-41961,5,6,CNT-3,3
2026-09-25T16:56:14.537807,AV-CENTRAL,Cash & Deposits,CUST-30311,12,6,CNT-4,3
2026-09-25T16:40:14.537807,AV-NORTH,Account Opening & KYC,CUST-77621,16,16,CNT-1,2
2026-09-25T16:00:14.537807,AV-NORTH,Cash & Deposits,CUST-84030,7,5,CNT-1,3
2026-09-25T16:30:14.537807,AV-NORTH,Cash & Deposits,CUST-37741,5,4,CNT-5,3
2026-09-25T16:58:14.537807,AV-NORTH,Cash & Deposits,CUST-30484,4,3,CNT-6,4
2026-09-25T16:18:14.537807,AV-NORTH,Loan & Mortgages,CUST-36027,30,15,CNT-8,2
2026-09-25T16:27:14.537807,AV-NORTH,Loan & Mortgages,CUST-29816,28,23,CNT-7,2
2026-09-25T16:50:14.537807,AV-NORTH,Account Opening & KYC,CUST-58120,25,15,CNT-3,4
2026-09-25T16:06:14.537807,AV-NORTH,Cash & Deposits,CUST-65470,2,3,CNT-3,4
2026-09-25T16:32:14.537807,AV-NORTH,Account Opening & KYC,CUST-75494,19,14,CNT-6,2
2026-09-25T16:46:14.537807,AV-WEST,Wealth & Forex,CUST-51769,16,18,CNT-4,5
2026-09-25T16:50:14.537807,AV-WEST,Loan & Mortgages,CUST-66135,11,37,CNT-4,3
2026-09-25T16:05:14.537807,AV-WEST,Cash & Deposits,CUST-45862,2,6,CNT-6,5
2026-09-25T16:13:14.537807,AV-WEST,Wealth & Forex,CUST-51683,11,20,CNT-7,3
2026-09-25T16:26:14.537807,AV-WEST,Loan & Mortgages,CUST-32494,19,23,CNT-4,3
2026-09-25T16:52:14.537807,AV-WEST,Account Opening & KYC,CUST-17930,21,14,CNT-8,3
2026-09-25T16:37:14.537807,AV-WEST,Account Opening & KYC,CUST-91794,26,11,CNT-6,3
2026-09-25T16:24:14.537807,AV-WEST,Wealth & Forex,CUST-13253,21,12,CNT-4,3
2026-09-25T16:48:14.537807,AV-WEST,Loan & Mortgages,CUST-73195,23,26,CNT-5,2
2026-09-25T16:20:14.537807,AV-WEST,Loan & Mortgages,CUST-40767,25,18,CNT-6,3
2026-09-25T16:23:14.537807,AV-WEST,Account Opening & KYC,CUST-10243,18,16,CNT-2,2
2026-09-25T16:14:14.537807,AV-WEST,Account Opening & KYC,CUST-80474,12,20,CNT-8,4
2026-09-25T16:06:14.537807,AV-WEST,Account Opening & KYC,CUST-98823,12,17,CNT-8,3
2026-09-25T16:01:14.537807,AV-WEST,Account Opening & KYC,CUST-53408,30,5,CNT-8,4
2026-09-25T16:48:14.537807,AV-WEST,Account Opening & KYC,CUST-16070,22,17,CNT-1,3
2026-09-28T09:33:14.537807,AV-CENTRAL,Wealth & Forex,CUST-63509,27,22,CNT-2,3
2026-09-28T09:40:14.537807,AV-CENTRAL,Wealth & Forex,CUST-89715,11,11,CNT-2,2
2026-09-28T09:56:14.537807,AV-CENTRAL,Loan & Mortgages,CUST-71027,3,30,CNT-2,5
2026-09-28T09:54:14.537807,AV-CENTRAL,Loan & Mortgages,CUST-55008,39,24,CNT-2,3
2026-09-28T09:36:14.537807,AV-CENTRAL,Account Opening & KYC,CUST-70509,10,12,CNT-1,3
2026-09-28T09:09:14.537807,AV-CENTRAL,Account Opening & KYC,CUST-43253,15,18,CNT-5,3
2026-09-28T09:26:14.537807,AV-CENTRAL,Account Opening & KYC,CUST-14059,21,23,CNT-2,4
2026-09-28T09:57:14.537807,AV-CENTRAL,Loan & Mortgages,CUST-77629,36,22,CNT-5,1
2026-09-28T09:48:14.537807,AV-CENTRAL,Account Opening & KYC,CUST-89266,15,23,CNT-7,2
2026-09-28T09:35:14.537807,AV-CENTRAL,Cash & Deposits,CUST-25242,2,4,CNT-1,3
2026-09-28T09:10:14.537807,AV-CENTRAL,Cash & Deposits,CUST-40999,4,4,CNT-1,3
2026-09-28T09:33:14.537807,AV-CENTRAL,Wealth & Forex,CUST-95051,18,10,CNT-7,5
2026-09-28T09:58:14.537807,AV-CENTRAL,Account Opening & KYC,CUST-33161,16,19,CNT-5,3
2026-09-28T09:02:14.537807,AV-CENTRAL,Wealth & Forex,CUST-74262,15,21,CNT-7,3
2026-09-28T09:34:14.537807,AV-CENTRAL,Wealth & Forex,CUST-78709,13,20,CNT-8,3
2026-09-28T09:16:14.537807,AV-CENTRAL,Loan & Mortgages,CUST-48638,26,21,CNT-8,3
2026-09-28T09:21:14.537807,AV-CENTRAL,Wealth & Forex,CUST-40044,16,15,CNT-5,3
2026-09-28T09:33:14.537807,AV-CENTRAL,Wealth & Forex,CUST-65615,13,22,CNT-1,4
2026-09-28T09:38:14.537807,AV-CENTRAL,Loan & Mortgages,CUST-82567,23,24,CNT-6,3
2026-09-28T09:45:14.537807,AV-CENTRAL,Loan & Mortgages,CUST-81940,29,32,CNT-7,3
2026-09-28T09:39:14.537807,AV-CENTRAL,Wealth & Forex,CUST-46664,2,22,CNT-4,3
2026-09-28T09:20:14.537807,AV-CENTRAL,Cash & Deposits,CUST-17040,6,4,CNT-3,5
2026-09-28T09:31:14.537807,AV-CENTRAL,Cash & Deposits,CUST-21237,4,6,CNT-3,3
2026-09-28T09:06:14.537807,AV-CENTRAL,Wealth & Forex,CUST-43898,15,10,CNT-3,4
2026-09-28T09:34:14.537807,AV-CENTRAL,Wealth & Forex,CUST-55033,12,17,CNT-5,2
2026-09-28T09:56:14.537807,AV-NORTH,Wealth & Forex,CUST-20598,13,12,CNT-7,5
2026-09-28T09:24:14.537807,AV-NORTH,Cash & Deposits,CUST-85787,6,3,CNT-6,4
2026-09-28T09:01:14.537807,AV-NORTH,Wealth & Forex,CUST-70300,9,21,CNT-5,3
2026-09-28T09:07:14.537807,AV-NORTH,Account Opening & KYC,CUST-81738,28,15,CNT-2,2
2026-09-28T09:41:14.537807,AV-NORTH,Wealth & Forex,CUST-94840,15,11,CNT-3,4
2026-09-28T09:10:14.537807,AV-WEST,Wealth & Forex,CUST-34649,23,19,CNT-5,3
2026-09-28T09:06:14.537807,AV-WEST,Wealth & Forex,CUST-50081,18,20,CNT-6,3
2026-09-28T09:26:14.537807,AV-WEST,Loan & Mortgages,CUST-76331,45,26,CNT-4,2
2026-09-28T09:00:14.537807,AV-WEST,Account Opening & KYC,CUST-79827,15,17,CNT-3,2
2026-09-28T09:00:14.537807,AV-WEST,Wealth & Forex,CUST-14087,4,22,CNT-6,5
2026-09-28T09:35:14.537807,AV-WEST,Cash & Deposits,CUST-48778,8,5,CNT-4,4
2026-09-28T09:04:14.537807,AV-WEST,Wealth & Forex,CUST-67871,12,17,CNT-6,4
2026-09-28T09:41:14.537807,AV-WEST,Loan & Mortgages,CUST-83028,19,18,CNT-4,2
2026-09-28T10:47:14.537807,AV-CENTRAL,Wealth & Forex,CUST-38881,9,15,CNT-6,4
2026-09-28T10:04:14.537807,AV-CENTRAL,Loan & Mortgages,CUST-86017,36,31,CNT-3,2
2026-09-28T10:46:14.537807,AV-CENTRAL,Loan & Mortgages,CUST-52069,38,14,CNT-3,2
2026-09-28T10:03:14.537807,AV-CENTRAL,Account Opening & KYC,CUST-80950,11,13,CNT-1,3
2026-09-28T10:22:14.537807,AV-CENTRAL,Wealth & Forex,CUST-50521,22,18,CNT-6,2
2026-09-28T10:07:14.537807,AV-CENTRAL,Wealth & Forex,CUST-20176,23,21,CNT-6,2
2026-09-28T10:59:14.537807,AV-CENTRAL,Wealth & Forex,CUST-95182,14,23,CNT-3,3
2026-09-28T10:08:14.537807,AV-CENTRAL,Account Opening & KYC,CUST-21443,15,11,CNT-2,3
2026-09-28T10:08:14.537807,AV-CENTRAL,Loan & Mortgages,CUST-52247,36,21,CNT-4,2
2026-09-28T10:30:14.537807,AV-CENTRAL,Account Opening & KYC,CUST-23591,20,11,CNT-1,3
2026-09-28T10:24:14.537807,AV-CENTRAL,Loan & Mortgages,CUST-77622,36,25,CNT-8,3
2026-09-28T10:13:14.537807,AV-CENTRAL,Wealth & Forex,CUST-52179,10,23,CNT-1,3
2026-09-28T10:34:14.537807,AV-CENTRAL,Wealth & Forex,CUST-91651,14,14,CNT-1,5
2026-09-28T10:03:14.537807,AV-CENTRAL,Cash & Deposits,CUST-52407,4,7,CNT-7,5
2026-09-28T10:03:14.537807,AV-CENTRAL,Wealth & Forex,CUST-19353,22,17,CNT-4,3
2026-09-28T10:21:14.537807,AV-CENTRAL,Account Opening & KYC,CUST-17142,19,19,CNT-8,3
2026-09-28T10:29:14.537807,AV-CENTRAL,Loan & Mortgages,CUST-34012,24,15,CNT-6,3
2026-09-28T10:36:14.537807,AV-CENTRAL,Loan & Mortgages,CUST-96356,24,21,CNT-3,1
2026-09-28T10:56:14.537807,AV-CENTRAL,Loan & Mortgages,CUST-29120,33,21,CNT-7,2
2026-09-28T10:57:14.537807,AV-CENTRAL,Loan & Mortgages,CUST-96793,24,29,CNT-4,4
2026-09-28T10:52:14.537807,AV-CENTRAL,Cash & Deposits,CUST-55618,5,5,CNT-7,4
2026-09-28T10:12:14.537807,AV-CENTRAL,Cash & Deposits,CUST-59310,5,4,CNT-3,4
2026-09-28T10:28:14.537807,AV-CENTRAL,Cash & Deposits,CUST-62149,14,4,CNT-4,3
2026-09-28T10:09:14.537807,AV-NORTH,Loan & Mortgages,CUST-94843,36,25,CNT-1,2
2026-09-28T10:10:14.537807,AV-NORTH,Cash & Deposits,CUST-15392,8,3,CNT-5,3
2026-09-28T10:26:14.537807,AV-NORTH,Account Opening & KYC,CUST-63210,8,13,CNT-2,3
2026-09-28T10:44:14.537807,AV-NORTH,Loan & Mortgages,CUST-80677,31,18,CNT-1,2
2026-09-28T10:26:14.537807,AV-NORTH,Loan & Mortgages,CUST-39384,31,34,CNT-3,2
2026-09-28T10:21:14.537807,AV-NORTH,Wealth & Forex,CUST-54431,21,17,CNT-7,3
2026-09-28T10:08:14.537807,AV-NORTH,Loan & Mortgages,CUST-17114,35,15,CNT-4,3
2026-09-28T10:33:14.537807,AV-NORTH,Wealth & Forex,CUST-37671,14,12,CNT-7,2
2026-09-28T10:10:14.537807,AV-NORTH,Cash & Deposits,CUST-23459,9,6,CNT-3,3
2026-09-28T10:35:14.537807,AV-NORTH,Loan & Mortgages,CUST-78555,22,26,CNT-4,2
2026-09-28T10:26:14.537807,AV-NORTH,Account Opening & KYC,CUST-43028,16,16,CNT-5,4
2026-09-28T10:39:14.537807,AV-NORTH,Loan & Mortgages,CUST-84018,34,15,CNT-7,2
2026-09-28T10:52:14.537807,AV-NORTH,Loan & Mortgages,CUST-51444,40,12,CNT-2,3
2026-09-28T10:14:14.537807,AV-NORTH,Loan & Mortgages,CUST-78441,37,23,CNT-5,3
2026-09-28T10:30:14.537807,AV-NORTH,Account Opening & KYC,CUST-97674,16,9,CNT-6,4
2026-09-28T10:27:14.537807,AV-NORTH,Cash & Deposits,CUST-87470,2,6,CNT-4,4
2026-09-28T10:06:14.537807,AV-NORTH,Account Opening & KYC,CUST-63880,18,12,CNT-6,3
2026-09-28T10:35:14.537807,AV-WEST,Account Opening & KYC,CUST-50309,7,16,CNT-3,4
2026-09-28T10:30:14.537807,AV-WEST,Account Opening & KYC,CUST-53452,16,21,CNT-3,4
2026-09-28T10:49:14.537807,AV-WEST,Account Opening & KYC,CUST-16232,12,19,CNT-4,4
2026-09-28T10:17:14.537807,AV-WEST,Account Opening & KYC,CUST-30899,16,13,CNT-1,3
2026-09-28T10:35:14.537807,AV-WEST,Account Opening & KYC,CUST-96513,25,20,CNT-6,2
2026-09-28T10:09:14.537807,AV-WEST,Cash & Deposits,CUST-49030,10,6,CNT-6,2
2026-09-28T10:14:14.537807,AV-WEST,Cash & Deposits,CUST-80709,3,3,CNT-5,3
2026-09-28T10:46:14.537807,AV-WEST,Account Opening & KYC,CUST-16561,14,16,CNT-3,3
2026-09-28T10:52:14.537807,AV-WEST,Loan & Mortgages,CUST-55419,37,24,CNT-3,2
2026-09-28T10:10:14.537807,AV-WEST,Loan & Mortgages,CUST-97316,28,26,CNT-8,4
2026-09-28T10:37:14.537807,AV-WEST,Account Opening & KYC,CUST-83081,17,11,CNT-7,3
2026-09-28T10:41:14.537807,AV-WEST,Cash & Deposits,CUST-69394,8,6,CNT-4,5
2026-09-28T10:22:14.537807,AV-WEST,Loan & Mortgages,CUST-30615,51,19,CNT-2,3
2026-09-28T10:44:14.537807,AV-WEST,Cash & Deposits,CUST-26937,5,5,CNT-2,4
2026-09-28T10:23:14.537807,AV-WEST,Loan & Mortgages,CUST-22369,31,20,CNT-5,3
2026-09-28T10:00:14.537807,AV-WEST,Loan & Mortgages,CUST-17562,27,20,CNT-8,2
2026-09-28T10:47:14.537807,AV-WEST,Loan & Mortgages,CUST-98369,21,27,CNT-1,2
2026-09-28T10:44:14.537807,AV-WEST,Account Opening & KYC,CUST-47407,25,15,CNT-7,3
2026-09-28T11:31:14.537807,AV-CENTRAL,Account Opening & KYC,CUST-89599,19,13,CNT-2,2
2026-09-28T11:06:14.537807,AV-CENTRAL,Account Opening & KYC,CUST-50842,28,12,CNT-1,2
2026-09-28T11:12:14.537807,AV-CENTRAL,Loan & Mortgages,CUST-42736,48,27,CNT-3,2
2026-09-28T11:23:14.537807,AV-CENTRAL,Loan & Mortgages,CUST-68559,33,19,CNT-3,3
2026-09-28T11:50:14.537807,AV-CENTRAL,Cash & Deposits,CUST-96899,9,3,CNT-5,3
2026-09-28T11:46:14.537807,AV-CENTRAL,Cash & Deposits,CUST-12945,3,4,CNT-7,4
2026-09-28T11:23:14.537807,AV-CENTRAL,Cash & Deposits,CUST-94672,2,6,CNT-6,4
2026-09-28T11:55:14.537807,AV-CENTRAL,Wealth & Forex,CUST-54059,11,22,CNT-7,3
2026-09-28T11:09:14.537807,AV-CENTRAL,Cash & Deposits,CUST-96664,5,4,CNT-2,3
2026-09-28T11:09:14.537807,AV-CENTRAL,Cash & Deposits,CUST-30589,6,6,CNT-2,4
2026-09-28T11:08:14.537807,AV-CENTRAL,Loan & Mortgages,CUST-61042,18,30,CNT-5,3
2026-09-28T11:29:14.537807,AV-CENTRAL,Cash & Deposits,CUST-94531,9,3,CNT-8,3
2026-09-28T11:25:14.537807,AV-CENTRAL,Wealth & Forex,CUST-99562,16,12,CNT-2,3
2026-09-28T11:40:14.537807,AV-CENTRAL,Wealth & Forex,CUST-85944,9,18,CNT-4,5
2026-09-28T11:05:14.537807,AV-CENTRAL,Account Opening & KYC,CUST-20248,14,15,CNT-1,3
2026-09-28T11:55:14.537807,AV-CENTRAL,Cash & Deposits,CUST-59174,9,3,CNT-1,3
2026-09-28T11:47:14.537807,AV-CENTRAL,Cash & Deposits,CUST-12667,6,3,CNT-1,4
2026-09-28T11:22:14.537807,AV-CENTRAL,Wealth & Forex,CUST-40131,13,19,CNT-6,3
2026-09-28T11:23:14.537807,AV-CENTRAL,Cash & Deposits,CUST-84503,4,6,CNT-4,2
2026-09-28T11:10:14.537807,AV-CENTRAL,Account Opening & KYC,CUST-17855,22,17,CNT-2,3
2026-09-28T11:42:14.537807,AV-CENTRAL,Wealth & Forex,CUST-12994,12,20,CNT-7,4
2026-09-28T11:54:14.537807,AV-CENTRAL,Cash & Deposits,CUST-19682,4,7,CNT-7,2
2026-09-28T11:20:14.537807,AV-CENTRAL,Account Opening & KYC,CUST-34674,22,13,CNT-4,3
2026-09-28T11:50:14.537807,AV-CENTRAL,Cash & Deposits,CUST-90056,11,7,CNT-4,3
2026-09-28T11:34:14.537807,AV-CENTRAL,Cash & Deposits,CUST-80194,5,5,CNT-5,4
2026-09-28T11:33:14.537807,AV-CENTRAL,Cash & Deposits,CUST-16879,3,3,CNT-3,4
2026-09-28T11:01:14.537807,AV-NORTH,Cash & Deposits,CUST-91017,7,3,CNT-3,2
2026-09-28T11:48:14.537807,AV-NORTH,Cash & Deposits,CUST-25022,7,3,CNT-5,5
2026-09-28T11:47:14.537807,AV-NORTH,Cash & Deposits,CUST-23569,7,3,CNT-4,3
2026-09-28T11:30:14.537807,AV-NORTH,Loan & Mortgages,CUST-34458,26,22,CNT-5,2
2026-09-28T11:26:14.537807,AV-NORTH,Wealth & Forex,CUST-90543,10,18,CNT-2,2
2026-09-28T11:29:14.537807,AV-NORTH,Wealth & Forex,CUST-68697,31,15,CNT-8,3
2026-09-28T11:48:14.537807,AV-NORTH,Account Opening & KYC,CUST-94317,20,12,CNT-6,4
2026-09-28T11:01:14.537807,AV-NORTH,Account Opening & KYC,CUST-31011,23,17,CNT-8,2
2026-09-28T11:46:14.537807,AV-NORTH,Wealth & Forex,CUST-24060,15,13,CNT-1,3
2026-09-28T11:44:14.537807,AV-NORTH,Cash & Deposits,CUST-25748,4,3,CNT-5,3
2026-09-28T11:58:14.537807,AV-NORTH,Loan & Mortgages,CUST-27371,23,25,CNT-7,3
2026-09-28T11:30:14.537807,AV-NORTH,Cash & Deposits,CUST-86621,5,6,CNT-4,5
2026-09-28T11:19:14.537807,AV-WEST,Account Opening & KYC,CUST-59206,22,13,CNT-1,2
2026-09-28T11:58:14.537807,AV-WEST,Cash & Deposits,CUST-51622,7,6,CNT-5,4
2026-09-28T11:05:14.537807,AV-WEST,Account Opening & KYC,CUST-27624,18,19,CNT-4,3
2026-09-28T11:17:14.537807,AV-WEST,Loan & Mortgages,CUST-40276,27,26,CNT-6,3
2026-09-28T11:01:14.537807,AV-WEST,Wealth & Forex,CUST-62910,10,23,CNT-3,3
2026-09-28T11:52:14.537807,AV-WEST,Wealth & Forex,CUST-12630,17,25,CNT-1,1
2026-09-28T11:44:14.537807,AV-WEST,Cash & Deposits,CUST-81331,10,3,CNT-2,3
2026-09-28T11:53:14.537807,AV-WEST,Account Opening & KYC,CUST-79060,17,17,CNT-8,4
2026-09-28T11:11:14.537807,AV-WEST,Loan & Mortgages,CUST-75301,28,11,CNT-1,2
2026-09-28T11:48:14.537807,AV-WEST,Cash & Deposits,CUST-21361,8,4,CNT-1,3
2026-09-28T11:17:14.537807,AV-WEST,Cash & Deposits,CUST-63620,9,8,CNT-6,3
2026-09-28T11:24:14.537807,AV-WEST,Account Opening & KYC,CUST-46510,13,18,CNT-8,4
2026-09-28T11:41:14.537807,AV-WEST,Account Opening & KYC,CUST-52964,16,10,CNT-7,3
2026-09-28T11:19:14.537807,AV-WEST,Cash & Deposits,CUST-24638,6,3,CNT-5,4
2026-09-28T11:01:14.537807,AV-WEST,Loan & Mortgages,CUST-70347,35,23,CNT-8,1
2026-09-28T11:24:14.537807,AV-WEST,Cash & Deposits,CUST-37009,8,6,CNT-8,3
2026-09-28T11:51:14.537807,AV-WEST,Loan & Mortgages,CUST-16345,30,37,CNT-3,4
2026-09-28T11:50:14.537807,AV-WEST,Account Opening & KYC,CUST-83149,27,7,CNT-7,3
2026-09-28T11:17:14.537807,AV-WEST,Account Opening & KYC,CUST-24704,13,18,CNT-7,4
2026-09-28T11:47:14.537807,AV-WEST,Loan & Mortgages,CUST-67032,32,22,CNT-3,2
2026-09-28T11:39:14.537807,AV-WEST,Cash & Deposits,CUST-25696,15,4,CNT-2,3
2026-09-28T12:12:14.537807,AV-CENTRAL,Account Opening & KYC,CUST-43634,22,15,CNT-6,3
2026-09-28T12:45:14.537807,AV-CENTRAL,Wealth & Forex,CUST-92008,14,13,CNT-7,4
2026-09-28T12:39:14.537807,AV-CENTRAL,Account Opening & KYC,CUST-44459,7,12,CNT-3,3
2026-09-28T12:12:14.537807,AV-CENTRAL,Account Opening & KYC,CUST-94140,20,14,CNT-8,3
2026-09-28T12:32:14.537807,AV-CENTRAL,Account Opening & KYC,CUST-11144,13,11,CNT-3,3
2026-09-28T12:07:14.537807,AV-CENTRAL,Account Opening & KYC,CUST-32718,16,16,CNT-7,2
2026-09-28T12:19:14.537807,AV-CENTRAL,Account Opening & KYC,CUST-13628,18,11,CNT-4,3
2026-09-28T12:32:14.537807,AV-CENTRAL,Cash & Deposits,CUST-17771,4,6,CNT-2,3
2026-09-28T12:18:14.537807,AV-CENTRAL,Loan & Mortgages,CUST-45306,20,15,CNT-1,2
2026-09-28T12:26:14.537807,AV-CENTRAL,Cash & Deposits,CUST-54219,7,5,CNT-7,3
2026-09-28T12:10:14.537807,AV-CENTRAL,Loan & Mortgages,CUST-90193,20,21,CNT-2,3
2026-09-28T12:34:14.537807,AV-CENTRAL,Cash & Deposits,CUST-82256,5,8,CNT-2,4
2026-09-28T12:08:14.537807,AV-CENTRAL,Loan & Mortgages,CUST-80026,35,23,CNT-1,3
2026-09-28T12:07:14.537807,AV-CENTRAL,Loan & Mortgages,CUST-11437,39,22,CNT-1,3
2026-09-28T12:30:14.537807,AV-CENTRAL,Account Opening & KYC,CUST-84459,13,10,CNT-2,3
2026-09-28T12:56:14.537807,AV-CENTRAL,Account Opening & KYC,CUST-33630,16,17,CNT-1,3
2026-09-28T12:53:14.537807,AV-CENTRAL,Account Opening & KYC,CUST-29820,20,19,CNT-3,3
2026-09-28T12:42:14.537807,AV-CENTRAL,Wealth & Forex,CUST-60114,19,15,CNT-3,2
2026-09-28T12:56:14.537807,AV-CENTRAL,Cash & Deposits,CUST-73102,5,4,CNT-3,4
2026-09-28T12:12:14.537807,AV-CENTRAL,Account Opening & KYC,CUST-36080,10,15,CNT-1,4
2026-09-28T12:21:14.537807,AV-CENTRAL,Account Opening & KYC,CUST-26510,18,9,CNT-5,4
2026-09-28T12:17:14.537807,AV-CENTRAL,Cash & Deposits,CUST-84489,6,6,CNT-1,4
2026-09-28T12:45:14.537807,AV-CENTRAL,Account Opening & KYC,CUST-28378,12,16,CNT-4,5
2026-09-28T12:26:14.537807,AV-CENTRAL,Loan & Mortgages,CUST-17096,38,23,CNT-3,2
2026-09-28T12:26:14.537807,AV-CENTRAL,Cash & Deposits,CUST-43463,6,3,CNT-4,4
2026-09-28T12:59:14.537807,AV-CENTRAL,Cash & Deposits,CUST-96188,2,7,CNT-1,3
2026-09-28T12:26:14.537807,AV-CENTRAL,Loan & Mortgages,CUST-74830,23,22,CNT-2,4
2026-09-28T12:38:14.537807,AV-CENTRAL,Wealth & Forex,CUST-21503,10,18,CNT-7,3
2026-09-28T12:52:14.537807,AV-CENTRAL,Wealth & Forex,CUST-80436,19,23,CNT-2,3
2026-09-28T12:35:14.537807,AV-CENTRAL,Loan & Mortgages,CUST-47084,11,25,CNT-1,3
2026-09-28T12:43:14.537807,AV-CENTRAL,Loan & Mortgages,CUST-56612,24,23,CNT-3,3
2026-09-28T12:15:14.537807,AV-CENTRAL,Wealth & Forex,CUST-18268,3,14,CNT-3,4
2026-09-28T12:41:14.537807,AV-NORTH,Cash & Deposits,CUST-42519,7,3,CNT-8,4
2026-09-28T12:26:14.537807,AV-NORTH,Loan & Mortgages,CUST-57272,31,24,CNT-5,3
2026-09-28T12:27:14.537807,AV-NORTH,Wealth & Forex,CUST-49767,23,14,CNT-7,3
2026-09-28T12:11:14.537807,AV-NORTH,Loan & Mortgages,CUST-16430,19,17,CNT-8,3
2026-09-28T12:10:14.537807,AV-NORTH,Cash & Deposits,CUST-10486,9,3,CNT-2,3
2026-09-28T12:46:14.537807,AV-NORTH,Account Opening & KYC,CUST-42042,19,9,CNT-2,3
2026-09-28T12:34:14.537807,AV-NORTH,Cash & Deposits,CUST-58966,4,10,CNT-7,5
2026-09-28T12:32:14.537807,AV-NORTH,Cash & Deposits,CUST-18509,6,3,CNT-6,3
2026-09-28T12:26:14.537807,AV-NORTH,Wealth & Forex,CUST-30864,10,16,CNT-6,2
2026-09-28T12:45:14.537807,AV-NORTH,Account Opening & KYC,CUST-58134,11,16,CNT-1,3
2026-09-28T12:10:14.537807,AV-NORTH,Account Opening & KYC,CUST-68493,21,18,CNT-5,4
2026-09-28T12:49:14.537807,AV-NORTH,Cash & Deposits,CUST-84930,7,3,CNT-5,4
2026-09-28T12:20:14.537807,AV-NORTH,Account Opening & KYC,CUST-18777,14,19,CNT-2,3
2026-09-28T12:21:14.537807,AV-NORTH,Cash & Deposits,CUST-97897,5,8,CNT-4,3
2026-09-28T12:50:14.537807,AV-WEST,Loan & Mortgages,CUST-75179,30,20,CNT-8,4
2026-09-28T12:55:14.537807,AV-WEST,Loan & Mortgages,CUST-24084,20,29,CNT-2,4
2026-09-28T12:11:14.537807,AV-WEST,Cash & Deposits,CUST-12314,3,4,CNT-5,5
2026-09-28T12:31:14.537807,AV-WEST,Cash & Deposits,CUST-31867,10,3,CNT-4,3
2026-09-28T12:52:14.537807,AV-WEST,Cash & Deposits,CUST-21479,6,5,CNT-2,2
2026-09-28T12:01:14.537807,AV-WEST,Cash & Deposits,CUST-31317,5,4,CNT-3,4
2026-09-28T12:56:14.537807,AV-WEST,Wealth & Forex,CUST-43104,9,17,CNT-3,4
2026-09-28T12:45:14.537807,AV-WEST,Wealth & Forex,CUST-33647,15,16,CNT-6,4
2026-09-28T12:16:14.537807,AV-WEST,Account Opening & KYC,CUST-81890,22,15,CNT-7,5
2026-09-28T12:04:14.537807,AV-WEST,Account Opening & KYC,CUST-46191,16,12,CNT-4,3
2026-09-28T12:25:14.537807,AV-WEST,Wealth & Forex,CUST-66932,15,20,CNT-1,3
2026-09-28T12:58:14.537807,AV-WEST,Cash & Deposits,CUST-80794,11,6,CNT-3,2
2026-09-28T12:34:14.537807,AV-WEST,Loan & Mortgages,CUST-61813,33,22,CNT-7,2
2026-09-28T12:08:14.537807,AV-WEST,Loan & Mortgages,CUST-27846,30,25,CNT-3,4
2026-09-28T12:24:14.537807,AV-WEST,Loan & Mortgages,CUST-96822,31,27,CNT-2,4
2026-09-28T12:28:14.537807,AV-WEST,Account Opening & KYC,CUST-11397,25,14,CNT-5,4
2026-09-28T12:30:14.537807,AV-WEST,Loan & Mortgages,CUST-92326,40,17,CNT-1,1
2026-09-28T12:55:14.537807,AV-WEST,Account Opening & KYC,CUST-35758,17,10,CNT-3,3
2026-09-28T12:17:14.537807,AV-WEST,Loan & Mortgages,CUST-32927,16,21,CNT-4,4
2026-09-28T12:53:14.537807,AV-WEST,Wealth & Forex,CUST-73392,16,20,CNT-5,4
2026-09-28T12:35:14.537807,AV-WEST,Cash & Deposits,CUST-61001,4,6,CNT-7,3
2026-09-28T12:02:14.537807,AV-WEST,Loan & Mortgages,CUST-53410,34,13,CNT-2,2
2026-09-28T13:10:14.537807,AV-CENTRAL,Wealth & Forex,CUST-18267,23,16,CNT-7,2
2026-09-28T13:47:14.537807,AV-CENTRAL,Wealth & Forex,CUST-34018,19,19,CNT-6,3
2026-09-28T13:09:14.537807,AV-CENTRAL,Account Opening & KYC,CUST-52117,9,17,CNT-1,3
2026-09-28T13:30:14.537807,AV-CENTRAL,Cash & Deposits,CUST-18272,4,5,CNT-8,5
2026-09-28T13:35:14.537807,AV-CENTRAL,Wealth & Forex,CUST-12019,6,19,CNT-3,3
2026-09-28T13:51:14.537807,AV-CENTRAL,Account Opening & KYC,CUST-58177,12,14,CNT-8,5
2026-09-28T13:20:14.537807,AV-CENTRAL,Wealth & Forex,CUST-84581,8,14,CNT-4,4
2026-09-28T13:33:14.537807,AV-CENTRAL,Account Opening & KYC,CUST-36972,15,14,CNT-2,3
2026-09-28T13:34:14.537807,AV-CENTRAL,Cash & Deposits,CUST-35935,2,3,CNT-4,5
2026-09-28T13:50:14.537807,AV-CENTRAL,Cash & Deposits,CUST-38821,3,5,CNT-5,3
2026-09-28T13:00:14.537807,AV-CENTRAL,Loan & Mortgages,CUST-81527,25,20,CNT-6,4
2026-09-28T13:48:14.537807,AV-CENTRAL,Loan & Mortgages,CUST-81806,39,21,CNT-8,3
2026-09-28T13:37:14.537807,AV-CENTRAL,Wealth & Forex,CUST-95327,17,18,CNT-5,3
2026-09-28T13:39:14.537807,AV-CENTRAL,Wealth & Forex,CUST-59648,14,16,CNT-7,3
2026-09-28T13:24:14.537807,AV-CENTRAL,Loan & Mortgages,CUST-96003,31,32,CNT-5,3
2026-09-28T13:28:14.537807,AV-CENTRAL,Wealth & Forex,CUST-92999,17,19,CNT-4,3
2026-09-28T13:17:14.537807,AV-CENTRAL,Loan & Mortgages,CUST-72101,24,17,CNT-7,3
2026-09-28T13:09:14.537807,AV-CENTRAL,Cash & Deposits,CUST-18923,7,3,CNT-6,4
2026-09-28T13:19:14.537807,AV-CENTRAL,Loan & Mortgages,CUST-55827,31,30,CNT-2,1
2026-09-28T13:54:14.537807,AV-CENTRAL,Account Opening & KYC,CUST-92334,22,14,CNT-7,3
2026-09-28T13:37:14.537807,AV-CENTRAL,Account Opening & KYC,CUST-99173,17,21,CNT-8,4
2026-09-28T13:16:14.537807,AV-CENTRAL,Account Opening & KYC,CUST-35920,25,20,CNT-7,3
2026-09-28T13:19:14.537807,AV-CENTRAL,Cash & Deposits,CUST-84807,2,4,CNT-4,3
2026-09-28T13:11:14.537807,AV-CENTRAL,Loan & Mortgages,CUST-91240,34,29,CNT-7,1
2026-09-28T13:44:14.537807,AV-CENTRAL,Cash & Deposits,CUST-90768,3,6,CNT-4,3
2026-09-28T13:23:14.537807,AV-CENTRAL,Wealth & Forex,CUST-79641,11,20,CNT-2,2
2026-09-28T13:58:14.537807,AV-CENTRAL,Wealth & Forex,CUST-27653,18,22,CNT-7,3
2026-09-28T13:30:14.537807,AV-CENTRAL,Account Opening & KYC,CUST-40140,19,12,CNT-7,3
2026-09-28T13:54:14.537807,AV-CENTRAL,Cash & Deposits,CUST-21824,2,6,CNT-7,4
2026-09-28T13:05:14.537807,AV-NORTH,Wealth & Forex,CUST-60194,15,22,CNT-6,4
2026-09-28T13:08:14.537807,AV-NORTH,Loan & Mortgages,CUST-58056,16,19,CNT-8,3
2026-09-28T13:10:14.537807,AV-NORTH,Cash & Deposits,CUST-69196,11,6,CNT-1,5
2026-09-28T13:09:14.537807,AV-NORTH,Cash & Deposits,CUST-30831,5,4,CNT-8,3
2026-09-28T13:41:14.537807,AV-NORTH,Account Opening & KYC,CUST-29306,19,18,CNT-3,2
2026-09-28T13:54:14.537807,AV-NORTH,Loan & Mortgages,CUST-22604,36,21,CNT-8,1
2026-09-28T13:18:14.537807,AV-NORTH,Wealth & Forex,CUST-12470,24,16,CNT-5,2
2026-09-28T13:28:14.537807,AV-NORTH,Loan & Mortgages,CUST-91548,29,24,CNT-3,2
2026-09-28T13:22:14.537807,AV-NORTH,Cash & Deposits,CUST-34960,8,5,CNT-6,3
2026-09-28T13:01:14.537807,AV-NORTH,Loan & Mortgages,CUST-85007,27,18,CNT-6,2
2026-09-28T13:12:14.537807,AV-NORTH,Wealth & Forex,CUST-84074,17,19,CNT-7,2
2026-09-28T13:00:14.537807,AV-NORTH,Account Opening & KYC,CUST-71131,14,15,CNT-8,4
2026-09-28T13:30:14.537807,AV-NORTH,Account Opening & KYC,CUST-82425,22,17,CNT-6,3
2026-09-28T13:36:14.537807,AV-NORTH,Account Opening & KYC,CUST-22121,23,21,CNT-8,2
2026-09-28T13:55:14.537807,AV-NORTH,Account Opening & KYC,CUST-81212,20,14,CNT-3,3
2026-09-28T13:07:14.537807,AV-NORTH,Cash & Deposits,CUST-78799,7,4,CNT-3,4
2026-09-28T13:19:14.537807,AV-NORTH,Loan & Mortgages,CUST-61341,30,23,CNT-1,2
2026-09-28T13:20:14.537807,AV-NORTH,Loan & Mortgages,CUST-30709,30,14,CNT-6,3
2026-09-28T13:40:14.537807,AV-WEST,Account Opening & KYC,CUST-25191,20,13,CNT-4,3
2026-09-28T13:06:14.537807,AV-WEST,Wealth & Forex,CUST-37680,11,14,CNT-6,4
2026-09-28T13:13:14.537807,AV-WEST,Loan & Mortgages,CUST-32936,17,20,CNT-1,3
2026-09-28T13:45:14.537807,AV-WEST,Wealth & Forex,CUST-50850,16,21,CNT-3,4
2026-09-28T13:20:14.537807,AV-WEST,Account Opening & KYC,CUST-26649,12,6,CNT-8,4
2026-09-28T13:38:14.537807,AV-WEST,Loan & Mortgages,CUST-53530,26,21,CNT-1,4
2026-09-28T13:58:14.537807,AV-WEST,Loan & Mortgages,CUST-68480,33,26,CNT-6,3
2026-09-28T13:57:14.537807,AV-WEST,Loan & Mortgages,CUST-31492,30,27,CNT-5,4
2026-09-28T13:48:14.537807,AV-WEST,Loan & Mortgages,CUST-99385,27,23,CNT-1,3
2026-09-28T13:23:14.537807,AV-WEST,Loan & Mortgages,CUST-25317,32,17,CNT-1,3
2026-09-28T13:30:14.537807,AV-WEST,Wealth & Forex,CUST-30829,6,5,CNT-1,3
2026-09-28T13:36:14.537807,AV-WEST,Loan & Mortgages,CUST-56269,31,31,CNT-2,2
2026-09-28T13:36:14.537807,AV-WEST,Loan & Mortgages,CUST-62082,25,21,CNT-3,4
2026-09-28T13:14:14.537807,AV-WEST,Cash & Deposits,CUST-47562,7,3,CNT-7,3
2026-09-28T13:26:14.537807,AV-WEST,Loan & Mortgages,CUST-98313,26,33,CNT-2,4
2026-09-28T13:13:14.537807,AV-WEST,Cash & Deposits,CUST-27933,2,6,CNT-5,4
2026-09-28T13:36:14.537807,AV-WEST,Account Opening & KYC,CUST-86768,23,20,CNT-5,3
2026-09-28T13:52:14.537807,AV-WEST,Cash & Deposits,CUST-87374,11,5,CNT-4,4
2026-09-28T13:06:14.537807,AV-WEST,Cash & Deposits,CUST-28046,2,5,CNT-6,3
2026-09-28T13:26:14.537807,AV-WEST,Wealth & Forex,CUST-95242,22,19,CNT-4,4
2026-09-28T13:45:14.537807,AV-WEST,Wealth & Forex,CUST-23117,11,21,CNT-5,2
2026-09-28T13:28:14.537807,AV-WEST,Wealth & Forex,CUST-50456,23,4,CNT-4,3
2026-09-28T13:10:14.537807,AV-WEST,Cash & Deposits,CUST-29205,5,3,CNT-4,2
2026-09-28T13:55:14.537807,AV-WEST,Wealth & Forex,CUST-14823,19,18,CNT-4,4
2026-09-28T13:09:14.537807,AV-WEST,Cash & Deposits,CUST-52963,7,3,CNT-6,4
2026-09-28T13:37:14.537807,AV-WEST,Wealth & Forex,CUST-70149,18,17,CNT-5,4
2026-09-28T14:18:14.537807,AV-CENTRAL,Cash & Deposits,CUST-94136,6,4,CNT-8,4
2026-09-28T14:18:14.537807,AV-CENTRAL,Cash & Deposits,CUST-61347,5,7,CNT-1,3
2026-09-28T14:55:14.537807,AV-CENTRAL,Cash & Deposits,CUST-65251,7,3,CNT-4,3
2026-09-28T14:51:14.537807,AV-CENTRAL,Loan & Mortgages,CUST-66899,29,18,CNT-7,2
2026-09-28T14:33:14.537807,AV-CENTRAL,Cash & Deposits,CUST-52442,2,6,CNT-5,4
2026-09-28T14:34:14.537807,AV-CENTRAL,Wealth & Forex,CUST-17278,17,8,CNT-8,4
2026-09-28T14:30:14.537807,AV-CENTRAL,Wealth & Forex,CUST-33195,14,18,CNT-1,3
2026-09-28T14:52:14.537807,AV-CENTRAL,Wealth & Forex,CUST-66705,12,14,CNT-5,3
2026-09-28T14:38:14.537807,AV-CENTRAL,Wealth & Forex,CUST-29611,17,18,CNT-8,3
2026-09-28T14:16:14.537807,AV-CENTRAL,Cash & Deposits,CUST-46941,7,6,CNT-8,2
2026-09-28T14:07:14.537807,AV-CENTRAL,Wealth & Forex,CUST-21710,22,21,CNT-4,3
2026-09-28T14:06:14.537807,AV-CENTRAL,Cash & Deposits,CUST-24315,8,11,CNT-6,3
2026-09-28T14:36:14.537807,AV-CENTRAL,Cash & Deposits,CUST-96328,5,6,CNT-1,4
2026-09-28T14:49:14.537807,AV-CENTRAL,Wealth & Forex,CUST-35958,12,14,CNT-6,3
2026-09-28T14:27:14.537807,AV-CENTRAL,Wealth & Forex,CUST-47591,13,9,CNT-6,4
2026-09-28T14:42:14.537807,AV-CENTRAL,Loan & Mortgages,CUST-77364,30,22,CNT-8,4
2026-09-28T14:31:14.537807,AV-CENTRAL,Wealth & Forex,CUST-66613,23,24,CNT-2,4
2026-09-28T14:48:14.537807,AV-CENTRAL,Loan & Mortgages,CUST-84272,16,25,CNT-6,3
2026-09-28T14:30:14.537807,AV-CENTRAL,Account Opening & KYC,CUST-38726,18,12,CNT-8,3
2026-09-28T14:51:14.537807,AV-CENTRAL,Loan & Mortgages,CUST-69363,18,28,CNT-5,3
2026-09-28T14:49:14.537807,AV-CENTRAL,Account Opening & KYC,CUST-49332,22,19,CNT-8,3
2026-09-28T14:15:14.537807,AV-CENTRAL,Account Opening & KYC,CUST-39588,18,23,CNT-6,4
2026-09-28T14:38:14.537807,AV-CENTRAL,Account Opening & KYC,CUST-92579,15,18,CNT-1,2
2026-09-28T14:17:14.537807,AV-CENTRAL,Account Opening & KYC,CUST-23294,29,13,CNT-3,3
2026-09-28T14:36:14.537807,AV-NORTH,Cash & Deposits,CUST-37821,6,6,CNT-6,3
2026-09-28T14:37:14.537807,AV-NORTH,Account Opening & KYC,CUST-64903,15,20,CNT-1,3
2026-09-28T14:50:14.537807,AV-NORTH,Loan & Mortgages,CUST-31826,13,21,CNT-2,2
2026-09-28T14:29:14.537807,AV-NORTH,Loan & Mortgages,CUST-46226,29,26,CNT-3,2
2026-09-28T14:22:14.537807,AV-NORTH,Wealth & Forex,CUST-13828,3,28,CNT-4,3
2026-09-28T14:22:14.537807,AV-NORTH,Account Opening & KYC,CUST-27256,13,19,CNT-4,4
2026-09-28T14:38:14.537807,AV-NORTH,Cash & Deposits,CUST-57514,6,8,CNT-7,4
2026-09-28T14:53:14.537807,AV-NORTH,Loan & Mortgages,CUST-57320,31,22,CNT-7,1
2026-09-28T14:01:14.537807,AV-NORTH,Account Opening & KYC,CUST-24425,14,17,CNT-7,3
2026-09-28T14:35:14.537807,AV-NORTH,Wealth & Forex,CUST-70012,9,9,CNT-8,2
2026-09-28T14:48:14.537807,AV-NORTH,Wealth & Forex,CUST-98093,19,21,CNT-5,3
2026-09-28T14:45:14.537807,AV-WEST,Wealth & Forex,CUST-71399,15,22,CNT-1,2
2026-09-28T14:56:14.537807,AV-WEST,Wealth & Forex,CUST-22994,19,13,CNT-8,3
2026-09-28T14:42:14.537807,AV-WEST,Account Opening & KYC,CUST-78767,20,15,CNT-7,3
2026-09-28T14:33:14.537807,AV-WEST,Wealth & Forex,CUST-19602,3,14,CNT-7,4
2026-09-28T14:53:14.537807,AV-WEST,Wealth & Forex,CUST-91206,11,16,CNT-6,4
2026-09-28T14:30:14.537807,AV-WEST,Account Opening & KYC,CUST-52549,19,21,CNT-7,4
2026-09-28T14:56:14.537807,AV-WEST,Cash & Deposits,CUST-49961,8,4,CNT-5,3
2026-09-28T14:29:14.537807,AV-WEST,Cash & Deposits,CUST-80197,7,6,CNT-7,3
2026-09-28T14:26:14.537807,AV-WEST,Wealth & Forex,CUST-16400,13,8,CNT-2,3
2026-09-28T14:11:14.537807,AV-WEST,Wealth & Forex,CUST-18452,11,22,CNT-5,3
2026-09-28T14:11:14.537807,AV-WEST,Cash & Deposits,CUST-72118,5,6,CNT-4,2
2026-09-28T14:30:14.537807,AV-WEST,Wealth & Forex,CUST-81899,15,14,CNT-7,3
2026-09-28T14:08:14.537807,AV-WEST,Cash & Deposits,CUST-23197,3,4,CNT-4,4
2026-09-28T14:36:14.537807,AV-WEST,Cash & Deposits,CUST-80034,6,6,CNT-2,3
2026-09-28T14:53:14.537807,AV-WEST,Wealth & Forex,CUST-87492,18,18,CNT-7,4
2026-09-28T14:47:14.537807,AV-WEST,Account Opening & KYC,CUST-90320,6,17,CNT-2,3
2026-09-28T14:34:14.537807,AV-WEST,Loan & Mortgages,CUST-24264,37,15,CNT-2,3
2026-09-28T14:06:14.537807,AV-WEST,Wealth & Forex,CUST-56058,25,13,CNT-8,3
2026-09-28T14:48:14.537807,AV-WEST,Account Opening & KYC,CUST-21414,27,18,CNT-1,3
2026-09-28T14:49:14.537807,AV-WEST,Loan & Mortgages,CUST-34879,22,20,CNT-3,4
2026-09-28T14:16:14.537807,AV-WEST,Wealth & Forex,CUST-35036,5,15,CNT-6,3
2026-09-28T14:13:14.537807,AV-WEST,Loan & Mortgages,CUST-89998,22,21,CNT-2,3
2026-09-28T14:56:14.537807,AV-WEST,Wealth & Forex,CUST-85568,20,19,CNT-5,2
2026-09-28T15:22:14.537807,AV-CENTRAL,Cash & Deposits,CUST-44333,3,3,CNT-8,5
2026-09-28T15:48:14.537807,AV-CENTRAL,Account Opening & KYC,CUST-72295,25,13,CNT-2,4
2026-09-28T15:36:14.537807,AV-CENTRAL,Loan & Mortgages,CUST-87907,23,30,CNT-8,3
2026-09-28T15:29:14.537807,AV-CENTRAL,Wealth & Forex,CUST-46749,20,21,CNT-8,3
2026-09-28T15:50:14.537807,AV-CENTRAL,Account Opening & KYC,CUST-83993,21,23,CNT-1,3
2026-09-28T15:41:14.537807,AV-CENTRAL,Wealth & Forex,CUST-61555,7,16,CNT-3,3
2026-09-28T15:54:14.537807,AV-CENTRAL,Wealth & Forex,CUST-10611,10,23,CNT-5,3
2026-09-28T15:04:14.537807,AV-CENTRAL,Loan & Mortgages,CUST-93479,22,30,CNT-8,3
2026-09-28T15:47:14.537807,AV-CENTRAL,Loan & Mortgages,CUST-18896,31,22,CNT-4,2
2026-09-28T15:19:14.537807,AV-CENTRAL,Cash & Deposits,CUST-91013,5,5,CNT-5,2
2026-09-28T15:21:14.537807,AV-CENTRAL,Account Opening & KYC,CUST-37320,20,19,CNT-7,3
2026-09-28T15:40:14.537807,AV-CENTRAL,Cash & Deposits,CUST-64036,5,5,CNT-7,4
2026-09-28T15:53:14.537807,AV-CENTRAL,Cash & Deposits,CUST-56276,6,6,CNT-7,3
2026-09-28T15:31:14.537807,AV-CENTRAL,Loan & Mortgages,CUST-18021,32,21,CNT-2,3
2026-09-28T15:07:14.537807,AV-CENTRAL,Account Opening & KYC,CUST-98579,18,11,CNT-7,2
2026-09-28T15:39:14.537807,AV-CENTRAL,Wealth & Forex,CUST-68129,21,11,CNT-6,1
2026-09-28T15:00:14.537807,AV-CENTRAL,Wealth & Forex,CUST-17461,10,13,CNT-7,3
2026-09-28T15:57:14.537807,AV-NORTH,Loan & Mortgages,CUST-53581,19,33,CNT-4,4
2026-09-28T15:03:14.537807,AV-NORTH,Loan & Mortgages,CUST-15140,21,26,CNT-7,4
2026-09-28T15:19:14.537807,AV-NORTH,Loan & Mortgages,CUST-39302,29,36,CNT-1,3
2026-09-28T15:15:14.537807,AV-NORTH,Wealth & Forex,CUST-24837,10,15,CNT-3,4
2026-09-28T15:23:14.537807,AV-NORTH,Loan & Mortgages,CUST-92007,34,28,CNT-3,1
2026-09-28T15:55:14.537807,AV-NORTH,Account Opening & KYC,CUST-20672,15,24,CNT-5,3
2026-09-28T15:16:14.537807,AV-NORTH,Loan & Mortgages,CUST-10012,19,24,CNT-2,3
2026-09-28T15:38:14.537807,AV-NORTH,Loan & Mortgages,CUST-15940,19,26,CNT-3,3
2026-09-28T15:36:14.537807,AV-NORTH,Cash & Deposits,CUST-86644,5,3,CNT-8,2
2026-09-28T15:21:14.537807,AV-NORTH,Loan & Mortgages,CUST-49430,21,22,CNT-1,3
2026-09-28T15:48:14.537807,AV-WEST,Wealth & Forex,CUST-65817,13,13,CNT-7,4
2026-09-28T15:58:14.537807,AV-WEST,Wealth & Forex,CUST-87781,18,13,CNT-3,3
2026-09-28T15:14:14.537807,AV-WEST,Cash & Deposits,CUST-20460,5,3,CNT-1,2
2026-09-28T15:19:14.537807,AV-WEST,Wealth & Forex,CUST-55742,13,29,CNT-2,2
2026-09-28T15:14:14.537807,AV-WEST,Account Opening & KYC,CUST-83359,23,14,CNT-6,3
2026-09-28T15:26:14.537807,AV-WEST,Loan & Mortgages,CUST-11992,37,24,CNT-6,3
2026-09-28T15:37:14.537807,AV-WEST,Account Opening & KYC,CUST-18374,22,17,CNT-8,3
2026-09-28T15:34:14.537807,AV-WEST,Cash & Deposits,CUST-46914,7,4,CNT-2,2
2026-09-28T15:16:14.537807,AV-WEST,Account Opening & KYC,CUST-87715,19,17,CNT-4,4
2026-09-28T15:15:14.537807,AV-WEST,Loan & Mortgages,CUST-17499,32,28,CNT-4,2
2026-09-28T15:51:14.537807,AV-WEST,Cash & Deposits,CUST-70747,5,3,CNT-1,3
2026-09-28T15:32:14.537807,AV-WEST,Account Opening & KYC,CUST-89568,14,14,CNT-2,2
2026-09-28T16:36:14.537807,AV-CENTRAL,Wealth & Forex,CUST-13035,11,16,CNT-3,3
2026-09-28T16:16:14.537807,AV-CENTRAL,Cash & Deposits,CUST-86326,9,3,CNT-6,3
2026-09-28T16:16:14.537807,AV-CENTRAL,Account Opening & KYC,CUST-63361,26,18,CNT-3,3
2026-09-28T16:13:14.537807,AV-CENTRAL,Wealth & Forex,CUST-84684,17,19,CNT-5,3
2026-09-28T16:46:14.537807,AV-CENTRAL,Account Opening & KYC,CUST-16832,20,16,CNT-2,2
2026-09-28T16:15:14.537807,AV-CENTRAL,Account Opening & KYC,CUST-62656,12,19,CNT-4,3
2026-09-28T16:31:14.537807,AV-CENTRAL,Wealth & Forex,CUST-57803,7,14,CNT-7,4
2026-09-28T16:43:14.537807,AV-CENTRAL,Wealth & Forex,CUST-83820,13,16,CNT-5,3
2026-09-28T16:19:14.537807,AV-CENTRAL,Loan & Mortgages,CUST-14440,34,28,CNT-1,3
2026-09-28T16:41:14.537807,AV-CENTRAL,Account Opening & KYC,CUST-14674,22,16,CNT-5,3
2026-09-28T16:57:14.537807,AV-CENTRAL,Account Opening & KYC,CUST-68316,19,6,CNT-7,2
2026-09-28T16:30:14.537807,AV-CENTRAL,Cash & Deposits,CUST-69158,8,6,CNT-3,4
2026-09-28T16:27:14.537807,AV-CENTRAL,Wealth & Forex,CUST-45064,6,11,CNT-3,3
2026-09-28T16:12:14.537807,AV-CENTRAL,Account Opening & KYC,CUST-90668,25,10,CNT-1,3
2026-09-28T16:56:14.537807,AV-CENTRAL,Cash & Deposits,CUST-57778,5,3,CNT-5,3
2026-09-28T16:19:14.537807,AV-CENTRAL,Loan & Mortgages,CUST-21125,23,19,CNT-6,3
2026-09-28T16:27:14.537807,AV-NORTH,Wealth & Forex,CUST-77669,17,19,CNT-2,4
2026-09-28T16:12:14.537807,AV-NORTH,Loan & Mortgages,CUST-31706,33,29,CNT-5,3
2026-09-28T16:45:14.537807,AV-NORTH,Account Opening & KYC,CUST-73594,25,22,CNT-8,3
2026-09-28T16:31:14.537807,AV-NORTH,Wealth & Forex,CUST-77851,11,17,CNT-4,3
2026-09-28T16:28:14.537807,AV-NORTH,Cash & Deposits,CUST-60739,11,7,CNT-8,3
2026-09-28T16:40:14.537807,AV-NORTH,Loan & Mortgages,CUST-25080,19,21,CNT-6,3
2026-09-28T16:23:14.537807,AV-NORTH,Cash & Deposits,CUST-41108,6,3,CNT-6,3
2026-09-28T16:55:14.537807,AV-NORTH,Account Opening & KYC,CUST-30634,24,12,CNT-4,3
2026-09-28T16:31:14.537807,AV-WEST,Loan & Mortgages,CUST-10562,36,11,CNT-8,2
2026-09-28T16:06:14.537807,AV-WEST,Account Opening & KYC,CUST-87403,13,8,CNT-4,2
2026-09-28T16:12:14.537807,AV-WEST,Loan & Mortgages,CUST-35307,28,21,CNT-5,3
2026-09-28T16:00:14.537807,AV-WEST,Cash & Deposits,CUST-99349,6,8,CNT-7,4
2026-09-28T16:26:14.537807,AV-WEST,Cash & Deposits,CUST-20908,8,4,CNT-5,2
2026-09-28T16:28:14.537807,AV-WEST,Wealth & Forex,CUST-75304,19,10,CNT-3,3
2026-09-28T16:34:14.537807,AV-WEST,Cash & Deposits,CUST-18224,6,6,CNT-1,3
2026-09-29T09:12:14.537807,AV-CENTRAL,Loan & Mortgages,CUST-79043,27,19,CNT-2,3
2026-09-29T09:06:14.537807,AV-CENTRAL,Account Opening & KYC,CUST-16885,20,12,CNT-5,4
2026-09-29T09:45:14.537807,AV-CENTRAL,Cash & Deposits,CUST-32864,4,3,CNT-7,4
2026-09-29T09:23:14.537807,AV-CENTRAL,Loan & Mortgages,CUST-51735,31,18,CNT-1,3
2026-09-29T09:10:14.537807,AV-CENTRAL,Loan & Mortgages,CUST-48735,24,32,CNT-4,3
2026-09-29T09:28:14.537807,AV-CENTRAL,Cash & Deposits,CUST-17133,8,3,CNT-5,4
2026-09-29T09:42:14.537807,AV-CENTRAL,Wealth & Forex,CUST-59192,12,12,CNT-6,5
2026-09-29T09:24:14.537807,AV-CENTRAL,Account Opening & KYC,CUST-39312,17,16,CNT-2,4
2026-09-29T09:51:14.537807,AV-CENTRAL,Account Opening & KYC,CUST-67255,19,14,CNT-3,4
2026-09-29T09:09:14.537807,AV-CENTRAL,Cash & Deposits,CUST-26605,4,5,CNT-6,4
2026-09-29T09:23:14.537807,AV-CENTRAL,Wealth & Forex,CUST-74877,9,13,CNT-7,3
2026-09-29T09:14:14.537807,AV-NORTH,Wealth & Forex,CUST-72393,18,17,CNT-6,3
2026-09-29T09:53:14.537807,AV-NORTH,Cash & Deposits,CUST-78207,3,5,CNT-7,5
2026-09-29T09:51:14.537807,AV-NORTH,Loan & Mortgages,CUST-88410,43,17,CNT-7,4
2026-09-29T09:19:14.537807,AV-NORTH,Account Opening & KYC,CUST-97197,26,20,CNT-6,3
2026-09-29T09:04:14.537807,AV-NORTH,Wealth & Forex,CUST-58486,17,10,CNT-4,5
2026-09-29T09:59:14.537807,AV-NORTH,Cash & Deposits,CUST-34416,7,6,CNT-2,3
2026-09-29T09:05:14.537807,AV-NORTH,Wealth & Forex,CUST-32536,10,25,CNT-2,4
2026-09-29T09:40:14.537807,AV-NORTH,Account Opening & KYC,CUST-35826,20,16,CNT-6,2
2026-09-29T09:21:14.537807,AV-NORTH,Account Opening & KYC,CUST-74388,17,3,CNT-8,4
2026-09-29T09:06:14.537807,AV-NORTH,Account Opening & KYC,CUST-75270,15,15,CNT-3,5
2026-09-29T09:10:14.537807,AV-WEST,Account Opening & KYC,CUST-91620,22,13,CNT-1,3
2026-09-29T09:21:14.537807,AV-WEST,Wealth & Forex,CUST-24040,22,25,CNT-7,3
2026-09-29T09:27:14.537807,AV-WEST,Wealth & Forex,CUST-90578,10,14,CNT-7,4
2026-09-29T09:40:14.537807,AV-WEST,Loan & Mortgages,CUST-28588,30,9,CNT-5,3
2026-09-29T09:55:14.537807,AV-WEST,Account Opening & KYC,CUST-27221,25,13,CNT-7,3
2026-09-29T09:22:14.537807,AV-WEST,Wealth & Forex,CUST-91644,2,16,CNT-8,5
2026-09-29T09:41:14.537807,AV-WEST,Loan & Mortgages,CUST-82887,21,21,CNT-4,4
2026-09-29T09:42:14.537807,AV-WEST,Wealth & Forex,CUST-18871,21,19,CNT-2,2
2026-09-29T09:31:14.537807,AV-WEST,Account Opening & KYC,CUST-64830,21,10,CNT-8,4
2026-09-29T09:02:14.537807,AV-WEST,Wealth & Forex,CUST-37268,13,18,CNT-2,3
2026-09-29T09:52:14.537807,AV-WEST,Cash & Deposits,CUST-37836,6,3,CNT-4,4
2026-09-29T09:12:14.537807,AV-WEST,Wealth & Forex,CUST-83963,8,13,CNT-3,3
2026-09-29T09:41:14.537807,AV-WEST,Account Opening & KYC,CUST-80529,14,16,CNT-7,3
2026-09-29T10:27:14.537807,AV-CENTRAL,Cash & Deposits,CUST-59360,6,3,CNT-4,5
2026-09-29T10:10:14.537807,AV-CENTRAL,Wealth & Forex,CUST-81894,20,8,CNT-1,4
2026-09-29T10:39:14.537807,AV-CENTRAL,Cash & Deposits,CUST-85727,7,6,CNT-7,3
2026-09-29T10:54:14.537807,AV-CENTRAL,Loan & Mortgages,CUST-95005,28,12,CNT-1,2
2026-09-29T10:47:14.537807,AV-CENTRAL,Loan & Mortgages,CUST-12668,15,26,CNT-1,2
2026-09-29T10:24:14.537807,AV-CENTRAL,Loan & Mortgages,CUST-64676,16,23,CNT-8,4
2026-09-29T10:57:14.537807,AV-CENTRAL,Cash & Deposits,CUST-37631,2,4,CNT-4,4
2026-09-29T10:36:14.537807,AV-CENTRAL,Wealth & Forex,CUST-79610,13,22,CNT-3,3
2026-09-29T10:38:14.537807,AV-CENTRAL,Cash & Deposits,CUST-94941,7,7,CNT-7,4
2026-09-29T10:48:14.537807,AV-CENTRAL,Account Opening & KYC,CUST-93359,22,12,CNT-8,3
2026-09-29T10:58:14.537807,AV-CENTRAL,Wealth & Forex,CUST-64936,22,18,CNT-1,4
2026-09-29T10:50:14.537807,AV-CENTRAL,Cash & Deposits,CUST-10222,3,3,CNT-1,5
2026-09-29T10:42:14.537807,AV-CENTRAL,Account Opening & KYC,CUST-75884,6,19,CNT-3,4
2026-09-29T10:20:14.537807,AV-CENTRAL,Wealth & Forex,CUST-39087,22,23,CNT-2,4
2026-09-29T10:08:14.537807,AV-CENTRAL,Cash & Deposits,CUST-68927,2,7,CNT-1,5
2026-09-29T10:25:14.537807,AV-CENTRAL,Account Opening & KYC,CUST-75088,27,22,CNT-2,3
2026-09-29T10:51:14.537807,AV-CENTRAL,Loan & Mortgages,CUST-24182,15,30,CNT-2,5
2026-09-29T10:18:14.537807,AV-CENTRAL,Account Opening & KYC,CUST-81789,21,13,CNT-8,3
2026-09-29T10:50:14.537807,AV-CENTRAL,Loan & Mortgages,CUST-36562,34,18,CNT-5,2
2026-09-29T10:07:14.537807,AV-CENTRAL,Wealth & Forex,CUST-46993,20,18,CNT-7,4
2026-09-29T10:33:14.537807,AV-CENTRAL,Wealth & Forex,CUST-10572,10,11,CNT-4,3
2026-09-29T10:27:14.537807,AV-CENTRAL,Wealth & Forex,CUST-70599,13,15,CNT-1,3
2026-09-29T10:02:14.537807,AV-CENTRAL,Account Opening & KYC,CUST-64567,18,15,CNT-8,3
2026-09-29T10:39:14.537807,AV-CENTRAL,Wealth & Forex,CUST-57294,20,25,CNT-2,3
2026-09-29T10:50:14.537807,AV-NORTH,Account Opening & KYC,CUST-77692,18,21,CNT-8,3
2026-09-29T10:53:14.537807,AV-NORTH,Account Opening & KYC,CUST-82999,20,15,CNT-3,3
2026-09-29T10:49:14.537807,AV-NORTH,Cash & Deposits,CUST-13087,4,3,CNT-6,4
2026-09-29T10:34:14.537807,AV-NORTH,Wealth & Forex,CUST-46698,14,24,CNT-7,3
2026-09-29T10:42:14.537807,AV-NORTH,Wealth & Forex,CUST-64478,12,20,CNT-1,3
2026-09-29T10:22:14.537807,AV-NORTH,Account Opening & KYC,CUST-90580,18,18,CNT-8,3
2026-09-29T10:06:14.537807,AV-NORTH,Wealth & Forex,CUST-95175,8,18,CNT-3,3
2026-09-29T10:27:14.537807,AV-NORTH,Cash & Deposits,CUST-88915,8,4,CNT-8,2
2026-09-29T10:34:14.537807,AV-NORTH,Wealth & Forex,CUST-40004,12,26,CNT-5,3
2026-09-29T10:08:14.537807,AV-NORTH,Account Opening & KYC,CUST-78019,15,21,CNT-7,2
2026-09-29T10:16:14.537807,AV-WEST,Loan & Mortgages,CUST-58958,24,28,CNT-5,4
2026-09-29T10:06:14.537807,AV-WEST,Loan & Mortgages,CUST-49938,28,32,CNT-5,2
2026-09-29T10:04:14.537807,AV-WEST,Loan & Mortgages,CUST-89641,32,28,CNT-2,2
2026-09-29T10:59:14.537807,AV-WEST,Account Opening & KYC,CUST-77580,16,17,CNT-4,4
2026-09-29T10:28:14.537807,AV-WEST,Wealth & Forex,CUST-42960,4,15,CNT-6,5
2026-09-29T10:35:14.537807,AV-WEST,Loan & Mortgages,CUST-33785,36,26,CNT-1,2
2026-09-29T10:03:14.537807,AV-WEST,Wealth & Forex,CUST-61500,28,21,CNT-5,2
2026-09-29T10:04:14.537807,AV-WEST,Wealth & Forex,CUST-96838,16,17,CNT-7,3
2026-09-29T10:58:14.537807,AV-WEST,Loan & Mortgages,CUST-68967,20,27,CNT-4,3
2026-09-29T10:35:14.537807,AV-WEST,Account Opening & KYC,CUST-88899,16,11,CNT-2,3
2026-09-29T10:15:14.537807,AV-WEST,Wealth & Forex,CUST-48078,15,18,CNT-6,3
2026-09-29T10:43:14.537807,AV-WEST,Wealth & Forex,CUST-89955,19,11,CNT-7,4
2026-09-29T10:31:14.537807,AV-WEST,Cash & Deposits,CUST-12788,2,4,CNT-8,4
2026-09-29T10:46:14.537807,AV-WEST,Wealth & Forex,CUST-64168,21,24,CNT-4,3
2026-09-29T10:40:14.537807,AV-WEST,Cash & Deposits,CUST-66117,11,5,CNT-5,3
2026-09-29T10:55:14.537807,AV-WEST,Wealth & Forex,CUST-48340,27,20,CNT-5,2
2026-09-29T10:50:14.537807,AV-WEST,Wealth & Forex,CUST-76014,8,5,CNT-7,4
2026-09-29T10:02:14.537807,AV-WEST,Cash & Deposits,CUST-18361,5,5,CNT-5,3
2026-09-29T10:37:14.537807,AV-WEST,Loan & Mortgages,CUST-30211,14,17,CNT-1,4
2026-09-29T10:13:14.537807,AV-WEST,Wealth & Forex,CUST-11208,8,18,CNT-6,4
2026-09-29T10:05:14.537807,AV-WEST,Account Opening & KYC,CUST-23958,9,18,CNT-2,3
2026-09-29T10:32:14.537807,AV-WEST,Account Opening & KYC,CUST-20563,19,18,CNT-7,3
2026-09-29T11:15:14.537807,AV-CENTRAL,Cash & Deposits,CUST-15552,4,3,CNT-5,4
2026-09-29T11:04:14.537807,AV-CENTRAL,Loan & Mortgages,CUST-11766,9,24,CNT-6,3
2026-09-29T11:17:14.537807,AV-CENTRAL,Loan & Mortgages,CUST-78765,38,21,CNT-2,3
2026-09-29T11:42:14.537807,AV-CENTRAL,Wealth & Forex,CUST-27303,15,11,CNT-8,2
2026-09-29T11:43:14.537807,AV-CENTRAL,Cash & Deposits,CUST-35116,4,4,CNT-1,4
2026-09-29T11:26:14.537807,AV-CENTRAL,Wealth & Forex,CUST-98404,16,12,CNT-2,4
2026-09-29T11:09:14.537807,AV-CENTRAL,Loan & Mortgages,CUST-90512,34,32,CNT-3,2
2026-09-29T11:39:14.537807,AV-CENTRAL,Wealth & Forex,CUST-97084,15,13,CNT-3,3
2026-09-29T11:12:14.537807,AV-CENTRAL,Cash & Deposits,CUST-39135,11,3,CNT-1,3
2026-09-29T11:14:14.537807,AV-CENTRAL,Cash & Deposits,CUST-97312,10,3,CNT-4,2
2026-09-29T11:04:14.537807,AV-CENTRAL,Account Opening & KYC,CUST-85469,18,16,CNT-5,3
2026-09-29T11:52:14.537807,AV-CENTRAL,Account Opening & KYC,CUST-85279,17,10,CNT-5,4
2026-09-29T11:04:14.537807,AV-CENTRAL,Wealth & Forex,CUST-35550,16,11,CNT-5,2
2026-09-29T11:59:14.537807,AV-CENTRAL,Account Opening & KYC,CUST-78158,22,13,CNT-4,3
2026-09-29T11:35:14.537807,AV-CENTRAL,Loan & Mortgages,CUST-80232,27,25,CNT-3,4
2026-09-29T11:08:14.537807,AV-CENTRAL,Wealth & Forex,CUST-28415,13,22,CNT-3,3
2026-09-29T11:44:14.537807,AV-CENTRAL,Wealth & Forex,CUST-96699,14,17,CNT-2,2
2026-09-29T11:11:14.537807,AV-CENTRAL,Account Opening & KYC,CUST-99039,14,12,CNT-8,4
2026-09-29T11:34:14.537807,AV-CENTRAL,Cash & Deposits,CUST-39931,5,3,CNT-2,3
2026-09-29T11:47:14.537807,AV-CENTRAL,Account Opening & KYC,CUST-58454,18,20,CNT-2,4
2026-09-29T11:12:14.537807,AV-CENTRAL,Cash & Deposits,CUST-83879,4,3,CNT-5,4
2026-09-29T11:40:14.537807,AV-CENTRAL,Account Opening & KYC,CUST-61262,2,16,CNT-8,4
2026-09-29T11:36:14.537807,AV-CENTRAL,Wealth & Forex,CUST-49824,8,19,CNT-5,5
2026-09-29T11:20:14.537807,AV-CENTRAL,Wealth & Forex,CUST-48886,15,20,CNT-4,4
2026-09-29T11:24:14.537807,AV-CENTRAL,Account Opening & KYC,CUST-63334,20,9,CNT-7,2
2026-09-29T11:32:14.537807,AV-CENTRAL,Account Opening & KYC,CUST-12034,27,15,CNT-7,4
2026-09-29T11:42:14.537807,AV-CENTRAL,Cash & Deposits,CUST-98908,6,3,CNT-4,3
2026-09-29T11:04:14.537807,AV-CENTRAL,Account Opening & KYC,CUST-53259,20,14,CNT-3,2
2026-09-29T11:53:14.537807,AV-NORTH,Loan & Mortgages,CUST-98869,43,25,CNT-3,3
2026-09-29T11:41:14.537807,AV-NORTH,Wealth & Forex,CUST-76828,12,21,CNT-5,2
2026-09-29T11:41:14.537807,AV-NORTH,Wealth & Forex,CUST-32783,18,17,CNT-7,3
2026-09-29T11:31:14.537807,AV-NORTH,Account Opening & KYC,CUST-61316,15,18,CNT-3,3
2026-09-29T11:38:14.537807,AV-NORTH,Loan & Mortgages,CUST-17519,33,23,CNT-3,1
2026-09-29T11:47:14.537807,AV-NORTH,Wealth & Forex,CUST-28113,15,18,CNT-4,3
2026-09-29T11:31:14.537807,AV-NORTH,Cash & Deposits,CUST-22704,2,8,CNT-7,4
2026-09-29T11:10:14.537807,AV-NORTH,Account Opening & KYC,CUST-22443,2,17,CNT-4,4
2026-09-29T11:31:14.537807,AV-NORTH,Loan & Mortgages,CUST-66863,30,19,CNT-7,3
2026-09-29T11:06:14.537807,AV-NORTH,Loan & Mortgages,CUST-93653,34,24,CNT-7,3
2026-09-29T11:02:14.537807,AV-NORTH,Loan & Mortgages,CUST-53317,27,17,CNT-6,1
2026-09-29T11:17:14.537807,AV-NORTH,Cash & Deposits,CUST-42169,7,7,CNT-5,4
2026-09-29T11:53:14.537807,AV-WEST,Account Opening & KYC,CUST-18303,13,11,CNT-8,3
2026-09-29T11:00:14.537807,AV-WEST,Cash & Deposits,CUST-33557,2,4,CNT-2,3
2026-09-29T11:57:14.537807,AV-WEST,Wealth & Forex,CUST-43675,8,12,CNT-7,3
2026-09-29T11:25:14.537807,AV-WEST,Account Opening & KYC,CUST-83940,18,24,CNT-7,3
2026-09-29T11:17:14.537807,AV-WEST,Cash & Deposits,CUST-28302,9,5,CNT-8,4
2026-09-29T11:23:14.537807,AV-WEST,Account Opening & KYC,CUST-79365,19,15,CNT-8,3
2026-09-29T11:18:14.537807,AV-WEST,Cash & Deposits,CUST-84546,10,4,CNT-6,3
2026-09-29T11:40:14.537807,AV-WEST,Account Opening & KYC,CUST-28067,17,20,CNT-8,4
2026-09-29T11:37:14.537807,AV-WEST,Wealth & Forex,CUST-31239,18,14,CNT-7,3
2026-09-29T11:29:14.537807,AV-WEST,Wealth & Forex,CUST-50929,18,21,CNT-7,4
2026-09-29T11:32:14.537807,AV-WEST,Cash & Deposits,CUST-59466,8,3,CNT-8,4
2026-09-29T11:15:14.537807,AV-WEST,Wealth & Forex,CUST-82459,19,20,CNT-7,2
2026-09-29T11:20:14.537807,AV-WEST,Account Opening & KYC,CUST-57039,18,23,CNT-3,4
2026-09-29T11:09:14.537807,AV-WEST,Cash & Deposits,CUST-21256,2,6,CNT-5,4
2026-09-29T11:43:14.537807,AV-WEST,Wealth & Forex,CUST-35388,15,12,CNT-6,3
2026-09-29T11:12:14.537807,AV-WEST,Account Opening & KYC,CUST-98618,21,19,CNT-1,4
2026-09-29T11:33:14.537807,AV-WEST,Wealth & Forex,CUST-70975,18,13,CNT-6,4
2026-09-29T11:40:14.537807,AV-WEST,Loan & Mortgages,CUST-16038,9,20,CNT-3,3
2026-09-29T11:00:14.537807,AV-WEST,Cash & Deposits,CUST-39679,6,4,CNT-8,4
2026-09-29T11:46:14.537807,AV-WEST,Loan & Mortgages,CUST-75220,25,18,CNT-8,3
2026-09-29T12:45:14.537807,AV-CENTRAL,Wealth & Forex,CUST-56595,18,25,CNT-5,3
2026-09-29T12:20:14.537807,AV-CENTRAL,Account Opening & KYC,CUST-77917,10,21,CNT-5,3
2026-09-29T12:57:14.537807,AV-CENTRAL,Loan & Mortgages,CUST-36357,14,24,CNT-4,3
2026-09-29T12:58:14.537807,AV-CENTRAL,Loan & Mortgages,CUST-98581,27,35,CNT-5,3
2026-09-29T12:38:14.537807,AV-CENTRAL,Account Opening & KYC,CUST-14695,11,19,CNT-5,4
2026-09-29T12:18:14.537807,AV-CENTRAL,Cash & Deposits,CUST-14027,6,7,CNT-3,3
2026-09-29T12:26:14.537807,AV-CENTRAL,Wealth & Forex,CUST-57580,24,19,CNT-5,2
2026-09-29T12:20:14.537807,AV-CENTRAL,Wealth & Forex,CUST-84117,22,21,CNT-4,3
2026-09-29T12:18:14.537807,AV-CENTRAL,Loan & Mortgages,CUST-16515,22,26,CNT-7,3
2026-09-29T12:20:14.537807,AV-CENTRAL,Wealth & Forex,CUST-91268,18,16,CNT-4,2
2026-09-29T12:37:14.537807,AV-CENTRAL,Loan & Mortgages,CUST-17607,33,19,CNT-1,3
2026-09-29T12:26:14.537807,AV-CENTRAL,Account Opening & KYC,CUST-96691,23,9,CNT-4,2
2026-09-29T12:04:14.537807,AV-CENTRAL,Wealth & Forex,CUST-87244,26,26,CNT-7,2
2026-09-29T12:55:14.537807,AV-CENTRAL,Wealth & Forex,CUST-67421,19,18,CNT-1,3
2026-09-29T12:25:14.537807,AV-CENTRAL,Wealth & Forex,CUST-21435,25,18,CNT-5,3
2026-09-29T12:40:14.537807,AV-CENTRAL,Loan & Mortgages,CUST-33609,33,30,CNT-2,3
2026-09-29T12:48:14.537807,AV-CENTRAL,Account Opening & KYC,CUST-93119,20,15,CNT-7,3
2026-09-29T12:28:14.537807,AV-CENTRAL,Loan & Mortgages,CUST-22622,41,21,CNT-6,2
2026-09-29T12:01:14.537807,AV-CENTRAL,Account Opening & KYC,CUST-59629,21,15,CNT-3,4
2026-09-29T12:08:14.537807,AV-CENTRAL,Wealth & Forex,CUST-90072,27,25,CNT-1,3
2026-09-29T12:55:14.537807,AV-CENTRAL,Account Opening & KYC,CUST-95761,26,6,CNT-3,3
2026-09-29T12:13:14.537807,AV-CENTRAL,Account Opening & KYC,CUST-91302,19,16,CNT-5,3
2026-09-29T12:30:14.537807,AV-CENTRAL,Account Opening & KYC,CUST-58677,27,15,CNT-3,3
2026-09-29T12:11:14.537807,AV-CENTRAL,Cash & Deposits,CUST-87017,7,3,CNT-4,2
2026-09-29T12:28:14.537807,AV-CENTRAL,Wealth & Forex,CUST-89944,21,22,CNT-2,3
2026-09-29T12:35:14.537807,AV-CENTRAL,Account Opening & KYC,CUST-80512,14,12,CNT-6,3
2026-09-29T12:02:14.537807,AV-CENTRAL,Account Opening & KYC,CUST-40740,17,9,CNT-8,3
2026-09-29T12:18:14.537807,AV-CENTRAL,Wealth & Forex,CUST-95515,22,17,CNT-4,4
2026-09-29T12:48:14.537807,AV-CENTRAL,Loan & Mortgages,CUST-66959,32,28,CNT-2,2
2026-09-29T12:08:14.537807,AV-CENTRAL,Loan & Mortgages,CUST-75619,19,40,CNT-3,3
2026-09-29T12:37:14.537807,AV-CENTRAL,Cash & Deposits,CUST-44980,3,7,CNT-6,4
2026-09-29T12:16:14.537807,AV-CENTRAL,Account Opening & KYC,CUST-81190,13,10,CNT-6,3
2026-09-29T12:33:14.537807,AV-CENTRAL,Loan & Mortgages,CUST-38139,43,25,CNT-2,2
2026-09-29T12:35:14.537807,AV-CENTRAL,Account Opening & KYC,CUST-66386,20,16,CNT-1,3
2026-09-29T12:58:14.537807,AV-CENTRAL,Cash & Deposits,CUST-19999,5,6,CNT-1,4
2026-09-29T12:56:14.537807,AV-NORTH,Wealth & Forex,CUST-30554,16,16,CNT-6,4
2026-09-29T12:26:14.537807,AV-NORTH,Account Opening & KYC,CUST-72219,18,15,CNT-2,4
2026-09-29T12:10:14.537807,AV-NORTH,Loan & Mortgages,CUST-67993,46,19,CNT-3,2
2026-09-29T12:10:14.537807,AV-NORTH,Cash & Deposits,CUST-82258,7,5,CNT-6,3
2026-09-29T12:52:14.537807,AV-NORTH,Cash & Deposits,CUST-90593,2,3,CNT-4,4
2026-09-29T12:20:14.537807,AV-NORTH,Cash & Deposits,CUST-37697,6,5,CNT-7,3
2026-09-29T12:22:14.537807,AV-NORTH,Cash & Deposits,CUST-20513,3,5,CNT-1,4
2026-09-29T12:43:14.537807,AV-NORTH,Wealth & Forex,CUST-42976,19,22,CNT-5,3
2026-09-29T12:58:14.537807,AV-NORTH,Loan & Mortgages,CUST-84775,20,19,CNT-6,3
2026-09-29T12:52:14.537807,AV-NORTH,Loan & Mortgages,CUST-70464,28,20,CNT-2,1
2026-09-29T12:07:14.537807,AV-NORTH,Account Opening & KYC,CUST-47208,12,17,CNT-5,2
2026-09-29T12:10:14.537807,AV-NORTH,Wealth & Forex,CUST-29922,15,18,CNT-8,3
2026-09-29T12:46:14.537807,AV-NORTH,Loan & Mortgages,CUST-56775,30,20,CNT-3,3
2026-09-29T12:51:14.537807,AV-WEST,Account Opening & KYC,CUST-64028,24,16,CNT-5,4
2026-09-29T12:35:14.537807,AV-WEST,Account Opening & KYC,CUST-34930,14,19,CNT-5,4
2026-09-29T12:29:14.537807,AV-WEST,Wealth & Forex,CUST-39472,7,20,CNT-8,4
2026-09-29T12:08:14.537807,AV-WEST,Account Opening & KYC,CUST-15168,23,16,CNT-7,3
2026-09-29T12:18:14.537807,AV-WEST,Cash & Deposits,CUST-61937,3,4,CNT-4,4
2026-09-29T12:23:14.537807,AV-WEST,Cash & Deposits,CUST-19423,7,5,CNT-6,3
2026-09-29T12:44:14.537807,AV-WEST,Loan & Mortgages,CUST-69809,15,15,CNT-6,2
2026-09-29T12:50:14.537807,AV-WEST,Wealth & Forex,CUST-54721,6,27,CNT-6,4
2026-09-29T12:11:14.537807,AV-WEST,Cash & Deposits,CUST-12728,7,4,CNT-1,4
2026-09-29T12:50:14.537807,AV-WEST,Account Opening & KYC,CUST-79786,19,17,CNT-5,2
2026-09-29T12:43:14.537807,AV-WEST,Loan & Mortgages,CUST-27417,25,33,CNT-1,3
2026-09-29T12:46:14.537807,AV-WEST,Loan & Mortgages,CUST-30513,39,31,CNT-2,2
2026-09-29T12:13:14.537807,AV-WEST,Account Opening & KYC,CUST-54116,21,14,CNT-7,4
2026-09-29T12:59:14.537807,AV-WEST,Account Opening & KYC,CUST-86931,17,12,CNT-6,1
2026-09-29T12:47:14.537807,AV-WEST,Account Opening & KYC,CUST-62976,14,16,CNT-8,1
2026-09-29T12:00:14.537807,AV-WEST,Cash & Deposits,CUST-85973,3,7,CNT-2,4
2026-09-29T12:20:14.537807,AV-WEST,Wealth & Forex,CUST-46396,14,15,CNT-8,3
2026-09-29T12:01:14.537807,AV-WEST,Cash & Deposits,CUST-18246,5,3,CNT-1,3
2026-09-29T12:04:14.537807,AV-WEST,Wealth & Forex,CUST-48707,14,21,CNT-7,3
2026-09-29T12:16:14.537807,AV-WEST,Account Opening & KYC,CUST-75942,20,9,CNT-2,2
2026-09-29T12:46:14.537807,AV-WEST,Wealth & Forex,CUST-52208,6,25,CNT-6,3
2026-09-29T12:55:14.537807,AV-WEST,Cash & Deposits,CUST-19182,11,6,CNT-6,4
2026-09-29T12:00:14.537807,AV-WEST,Account Opening & KYC,CUST-33306,22,10,CNT-7,5
2026-09-29T12:13:14.537807,AV-WEST,Wealth & Forex,CUST-13693,17,14,CNT-5,3
2026-09-29T12:22:14.537807,AV-WEST,Cash & Deposits,CUST-75580,6,7,CNT-4,3
2026-09-29T12:18:14.537807,AV-WEST,Account Opening & KYC,CUST-61149,18,20,CNT-4,3
2026-09-29T12:52:14.537807,AV-WEST,Cash & Deposits,CUST-33932,8,5,CNT-2,3
2026-09-29T13:56:14.537807,AV-CENTRAL,Wealth & Forex,CUST-65798,2,15,CNT-4,4
2026-09-29T13:43:14.537807,AV-CENTRAL,Wealth & Forex,CUST-28301,15,12,CNT-1,2
2026-09-29T13:01:14.537807,AV-CENTRAL,Cash & Deposits,CUST-73689,2,3,CNT-4,3
2026-09-29T13:46:14.537807,AV-CENTRAL,Account Opening & KYC,CUST-44224,20,13,CNT-8,2
2026-09-29T13:36:14.537807,AV-CENTRAL,Wealth & Forex,CUST-58008,5,16,CNT-6,3
2026-09-29T13:51:14.537807,AV-CENTRAL,Cash & Deposits,CUST-81171,5,4,CNT-1,3
2026-09-29T13:34:14.537807,AV-CENTRAL,Account Opening & KYC,CUST-12428,14,18,CNT-1,3
2026-09-29T13:33:14.537807,AV-CENTRAL,Cash & Deposits,CUST-36565,6,5,CNT-4,4
2026-09-29T13:50:14.537807,AV-CENTRAL,Account Opening & KYC,CUST-65840,16,21,CNT-6,3
2026-09-29T13:44:14.537807,AV-CENTRAL,Account Opening & KYC,CUST-61460,19,14,CNT-7,3
2026-09-29T13:33:14.537807,AV-CENTRAL,Loan & Mortgages,CUST-54885,23,28,CNT-5,2
2026-09-29T13:53:14.537807,AV-CENTRAL,Cash & Deposits,CUST-24609,8,3,CNT-5,3
2026-09-29T13:07:14.537807,AV-CENTRAL,Wealth & Forex,CUST-88676,17,24,CNT-1,3
2026-09-29T13:13:14.537807,AV-CENTRAL,Loan & Mortgages,CUST-58374,38,27,CNT-5,2
2026-09-29T13:11:14.537807,AV-CENTRAL,Cash & Deposits,CUST-67968,6,3,CNT-8,4
2026-09-29T13:38:14.537807,AV-CENTRAL,Wealth & Forex,CUST-94072,8,26,CNT-5,3
2026-09-29T13:27:14.537807,AV-CENTRAL,Account Opening & KYC,CUST-38916,20,12,CNT-3,2
2026-09-29T13:06:14.537807,AV-CENTRAL,Account Opening & KYC,CUST-11879,16,8,CNT-8,3
2026-09-29T13:17:14.537807,AV-CENTRAL,Cash & Deposits,CUST-76865,6,4,CNT-4,3
2026-09-29T13:09:14.537807,AV-CENTRAL,Cash & Deposits,CUST-38727,3,3,CNT-2,4
2026-09-29T13:20:14.537807,AV-CENTRAL,Wealth & Forex,CUST-42316,10,20,CNT-7,2
2026-09-29T13:03:14.537807,AV-CENTRAL,Loan & Mortgages,CUST-60399,21,36,CNT-7,3
2026-09-29T13:45:14.537807,AV-CENTRAL,Loan & Mortgages,CUST-45260,17,19,CNT-4,3
2026-09-29T13:19:14.537807,AV-CENTRAL,Wealth & Forex,CUST-20064,6,23,CNT-4,4
2026-09-29T13:58:14.537807,AV-CENTRAL,Wealth & Forex,CUST-77125,2,16,CNT-1,4
2026-09-29T13:36:14.537807,AV-CENTRAL,Account Opening & KYC,CUST-85014,17,13,CNT-6,4
2026-09-29T13:44:14.537807,AV-CENTRAL,Account Opening & KYC,CUST-77531,16,16,CNT-7,2
2026-09-29T13:53:14.537807,AV-CENTRAL,Cash & Deposits,CUST-79668,8,5,CNT-7,5
2026-09-29T13:21:14.537807,AV-CENTRAL,Cash & Deposits,CUST-47098,6,5,CNT-8,4
2026-09-29T13:15:14.537807,AV-NORTH,Cash & Deposits,CUST-51137,2,4,CNT-3,4
2026-09-29T13:23:14.537807,AV-NORTH,Wealth & Forex,CUST-81180,12,13,CNT-5,2
2026-09-29T13:29:14.537807,AV-NORTH,Loan & Mortgages,CUST-84299,32,19,CNT-6,3
2026-09-29T13:09:14.537807,AV-NORTH,Loan & Mortgages,CUST-43101,33,23,CNT-4,3
2026-09-29T13:52:14.537807,AV-NORTH,Cash & Deposits,CUST-30250,6,3,CNT-8,4
2026-09-29T13:24:14.537807,AV-NORTH,Account Opening & KYC,CUST-96596,10,14,CNT-1,4
2026-09-29T13:52:14.537807,AV-NORTH,Account Opening & KYC,CUST-85856,21,13,CNT-2,3
2026-09-29T13:27:14.537807,AV-NORTH,Cash & Deposits,CUST-64629,2,4,CNT-5,4
2026-09-29T13:31:14.537807,AV-NORTH,Cash & Deposits,CUST-20408,2,4,CNT-7,5
2026-09-29T13:43:14.537807,AV-NORTH,Cash & Deposits,CUST-97114,5,3,CNT-8,3
2026-09-29T13:15:14.537807,AV-NORTH,Cash & Deposits,CUST-76783,7,5,CNT-3,3
2026-09-29T13:36:14.537807,AV-NORTH,Wealth & Forex,CUST-16425,10,16,CNT-3,3
2026-09-29T13:13:14.537807,AV-NORTH,Loan & Mortgages,CUST-15186,24,27,CNT-8,2
2026-09-29T13:01:14.537807,AV-NORTH,Cash & Deposits,CUST-94347,5,7,CNT-4,4
2026-09-29T13:45:14.537807,AV-NORTH,Loan & Mortgages,CUST-41933,28,10,CNT-6,3
2026-09-29T13:47:14.537807,AV-NORTH,Wealth & Forex,CUST-94148,12,17,CNT-6,4
2026-09-29T13:24:14.537807,AV-NORTH,Wealth & Forex,CUST-13956,22,17,CNT-7,4
2026-09-29T13:49:14.537807,AV-NORTH,Account Opening & KYC,CUST-36362,13,18,CNT-5,4
2026-09-29T13:26:14.537807,AV-WEST,Cash & Deposits,CUST-48179,2,3,CNT-2,3
2026-09-29T13:08:14.537807,AV-WEST,Loan & Mortgages,CUST-60156,33,33,CNT-6,1
2026-09-29T13:36:14.537807,AV-WEST,Wealth & Forex,CUST-30585,15,20,CNT-7,4
2026-09-29T13:12:14.537807,AV-WEST,Cash & Deposits,CUST-91813,12,3,CNT-6,3
2026-09-29T13:28:14.537807,AV-WEST,Wealth & Forex,CUST-48199,16,18,CNT-3,4
2026-09-29T13:26:14.537807,AV-WEST,Wealth & Forex,CUST-83784,15,16,CNT-2,4
2026-09-29T13:40:14.537807,AV-WEST,Cash & Deposits,CUST-46757,10,3,CNT-6,4
2026-09-29T13:40:14.537807,AV-WEST,Wealth & Forex,CUST-16389,14,20,CNT-4,4
2026-09-29T13:08:14.537807,AV-WEST,Loan & Mortgages,CUST-96811,28,19,CNT-2,2
2026-09-29T13:36:14.537807,AV-WEST,Loan & Mortgages,CUST-70384,7,25,CNT-4,5
2026-09-29T13:55:14.537807,AV-WEST,Wealth & Forex,CUST-64539,32,18,CNT-3,3
2026-09-29T13:05:14.537807,AV-WEST,Loan & Mortgages,CUST-69059,33,34,CNT-5,2
2026-09-29T13:12:14.537807,AV-WEST,Account Opening & KYC,CUST-44939,26,19,CNT-4,4
2026-09-29T13:14:14.537807,AV-WEST,Account Opening & KYC,CUST-25744,18,17,CNT-8,3
2026-09-29T13:46:14.537807,AV-WEST,Account Opening & KYC,CUST-42543,18,18,CNT-7,2
2026-09-29T13:36:14.537807,AV-WEST,Cash & Deposits,CUST-34898,2,3,CNT-3,3
2026-09-29T13:31:14.537807,AV-WEST,Account Opening & KYC,CUST-25793,17,14,CNT-4,2
2026-09-29T13:30:14.537807,AV-WEST,Loan & Mortgages,CUST-80575,21,23,CNT-5,4
2026-09-29T13:17:14.537807,AV-WEST,Wealth & Forex,CUST-32595,3,13,CNT-8,3
2026-09-29T13:57:14.537807,AV-WEST,Account Opening & KYC,CUST-61154,16,12,CNT-7,2
2026-09-29T13:36:14.537807,AV-WEST,Wealth & Forex,CUST-97285,14,20,CNT-2,3
2026-09-29T13:39:14.537807,AV-WEST,Wealth & Forex,CUST-33733,12,12,CNT-3,2
2026-09-29T14:05:14.537807,AV-CENTRAL,Loan & Mortgages,CUST-76216,37,24,CNT-6,3
2026-09-29T14:31:14.537807,AV-CENTRAL,Account Opening & KYC,CUST-41832,8,18,CNT-8,3
2026-09-29T14:05:14.537807,AV-CENTRAL,Loan & Mortgages,CUST-23752,29,23,CNT-3,4
2026-09-29T14:32:14.537807,AV-CENTRAL,Loan & Mortgages,CUST-85018,25,29,CNT-7,3
2026-09-29T14:34:14.537807,AV-CENTRAL,Loan & Mortgages,CUST-76133,27,17,CNT-6,2
2026-09-29T14:44:14.537807,AV-CENTRAL,Account Opening & KYC,CUST-60840,17,18,CNT-8,2
2026-09-29T14:11:14.537807,AV-CENTRAL,Wealth & Forex,CUST-37427,18,22,CNT-4,4
2026-09-29T14:07:14.537807,AV-CENTRAL,Wealth & Forex,CUST-25757,14,19,CNT-6,2
2026-09-29T14:55:14.537807,AV-CENTRAL,Loan & Mortgages,CUST-23593,26,30,CNT-5,3
2026-09-29T14:38:14.537807,AV-CENTRAL,Loan & Mortgages,CUST-95728,20,26,CNT-1,3
2026-09-29T14:36:14.537807,AV-CENTRAL,Account Opening & KYC,CUST-56504,15,15,CNT-6,3
2026-09-29T14:37:14.537807,AV-CENTRAL,Account Opening & KYC,CUST-45711,11,12,CNT-3,5
2026-09-29T14:31:14.537807,AV-CENTRAL,Cash & Deposits,CUST-46511,5,3,CNT-1,4
2026-09-29T14:53:14.537807,AV-CENTRAL,Loan & Mortgages,CUST-83621,18,19,CNT-8,3
2026-09-29T14:08:14.537807,AV-CENTRAL,Cash & Deposits,CUST-94737,5,3,CNT-7,3
2026-09-29T14:15:14.537807,AV-CENTRAL,Cash & Deposits,CUST-51542,4,8,CNT-6,3
2026-09-29T14:12:14.537807,AV-CENTRAL,Account Opening & KYC,CUST-75818,13,12,CNT-2,3
2026-09-29T14:21:14.537807,AV-CENTRAL,Loan & Mortgages,CUST-58850,29,25,CNT-5,2
2026-09-29T14:46:14.537807,AV-CENTRAL,Wealth & Forex,CUST-49969,8,22,CNT-8,2
2026-09-29T14:08:14.537807,AV-CENTRAL,Loan & Mortgages,CUST-92727,23,26,CNT-4,3
2026-09-29T14:56:14.537807,AV-CENTRAL,Account Opening & KYC,CUST-42037,11,26,CNT-2,4
2026-09-29T14:56:14.537807,AV-CENTRAL,Account Opening & KYC,CUST-84090,22,17,CNT-2,4
2026-09-29T14:44:14.537807,AV-CENTRAL,Account Opening & KYC,CUST-29578,25,16,CNT-4,3
2026-09-29T14:34:14.537807,AV-CENTRAL,Cash & Deposits,CUST-73869,3,5,CNT-5,4
2026-09-29T14:51:14.537807,AV-CENTRAL,Cash & Deposits,CUST-18048,4,5,CNT-4,5
2026-09-29T14:45:14.537807,AV-CENTRAL,Wealth & Forex,CUST-21929,21,16,CNT-3,2
2026-09-29T14:52:14.537807,AV-CENTRAL,Wealth & Forex,CUST-13618,20,25,CNT-2,4
2026-09-29T14:18:14.537807,AV-CENTRAL,Cash & Deposits,CUST-77982,5,5,CNT-8,4
2026-09-29T14:51:14.537807,AV-CENTRAL,Account Opening & KYC,CUST-16459,11,15,CNT-3,4
2026-09-29T14:49:14.537807,AV-CENTRAL,Cash & Deposits,CUST-91265,11,5,CNT-7,4
2026-09-29T14:31:14.537807,AV-NORTH,Cash & Deposits,CUST-27878,9,7,CNT-3,4
2026-09-29T14:09:14.537807,AV-NORTH,Loan & Mortgages,CUST-54362,18,30,CNT-6,3
2026-09-29T14:09:14.537807,AV-NORTH,Wealth & Forex,CUST-74065,9,14,CNT-2,4
2026-09-29T14:42:14.537807,AV-NORTH,Wealth & Forex,CUST-61349,21,21,CNT-5,2
2026-09-29T14:57:14.537807,AV-NORTH,Wealth & Forex,CUST-57156,6,12,CNT-5,4
2026-09-29T14:31:14.537807,AV-NORTH,Cash & Deposits,CUST-18954,5,7,CNT-5,4
2026-09-29T14:50:14.537807,AV-NORTH,Wealth & Forex,CUST-58214,16,27,CNT-5,2
2026-09-29T14:30:14.537807,AV-NORTH,Wealth & Forex,CUST-28568,15,21,CNT-2,3
2026-09-29T14:35:14.537807,AV-NORTH,Account Opening & KYC,CUST-98853,24,9,CNT-7,4
2026-09-29T14:37:14.537807,AV-NORTH,Wealth & Forex,CUST-83126,10,16,CNT-4,4
2026-09-29T14:11:14.537807,AV-NORTH,Cash & Deposits,CUST-20127,2,3,CNT-4,3
2026-09-29T14:28:14.537807,AV-NORTH,Wealth & Forex,CUST-18745,9,13,CNT-7,3
2026-09-29T14:38:14.537807,AV-NORTH,Wealth & Forex,CUST-94131,27,18,CNT-5,2
2026-09-29T14:01:14.537807,AV-NORTH,Account Opening & KYC,CUST-36577,16,14,CNT-3,3
2026-09-29T14:27:14.537807,AV-NORTH,Account Opening & KYC,CUST-60580,21,13,CNT-3,3
2026-09-29T14:57:14.537807,AV-NORTH,Account Opening & KYC,CUST-70532,27,17,CNT-6,4
2026-09-29T14:20:14.537807,AV-WEST,Loan & Mortgages,CUST-63533,26,14,CNT-5,3
2026-09-29T14:23:14.537807,AV-WEST,Loan & Mortgages,CUST-25683,23,20,CNT-5,4
2026-09-29T14:12:14.537807,AV-WEST,Cash & Deposits,CUST-97074,4,5,CNT-7,3
2026-09-29T14:32:14.537807,AV-WEST,Cash & Deposits,CUST-15028,3,3,CNT-6,3
2026-09-29T14:43:14.537807,AV-WEST,Cash & Deposits,CUST-48086,4,4,CNT-5,3
2026-09-29T14:25:14.537807,AV-WEST,Account Opening & KYC,CUST-88267,14,16,CNT-4,3
2026-09-29T14:50:14.537807,AV-WEST,Loan & Mortgages,CUST-38556,32,18,CNT-5,3
2026-09-29T14:39:14.537807,AV-WEST,Wealth & Forex,CUST-22498,13,26,CNT-2,4
2026-09-29T14:48:14.537807,AV-WEST,Wealth & Forex,CUST-36043,13,20,CNT-6,4
2026-09-29T14:38:14.537807,AV-WEST,Cash & Deposits,CUST-52471,8,3,CNT-8,4
2026-09-29T14:15:14.537807,AV-WEST,Cash & Deposits,CUST-28194,2,3,CNT-8,3
2026-09-29T14:55:14.537807,AV-WEST,Cash & Deposits,CUST-80085,9,3,CNT-3,3
2026-09-29T14:51:14.537807,AV-WEST,Cash & Deposits,CUST-91151,3,7,CNT-1,4
2026-09-29T14:10:14.537807,AV-WEST,Loan & Mortgages,CUST-30541,37,26,CNT-2,3
2026-09-29T14:06:14.537807,AV-WEST,Wealth & Forex,CUST-40476,19,17,CNT-8,3
2026-09-29T14:23:14.537807,AV-WEST,Cash & Deposits,CUST-28373,5,7,CNT-1,4
2026-09-29T14:06:14.537807,AV-WEST,Cash & Deposits,CUST-87717,8,3,CNT-3,3
2026-09-29T14:30:14.537807,AV-WEST,Wealth & Forex,CUST-97312,23,11,CNT-4,3
2026-09-29T15:11:14.537807,AV-CENTRAL,Cash & Deposits,CUST-16669,4,4,CNT-5,5
2026-09-29T15:09:14.537807,AV-CENTRAL,Account Opening & KYC,CUST-34868,15,15,CNT-8,3
2026-09-29T15:22:14.537807,AV-CENTRAL,Account Opening & KYC,CUST-16285,14,17,CNT-6,3
2026-09-29T15:50:14.537807,AV-CENTRAL,Cash & Deposits,CUST-68252,5,3,CNT-6,3
2026-09-29T15:31:14.537807,AV-CENTRAL,Account Opening & KYC,CUST-89481,15,13,CNT-4,3
2026-09-29T15:13:14.537807,AV-CENTRAL,Account Opening & KYC,CUST-59938,12,17,CNT-1,3
2026-09-29T15:16:14.537807,AV-CENTRAL,Cash & Deposits,CUST-27569,2,4,CNT-5,3
2026-09-29T15:48:14.537807,AV-CENTRAL,Wealth & Forex,CUST-71539,19,25,CNT-1,3
2026-09-29T15:52:14.537807,AV-CENTRAL,Wealth & Forex,CUST-34041,18,25,CNT-6,4
2026-09-29T15:07:14.537807,AV-CENTRAL,Wealth & Forex,CUST-42253,28,10,CNT-5,3
2026-09-29T15:55:14.537807,AV-CENTRAL,Wealth & Forex,CUST-23568,10,20,CNT-4,5
2026-09-29T15:50:14.537807,AV-CENTRAL,Wealth & Forex,CUST-28165,17,19,CNT-2,3
2026-09-29T15:14:14.537807,AV-CENTRAL,Account Opening & KYC,CUST-24409,19,23,CNT-5,3
2026-09-29T15:37:14.537807,AV-CENTRAL,Account Opening & KYC,CUST-80960,7,18,CNT-3,4
2026-09-29T15:13:14.537807,AV-CENTRAL,Wealth & Forex,CUST-82488,10,17,CNT-5,3
2026-09-29T15:03:14.537807,AV-NORTH,Account Opening & KYC,CUST-76648,28,19,CNT-8,4
2026-09-29T15:20:14.537807,AV-NORTH,Account Opening & KYC,CUST-74292,23,22,CNT-6,3
2026-09-29T15:23:14.537807,AV-NORTH,Account Opening & KYC,CUST-71589,20,3,CNT-5,3
2026-09-29T15:35:14.537807,AV-NORTH,Account Opening & KYC,CUST-37091,15,12,CNT-4,3
2026-09-29T15:59:14.537807,AV-NORTH,Account Opening & KYC,CUST-40723,9,18,CNT-5,4
2026-09-29T15:16:14.537807,AV-NORTH,Cash & Deposits,CUST-68823,10,3,CNT-6,3
2026-09-29T15:42:14.537807,AV-WEST,Cash & Deposits,CUST-11718,5,5,CNT-1,3
2026-09-29T15:05:14.537807,AV-WEST,Cash & Deposits,CUST-58664,6,7,CNT-4,3
2026-09-29T15:38:14.537807,AV-WEST,Account Opening & KYC,CUST-38404,22,19,CNT-2,3
2026-09-29T15:32:14.537807,AV-WEST,Wealth & Forex,CUST-93720,12,20,CNT-6,3
2026-09-29T15:42:14.537807,AV-WEST,Account Opening & KYC,CUST-87506,13,15,CNT-7,3
2026-09-29T15:43:14.537807,AV-WEST,Account Opening & KYC,CUST-80971,14,16,CNT-4,3
2026-09-29T15:38:14.537807,AV-WEST,Wealth & Forex,CUST-50419,15,11,CNT-4,3
2026-09-29T15:10:14.537807,AV-WEST,Cash & Deposits,CUST-71238,4,4,CNT-1,3
2026-09-29T15:57:14.537807,AV-WEST,Wealth & Forex,CUST-14517,2,17,CNT-4,5
2026-09-29T15:16:14.537807,AV-WEST,Wealth & Forex,CUST-68935,15,14,CNT-5,3
2026-09-29T15:35:14.537807,AV-WEST,Cash & Deposits,CUST-45874,4,7,CNT-5,4
2026-09-29T15:48:14.537807,AV-WEST,Loan & Mortgages,CUST-35594,41,12,CNT-4,2
2026-09-29T16:41:14.537807,AV-CENTRAL,Loan & Mortgages,CUST-69224,42,23,CNT-3,4
2026-09-29T16:11:14.537807,AV-CENTRAL,Loan & Mortgages,CUST-84577,24,23,CNT-8,2
2026-09-29T16:19:14.537807,AV-CENTRAL,Account Opening & KYC,CUST-95587,22,13,CNT-6,3
2026-09-29T16:10:14.537807,AV-CENTRAL,Account Opening & KYC,CUST-20976,22,12,CNT-4,4
2026-09-29T16:28:14.537807,AV-CENTRAL,Loan & Mortgages,CUST-98992,30,25,CNT-4,4
2026-09-29T16:03:14.537807,AV-CENTRAL,Cash & Deposits,CUST-53571,4,5,CNT-2,4
2026-09-29T16:55:14.537807,AV-CENTRAL,Wealth & Forex,CUST-45941,18,7,CNT-8,3
2026-09-29T16:55:14.537807,AV-CENTRAL,Loan & Mortgages,CUST-15109,26,14,CNT-8,3
2026-09-29T16:17:14.537807,AV-CENTRAL,Wealth & Forex,CUST-16998,14,24,CNT-1,2
2026-09-29T16:19:14.537807,AV-CENTRAL,Wealth & Forex,CUST-79048,19,20,CNT-1,3
2026-09-29T16:13:14.537807,AV-CENTRAL,Account Opening & KYC,CUST-10476,15,16,CNT-5,4
2026-09-29T16:54:14.537807,AV-CENTRAL,Account Opening & KYC,CUST-82083,11,22,CNT-8,3
2026-09-29T16:31:14.537807,AV-CENTRAL,Wealth & Forex,CUST-49734,7,22,CNT-4,3
2026-09-29T16:25:14.537807,AV-CENTRAL,Account Opening & KYC,CUST-90638,32,17,CNT-3,3
2026-09-29T16:04:14.537807,AV-CENTRAL,Cash & Deposits,CUST-33201,6,3,CNT-5,4
2026-09-29T16:56:14.537807,AV-CENTRAL,Account Opening & KYC,CUST-77803,22,17,CNT-6,3
2026-09-29T16:44:14.537807,AV-CENTRAL,Cash & Deposits,CUST-51184,2,5,CNT-6,3
2026-09-29T16:42:14.537807,AV-CENTRAL,Wealth & Forex,CUST-36996,18,24,CNT-7,3
2026-09-29T16:07:14.537807,AV-NORTH,Cash & Deposits,CUST-12875,6,3,CNT-1,3
2026-09-29T16:28:14.537807,AV-NORTH,Account Opening & KYC,CUST-64020,16,19,CNT-4,2
2026-09-29T16:56:14.537807,AV-NORTH,Loan & Mortgages,CUST-89649,18,27,CNT-7,3
2026-09-29T16:55:14.537807,AV-NORTH,Account Opening & KYC,CUST-43240,9,20,CNT-8,3
2026-09-29T16:43:14.537807,AV-NORTH,Cash & Deposits,CUST-78112,5,7,CNT-4,3
2026-09-29T16:20:14.537807,AV-NORTH,Wealth & Forex,CUST-97735,26,21,CNT-8,2
2026-09-29T16:24:14.537807,AV-NORTH,Loan & Mortgages,CUST-22802,38,18,CNT-2,3
2026-09-29T16:24:14.537807,AV-NORTH,Loan & Mortgages,CUST-84899,33,22,CNT-1,2
2026-09-29T16:50:14.537807,AV-NORTH,Loan & Mortgages,CUST-22172,35,23,CNT-2,1
2026-09-29T16:52:14.537807,AV-NORTH,Wealth & Forex,CUST-99771,9,15,CNT-6,3
2026-09-29T16:05:14.537807,AV-NORTH,Cash & Deposits,CUST-56666,4,5,CNT-6,3
2026-09-29T16:00:14.537807,AV-NORTH,Account Opening & KYC,CUST-16270,29,17,CNT-5,3
2026-09-29T16:38:14.537807,AV-NORTH,Wealth & Forex,CUST-80355,7,13,CNT-5,4
2026-09-29T16:23:14.537807,AV-WEST,Account Opening & KYC,CUST-44153,17,9,CNT-1,2
2026-09-29T16:38:14.537807,AV-WEST,Account Opening & KYC,CUST-44840,22,18,CNT-7,3
2026-09-29T16:49:14.537807,AV-WEST,Wealth & Forex,CUST-56647,11,34,CNT-4,4
2026-09-29T16:28:14.537807,AV-WEST,Account Opening & KYC,CUST-20505,25,16,CNT-5,3
2026-09-29T16:57:14.537807,AV-WEST,Wealth & Forex,CUST-39720,18,13,CNT-3,2
2026-09-29T16:47:14.537807,AV-WEST,Wealth & Forex,CUST-49148,15,15,CNT-8,2
2026-09-29T16:32:14.537807,AV-WEST,Wealth & Forex,CUST-76145,12,16,CNT-3,4
