appointment_id,customer_id,branch_id,appointment_timestamp,service_type,appointment_status,expected_duration
APP_000001,CUST_02219,BR001,2025-10-01 09:15:00,Investment Enquiry,Completed,26.0
APP_000002,CUST_10234,BR001,2025-10-01 09:26:00,Investment Enquiry,Completed,26.0
APP_000003,CUST_00501,BR001,2025-10-01 10:33:00,Statement Request,Completed,5.0
APP_000004,CUST_13586,BR001,2025-10-01 10:29:00,Loan Enquiry,Completed,18.0
APP_000005,CUST_09998,BR001,2025-10-01 10:28:00,Statement Request,Completed,5.0
APP_000006,CUST_12739,BR001,2025-10-01 10:47:00,Digital Banking Support,Completed,12.5
APP_000007,CUST_04660,BR001,2025-10-01 11:23:00,Cash Deposit,Completed,6.5
APP_000008,CUST_14688,BR001,2025-10-01 11:05:00,Loan Enquiry,Completed,18.0
APP_000009,CUST_08773,BR002,2025-10-01 09:51:00,KYC Update,Completed,13.5
APP_000010,CUST_05548,BR002,2025-10-01 09:36:00,Complaint,Completed,16.5
APP_000011,CUST_08505,BR002,2025-10-01 10:20:00,Account Opening,Completed,24.0
APP_000012,CUST_03511,BR002,2025-10-01 10:09:00,Cash Withdrawal,Cancelled,4.5
APP_000013,CUST_06980,BR002,2025-10-01 10:10:00,Cash Withdrawal,Completed,4.5
APP_000014,CUST_09060,BR002,2025-10-01 10:22:00,Cash Withdrawal,Completed,4.5
APP_000015,CUST_07379,BR002,2025-10-01 11:35:00,Cash Deposit,Completed,6.5
APP_000016,CUST_11902,BR002,2025-10-01 11:43:00,Cash Deposit,Completed,6.5
APP_000017,CUST_08568,BR002,2025-10-01 11:25:00,Loan Enquiry,Completed,18.0
APP_000018,CUST_01363,BR002,2025-10-01 11:46:00,Cash Withdrawal,Completed,4.5
APP_000019,CUST_05664,BR002,2025-10-01 12:00:00,Investment Enquiry,Cancelled,26.0
APP_000020,CUST_05345,BR003,2025-10-01 10:09:00,Loan Application,Completed,34.0
APP_000021,CUST_01336,BR003,2025-10-01 11:20:00,Cash Deposit,Cancelled,6.5
APP_000022,CUST_09016,BR003,2025-10-01 12:21:00,Address Update,Completed,8.0
APP_000023,CUST_00888,BR003,2025-10-01 12:30:00,Account Opening,Completed,24.0
APP_000024,CUST_12323,BR003,2025-10-01 13:35:00,Cheque Services,Completed,6.0
APP_000025,CUST_09831,BR003,2025-10-01 14:47:00,Cash Deposit,Cancelled,6.5
APP_000026,CUST_08251,BR003,2025-10-01 14:40:00,Cash Withdrawal,Completed,4.5
APP_000027,CUST_11541,BR004,2025-10-01 10:26:00,KYC Update,Completed,13.5
APP_000028,CUST_13966,BR004,2025-10-01 10:49:00,KYC Update,Completed,13.5
APP_000029,CUST_09075,BR004,2025-10-01 12:49:00,Cash Withdrawal,Completed,4.5
APP_000030,CUST_08504,BR004,2025-10-01 12:12:00,Account Opening,Completed,24.0
APP_000031,CUST_07603,BR004,2025-10-01 13:15:00,Loan Enquiry,Completed,18.0
APP_000032,CUST_01111,BR005,2025-10-01 09:32:00,Cash Deposit,Completed,6.5
APP_000033,CUST_08388,BR005,2025-10-01 09:25:00,Cash Withdrawal,Completed,4.5
APP_000034,CUST_01391,BR005,2025-10-01 12:18:00,Account Opening,Completed,24.0
APP_000035,CUST_04458,BR005,2025-10-01 13:26:00,Cash Withdrawal,Completed,4.5
APP_000036,CUST_10238,BR006,2025-10-01 09:12:00,KYC Update,Cancelled,13.5
APP_000037,CUST_07153,BR006,2025-10-01 10:35:00,General Customer Support,Cancelled,10.0
APP_000038,CUST_14636,BR006,2025-10-01 11:16:00,Account Opening,Completed,24.0
APP_000039,CUST_06811,BR006,2025-10-01 11:30:00,Loan Enquiry,Completed,18.0
APP_000040,CUST_12217,BR006,2025-10-01 12:07:00,Complaint,Completed,16.5
APP_000041,CUST_12830,BR006,2025-10-01 13:27:00,General Customer Support,Completed,10.0
APP_000042,CUST_00207,BR006,2025-10-01 13:37:00,KYC Update,Completed,13.5
APP_000043,CUST_04614,BR006,2025-10-01 14:22:00,Cash Deposit,Completed,6.5
APP_000044,CUST_09821,BR006,2025-10-01 14:12:00,Cheque Services,Completed,6.0
APP_000045,CUST_01756,BR007,2025-10-01 09:18:00,KYC Update,Completed,13.5
APP_000046,CUST_13099,BR007,2025-10-01 10:01:00,Loan Application,Completed,34.0
APP_000047,CUST_12344,BR007,2025-10-01 10:39:00,Cash Deposit,Completed,6.5
APP_000048,CUST_10158,BR007,2025-10-01 10:05:00,Loan Enquiry,Completed,18.0
APP_000049,CUST_06132,BR007,2025-10-01 12:14:00,Cheque Services,Completed,6.0
APP_000050,CUST_11980,BR007,2025-10-01 12:15:00,Investment Enquiry,Completed,26.0
APP_000051,CUST_06801,BR008,2025-10-01 09:45:00,Cash Deposit,Completed,6.5
APP_000052,CUST_09329,BR008,2025-10-01 10:34:00,Cash Deposit,Completed,6.5
APP_000053,CUST_06000,BR008,2025-10-01 11:51:00,Account Opening,Completed,24.0
APP_000054,CUST_14063,BR008,2025-10-01 12:32:00,Statement Request,Completed,5.0
APP_000055,CUST_05982,BR008,2025-10-01 12:51:00,Cash Deposit,Completed,6.5
APP_000056,CUST_09482,BR009,2025-10-01 09:42:00,Loan Enquiry,Completed,18.0
APP_000057,CUST_08939,BR009,2025-10-01 10:20:00,General Customer Support,Completed,10.0
APP_000058,CUST_10711,BR009,2025-10-01 10:35:00,Cash Deposit,Completed,6.5
APP_000059,CUST_04598,BR009,2025-10-01 10:37:00,Credit Card Service,Completed,12.0
APP_000060,CUST_14231,BR009,2025-10-01 10:23:00,Cheque Services,Completed,6.0
APP_000061,CUST_09701,BR009,2025-10-01 10:37:00,Cash Deposit,Completed,6.5
APP_000062,CUST_13841,BR009,2025-10-01 11:23:00,Account Opening,Completed,24.0
APP_000063,CUST_10245,BR009,2025-10-01 11:30:00,Loan Enquiry,Completed,18.0
APP_000064,CUST_09918,BR010,2025-10-01 10:42:00,KYC Update,Cancelled,13.5
APP_000065,CUST_04650,BR010,2025-10-01 11:22:00,Loan Enquiry,Completed,18.0
APP_000066,CUST_06227,BR010,2025-10-01 11:22:00,Cash Deposit,Completed,6.5
APP_000067,CUST_03136,BR010,2025-10-01 11:21:00,General Customer Support,Completed,10.0
APP_000068,CUST_08392,BR010,2025-10-01 13:43:00,Statement Request,Completed,5.0
APP_000069,CUST_11209,BR010,2025-10-01 13:06:00,Cash Deposit,Completed,6.5
APP_000070,CUST_11854,BR001,2025-10-03 09:28:00,Account Opening,Completed,24.0
APP_000071,CUST_07800,BR001,2025-10-03 10:22:00,Cash Withdrawal,Completed,4.5
APP_000072,CUST_11507,BR001,2025-10-03 10:51:00,Account Opening,Completed,24.0
APP_000073,CUST_02653,BR001,2025-10-03 10:15:00,Cash Deposit,Completed,6.5
APP_000074,CUST_04979,BR001,2025-10-03 10:09:00,Cash Withdrawal,Completed,4.5
APP_000075,CUST_05124,BR001,2025-10-03 10:37:00,KYC Update,Completed,13.5
APP_000076,CUST_06016,BR001,2025-10-03 10:30:00,Cash Withdrawal,Completed,4.5
APP_000077,CUST_13810,BR001,2025-10-03 10:16:00,Loan Enquiry,Completed,18.0
APP_000078,CUST_12077,BR001,2025-10-03 11:40:00,Cash Withdrawal,Completed,4.5
APP_000079,CUST_10979,BR001,2025-10-03 11:08:00,KYC Update,Completed,13.5
APP_000080,CUST_04545,BR001,2025-10-03 11:11:00,Cheque Services,Completed,6.0
APP_000081,CUST_08715,BR001,2025-10-03 11:49:00,Statement Request,Completed,5.0
APP_000082,CUST_11218,BR001,2025-10-03 11:40:00,Cash Withdrawal,No-Show,4.5
APP_000083,CUST_08647,BR001,2025-10-03 12:30:00,Cash Deposit,Completed,6.5
APP_000084,CUST_09819,BR001,2025-10-03 12:25:00,Statement Request,Completed,5.0
APP_000085,CUST_12583,BR001,2025-10-03 12:09:00,Statement Request,Completed,5.0
APP_000086,CUST_08724,BR002,2025-10-03 09:49:00,Credit Card Service,Completed,12.0
APP_000087,CUST_12924,BR002,2025-10-03 09:23:00,Statement Request,Completed,5.0
APP_000088,CUST_14105,BR002,2025-10-03 10:03:00,Investment Enquiry,Completed,26.0
APP_000089,CUST_13064,BR002,2025-10-03 10:25:00,Cash Withdrawal,Completed,4.5
APP_000090,CUST_10654,BR002,2025-10-03 10:36:00,Cash Withdrawal,No-Show,4.5
APP_000091,CUST_07221,BR002,2025-10-03 10:14:00,Loan Application,Cancelled,34.0
APP_000092,CUST_10891,BR002,2025-10-03 10:21:00,KYC Update,Completed,13.5
APP_000093,CUST_11418,BR002,2025-10-03 10:13:00,Credit Card Service,Completed,12.0
APP_000094,CUST_02213,BR002,2025-10-03 10:47:00,Credit Card Service,Completed,12.0
APP_000095,CUST_04540,BR002,2025-10-03 11:19:00,Cheque Services,Completed,6.0
APP_000096,CUST_02647,BR002,2025-10-03 11:31:00,Account Opening,Cancelled,24.0
APP_000097,CUST_12465,BR002,2025-10-03 11:40:00,Digital Banking Support,Completed,12.5
APP_000098,CUST_08477,BR002,2025-10-03 11:33:00,Statement Request,Completed,5.0
APP_000099,CUST_14601,BR003,2025-10-03 09:37:00,KYC Update,Completed,13.5
APP_000100,CUST_03515,BR003,2025-10-03 09:24:00,Cash Withdrawal,Completed,4.5
APP_000101,CUST_00463,BR003,2025-10-03 10:17:00,Credit Card Service,Completed,12.0
APP_000102,CUST_11990,BR003,2025-10-03 10:38:00,Account Opening,Completed,24.0
APP_000103,CUST_12350,BR003,2025-10-03 10:13:00,Cash Deposit,Cancelled,6.5
APP_000104,CUST_14146,BR003,2025-10-03 11:54:00,Cash Deposit,Completed,6.5
APP_000105,CUST_13087,BR003,2025-10-03 11:40:00,Cheque Services,Completed,6.0
APP_000106,CUST_14032,BR003,2025-10-03 11:26:00,General Customer Support,Completed,10.0
APP_000107,CUST_05119,BR003,2025-10-03 12:49:00,Cash Deposit,Completed,6.5
APP_000108,CUST_06992,BR003,2025-10-03 12:35:00,Cash Withdrawal,Completed,4.5
APP_000109,CUST_00492,BR003,2025-10-03 12:49:00,Credit Card Service,Completed,12.0
APP_000110,CUST_05562,BR003,2025-10-03 12:52:00,Cash Withdrawal,Cancelled,4.5
APP_000111,CUST_06305,BR003,2025-10-03 13:17:00,Investment Enquiry,Completed,26.0
APP_000112,CUST_02403,BR003,2025-10-03 13:41:00,Statement Request,Completed,5.0
APP_000113,CUST_02750,BR004,2025-10-03 09:52:00,Cheque Services,Completed,6.0
APP_000114,CUST_00143,BR004,2025-10-03 09:37:00,Cash Withdrawal,Completed,4.5
APP_000115,CUST_13823,BR004,2025-10-03 10:53:00,Credit Card Service,Completed,12.0
APP_000116,CUST_07338,BR004,2025-10-03 10:12:00,General Customer Support,Completed,10.0
APP_000117,CUST_11579,BR004,2025-10-03 11:32:00,Cash Deposit,Completed,6.5
APP_000118,CUST_07639,BR004,2025-10-03 11:22:00,Cash Deposit,Completed,6.5
APP_000119,CUST_05875,BR004,2025-10-03 12:52:00,Loan Enquiry,Cancelled,18.0
APP_000120,CUST_08265,BR004,2025-10-03 13:24:00,Account Opening,Cancelled,24.0
APP_000121,CUST_00539,BR005,2025-10-03 09:37:00,KYC Update,Completed,13.5
APP_000122,CUST_14189,BR005,2025-10-03 10:04:00,Address Update,Completed,8.0
APP_000123,CUST_05131,BR005,2025-10-03 10:44:00,Cash Withdrawal,Completed,4.5
APP_000124,CUST_07879,BR005,2025-10-03 10:32:00,Investment Enquiry,Completed,26.0
APP_000125,CUST_06223,BR005,2025-10-03 10:07:00,Complaint,Completed,16.5
APP_000126,CUST_07604,BR005,2025-10-03 10:35:00,Credit Card Service,Completed,12.0
APP_000127,CUST_04269,BR005,2025-10-03 11:13:00,Statement Request,Completed,5.0
APP_000128,CUST_08291,BR005,2025-10-03 11:12:00,Loan Enquiry,Completed,18.0
APP_000129,CUST_10749,BR005,2025-10-03 11:25:00,Account Opening,Completed,24.0
APP_000130,CUST_10800,BR006,2025-10-03 10:09:00,Investment Enquiry,Completed,26.0
APP_000131,CUST_02578,BR006,2025-10-03 11:44:00,Account Opening,Cancelled,24.0
APP_000132,CUST_06976,BR006,2025-10-03 11:36:00,Cheque Services,Completed,6.0
APP_000133,CUST_11939,BR006,2025-10-03 11:29:00,KYC Update,Completed,13.5
APP_000134,CUST_04839,BR006,2025-10-03 11:20:00,Loan Enquiry,Completed,18.0
APP_000135,CUST_14875,BR006,2025-10-03 12:04:00,General Customer Support,Completed,10.0
APP_000136,CUST_03101,BR006,2025-10-03 12:35:00,Address Update,Completed,8.0
APP_000137,CUST_09357,BR006,2025-10-03 13:29:00,Cash Deposit,Completed,6.5
APP_000138,CUST_07185,BR006,2025-10-03 13:19:00,Cash Deposit,Completed,6.5
APP_000139,CUST_02997,BR006,2025-10-03 13:11:00,KYC Update,Completed,13.5
APP_000140,CUST_02225,BR006,2025-10-03 13:39:00,Cheque Services,Completed,6.0
APP_000141,CUST_06676,BR007,2025-10-03 09:27:00,Address Update,Completed,8.0
APP_000142,CUST_03005,BR007,2025-10-03 09:35:00,KYC Update,Completed,13.5
APP_000143,CUST_05412,BR007,2025-10-03 09:11:00,Loan Application,Completed,34.0
APP_000144,CUST_12547,BR007,2025-10-03 09:52:00,Cash Withdrawal,Completed,4.5
APP_000145,CUST_06467,BR007,2025-10-03 10:39:00,Loan Enquiry,Completed,18.0
APP_000146,CUST_08387,BR007,2025-10-03 11:40:00,Cash Withdrawal,Completed,4.5
APP_000147,CUST_03231,BR007,2025-10-03 11:29:00,Cheque Services,Completed,6.0
APP_000148,CUST_04563,BR007,2025-10-03 13:29:00,KYC Update,Completed,13.5
APP_000149,CUST_14879,BR007,2025-10-03 14:38:00,Loan Enquiry,Completed,18.0
APP_000150,CUST_09135,BR008,2025-10-03 13:16:00,Cash Deposit,Completed,6.5
APP_000151,CUST_13140,BR008,2025-10-03 13:37:00,Cash Deposit,Completed,6.5
APP_000152,CUST_08212,BR008,2025-10-03 14:03:00,Cash Withdrawal,Completed,4.5
APP_000153,CUST_10993,BR008,2025-10-03 15:01:00,KYC Update,Completed,13.5
APP_000154,CUST_04047,BR008,2025-10-03 15:14:00,Account Opening,Completed,24.0
APP_000155,CUST_11475,BR009,2025-10-03 09:17:00,Digital Banking Support,Completed,12.5
APP_000156,CUST_09469,BR009,2025-10-03 10:22:00,KYC Update,Completed,13.5
APP_000157,CUST_04307,BR009,2025-10-03 10:43:00,KYC Update,Completed,13.5
APP_000158,CUST_10330,BR009,2025-10-03 10:18:00,Address Update,Completed,8.0
APP_000159,CUST_12333,BR009,2025-10-03 10:12:00,Cash Withdrawal,Completed,4.5
APP_000160,CUST_00244,BR009,2025-10-03 11:53:00,Cash Withdrawal,Completed,4.5
APP_000161,CUST_03568,BR009,2025-10-03 11:53:00,Cash Deposit,Completed,6.5
APP_000162,CUST_04189,BR009,2025-10-03 11:01:00,Loan Enquiry,Completed,18.0
APP_000163,CUST_02422,BR009,2025-10-03 11:26:00,Cash Withdrawal,Completed,4.5
APP_000164,CUST_13664,BR009,2025-10-03 12:42:00,Cheque Services,Completed,6.0
APP_000165,CUST_08609,BR010,2025-10-03 10:25:00,Statement Request,Completed,5.0
APP_000166,CUST_06972,BR010,2025-10-03 10:46:00,Loan Enquiry,Completed,18.0
APP_000167,CUST_09999,BR010,2025-10-03 10:34:00,Cash Withdrawal,Completed,4.5
APP_000168,CUST_13946,BR010,2025-10-03 12:34:00,Address Update,Completed,8.0
APP_000169,CUST_07127,BR010,2025-10-03 12:37:00,Statement Request,Completed,5.0
APP_000170,CUST_04992,BR010,2025-10-03 13:42:00,KYC Update,Cancelled,13.5
APP_000171,CUST_10992,BR010,2025-10-03 13:53:00,Cash Withdrawal,Completed,4.5
APP_000172,CUST_01068,BR010,2025-10-03 15:48:00,Cash Withdrawal,Completed,4.5
APP_000173,CUST_06250,BR001,2025-10-04 09:43:00,Loan Enquiry,No-Show,18.0
APP_000174,CUST_10361,BR001,2025-10-04 09:26:00,Cash Withdrawal,Completed,4.5
APP_000175,CUST_01678,BR001,2025-10-04 09:30:00,Credit Card Service,Completed,12.0
APP_000176,CUST_05882,BR001,2025-10-04 10:21:00,Loan Enquiry,Completed,18.0
APP_000177,CUST_14531,BR001,2025-10-04 10:46:00,Cheque Services,Completed,6.0
APP_000178,CUST_10375,BR001,2025-10-04 10:21:00,Cash Withdrawal,Completed,4.5
APP_000179,CUST_02840,BR001,2025-10-04 11:44:00,Statement Request,No-Show,5.0
APP_000180,CUST_08692,BR001,2025-10-04 11:17:00,General Customer Support,Completed,10.0
APP_000181,CUST_13641,BR001,2025-10-04 11:28:00,Investment Enquiry,Completed,26.0
APP_000182,CUST_03027,BR001,2025-10-04 11:38:00,Complaint,Completed,16.5
APP_000183,CUST_05275,BR001,2025-10-04 12:05:00,Cash Deposit,No-Show,6.5
APP_000184,CUST_01232,BR002,2025-10-04 09:37:00,Account Opening,Completed,24.0
APP_000185,CUST_09493,BR002,2025-10-04 10:21:00,Credit Card Service,Completed,12.0
APP_000186,CUST_00999,BR002,2025-10-04 10:49:00,Loan Enquiry,Completed,18.0
APP_000187,CUST_01968,BR002,2025-10-04 11:14:00,Cash Deposit,Completed,6.5
APP_000188,CUST_14635,BR002,2025-10-04 11:28:00,Loan Application,Completed,34.0
APP_000189,CUST_08598,BR002,2025-10-04 11:53:00,KYC Update,Completed,13.5
APP_000190,CUST_00495,BR002,2025-10-04 11:48:00,Cheque Services,No-Show,6.0
APP_000191,CUST_07818,BR002,2025-10-04 11:23:00,Account Opening,Cancelled,24.0
APP_000192,CUST_11974,BR003,2025-10-04 09:43:00,Cash Withdrawal,Completed,4.5
APP_000193,CUST_13745,BR003,2025-10-04 10:33:00,Cash Deposit,No-Show,6.5
APP_000194,CUST_06430,BR003,2025-10-04 10:38:00,Cash Deposit,Completed,6.5
APP_000195,CUST_04121,BR003,2025-10-04 10:34:00,Credit Card Service,Completed,12.0
APP_000196,CUST_04156,BR003,2025-10-04 11:05:00,Cash Withdrawal,Cancelled,4.5
APP_000197,CUST_06100,BR003,2025-10-04 11:36:00,Cash Deposit,Cancelled,6.5
APP_000198,CUST_01381,BR003,2025-10-04 11:25:00,Cash Deposit,Completed,6.5
APP_000199,CUST_03041,BR003,2025-10-04 11:21:00,Cheque Services,Completed,6.0
APP_000200,CUST_12055,BR003,2025-10-04 12:53:00,Cash Withdrawal,Completed,4.5
APP_000201,CUST_06226,BR003,2025-10-04 12:07:00,General Customer Support,Completed,10.0
APP_000202,CUST_00645,BR003,2025-10-04 12:09:00,Cash Deposit,Completed,6.5
APP_000203,CUST_07497,BR003,2025-10-04 12:42:00,Cash Deposit,Completed,6.5
APP_000204,CUST_03574,BR004,2025-10-04 10:47:00,Cash Withdrawal,Completed,4.5
APP_000205,CUST_05217,BR004,2025-10-04 10:28:00,Cash Deposit,Completed,6.5
APP_000206,CUST_02408,BR004,2025-10-04 10:31:00,Cash Deposit,Completed,6.5
APP_000207,CUST_00180,BR004,2025-10-04 11:54:00,Cheque Services,Completed,6.0
APP_000208,CUST_10878,BR004,2025-10-04 11:00:00,Statement Request,Cancelled,5.0
APP_000209,CUST_06629,BR004,2025-10-04 11:12:00,Account Opening,Cancelled,24.0
APP_000210,CUST_13839,BR004,2025-10-04 11:17:00,KYC Update,Completed,13.5
APP_000211,CUST_02189,BR004,2025-10-04 11:08:00,Cash Deposit,Completed,6.5
APP_000212,CUST_01632,BR004,2025-10-04 12:33:00,Cash Deposit,Completed,6.5
APP_000213,CUST_11475,BR004,2025-10-04 12:34:00,Statement Request,Completed,5.0
APP_000214,CUST_10915,BR004,2025-10-04 12:02:00,KYC Update,Completed,13.5
APP_000215,CUST_00170,BR004,2025-10-04 13:11:00,KYC Update,Completed,13.5
APP_000216,CUST_13479,BR005,2025-10-04 10:04:00,Investment Enquiry,Completed,26.0
APP_000217,CUST_12093,BR005,2025-10-04 10:47:00,Address Update,Completed,8.0
APP_000218,CUST_06706,BR005,2025-10-04 11:46:00,Complaint,Cancelled,16.5
APP_000219,CUST_00747,BR005,2025-10-04 11:33:00,Cash Withdrawal,Completed,4.5
APP_000220,CUST_05011,BR005,2025-10-04 11:47:00,Loan Application,Completed,34.0
APP_000221,CUST_06218,BR005,2025-10-04 11:42:00,Account Opening,Completed,24.0
APP_000222,CUST_14605,BR006,2025-10-04 09:13:00,Digital Banking Support,Completed,12.5
APP_000223,CUST_05953,BR006,2025-10-04 10:49:00,Cash Deposit,Completed,6.5
APP_000224,CUST_09864,BR006,2025-10-04 10:34:00,Complaint,No-Show,16.5
APP_000225,CUST_14380,BR006,2025-10-04 10:24:00,KYC Update,Completed,13.5
APP_000226,CUST_04705,BR006,2025-10-04 10:09:00,Loan Application,Completed,34.0
APP_000227,CUST_05919,BR006,2025-10-04 11:39:00,General Customer Support,Completed,10.0
APP_000228,CUST_06465,BR006,2025-10-04 11:01:00,Cash Deposit,Cancelled,6.5
APP_000229,CUST_02380,BR006,2025-10-04 11:04:00,Credit Card Service,Completed,12.0
APP_000230,CUST_13247,BR006,2025-10-04 11:47:00,Digital Banking Support,Completed,12.5
APP_000231,CUST_07637,BR007,2025-10-04 10:05:00,Statement Request,Completed,5.0
APP_000232,CUST_10763,BR007,2025-10-04 10:19:00,Statement Request,Completed,5.0
APP_000233,CUST_11516,BR007,2025-10-04 11:05:00,Cheque Services,Completed,6.0
APP_000234,CUST_01112,BR007,2025-10-04 11:48:00,Statement Request,Completed,5.0
APP_000235,CUST_04043,BR007,2025-10-04 12:20:00,Cash Withdrawal,Completed,4.5
APP_000236,CUST_12090,BR008,2025-10-04 09:34:00,KYC Update,Completed,13.5
APP_000237,CUST_02042,BR008,2025-10-04 10:48:00,General Customer Support,Completed,10.0
APP_000238,CUST_14196,BR008,2025-10-04 11:51:00,Credit Card Service,Completed,12.0
APP_000239,CUST_08729,BR008,2025-10-04 11:40:00,Digital Banking Support,Completed,12.5
APP_000240,CUST_07882,BR009,2025-10-04 09:00:00,Account Opening,Completed,24.0
APP_000241,CUST_11281,BR009,2025-10-04 09:17:00,Cash Deposit,Completed,6.5
APP_000242,CUST_00816,BR009,2025-10-04 09:46:00,Cash Withdrawal,Completed,4.5
APP_000243,CUST_08177,BR009,2025-10-04 10:38:00,KYC Update,Completed,13.5
APP_000244,CUST_08657,BR009,2025-10-04 10:40:00,KYC Update,Completed,13.5
APP_000245,CUST_13752,BR009,2025-10-04 10:43:00,KYC Update,Completed,13.5
APP_000246,CUST_13822,BR009,2025-10-04 10:36:00,Cash Deposit,Completed,6.5
APP_000247,CUST_14164,BR009,2025-10-04 10:21:00,Loan Enquiry,Cancelled,18.0
APP_000248,CUST_03403,BR009,2025-10-04 11:06:00,Cash Withdrawal,Completed,4.5
APP_000249,CUST_02395,BR009,2025-10-04 11:11:00,Cheque Services,Completed,6.0
APP_000250,CUST_06922,BR009,2025-10-04 11:45:00,Cash Deposit,Completed,6.5
APP_000251,CUST_11930,BR009,2025-10-04 11:13:00,Cash Withdrawal,Completed,4.5
APP_000252,CUST_05637,BR009,2025-10-04 11:48:00,General Customer Support,No-Show,10.0
APP_000253,CUST_13878,BR009,2025-10-04 11:44:00,Digital Banking Support,Completed,12.5
APP_000254,CUST_12253,BR009,2025-10-04 11:05:00,Cheque Services,Completed,6.0
APP_000255,CUST_00342,BR010,2025-10-04 10:39:00,Cheque Services,Completed,6.0
APP_000256,CUST_07443,BR010,2025-10-04 13:13:00,Loan Enquiry,Cancelled,18.0
APP_000257,CUST_02574,BR010,2025-10-04 13:18:00,Cash Withdrawal,Completed,4.5
APP_000258,CUST_10077,BR010,2025-10-04 14:32:00,KYC Update,Completed,13.5
APP_000259,CUST_05514,BR001,2025-10-06 10:40:00,Cheque Services,Completed,6.0
APP_000260,CUST_07954,BR001,2025-10-06 10:24:00,Cash Deposit,Completed,6.5
APP_000261,CUST_03829,BR001,2025-10-06 10:27:00,Loan Application,Completed,34.0
APP_000262,CUST_08413,BR001,2025-10-06 10:12:00,Account Opening,Completed,24.0
APP_000263,CUST_13113,BR001,2025-10-06 11:08:00,KYC Update,Completed,13.5
APP_000264,CUST_13806,BR001,2025-10-06 13:38:00,General Customer Support,Completed,10.0
APP_000265,CUST_08740,BR001,2025-10-06 13:54:00,Cash Deposit,Completed,6.5
APP_000266,CUST_07235,BR001,2025-10-06 14:26:00,KYC Update,Completed,13.5
APP_000267,CUST_00290,BR002,2025-10-06 09:16:00,Complaint,Completed,16.5
APP_000268,CUST_02386,BR002,2025-10-06 11:10:00,Account Opening,Completed,24.0
APP_000269,CUST_11877,BR002,2025-10-06 11:07:00,General Customer Support,Completed,10.0
APP_000270,CUST_03167,BR002,2025-10-06 11:26:00,Cash Deposit,Completed,6.5
APP_000271,CUST_12815,BR002,2025-10-06 11:54:00,Investment Enquiry,Completed,26.0
APP_000272,CUST_00109,BR002,2025-10-06 11:08:00,Cash Withdrawal,Completed,4.5
APP_000273,CUST_06265,BR002,2025-10-06 12:37:00,General Customer Support,Completed,10.0
APP_000274,CUST_14504,BR002,2025-10-06 13:08:00,KYC Update,Completed,13.5
APP_000275,CUST_13340,BR002,2025-10-06 13:43:00,General Customer Support,Completed,10.0
APP_000276,CUST_10691,BR002,2025-10-06 14:22:00,Credit Card Service,Completed,12.0
APP_000277,CUST_14627,BR003,2025-10-06 10:54:00,Statement Request,Completed,5.0
APP_000278,CUST_00721,BR003,2025-10-06 10:12:00,Cash Deposit,Cancelled,6.5
APP_000279,CUST_06038,BR003,2025-10-06 11:18:00,Loan Enquiry,Completed,18.0
APP_000280,CUST_13660,BR003,2025-10-06 11:44:00,KYC Update,Completed,13.5
APP_000281,CUST_10192,BR003,2025-10-06 12:13:00,Complaint,Completed,16.5
APP_000282,CUST_00675,BR003,2025-10-06 13:04:00,KYC Update,Cancelled,13.5
APP_000283,CUST_05095,BR003,2025-10-06 13:33:00,KYC Update,Completed,13.5
APP_000284,CUST_10449,BR003,2025-10-06 14:18:00,Statement Request,Completed,5.0
APP_000285,CUST_04487,BR004,2025-10-06 09:28:00,Account Opening,Completed,24.0
APP_000286,CUST_07116,BR004,2025-10-06 09:06:00,Cash Withdrawal,Completed,4.5
APP_000287,CUST_07686,BR004,2025-10-06 09:50:00,Cash Withdrawal,Completed,4.5
APP_000288,CUST_02089,BR004,2025-10-06 10:25:00,Account Opening,Completed,24.0
APP_000289,CUST_13946,BR004,2025-10-06 10:34:00,Digital Banking Support,Completed,12.5
APP_000290,CUST_02362,BR004,2025-10-06 10:52:00,Cash Deposit,Completed,6.5
APP_000291,CUST_08602,BR005,2025-10-06 10:26:00,General Customer Support,Completed,10.0
APP_000292,CUST_07219,BR005,2025-10-06 10:22:00,Cash Deposit,Completed,6.5
APP_000293,CUST_14800,BR005,2025-10-06 11:32:00,Cheque Services,Completed,6.0
APP_000294,CUST_08484,BR005,2025-10-06 11:46:00,Digital Banking Support,Completed,12.5
APP_000295,CUST_03400,BR005,2025-10-06 11:30:00,Cash Deposit,Completed,6.5
APP_000296,CUST_06710,BR005,2025-10-06 11:28:00,KYC Update,Completed,13.5
APP_000297,CUST_06011,BR006,2025-10-06 09:24:00,Cheque Services,Completed,6.0
APP_000298,CUST_11013,BR006,2025-10-06 10:43:00,Statement Request,Completed,5.0
APP_000299,CUST_00499,BR006,2025-10-06 11:54:00,Digital Banking Support,Completed,12.5
APP_000300,CUST_09838,BR006,2025-10-06 11:55:00,Credit Card Service,Completed,12.0
APP_000301,CUST_00934,BR006,2025-10-06 12:27:00,Cash Withdrawal,Completed,4.5
APP_000302,CUST_02205,BR006,2025-10-06 13:27:00,KYC Update,Completed,13.5
APP_000303,CUST_00475,BR006,2025-10-06 13:19:00,Loan Enquiry,Completed,18.0
APP_000304,CUST_09911,BR007,2025-10-06 09:30:00,Cheque Services,Completed,6.0
APP_000305,CUST_10432,BR007,2025-10-06 10:07:00,Cash Withdrawal,No-Show,4.5
APP_000306,CUST_10421,BR007,2025-10-06 10:22:00,Credit Card Service,Completed,12.0
APP_000307,CUST_13637,BR007,2025-10-06 10:06:00,Cash Withdrawal,Completed,4.5
APP_000308,CUST_13400,BR007,2025-10-06 11:15:00,Cash Deposit,Completed,6.5
APP_000309,CUST_08588,BR007,2025-10-06 11:25:00,Digital Banking Support,Completed,12.5
APP_000310,CUST_10041,BR007,2025-10-06 11:45:00,Cash Withdrawal,Completed,4.5
APP_000311,CUST_02861,BR008,2025-10-06 10:25:00,Statement Request,No-Show,5.0
APP_000312,CUST_10146,BR008,2025-10-06 11:39:00,Digital Banking Support,Completed,12.5
APP_000313,CUST_13211,BR008,2025-10-06 11:32:00,Cheque Services,Completed,6.0
APP_000314,CUST_08781,BR008,2025-10-06 12:28:00,Cash Withdrawal,Completed,4.5
APP_000315,CUST_05466,BR008,2025-10-06 13:26:00,Account Opening,Completed,24.0
APP_000316,CUST_08421,BR009,2025-10-06 09:12:00,Cheque Services,Cancelled,6.0
APP_000317,CUST_07045,BR009,2025-10-06 09:08:00,Loan Application,Completed,34.0
APP_000318,CUST_11309,BR009,2025-10-06 09:13:00,Cash Deposit,Completed,6.5
APP_000319,CUST_10216,BR009,2025-10-06 09:01:00,KYC Update,Completed,13.5
APP_000320,CUST_13114,BR009,2025-10-06 10:05:00,Cash Withdrawal,Completed,4.5
APP_000321,CUST_01208,BR009,2025-10-06 10:10:00,Complaint,Completed,16.5
APP_000322,CUST_13678,BR009,2025-10-06 10:37:00,Cash Deposit,Completed,6.5
APP_000323,CUST_03026,BR010,2025-10-06 10:44:00,Cash Withdrawal,Completed,4.5
APP_000324,CUST_14124,BR010,2025-10-06 10:52:00,Cash Withdrawal,Completed,4.5
APP_000325,CUST_14309,BR010,2025-10-06 10:43:00,KYC Update,Cancelled,13.5
APP_000326,CUST_13898,BR010,2025-10-06 11:38:00,Loan Enquiry,Completed,18.0
APP_000327,CUST_04459,BR010,2025-10-06 11:52:00,Statement Request,Completed,5.0
APP_000328,CUST_07312,BR010,2025-10-06 12:05:00,Statement Request,Completed,5.0
APP_000329,CUST_12804,BR001,2025-10-07 09:28:00,Loan Enquiry,Completed,18.0
APP_000330,CUST_05381,BR001,2025-10-07 09:41:00,Statement Request,Completed,5.0
APP_000331,CUST_12608,BR001,2025-10-07 10:14:00,Cash Deposit,Completed,6.5
APP_000332,CUST_08048,BR001,2025-10-07 11:00:00,Cash Withdrawal,No-Show,4.5
APP_000333,CUST_12719,BR001,2025-10-07 11:04:00,Cheque Services,Completed,6.0
APP_000334,CUST_09900,BR001,2025-10-07 12:43:00,Loan Enquiry,Completed,18.0
APP_000335,CUST_01191,BR001,2025-10-07 12:20:00,KYC Update,Completed,13.5
APP_000336,CUST_03517,BR002,2025-10-07 09:48:00,KYC Update,Completed,13.5
APP_000337,CUST_01534,BR002,2025-10-07 09:20:00,Account Opening,Completed,24.0
APP_000338,CUST_11801,BR002,2025-10-07 10:07:00,Credit Card Service,Cancelled,12.0
APP_000339,CUST_10478,BR002,2025-10-07 10:29:00,Loan Application,Completed,34.0
APP_000340,CUST_11994,BR002,2025-10-07 10:20:00,Cheque Services,Completed,6.0
APP_000341,CUST_03054,BR003,2025-10-07 09:23:00,Address Update,Completed,8.0
APP_000342,CUST_00395,BR003,2025-10-07 09:01:00,Cash Withdrawal,Completed,4.5
APP_000343,CUST_05690,BR003,2025-10-07 10:30:00,Address Update,Completed,8.0
APP_000344,CUST_08533,BR003,2025-10-07 11:39:00,Address Update,Completed,8.0
APP_000345,CUST_01477,BR003,2025-10-07 11:46:00,Cheque Services,Completed,6.0
APP_000346,CUST_13369,BR003,2025-10-07 11:01:00,Credit Card Service,Completed,12.0
APP_000347,CUST_12438,BR003,2025-10-07 11:17:00,KYC Update,Completed,13.5
APP_000348,CUST_05805,BR004,2025-10-07 10:18:00,Cash Withdrawal,Cancelled,4.5
APP_000349,CUST_00118,BR004,2025-10-07 11:48:00,General Customer Support,Cancelled,10.0
APP_000350,CUST_05079,BR004,2025-10-07 11:10:00,KYC Update,Cancelled,13.5
APP_000351,CUST_00702,BR004,2025-10-07 12:15:00,Cash Withdrawal,Cancelled,4.5
APP_000352,CUST_08380,BR004,2025-10-07 13:54:00,KYC Update,Completed,13.5
APP_000353,CUST_11529,BR004,2025-10-07 13:32:00,Cheque Services,Completed,6.0
APP_000354,CUST_07220,BR004,2025-10-07 15:54:00,Cash Withdrawal,Completed,4.5
APP_000355,CUST_07974,BR005,2025-10-07 09:33:00,Cheque Services,Completed,6.0
APP_000356,CUST_02359,BR005,2025-10-07 09:48:00,Cash Withdrawal,Completed,4.5
APP_000357,CUST_07993,BR005,2025-10-07 10:52:00,Cash Deposit,Completed,6.5
APP_000358,CUST_02881,BR005,2025-10-07 11:21:00,Cash Deposit,Completed,6.5
APP_000359,CUST_11680,BR006,2025-10-07 09:49:00,Cash Withdrawal,Completed,4.5
APP_000360,CUST_13358,BR006,2025-10-07 10:18:00,KYC Update,Completed,13.5
APP_000361,CUST_13333,BR006,2025-10-07 11:39:00,Investment Enquiry,Completed,26.0
APP_000362,CUST_08465,BR006,2025-10-07 11:12:00,KYC Update,Completed,13.5
APP_000363,CUST_07859,BR006,2025-10-07 11:21:00,Cheque Services,Completed,6.0
APP_000364,CUST_01867,BR007,2025-10-07 09:33:00,Account Opening,Completed,24.0
APP_000365,CUST_09113,BR007,2025-10-07 10:53:00,Address Update,Completed,8.0
APP_000366,CUST_03703,BR007,2025-10-07 13:19:00,Digital Banking Support,Completed,12.5
APP_000367,CUST_07063,BR007,2025-10-07 13:54:00,General Customer Support,Completed,10.0
APP_000368,CUST_02832,BR007,2025-10-07 13:47:00,Credit Card Service,Completed,12.0
APP_000369,CUST_12207,BR008,2025-10-07 09:07:00,Cash Withdrawal,Completed,4.5
APP_000370,CUST_06105,BR008,2025-10-07 09:04:00,Cash Deposit,Completed,6.5
APP_000371,CUST_08012,BR008,2025-10-07 09:50:00,General Customer Support,Completed,10.0
APP_000372,CUST_10012,BR008,2025-10-07 10:48:00,Investment Enquiry,Completed,26.0
APP_000373,CUST_00958,BR009,2025-10-07 09:07:00,General Customer Support,Completed,10.0
APP_000374,CUST_14481,BR009,2025-10-07 09:15:00,Account Opening,Completed,24.0
APP_000375,CUST_03832,BR009,2025-10-07 09:54:00,Loan Application,Completed,34.0
APP_000376,CUST_02546,BR009,2025-10-07 11:04:00,Cash Withdrawal,Completed,4.5
APP_000377,CUST_12237,BR009,2025-10-07 11:29:00,Statement Request,Completed,5.0
APP_000378,CUST_06294,BR009,2025-10-07 13:13:00,Loan Enquiry,Completed,18.0
APP_000379,CUST_02759,BR010,2025-10-07 09:01:00,KYC Update,Completed,13.5
APP_000380,CUST_01859,BR010,2025-10-07 10:52:00,Cheque Services,Completed,6.0
APP_000381,CUST_01552,BR010,2025-10-07 10:48:00,Statement Request,Completed,5.0
APP_000382,CUST_09272,BR001,2025-10-08 09:34:00,Loan Enquiry,Cancelled,18.0
APP_000383,CUST_01430,BR001,2025-10-08 09:29:00,Credit Card Service,Completed,12.0
APP_000384,CUST_09637,BR001,2025-10-08 10:13:00,KYC Update,Completed,13.5
APP_000385,CUST_10446,BR001,2025-10-08 10:17:00,Cash Deposit,Completed,6.5
APP_000386,CUST_04704,BR001,2025-10-08 11:34:00,Loan Enquiry,Completed,18.0
APP_000387,CUST_02943,BR001,2025-10-08 11:25:00,Statement Request,Completed,5.0
APP_000388,CUST_12271,BR001,2025-10-08 12:30:00,Digital Banking Support,Completed,12.5
APP_000389,CUST_05063,BR001,2025-10-08 14:09:00,Cash Withdrawal,Completed,4.5
APP_000390,CUST_04593,BR001,2025-10-08 15:14:00,Cash Deposit,Completed,6.5
APP_000391,CUST_09831,BR002,2025-10-08 09:17:00,Cash Deposit,Completed,6.5
APP_000392,CUST_09255,BR002,2025-10-08 10:35:00,KYC Update,Cancelled,13.5
APP_000393,CUST_06752,BR002,2025-10-08 10:42:00,Investment Enquiry,Completed,26.0
APP_000394,CUST_01463,BR002,2025-10-08 11:44:00,Account Opening,Completed,24.0
APP_000395,CUST_04253,BR002,2025-10-08 11:41:00,Cash Withdrawal,No-Show,4.5
APP_000396,CUST_14365,BR002,2025-10-08 12:23:00,Investment Enquiry,Completed,26.0
APP_000397,CUST_10357,BR003,2025-10-08 10:03:00,Loan Application,Completed,34.0
APP_000398,CUST_08770,BR003,2025-10-08 13:19:00,Credit Card Service,Completed,12.0
APP_000399,CUST_11738,BR003,2025-10-08 14:20:00,Cash Withdrawal,Completed,4.5
APP_000400,CUST_04295,BR003,2025-10-08 14:04:00,Cash Withdrawal,Completed,4.5
APP_000401,CUST_04656,BR003,2025-10-08 15:03:00,Cash Withdrawal,No-Show,4.5
APP_000402,CUST_00032,BR003,2025-10-08 15:32:00,Complaint,Completed,16.5
APP_000403,CUST_14565,BR004,2025-10-08 09:49:00,Address Update,Cancelled,8.0
APP_000404,CUST_10781,BR004,2025-10-08 10:17:00,Cash Withdrawal,Completed,4.5
APP_000405,CUST_08850,BR004,2025-10-08 10:02:00,Investment Enquiry,Completed,26.0
APP_000406,CUST_06949,BR004,2025-10-08 10:05:00,Account Opening,Completed,24.0
APP_000407,CUST_06531,BR005,2025-10-08 09:34:00,Cash Withdrawal,Completed,4.5
APP_000408,CUST_12716,BR005,2025-10-08 10:00:00,KYC Update,Completed,13.5
APP_000409,CUST_01037,BR005,2025-10-08 11:07:00,Credit Card Service,Completed,12.0
APP_000410,CUST_02616,BR005,2025-10-08 12:25:00,General Customer Support,Completed,10.0
APP_000411,CUST_02883,BR006,2025-10-08 12:02:00,Cash Withdrawal,Completed,4.5
APP_000412,CUST_14214,BR006,2025-10-08 12:49:00,Digital Banking Support,Completed,12.5
APP_000413,CUST_09606,BR006,2025-10-08 13:48:00,Statement Request,Completed,5.0
APP_000414,CUST_10826,BR007,2025-10-08 09:25:00,Account Opening,Completed,24.0
APP_000415,CUST_13689,BR007,2025-10-08 09:47:00,Loan Enquiry,Completed,18.0
APP_000416,CUST_11013,BR007,2025-10-08 09:17:00,Investment Enquiry,Completed,26.0
APP_000417,CUST_05152,BR007,2025-10-08 10:53:00,Credit Card Service,Completed,12.0
APP_000418,CUST_06787,BR007,2025-10-08 10:20:00,General Customer Support,Completed,10.0
APP_000419,CUST_07572,BR008,2025-10-08 10:16:00,Cash Withdrawal,Completed,4.5
APP_000420,CUST_14405,BR008,2025-10-08 11:35:00,Cash Deposit,Completed,6.5
APP_000421,CUST_11217,BR008,2025-10-08 13:39:00,Statement Request,Completed,5.0
APP_000422,CUST_14398,BR009,2025-10-08 09:49:00,Complaint,Completed,16.5
APP_000423,CUST_09998,BR009,2025-10-08 09:14:00,Statement Request,Completed,5.0
APP_000424,CUST_09646,BR009,2025-10-08 10:16:00,Cash Withdrawal,Completed,4.5
APP_000425,CUST_07269,BR009,2025-10-08 10:08:00,Credit Card Service,Completed,12.0
APP_000426,CUST_07909,BR009,2025-10-08 11:48:00,Cash Deposit,Completed,6.5
APP_000427,CUST_06761,BR010,2025-10-08 09:34:00,Cash Withdrawal,Completed,4.5
APP_000428,CUST_05665,BR010,2025-10-08 10:44:00,Cash Withdrawal,Completed,4.5
APP_000429,CUST_08355,BR010,2025-10-08 10:52:00,Cash Deposit,Completed,6.5
APP_000430,CUST_00995,BR001,2025-10-09 09:24:00,Complaint,Completed,16.5
APP_000431,CUST_00661,BR001,2025-10-09 10:08:00,Credit Card Service,Completed,12.0
APP_000432,CUST_05503,BR001,2025-10-09 10:02:00,Credit Card Service,Completed,12.0
APP_000433,CUST_09337,BR001,2025-10-09 10:53:00,Cash Deposit,Completed,6.5
APP_000434,CUST_11198,BR001,2025-10-09 11:25:00,Statement Request,Completed,5.0
APP_000435,CUST_07647,BR001,2025-10-09 11:14:00,Address Update,Completed,8.0
APP_000436,CUST_10480,BR001,2025-10-09 11:19:00,Cash Deposit,Completed,6.5
APP_000437,CUST_06529,BR001,2025-10-09 11:29:00,Loan Application,Completed,34.0
APP_000438,CUST_09197,BR001,2025-10-09 13:17:00,Cash Withdrawal,Completed,4.5
APP_000439,CUST_03045,BR001,2025-10-09 13:07:00,Complaint,Completed,16.5
APP_000440,CUST_14910,BR002,2025-10-09 11:25:00,Loan Enquiry,Completed,18.0
APP_000441,CUST_10341,BR002,2025-10-09 11:16:00,Credit Card Service,Completed,12.0
APP_000442,CUST_11837,BR002,2025-10-09 12:18:00,Account Opening,No-Show,24.0
APP_000443,CUST_00805,BR002,2025-10-09 13:19:00,Digital Banking Support,Completed,12.5
APP_000444,CUST_12303,BR002,2025-10-09 13:16:00,Cash Withdrawal,Completed,4.5
APP_000445,CUST_13934,BR002,2025-10-09 14:31:00,KYC Update,No-Show,13.5
APP_000446,CUST_06908,BR002,2025-10-09 14:50:00,Address Update,Completed,8.0
APP_000447,CUST_00160,BR003,2025-10-09 09:25:00,KYC Update,Completed,13.5
APP_000448,CUST_07025,BR003,2025-10-09 10:25:00,General Customer Support,Completed,10.0
APP_000449,CUST_03381,BR003,2025-10-09 10:50:00,Cash Deposit,Completed,6.5
APP_000450,CUST_06809,BR003,2025-10-09 13:00:00,Cash Deposit,Completed,6.5
APP_000451,CUST_00039,BR003,2025-10-09 13:17:00,KYC Update,Completed,13.5
APP_000452,CUST_05952,BR003,2025-10-09 15:04:00,Cash Deposit,Completed,6.5
APP_000453,CUST_06339,BR004,2025-10-09 09:08:00,KYC Update,Completed,13.5
APP_000454,CUST_12334,BR004,2025-10-09 09:54:00,Cheque Services,Completed,6.0
APP_000455,CUST_06243,BR004,2025-10-09 10:19:00,Loan Application,Completed,34.0
APP_000456,CUST_05405,BR004,2025-10-09 11:30:00,Account Opening,Completed,24.0
APP_000457,CUST_07711,BR004,2025-10-09 12:40:00,Loan Application,Completed,34.0
APP_000458,CUST_00343,BR004,2025-10-09 13:48:00,Cheque Services,Cancelled,6.0
APP_000459,CUST_11327,BR005,2025-10-09 09:25:00,Cheque Services,Completed,6.0
APP_000460,CUST_03519,BR005,2025-10-09 10:01:00,Cash Deposit,Completed,6.5
APP_000461,CUST_10205,BR005,2025-10-09 11:23:00,Complaint,Cancelled,16.5
APP_000462,CUST_05810,BR005,2025-10-09 12:31:00,Complaint,Completed,16.5
APP_000463,CUST_03805,BR005,2025-10-09 12:48:00,Cash Deposit,Completed,6.5
APP_000464,CUST_05781,BR006,2025-10-09 10:38:00,Cash Deposit,Completed,6.5
APP_000465,CUST_09133,BR006,2025-10-09 10:49:00,Digital Banking Support,Completed,12.5
APP_000466,CUST_03932,BR006,2025-10-09 10:08:00,Investment Enquiry,No-Show,26.0
APP_000467,CUST_02499,BR006,2025-10-09 10:38:00,Credit Card Service,Completed,12.0
APP_000468,CUST_12963,BR006,2025-10-09 11:01:00,Credit Card Service,Completed,12.0
APP_000469,CUST_05081,BR006,2025-10-09 11:00:00,Loan Application,Completed,34.0
APP_000470,CUST_14809,BR006,2025-10-09 12:11:00,Cheque Services,Completed,6.0
APP_000471,CUST_04270,BR006,2025-10-09 13:15:00,Loan Application,Completed,34.0
APP_000472,CUST_08675,BR007,2025-10-09 09:32:00,Complaint,Cancelled,16.5
APP_000473,CUST_14018,BR007,2025-10-09 10:04:00,Cash Deposit,Completed,6.5
APP_000474,CUST_00745,BR007,2025-10-09 10:38:00,General Customer Support,No-Show,10.0
APP_000475,CUST_06634,BR007,2025-10-09 11:04:00,Cash Deposit,Completed,6.5
APP_000476,CUST_00647,BR007,2025-10-09 12:04:00,Loan Enquiry,Completed,18.0
APP_000477,CUST_02378,BR007,2025-10-09 13:55:00,Statement Request,Completed,5.0
APP_000478,CUST_11161,BR007,2025-10-09 13:21:00,Cash Deposit,Completed,6.5
APP_000479,CUST_12148,BR008,2025-10-09 11:52:00,Credit Card Service,Completed,12.0
APP_000480,CUST_08868,BR008,2025-10-09 11:29:00,Credit Card Service,No-Show,12.0
APP_000481,CUST_10895,BR008,2025-10-09 11:47:00,Cash Deposit,Completed,6.5
APP_000482,CUST_10984,BR009,2025-10-09 10:47:00,General Customer Support,Completed,10.0
APP_000483,CUST_02883,BR009,2025-10-09 10:10:00,Statement Request,Completed,5.0
APP_000484,CUST_06347,BR009,2025-10-09 11:44:00,Cash Withdrawal,Completed,4.5
APP_000485,CUST_00281,BR009,2025-10-09 13:49:00,Account Opening,Completed,24.0
APP_000486,CUST_02148,BR009,2025-10-09 13:16:00,Address Update,Completed,8.0
APP_000487,CUST_01228,BR010,2025-10-09 10:50:00,Address Update,Completed,8.0
APP_000488,CUST_10620,BR010,2025-10-09 12:45:00,Cash Withdrawal,Completed,4.5
APP_000489,CUST_00458,BR010,2025-10-09 16:45:00,Statement Request,Completed,5.0
APP_000490,CUST_04513,BR001,2025-10-10 10:24:00,Account Opening,Completed,24.0
APP_000491,CUST_01136,BR001,2025-10-10 10:44:00,KYC Update,Completed,13.5
APP_000492,CUST_13770,BR001,2025-10-10 10:09:00,Cash Withdrawal,Cancelled,4.5
APP_000493,CUST_03566,BR001,2025-10-10 10:27:00,Account Opening,Completed,24.0
APP_000494,CUST_06902,BR001,2025-10-10 11:29:00,Loan Enquiry,Cancelled,18.0
APP_000495,CUST_04369,BR001,2025-10-10 11:17:00,Address Update,Completed,8.0
APP_000496,CUST_10607,BR001,2025-10-10 11:20:00,Account Opening,Completed,24.0
APP_000497,CUST_10468,BR001,2025-10-10 12:45:00,KYC Update,Completed,13.5
APP_000498,CUST_00533,BR001,2025-10-10 12:07:00,Cash Withdrawal,Completed,4.5
APP_000499,CUST_04789,BR001,2025-10-10 12:34:00,Complaint,Cancelled,16.5
APP_000500,CUST_12006,BR001,2025-10-10 13:06:00,Statement Request,Completed,5.0
APP_000501,CUST_14827,BR001,2025-10-10 13:11:00,Digital Banking Support,Cancelled,12.5
APP_000502,CUST_14036,BR001,2025-10-10 13:20:00,General Customer Support,Completed,10.0
APP_000503,CUST_03101,BR002,2025-10-10 09:15:00,Cash Deposit,Completed,6.5
APP_000504,CUST_00398,BR002,2025-10-10 09:17:00,Cheque Services,Completed,6.0
APP_000505,CUST_13520,BR002,2025-10-10 09:14:00,Cash Deposit,Completed,6.5
APP_000506,CUST_09730,BR002,2025-10-10 10:01:00,Statement Request,Completed,5.0
APP_000507,CUST_04055,BR002,2025-10-10 10:05:00,Loan Application,Completed,34.0
APP_000508,CUST_02912,BR002,2025-10-10 10:40:00,KYC Update,Completed,13.5
APP_000509,CUST_11897,BR002,2025-10-10 11:05:00,Cash Withdrawal,Completed,4.5
APP_000510,CUST_09915,BR002,2025-10-10 12:33:00,Cheque Services,Completed,6.0
APP_000511,CUST_06449,BR002,2025-10-10 12:14:00,Loan Application,Completed,34.0
APP_000512,CUST_07405,BR002,2025-10-10 14:02:00,Loan Enquiry,Completed,18.0
APP_000513,CUST_03698,BR002,2025-10-10 15:27:00,Cheque Services,Completed,6.0
APP_000514,CUST_01027,BR002,2025-10-10 15:08:00,Cash Deposit,Completed,6.5
APP_000515,CUST_08051,BR003,2025-10-10 09:54:00,General Customer Support,Completed,10.0
APP_000516,CUST_11366,BR003,2025-10-10 10:50:00,Credit Card Service,Completed,12.0
APP_000517,CUST_03556,BR003,2025-10-10 10:41:00,Cash Withdrawal,Completed,4.5
APP_000518,CUST_07963,BR003,2025-10-10 10:49:00,Digital Banking Support,Completed,12.5
APP_000519,CUST_09896,BR003,2025-10-10 11:23:00,KYC Update,Completed,13.5
APP_000520,CUST_06131,BR003,2025-10-10 11:23:00,General Customer Support,Completed,10.0
APP_000521,CUST_12673,BR003,2025-10-10 11:41:00,Cash Deposit,Cancelled,6.5
APP_000522,CUST_00422,BR003,2025-10-10 12:09:00,General Customer Support,Completed,10.0
APP_000523,CUST_11889,BR003,2025-10-10 12:38:00,Statement Request,Completed,5.0
APP_000524,CUST_09989,BR003,2025-10-10 12:40:00,Cash Deposit,Cancelled,6.5
APP_000525,CUST_13084,BR004,2025-10-10 10:12:00,KYC Update,No-Show,13.5
APP_000526,CUST_10464,BR004,2025-10-10 13:54:00,Statement Request,Completed,5.0
APP_000527,CUST_08137,BR004,2025-10-10 13:33:00,KYC Update,Completed,13.5
APP_000528,CUST_11095,BR004,2025-10-10 13:37:00,KYC Update,Completed,13.5
APP_000529,CUST_04920,BR004,2025-10-10 14:43:00,Cash Deposit,Completed,6.5
APP_000530,CUST_03472,BR004,2025-10-10 15:02:00,Loan Enquiry,Completed,18.0
APP_000531,CUST_09816,BR005,2025-10-10 09:20:00,KYC Update,Completed,13.5
APP_000532,CUST_08531,BR005,2025-10-10 09:42:00,Digital Banking Support,Completed,12.5
APP_000533,CUST_14045,BR005,2025-10-10 10:51:00,KYC Update,Completed,13.5
APP_000534,CUST_09944,BR005,2025-10-10 10:23:00,Account Opening,Completed,24.0
APP_000535,CUST_06344,BR005,2025-10-10 11:38:00,Account Opening,Completed,24.0
APP_000536,CUST_02514,BR005,2025-10-10 12:39:00,Investment Enquiry,Cancelled,26.0
APP_000537,CUST_07046,BR005,2025-10-10 12:16:00,Complaint,No-Show,16.5
APP_000538,CUST_06879,BR005,2025-10-10 12:04:00,General Customer Support,Completed,10.0
APP_000539,CUST_02238,BR006,2025-10-10 09:53:00,General Customer Support,Completed,10.0
APP_000540,CUST_08557,BR006,2025-10-10 10:33:00,Account Opening,Completed,24.0
APP_000541,CUST_07872,BR006,2025-10-10 10:42:00,Credit Card Service,Completed,12.0
APP_000542,CUST_03723,BR006,2025-10-10 10:15:00,Cheque Services,Completed,6.0
APP_000543,CUST_00193,BR006,2025-10-10 11:05:00,Loan Application,Completed,34.0
APP_000544,CUST_10541,BR006,2025-10-10 11:50:00,Statement Request,Completed,5.0
APP_000545,CUST_06160,BR006,2025-10-10 11:06:00,Cheque Services,Completed,6.0
APP_000546,CUST_02861,BR006,2025-10-10 12:07:00,Cash Withdrawal,Completed,4.5
APP_000547,CUST_10035,BR006,2025-10-10 12:52:00,Cash Deposit,Completed,6.5
APP_000548,CUST_02026,BR006,2025-10-10 13:14:00,General Customer Support,Completed,10.0
APP_000549,CUST_05420,BR007,2025-10-10 09:55:00,Cash Deposit,Completed,6.5
APP_000550,CUST_10062,BR007,2025-10-10 10:06:00,Complaint,Completed,16.5
APP_000551,CUST_13335,BR007,2025-10-10 10:06:00,Cash Deposit,Completed,6.5
APP_000552,CUST_06363,BR007,2025-10-10 10:14:00,Credit Card Service,Completed,12.0
APP_000553,CUST_14337,BR007,2025-10-10 11:26:00,Cash Withdrawal,Completed,4.5
APP_000554,CUST_10106,BR007,2025-10-10 11:32:00,Cash Withdrawal,Completed,4.5
APP_000555,CUST_10265,BR008,2025-10-10 09:27:00,Cash Deposit,Completed,6.5
APP_000556,CUST_01013,BR008,2025-10-10 09:06:00,Cash Withdrawal,Completed,4.5
APP_000557,CUST_08121,BR008,2025-10-10 10:19:00,KYC Update,Completed,13.5
APP_000558,CUST_03694,BR008,2025-10-10 10:39:00,KYC Update,Cancelled,13.5
APP_000559,CUST_05770,BR008,2025-10-10 11:33:00,Loan Application,Completed,34.0
APP_000560,CUST_06763,BR008,2025-10-10 11:04:00,Cheque Services,Completed,6.0
APP_000561,CUST_01760,BR008,2025-10-10 11:28:00,KYC Update,Completed,13.5
APP_000562,CUST_02853,BR009,2025-10-10 09:25:00,Cash Deposit,Completed,6.5
APP_000563,CUST_04625,BR009,2025-10-10 11:26:00,Digital Banking Support,Completed,12.5
APP_000564,CUST_02574,BR009,2025-10-10 11:11:00,Account Opening,Completed,24.0
APP_000565,CUST_14713,BR009,2025-10-10 13:46:00,General Customer Support,Completed,10.0
APP_000566,CUST_00709,BR009,2025-10-10 13:52:00,Cash Withdrawal,Completed,4.5
APP_000567,CUST_12512,BR009,2025-10-10 13:15:00,Cash Withdrawal,Completed,4.5
APP_000568,CUST_01806,BR010,2025-10-10 09:50:00,Cash Withdrawal,Cancelled,4.5
APP_000569,CUST_06090,BR010,2025-10-10 10:37:00,Complaint,Completed,16.5
APP_000570,CUST_02228,BR010,2025-10-10 10:47:00,Digital Banking Support,Completed,12.5
APP_000571,CUST_12594,BR010,2025-10-10 13:03:00,Cash Withdrawal,Completed,4.5
APP_000572,CUST_04551,BR010,2025-10-10 13:24:00,KYC Update,Completed,13.5
APP_000573,CUST_11156,BR001,2025-10-13 09:04:00,Statement Request,Completed,5.0
APP_000574,CUST_09990,BR001,2025-10-13 09:15:00,Loan Application,Completed,34.0
APP_000575,CUST_04365,BR001,2025-10-13 10:30:00,Cheque Services,Completed,6.0
APP_000576,CUST_08275,BR001,2025-10-13 10:36:00,Statement Request,Completed,5.0
APP_000577,CUST_14642,BR001,2025-10-13 10:30:00,Cash Withdrawal,Completed,4.5
APP_000578,CUST_13460,BR001,2025-10-13 10:10:00,Account Opening,Completed,24.0
APP_000579,CUST_00080,BR001,2025-10-13 10:20:00,Cheque Services,Completed,6.0
APP_000580,CUST_00621,BR001,2025-10-13 11:39:00,Account Opening,Completed,24.0
APP_000581,CUST_05895,BR002,2025-10-13 09:52:00,KYC Update,Completed,13.5
APP_000582,CUST_11935,BR002,2025-10-13 10:36:00,Cash Withdrawal,Completed,4.5
APP_000583,CUST_03127,BR002,2025-10-13 10:01:00,KYC Update,Completed,13.5
APP_000584,CUST_11376,BR002,2025-10-13 11:06:00,KYC Update,Completed,13.5
APP_000585,CUST_09316,BR002,2025-10-13 11:54:00,Digital Banking Support,Completed,12.5
APP_000586,CUST_10921,BR002,2025-10-13 11:50:00,Cheque Services,Completed,6.0
APP_000587,CUST_10027,BR002,2025-10-13 11:42:00,Cheque Services,Cancelled,6.0
APP_000588,CUST_06988,BR003,2025-10-13 09:22:00,Cheque Services,Completed,6.0
APP_000589,CUST_06247,BR003,2025-10-13 11:21:00,Account Opening,Completed,24.0
APP_000590,CUST_02269,BR003,2025-10-13 11:02:00,Account Opening,Completed,24.0
APP_000591,CUST_11760,BR003,2025-10-13 11:01:00,General Customer Support,Completed,10.0
APP_000592,CUST_00119,BR003,2025-10-13 11:17:00,Cash Withdrawal,Completed,4.5
APP_000593,CUST_09280,BR003,2025-10-13 13:19:00,Statement Request,Completed,5.0
APP_000594,CUST_01095,BR003,2025-10-13 14:55:00,Loan Enquiry,Completed,18.0
APP_000595,CUST_10004,BR003,2025-10-13 14:07:00,Cash Withdrawal,Cancelled,4.5
APP_000596,CUST_00818,BR004,2025-10-13 09:16:00,Address Update,Completed,8.0
APP_000597,CUST_06327,BR004,2025-10-13 10:21:00,Loan Application,Completed,34.0
APP_000598,CUST_07301,BR004,2025-10-13 10:34:00,KYC Update,Cancelled,13.5
APP_000599,CUST_10238,BR004,2025-10-13 10:41:00,Address Update,Completed,8.0
APP_000600,CUST_00504,BR004,2025-10-13 11:25:00,General Customer Support,Completed,10.0
APP_000601,CUST_02353,BR005,2025-10-13 10:35:00,Cash Withdrawal,Completed,4.5
APP_000602,CUST_08909,BR005,2025-10-13 10:27:00,Cheque Services,Completed,6.0
APP_000603,CUST_09218,BR005,2025-10-13 11:42:00,Complaint,Completed,16.5
APP_000604,CUST_02421,BR005,2025-10-13 13:26:00,Cash Withdrawal,Completed,4.5
APP_000605,CUST_11308,BR005,2025-10-13 15:53:00,Account Opening,Completed,24.0
APP_000606,CUST_08591,BR005,2025-10-13 15:46:00,General Customer Support,Completed,10.0
APP_000607,CUST_12337,BR006,2025-10-13 09:44:00,Investment Enquiry,Completed,26.0
APP_000608,CUST_11791,BR006,2025-10-13 09:09:00,Loan Application,Completed,34.0
APP_000609,CUST_12956,BR006,2025-10-13 10:30:00,Cheque Services,Cancelled,6.0
APP_000610,CUST_02172,BR006,2025-10-13 10:23:00,KYC Update,Completed,13.5
APP_000611,CUST_07300,BR006,2025-10-13 10:25:00,Loan Application,Cancelled,34.0
APP_000612,CUST_12360,BR006,2025-10-13 11:08:00,Cash Withdrawal,Completed,4.5
APP_000613,CUST_12453,BR006,2025-10-13 11:35:00,Loan Application,Completed,34.0
APP_000614,CUST_03196,BR007,2025-10-13 09:52:00,Loan Enquiry,Completed,18.0
APP_000615,CUST_06799,BR007,2025-10-13 10:01:00,Cash Deposit,Completed,6.5
APP_000616,CUST_01211,BR007,2025-10-13 11:43:00,Credit Card Service,Completed,12.0
APP_000617,CUST_05235,BR007,2025-10-13 12:13:00,Address Update,Completed,8.0
APP_000618,CUST_12466,BR007,2025-10-13 12:22:00,Account Opening,Completed,24.0
APP_000619,CUST_06205,BR007,2025-10-13 12:39:00,Account Opening,Completed,24.0
APP_000620,CUST_01074,BR007,2025-10-13 13:43:00,Statement Request,Completed,5.0
APP_000621,CUST_10848,BR008,2025-10-13 09:04:00,Credit Card Service,Completed,12.0
APP_000622,CUST_03829,BR008,2025-10-13 10:48:00,Complaint,Completed,16.5
APP_000623,CUST_01823,BR008,2025-10-13 10:20:00,Address Update,Completed,8.0
APP_000624,CUST_01894,BR008,2025-10-13 11:26:00,Cheque Services,Completed,6.0
APP_000625,CUST_03997,BR008,2025-10-13 13:48:00,Address Update,Completed,8.0
APP_000626,CUST_14386,BR008,2025-10-13 14:11:00,Cash Deposit,Completed,6.5
APP_000627,CUST_03836,BR009,2025-10-13 09:26:00,Loan Application,Completed,34.0
APP_000628,CUST_09813,BR009,2025-10-13 10:27:00,Cash Deposit,Completed,6.5
APP_000629,CUST_07910,BR009,2025-10-13 11:21:00,Credit Card Service,Completed,12.0
APP_000630,CUST_07650,BR009,2025-10-13 11:55:00,Loan Enquiry,Completed,18.0
APP_000631,CUST_06112,BR009,2025-10-13 11:39:00,Cash Withdrawal,Completed,4.5
APP_000632,CUST_05241,BR010,2025-10-13 11:33:00,Cash Withdrawal,Completed,4.5
APP_000633,CUST_00739,BR010,2025-10-13 11:25:00,KYC Update,Completed,13.5
APP_000634,CUST_10451,BR010,2025-10-13 12:13:00,KYC Update,Completed,13.5
APP_000635,CUST_07672,BR001,2025-10-14 10:31:00,Cash Withdrawal,Completed,4.5
APP_000636,CUST_07247,BR001,2025-10-14 10:20:00,KYC Update,Cancelled,13.5
APP_000637,CUST_07564,BR001,2025-10-14 10:11:00,Loan Enquiry,Completed,18.0
APP_000638,CUST_13071,BR001,2025-10-14 10:51:00,Address Update,Completed,8.0
APP_000639,CUST_12141,BR001,2025-10-14 10:08:00,Statement Request,Completed,5.0
APP_000640,CUST_09968,BR001,2025-10-14 10:37:00,Investment Enquiry,Completed,26.0
APP_000641,CUST_05876,BR001,2025-10-14 11:13:00,Complaint,Completed,16.5
APP_000642,CUST_03240,BR001,2025-10-14 12:48:00,KYC Update,Completed,13.5
APP_000643,CUST_13675,BR001,2025-10-14 12:09:00,Cheque Services,Completed,6.0
APP_000644,CUST_00775,BR001,2025-10-14 13:27:00,Cash Deposit,Cancelled,6.5
APP_000645,CUST_05624,BR001,2025-10-14 13:50:00,KYC Update,Completed,13.5
APP_000646,CUST_01889,BR001,2025-10-14 14:18:00,Loan Enquiry,Completed,18.0
APP_000647,CUST_10782,BR001,2025-10-14 15:39:00,Cash Withdrawal,Completed,4.5
APP_000648,CUST_06080,BR002,2025-10-14 09:53:00,Credit Card Service,Completed,12.0
APP_000649,CUST_11537,BR002,2025-10-14 09:54:00,Cash Withdrawal,Completed,4.5
APP_000650,CUST_12659,BR002,2025-10-14 10:49:00,Account Opening,Completed,24.0
APP_000651,CUST_00148,BR002,2025-10-14 10:07:00,General Customer Support,Completed,10.0
APP_000652,CUST_06112,BR002,2025-10-14 11:04:00,General Customer Support,Completed,10.0
APP_000653,CUST_00695,BR002,2025-10-14 11:36:00,Investment Enquiry,Completed,26.0
APP_000654,CUST_13496,BR002,2025-10-14 11:00:00,Cash Withdrawal,Completed,4.5
APP_000655,CUST_07937,BR003,2025-10-14 11:04:00,Cash Withdrawal,Completed,4.5
APP_000656,CUST_10933,BR003,2025-10-14 11:38:00,Cash Deposit,Completed,6.5
APP_000657,CUST_04000,BR003,2025-10-14 11:23:00,Statement Request,Completed,5.0
APP_000658,CUST_05706,BR003,2025-10-14 11:05:00,Cheque Services,Completed,6.0
APP_000659,CUST_12309,BR003,2025-10-14 12:50:00,Cash Withdrawal,Completed,4.5
APP_000660,CUST_09051,BR003,2025-10-14 13:42:00,Address Update,Completed,8.0
APP_000661,CUST_04721,BR004,2025-10-14 10:38:00,Digital Banking Support,Completed,12.5
APP_000662,CUST_00763,BR004,2025-10-14 10:39:00,Cash Withdrawal,Completed,4.5
APP_000663,CUST_08874,BR004,2025-10-14 11:46:00,Cash Withdrawal,Completed,4.5
APP_000664,CUST_04203,BR004,2025-10-14 11:47:00,General Customer Support,Completed,10.0
APP_000665,CUST_04256,BR004,2025-10-14 11:34:00,Credit Card Service,Completed,12.0
APP_000666,CUST_13521,BR004,2025-10-14 13:16:00,Cash Deposit,Cancelled,6.5
APP_000667,CUST_06677,BR005,2025-10-14 10:24:00,Investment Enquiry,Completed,26.0
APP_000668,CUST_12299,BR005,2025-10-14 11:49:00,KYC Update,Completed,13.5
APP_000669,CUST_03557,BR005,2025-10-14 11:32:00,Investment Enquiry,Completed,26.0
APP_000670,CUST_07134,BR005,2025-10-14 13:11:00,Account Opening,Completed,24.0
APP_000671,CUST_07357,BR005,2025-10-14 14:18:00,Address Update,Completed,8.0
APP_000672,CUST_04589,BR006,2025-10-14 10:26:00,Loan Enquiry,Completed,18.0
APP_000673,CUST_00376,BR006,2025-10-14 10:15:00,Cash Deposit,Completed,6.5
APP_000674,CUST_05298,BR006,2025-10-14 10:55:00,Cash Withdrawal,No-Show,4.5
APP_000675,CUST_14746,BR006,2025-10-14 11:20:00,Cheque Services,Completed,6.0
APP_000676,CUST_03418,BR006,2025-10-14 12:21:00,KYC Update,Completed,13.5
APP_000677,CUST_03568,BR006,2025-10-14 13:48:00,Loan Application,Cancelled,34.0
APP_000678,CUST_00644,BR007,2025-10-14 09:26:00,Cash Deposit,Completed,6.5
APP_000679,CUST_02949,BR007,2025-10-14 10:19:00,Cash Withdrawal,Completed,4.5
APP_000680,CUST_01982,BR007,2025-10-14 11:24:00,Loan Application,Completed,34.0
APP_000681,CUST_13478,BR007,2025-10-14 11:02:00,Complaint,Completed,16.5
APP_000682,CUST_07134,BR007,2025-10-14 11:46:00,Address Update,No-Show,8.0
APP_000683,CUST_04490,BR007,2025-10-14 12:15:00,Cash Withdrawal,Completed,4.5
APP_000684,CUST_07409,BR007,2025-10-14 13:00:00,Loan Application,Completed,34.0
APP_000685,CUST_04291,BR007,2025-10-14 13:32:00,Address Update,Completed,8.0
APP_000686,CUST_08755,BR008,2025-10-14 11:49:00,Investment Enquiry,Completed,26.0
APP_000687,CUST_14278,BR008,2025-10-14 12:27:00,Loan Application,Cancelled,34.0
APP_000688,CUST_12053,BR008,2025-10-14 13:03:00,Account Opening,No-Show,24.0
APP_000689,CUST_03629,BR008,2025-10-14 13:33:00,Statement Request,No-Show,5.0
APP_000690,CUST_00024,BR008,2025-10-14 13:52:00,Complaint,Completed,16.5
APP_000691,CUST_01332,BR009,2025-10-14 09:41:00,Cash Deposit,Cancelled,6.5
APP_000692,CUST_10940,BR009,2025-10-14 09:33:00,Statement Request,Completed,5.0
APP_000693,CUST_09850,BR009,2025-10-14 09:39:00,Investment Enquiry,Completed,26.0
APP_000694,CUST_09616,BR009,2025-10-14 10:09:00,Address Update,Completed,8.0
APP_000695,CUST_02058,BR009,2025-10-14 10:08:00,Cash Deposit,Cancelled,6.5
APP_000696,CUST_12621,BR009,2025-10-14 11:13:00,Cash Withdrawal,Completed,4.5
APP_000697,CUST_11074,BR009,2025-10-14 11:50:00,Digital Banking Support,Completed,12.5
APP_000698,CUST_14763,BR010,2025-10-14 11:25:00,Cash Withdrawal,Completed,4.5
APP_000699,CUST_02415,BR010,2025-10-14 11:19:00,Cash Deposit,Completed,6.5
APP_000700,CUST_00427,BR010,2025-10-14 13:48:00,Cash Withdrawal,Completed,4.5
APP_000701,CUST_11939,BR010,2025-10-14 14:43:00,Statement Request,Cancelled,5.0
APP_000702,CUST_02738,BR001,2025-10-15 10:52:00,Cash Withdrawal,Completed,4.5
APP_000703,CUST_12434,BR001,2025-10-15 10:11:00,Loan Enquiry,Completed,18.0
APP_000704,CUST_03924,BR001,2025-10-15 10:02:00,Cash Deposit,Completed,6.5
APP_000705,CUST_11006,BR001,2025-10-15 11:33:00,Digital Banking Support,Completed,12.5
APP_000706,CUST_09543,BR001,2025-10-15 11:14:00,Address Update,Completed,8.0
APP_000707,CUST_10555,BR001,2025-10-15 11:54:00,Credit Card Service,Completed,12.0
APP_000708,CUST_07180,BR001,2025-10-15 11:25:00,Cash Withdrawal,Completed,4.5
APP_000709,CUST_09667,BR002,2025-10-15 09:10:00,Account Opening,Completed,24.0
APP_000710,CUST_10550,BR002,2025-10-15 10:25:00,General Customer Support,Completed,10.0
APP_000711,CUST_00521,BR002,2025-10-15 10:20:00,Cash Deposit,Completed,6.5
APP_000712,CUST_09577,BR002,2025-10-15 10:30:00,Cash Deposit,Completed,6.5
APP_000713,CUST_13977,BR002,2025-10-15 10:07:00,Cash Withdrawal,Cancelled,4.5
APP_000714,CUST_02621,BR002,2025-10-15 10:26:00,Digital Banking Support,Completed,12.5
APP_000715,CUST_07632,BR002,2025-10-15 11:00:00,Cheque Services,Completed,6.0
APP_000716,CUST_10091,BR002,2025-10-15 11:10:00,Cash Withdrawal,No-Show,4.5
APP_000717,CUST_03739,BR003,2025-10-15 10:01:00,Address Update,Cancelled,8.0
APP_000718,CUST_09048,BR003,2025-10-15 11:51:00,Cash Withdrawal,Completed,4.5
APP_000719,CUST_06911,BR003,2025-10-15 11:04:00,Cash Deposit,Completed,6.5
APP_000720,CUST_04422,BR003,2025-10-15 11:33:00,Digital Banking Support,Completed,12.5
APP_000721,CUST_05464,BR003,2025-10-15 11:42:00,Complaint,Completed,16.5
APP_000722,CUST_00558,BR003,2025-10-15 11:17:00,Cash Withdrawal,Completed,4.5
APP_000723,CUST_08791,BR003,2025-10-15 12:17:00,Cash Withdrawal,Completed,4.5
APP_000724,CUST_03876,BR003,2025-10-15 12:14:00,Address Update,Completed,8.0
APP_000725,CUST_03477,BR003,2025-10-15 13:05:00,KYC Update,Completed,13.5
APP_000726,CUST_01736,BR004,2025-10-15 09:36:00,Statement Request,Cancelled,5.0
APP_000727,CUST_08160,BR004,2025-10-15 10:35:00,KYC Update,Completed,13.5
APP_000728,CUST_10930,BR004,2025-10-15 10:01:00,Cash Withdrawal,Completed,4.5
APP_000729,CUST_05022,BR004,2025-10-15 11:33:00,Cash Deposit,Completed,6.5
APP_000730,CUST_12278,BR004,2025-10-15 11:09:00,Digital Banking Support,Completed,12.5
APP_000731,CUST_10143,BR004,2025-10-15 12:48:00,Credit Card Service,Completed,12.0
APP_000732,CUST_03411,BR005,2025-10-15 13:12:00,Cash Withdrawal,Completed,4.5
APP_000733,CUST_03202,BR005,2025-10-15 14:04:00,Cash Withdrawal,Completed,4.5
APP_000734,CUST_03429,BR006,2025-10-15 09:45:00,KYC Update,Completed,13.5
APP_000735,CUST_03371,BR006,2025-10-15 10:06:00,KYC Update,Completed,13.5
APP_000736,CUST_04670,BR006,2025-10-15 10:39:00,Cash Withdrawal,Completed,4.5
APP_000737,CUST_04566,BR006,2025-10-15 10:38:00,Investment Enquiry,Completed,26.0
APP_000738,CUST_14855,BR006,2025-10-15 11:14:00,Loan Enquiry,Completed,18.0
APP_000739,CUST_14579,BR007,2025-10-15 10:07:00,Loan Enquiry,Completed,18.0
APP_000740,CUST_06146,BR007,2025-10-15 12:27:00,Cash Withdrawal,Completed,4.5
APP_000741,CUST_12485,BR007,2025-10-15 12:28:00,Cash Deposit,Completed,6.5
APP_000742,CUST_00661,BR007,2025-10-15 12:20:00,Loan Application,Completed,34.0
APP_000743,CUST_01209,BR007,2025-10-15 13:03:00,Investment Enquiry,Cancelled,26.0
APP_000744,CUST_09662,BR007,2025-10-15 15:35:00,Cash Withdrawal,Completed,4.5
APP_000745,CUST_14649,BR007,2025-10-15 15:47:00,Cash Deposit,Completed,6.5
APP_000746,CUST_02047,BR008,2025-10-15 09:29:00,Cash Withdrawal,Completed,4.5
APP_000747,CUST_01287,BR008,2025-10-15 10:01:00,Cheque Services,Completed,6.0
APP_000748,CUST_03829,BR008,2025-10-15 11:37:00,Statement Request,Completed,5.0
APP_000749,CUST_09455,BR008,2025-10-15 11:12:00,Statement Request,Cancelled,5.0
APP_000750,CUST_03807,BR009,2025-10-15 09:10:00,Account Opening,Completed,24.0
APP_000751,CUST_03523,BR009,2025-10-15 10:51:00,Cash Withdrawal,Completed,4.5
APP_000752,CUST_05807,BR009,2025-10-15 12:08:00,Statement Request,Completed,5.0
APP_000753,CUST_02132,BR009,2025-10-15 12:20:00,Cash Withdrawal,Completed,4.5
APP_000754,CUST_02609,BR009,2025-10-15 12:37:00,Address Update,Completed,8.0
APP_000755,CUST_04110,BR009,2025-10-15 12:36:00,Loan Application,Completed,34.0
APP_000756,CUST_08785,BR009,2025-10-15 13:48:00,Cheque Services,Completed,6.0
APP_000757,CUST_14791,BR010,2025-10-15 09:01:00,Address Update,Completed,8.0
APP_000758,CUST_02375,BR010,2025-10-15 11:14:00,Account Opening,Cancelled,24.0
APP_000759,CUST_03948,BR010,2025-10-15 11:21:00,Cash Deposit,Completed,6.5
APP_000760,CUST_03987,BR010,2025-10-15 11:25:00,Cash Withdrawal,Completed,4.5
APP_000761,CUST_03130,BR001,2025-10-16 09:09:00,Investment Enquiry,Completed,26.0
APP_000762,CUST_08664,BR001,2025-10-16 10:47:00,KYC Update,Completed,13.5
APP_000763,CUST_02260,BR001,2025-10-16 11:35:00,Cash Withdrawal,Completed,4.5
APP_000764,CUST_04060,BR001,2025-10-16 11:11:00,KYC Update,Completed,13.5
APP_000765,CUST_03145,BR001,2025-10-16 12:50:00,Cash Deposit,Completed,6.5
APP_000766,CUST_00655,BR001,2025-10-16 12:11:00,General Customer Support,Completed,10.0
APP_000767,CUST_03776,BR001,2025-10-16 12:12:00,Cheque Services,Completed,6.0
APP_000768,CUST_12729,BR001,2025-10-16 14:00:00,General Customer Support,Cancelled,10.0
APP_000769,CUST_13394,BR001,2025-10-16 15:53:00,Cash Deposit,Completed,6.5
APP_000770,CUST_13956,BR002,2025-10-16 10:23:00,Cash Withdrawal,Completed,4.5
APP_000771,CUST_01570,BR002,2025-10-16 10:53:00,Cash Withdrawal,Completed,4.5
APP_000772,CUST_02758,BR002,2025-10-16 11:00:00,Loan Application,Completed,34.0
APP_000773,CUST_11093,BR002,2025-10-16 11:43:00,Complaint,Completed,16.5
APP_000774,CUST_09323,BR002,2025-10-16 11:38:00,Cash Withdrawal,No-Show,4.5
APP_000775,CUST_09981,BR002,2025-10-16 11:55:00,Cash Withdrawal,Completed,4.5
APP_000776,CUST_10538,BR002,2025-10-16 12:39:00,Cheque Services,Completed,6.0
APP_000777,CUST_00990,BR003,2025-10-16 09:44:00,Cash Withdrawal,Cancelled,4.5
APP_000778,CUST_11911,BR003,2025-10-16 10:15:00,Loan Enquiry,Completed,18.0
APP_000779,CUST_08320,BR003,2025-10-16 10:28:00,Cheque Services,Completed,6.0
APP_000780,CUST_03217,BR003,2025-10-16 10:24:00,Cheque Services,Completed,6.0
APP_000781,CUST_01670,BR003,2025-10-16 10:09:00,Account Opening,Completed,24.0
APP_000782,CUST_10273,BR003,2025-10-16 11:37:00,Cash Withdrawal,Completed,4.5
APP_000783,CUST_07342,BR003,2025-10-16 11:16:00,Cash Deposit,Completed,6.5
APP_000784,CUST_00715,BR003,2025-10-16 12:54:00,Cash Withdrawal,Completed,4.5
APP_000785,CUST_02904,BR004,2025-10-16 09:43:00,Loan Application,Completed,34.0
APP_000786,CUST_00861,BR004,2025-10-16 10:03:00,Cash Deposit,Completed,6.5
APP_000787,CUST_13747,BR004,2025-10-16 10:03:00,General Customer Support,Completed,10.0
APP_000788,CUST_06625,BR004,2025-10-16 10:13:00,Address Update,Completed,8.0
APP_000789,CUST_12500,BR004,2025-10-16 11:19:00,Loan Application,Completed,34.0
APP_000790,CUST_12865,BR005,2025-10-16 09:42:00,Account Opening,Completed,24.0
APP_000791,CUST_02630,BR005,2025-10-16 10:46:00,KYC Update,Completed,13.5
APP_000792,CUST_11232,BR005,2025-10-16 12:30:00,Digital Banking Support,Completed,12.5
APP_000793,CUST_13849,BR006,2025-10-16 10:37:00,KYC Update,Completed,13.5
APP_000794,CUST_10319,BR006,2025-10-16 10:15:00,Complaint,Completed,16.5
APP_000795,CUST_03231,BR006,2025-10-16 10:13:00,Cash Deposit,Completed,6.5
APP_000796,CUST_07650,BR006,2025-10-16 11:32:00,Account Opening,Cancelled,24.0
APP_000797,CUST_13982,BR006,2025-10-16 12:41:00,Account Opening,Cancelled,24.0
APP_000798,CUST_04741,BR006,2025-10-16 12:39:00,Loan Enquiry,Completed,18.0
APP_000799,CUST_02944,BR006,2025-10-16 13:47:00,Cash Deposit,Completed,6.5
APP_000800,CUST_00424,BR007,2025-10-16 12:52:00,KYC Update,Completed,13.5
APP_000801,CUST_05221,BR007,2025-10-16 13:30:00,Cheque Services,Completed,6.0
APP_000802,CUST_00027,BR007,2025-10-16 14:38:00,KYC Update,Completed,13.5
APP_000803,CUST_04387,BR007,2025-10-16 14:26:00,General Customer Support,Completed,10.0
APP_000804,CUST_03438,BR007,2025-10-16 15:50:00,General Customer Support,Completed,10.0
APP_000805,CUST_11835,BR008,2025-10-16 10:10:00,Credit Card Service,Cancelled,12.0
APP_000806,CUST_08274,BR008,2025-10-16 12:09:00,Investment Enquiry,Completed,26.0
APP_000807,CUST_07706,BR008,2025-10-16 12:20:00,KYC Update,Completed,13.5
APP_000808,CUST_03752,BR008,2025-10-16 12:31:00,General Customer Support,Completed,10.0
APP_000809,CUST_09664,BR009,2025-10-16 09:16:00,Account Opening,Completed,24.0
APP_000810,CUST_01099,BR009,2025-10-16 10:02:00,Cash Deposit,Completed,6.5
APP_000811,CUST_12360,BR009,2025-10-16 10:06:00,Cash Deposit,Completed,6.5
APP_000812,CUST_10851,BR009,2025-10-16 11:45:00,Digital Banking Support,Completed,12.5
APP_000813,CUST_14017,BR009,2025-10-16 11:45:00,Cash Deposit,Completed,6.5
APP_000814,CUST_14628,BR009,2025-10-16 11:36:00,Investment Enquiry,Completed,26.0
APP_000815,CUST_07148,BR009,2025-10-16 13:08:00,General Customer Support,Completed,10.0
APP_000816,CUST_12109,BR010,2025-10-16 10:47:00,General Customer Support,Completed,10.0
APP_000817,CUST_03158,BR010,2025-10-16 10:27:00,Cash Deposit,Completed,6.5
APP_000818,CUST_05618,BR010,2025-10-16 13:09:00,Cash Deposit,Completed,6.5
APP_000819,CUST_12935,BR010,2025-10-16 14:34:00,General Customer Support,Completed,10.0
APP_000820,CUST_09525,BR001,2025-10-17 09:28:00,Digital Banking Support,Completed,12.5
APP_000821,CUST_04318,BR001,2025-10-17 09:43:00,Investment Enquiry,Completed,26.0
APP_000822,CUST_09835,BR001,2025-10-17 10:47:00,Investment Enquiry,Completed,26.0
APP_000823,CUST_07401,BR001,2025-10-17 11:50:00,Statement Request,Completed,5.0
APP_000824,CUST_04154,BR001,2025-10-17 11:37:00,Loan Application,Cancelled,34.0
APP_000825,CUST_03035,BR001,2025-10-17 11:07:00,KYC Update,Completed,13.5
APP_000826,CUST_07000,BR001,2025-10-17 11:34:00,KYC Update,Completed,13.5
APP_000827,CUST_14625,BR001,2025-10-17 11:50:00,Digital Banking Support,Completed,12.5
APP_000828,CUST_03958,BR001,2025-10-17 11:43:00,Cash Deposit,Completed,6.5
APP_000829,CUST_12377,BR001,2025-10-17 12:16:00,General Customer Support,Completed,10.0
APP_000830,CUST_05465,BR001,2025-10-17 12:45:00,Statement Request,Completed,5.0
APP_000831,CUST_09399,BR001,2025-10-17 12:05:00,Statement Request,Completed,5.0
APP_000832,CUST_07460,BR001,2025-10-17 12:34:00,Statement Request,Completed,5.0
APP_000833,CUST_05662,BR001,2025-10-17 13:20:00,Account Opening,Completed,24.0
APP_000834,CUST_03538,BR001,2025-10-17 13:04:00,Complaint,Completed,16.5
APP_000835,CUST_05547,BR002,2025-10-17 09:23:00,General Customer Support,Completed,10.0
APP_000836,CUST_11330,BR002,2025-10-17 09:54:00,Cash Withdrawal,Completed,4.5
APP_000837,CUST_08884,BR002,2025-10-17 10:08:00,Cash Withdrawal,Completed,4.5
APP_000838,CUST_12364,BR002,2025-10-17 10:25:00,Statement Request,Completed,5.0
APP_000839,CUST_07824,BR002,2025-10-17 10:03:00,Address Update,Completed,8.0
APP_000840,CUST_09306,BR002,2025-10-17 10:15:00,General Customer Support,Completed,10.0
APP_000841,CUST_03084,BR002,2025-10-17 10:54:00,Cash Withdrawal,Completed,4.5
APP_000842,CUST_01603,BR003,2025-10-17 09:02:00,Account Opening,Completed,24.0
APP_000843,CUST_02605,BR003,2025-10-17 10:14:00,General Customer Support,Completed,10.0
APP_000844,CUST_05785,BR003,2025-10-17 10:26:00,Digital Banking Support,Completed,12.5
APP_000845,CUST_13915,BR003,2025-10-17 11:38:00,Cash Withdrawal,Completed,4.5
APP_000846,CUST_14159,BR003,2025-10-17 11:55:00,Cash Deposit,Completed,6.5
APP_000847,CUST_02359,BR003,2025-10-17 12:01:00,Cash Deposit,Completed,6.5
APP_000848,CUST_12983,BR003,2025-10-17 12:02:00,Cash Withdrawal,Completed,4.5
APP_000849,CUST_04276,BR003,2025-10-17 12:53:00,KYC Update,Completed,13.5
APP_000850,CUST_09467,BR003,2025-10-17 13:05:00,Cash Deposit,Completed,6.5
APP_000851,CUST_02680,BR003,2025-10-17 14:10:00,KYC Update,Completed,13.5
APP_000852,CUST_04391,BR003,2025-10-17 14:22:00,Address Update,Completed,8.0
APP_000853,CUST_08487,BR004,2025-10-17 09:05:00,Cash Withdrawal,Completed,4.5
APP_000854,CUST_07579,BR004,2025-10-17 10:10:00,General Customer Support,Cancelled,10.0
APP_000855,CUST_12302,BR004,2025-10-17 11:51:00,Address Update,Completed,8.0
APP_000856,CUST_11615,BR004,2025-10-17 11:30:00,Cheque Services,Completed,6.0
APP_000857,CUST_08771,BR004,2025-10-17 12:40:00,Cash Withdrawal,Completed,4.5
APP_000858,CUST_02192,BR004,2025-10-17 12:28:00,Cash Deposit,Completed,6.5
APP_000859,CUST_07616,BR005,2025-10-17 11:07:00,Account Opening,Completed,24.0
APP_000860,CUST_13058,BR005,2025-10-17 11:44:00,General Customer Support,Completed,10.0
APP_000861,CUST_13337,BR005,2025-10-17 12:07:00,Cash Deposit,Completed,6.5
APP_000862,CUST_03506,BR005,2025-10-17 12:37:00,Cash Withdrawal,Completed,4.5
APP_000863,CUST_10739,BR005,2025-10-17 13:51:00,KYC Update,Completed,13.5
APP_000864,CUST_11726,BR005,2025-10-17 13:07:00,Digital Banking Support,Completed,12.5
APP_000865,CUST_13275,BR005,2025-10-17 14:14:00,Investment Enquiry,Completed,26.0
APP_000866,CUST_11769,BR006,2025-10-17 09:11:00,General Customer Support,Completed,10.0
APP_000867,CUST_10446,BR006,2025-10-17 10:13:00,Cash Deposit,Completed,6.5
APP_000868,CUST_11777,BR006,2025-10-17 11:29:00,Cash Withdrawal,Completed,4.5
APP_000869,CUST_09828,BR006,2025-10-17 12:07:00,Cash Withdrawal,Completed,4.5
APP_000870,CUST_07185,BR006,2025-10-17 13:19:00,Address Update,Completed,8.0
APP_000871,CUST_06492,BR006,2025-10-17 13:09:00,Complaint,Completed,16.5
APP_000872,CUST_14175,BR006,2025-10-17 13:47:00,Account Opening,Completed,24.0
APP_000873,CUST_08944,BR006,2025-10-17 15:11:00,Loan Enquiry,Completed,18.0
APP_000874,CUST_06809,BR006,2025-10-17 15:03:00,Cash Withdrawal,Completed,4.5
APP_000875,CUST_08214,BR007,2025-10-17 10:17:00,KYC Update,Completed,13.5
APP_000876,CUST_10062,BR007,2025-10-17 10:10:00,Cash Withdrawal,No-Show,4.5
APP_000877,CUST_01758,BR007,2025-10-17 10:52:00,Cash Withdrawal,Completed,4.5
APP_000878,CUST_00337,BR007,2025-10-17 11:10:00,Cash Deposit,Completed,6.5
APP_000879,CUST_12640,BR007,2025-10-17 11:46:00,Cheque Services,Completed,6.0
APP_000880,CUST_12348,BR007,2025-10-17 12:29:00,Complaint,Completed,16.5
APP_000881,CUST_00499,BR007,2025-10-17 12:36:00,Cheque Services,Completed,6.0
APP_000882,CUST_07071,BR007,2025-10-17 13:18:00,Cash Withdrawal,Completed,4.5
APP_000883,CUST_10336,BR007,2025-10-17 13:13:00,Cash Deposit,Completed,6.5
APP_000884,CUST_14791,BR008,2025-10-17 10:20:00,Credit Card Service,Completed,12.0
APP_000885,CUST_07537,BR008,2025-10-17 11:50:00,Loan Application,Completed,34.0
APP_000886,CUST_09114,BR008,2025-10-17 11:14:00,Cash Deposit,Completed,6.5
APP_000887,CUST_05180,BR008,2025-10-17 11:53:00,Credit Card Service,Completed,12.0
APP_000888,CUST_08625,BR009,2025-10-17 09:38:00,KYC Update,Completed,13.5
APP_000889,CUST_11895,BR009,2025-10-17 09:41:00,KYC Update,Completed,13.5
APP_000890,CUST_14265,BR009,2025-10-17 09:45:00,General Customer Support,Completed,10.0
APP_000891,CUST_00574,BR009,2025-10-17 11:28:00,Cash Withdrawal,Completed,4.5
APP_000892,CUST_13268,BR009,2025-10-17 11:34:00,Statement Request,Completed,5.0
APP_000893,CUST_01618,BR009,2025-10-17 12:16:00,Cash Withdrawal,Completed,4.5
APP_000894,CUST_10112,BR009,2025-10-17 14:54:00,Cheque Services,Completed,6.0
APP_000895,CUST_12367,BR009,2025-10-17 14:49:00,Cash Deposit,Cancelled,6.5
APP_000896,CUST_11838,BR009,2025-10-17 14:22:00,Cash Withdrawal,No-Show,4.5
APP_000897,CUST_01654,BR010,2025-10-17 09:05:00,Cash Deposit,Completed,6.5
APP_000898,CUST_00425,BR010,2025-10-17 10:17:00,Cash Deposit,Completed,6.5
APP_000899,CUST_07098,BR010,2025-10-17 10:20:00,Account Opening,Completed,24.0
APP_000900,CUST_14161,BR010,2025-10-17 11:49:00,Cash Deposit,Completed,6.5
APP_000901,CUST_14329,BR001,2025-10-18 09:08:00,Complaint,Completed,16.5
APP_000902,CUST_12236,BR001,2025-10-18 10:33:00,Cash Withdrawal,Cancelled,4.5
APP_000903,CUST_09964,BR001,2025-10-18 10:53:00,Cash Withdrawal,Completed,4.5
APP_000904,CUST_03971,BR001,2025-10-18 10:51:00,KYC Update,Completed,13.5
APP_000905,CUST_09889,BR001,2025-10-18 10:21:00,Account Opening,Completed,24.0
APP_000906,CUST_02562,BR001,2025-10-18 10:28:00,Statement Request,Completed,5.0
APP_000907,CUST_11466,BR001,2025-10-18 10:46:00,Loan Enquiry,Completed,18.0
APP_000908,CUST_12123,BR001,2025-10-18 11:21:00,Loan Enquiry,Completed,18.0
APP_000909,CUST_11869,BR001,2025-10-18 12:03:00,Loan Enquiry,Cancelled,18.0
APP_000910,CUST_09539,BR002,2025-10-18 10:03:00,Cash Withdrawal,Completed,4.5
APP_000911,CUST_10564,BR002,2025-10-18 11:07:00,Investment Enquiry,Completed,26.0
APP_000912,CUST_01111,BR002,2025-10-18 11:26:00,Cheque Services,Completed,6.0
APP_000913,CUST_12696,BR002,2025-10-18 11:06:00,Cash Withdrawal,Completed,4.5
APP_000914,CUST_09344,BR002,2025-10-18 11:42:00,KYC Update,Completed,13.5
APP_000915,CUST_04358,BR002,2025-10-18 11:36:00,Loan Application,Completed,34.0
APP_000916,CUST_13347,BR003,2025-10-18 11:31:00,Cash Deposit,Completed,6.5
APP_000917,CUST_06646,BR003,2025-10-18 11:21:00,Loan Application,Completed,34.0
APP_000918,CUST_10470,BR003,2025-10-18 11:29:00,Address Update,Completed,8.0
APP_000919,CUST_05008,BR003,2025-10-18 11:13:00,Digital Banking Support,Completed,12.5
APP_000920,CUST_03892,BR003,2025-10-18 12:03:00,Cash Deposit,Completed,6.5
APP_000921,CUST_06939,BR003,2025-10-18 13:40:00,Complaint,Completed,16.5
APP_000922,CUST_04720,BR003,2025-10-18 13:04:00,Cash Deposit,Completed,6.5
APP_000923,CUST_01999,BR004,2025-10-18 09:17:00,Address Update,Completed,8.0
APP_000924,CUST_07105,BR004,2025-10-18 10:42:00,Cash Withdrawal,Completed,4.5
APP_000925,CUST_14765,BR004,2025-10-18 10:18:00,Account Opening,Completed,24.0
APP_000926,CUST_03843,BR004,2025-10-18 11:53:00,Address Update,Completed,8.0
APP_000927,CUST_13447,BR004,2025-10-18 11:28:00,Loan Application,Completed,34.0
APP_000928,CUST_08638,BR004,2025-10-18 12:34:00,Loan Enquiry,Completed,18.0
APP_000929,CUST_09982,BR004,2025-10-18 12:30:00,Cash Deposit,Completed,6.5
APP_000930,CUST_03790,BR005,2025-10-18 09:09:00,Cash Deposit,Completed,6.5
APP_000931,CUST_13707,BR005,2025-10-18 09:21:00,Cash Withdrawal,Completed,4.5
APP_000932,CUST_00474,BR005,2025-10-18 10:08:00,Account Opening,Completed,24.0
APP_000933,CUST_02472,BR005,2025-10-18 11:41:00,Cash Deposit,Completed,6.5
APP_000934,CUST_12382,BR006,2025-10-18 09:08:00,Cash Withdrawal,Completed,4.5
APP_000935,CUST_06525,BR006,2025-10-18 09:16:00,Account Opening,Completed,24.0
APP_000936,CUST_09107,BR006,2025-10-18 10:53:00,Cash Deposit,Completed,6.5
APP_000937,CUST_11211,BR006,2025-10-18 10:22:00,Cheque Services,Completed,6.0
APP_000938,CUST_01418,BR006,2025-10-18 11:40:00,Loan Application,Completed,34.0
APP_000939,CUST_03945,BR006,2025-10-18 12:02:00,Cash Deposit,Cancelled,6.5
APP_000940,CUST_14914,BR007,2025-10-18 10:54:00,Cash Deposit,Completed,6.5
APP_000941,CUST_10222,BR007,2025-10-18 10:52:00,Cash Deposit,Completed,6.5
APP_000942,CUST_03625,BR007,2025-10-18 11:33:00,KYC Update,Cancelled,13.5
APP_000943,CUST_07117,BR007,2025-10-18 11:48:00,Cash Deposit,Completed,6.5
APP_000944,CUST_11415,BR007,2025-10-18 11:42:00,Statement Request,Completed,5.0
APP_000945,CUST_11220,BR007,2025-10-18 12:25:00,Loan Application,Completed,34.0
APP_000946,CUST_13843,BR007,2025-10-18 12:13:00,KYC Update,Completed,13.5
APP_000947,CUST_03543,BR007,2025-10-18 12:08:00,Statement Request,Cancelled,5.0
APP_000948,CUST_07452,BR008,2025-10-18 09:51:00,Loan Application,Completed,34.0
APP_000949,CUST_14754,BR008,2025-10-18 10:23:00,Cheque Services,Completed,6.0
APP_000950,CUST_05684,BR008,2025-10-18 11:00:00,Digital Banking Support,Completed,12.5
APP_000951,CUST_05284,BR008,2025-10-18 11:34:00,Cash Deposit,Completed,6.5
APP_000952,CUST_12436,BR009,2025-10-18 09:08:00,Loan Application,Completed,34.0
APP_000953,CUST_04624,BR009,2025-10-18 10:08:00,Cash Withdrawal,Completed,4.5
APP_000954,CUST_11661,BR009,2025-10-18 11:42:00,KYC Update,Completed,13.5
APP_000955,CUST_05202,BR009,2025-10-18 11:40:00,Digital Banking Support,Completed,12.5
APP_000956,CUST_00551,BR009,2025-10-18 12:41:00,Cheque Services,Completed,6.0
APP_000957,CUST_06113,BR009,2025-10-18 12:12:00,Account Opening,Completed,24.0
APP_000958,CUST_08197,BR009,2025-10-18 12:46:00,Cash Withdrawal,Completed,4.5
APP_000959,CUST_14935,BR009,2025-10-18 12:16:00,Credit Card Service,Completed,12.0
APP_000960,CUST_13410,BR009,2025-10-18 14:30:00,General Customer Support,No-Show,10.0
APP_000961,CUST_08867,BR010,2025-10-18 10:36:00,Cash Withdrawal,Completed,4.5
APP_000962,CUST_14170,BR010,2025-10-18 11:22:00,KYC Update,Completed,13.5
APP_000963,CUST_12673,BR010,2025-10-18 11:32:00,KYC Update,Completed,13.5
APP_000964,CUST_06440,BR010,2025-10-18 12:20:00,Cash Deposit,Completed,6.5
APP_000965,CUST_10683,BR001,2025-10-22 09:01:00,Cash Deposit,Completed,6.5
APP_000966,CUST_10247,BR001,2025-10-22 10:50:00,Account Opening,Completed,24.0
APP_000967,CUST_08044,BR001,2025-10-22 10:46:00,Account Opening,Completed,24.0
APP_000968,CUST_09410,BR001,2025-10-22 10:47:00,Cash Deposit,Completed,6.5
APP_000969,CUST_04303,BR001,2025-10-22 10:31:00,Loan Enquiry,Completed,18.0
APP_000970,CUST_04487,BR001,2025-10-22 10:15:00,KYC Update,Cancelled,13.5
APP_000971,CUST_09528,BR001,2025-10-22 10:22:00,KYC Update,Completed,13.5
APP_000972,CUST_14133,BR002,2025-10-22 10:44:00,Cash Withdrawal,Completed,4.5
APP_000973,CUST_11365,BR002,2025-10-22 10:25:00,Cash Deposit,Completed,6.5
APP_000974,CUST_14244,BR002,2025-10-22 13:04:00,General Customer Support,Completed,10.0
APP_000975,CUST_02706,BR002,2025-10-22 14:43:00,Cash Withdrawal,Completed,4.5
APP_000976,CUST_08763,BR002,2025-10-22 14:22:00,Cash Deposit,Completed,6.5
APP_000977,CUST_06310,BR003,2025-10-22 10:49:00,Cash Deposit,Completed,6.5
APP_000978,CUST_11911,BR003,2025-10-22 11:54:00,Account Opening,Completed,24.0
APP_000979,CUST_14636,BR003,2025-10-22 11:07:00,Cash Withdrawal,Completed,4.5
APP_000980,CUST_01273,BR003,2025-10-22 12:27:00,Account Opening,Cancelled,24.0
APP_000981,CUST_09873,BR003,2025-10-22 12:29:00,Cheque Services,Completed,6.0
APP_000982,CUST_09529,BR003,2025-10-22 13:06:00,KYC Update,Cancelled,13.5
APP_000983,CUST_01711,BR003,2025-10-22 13:22:00,Address Update,Completed,8.0
APP_000984,CUST_10970,BR003,2025-10-22 14:11:00,Digital Banking Support,Completed,12.5
APP_000985,CUST_05242,BR004,2025-10-22 10:47:00,KYC Update,Completed,13.5
APP_000986,CUST_00010,BR004,2025-10-22 10:50:00,Loan Application,Completed,34.0
APP_000987,CUST_07853,BR004,2025-10-22 11:11:00,Statement Request,Completed,5.0
APP_000988,CUST_07906,BR004,2025-10-22 11:15:00,Account Opening,Completed,24.0
APP_000989,CUST_08535,BR004,2025-10-22 12:47:00,Cash Deposit,Cancelled,6.5
APP_000990,CUST_09132,BR005,2025-10-22 10:44:00,Cash Withdrawal,Completed,4.5
APP_000991,CUST_04495,BR005,2025-10-22 11:01:00,Cash Deposit,Completed,6.5
APP_000992,CUST_09135,BR005,2025-10-22 11:07:00,Cheque Services,No-Show,6.0
APP_000993,CUST_08945,BR005,2025-10-22 11:30:00,Cash Withdrawal,Completed,4.5
APP_000994,CUST_04762,BR005,2025-10-22 12:27:00,Credit Card Service,Completed,12.0
APP_000995,CUST_08479,BR005,2025-10-22 12:05:00,Cash Deposit,Completed,6.5
APP_000996,CUST_10276,BR006,2025-10-22 09:13:00,Account Opening,Completed,24.0
APP_000997,CUST_01129,BR006,2025-10-22 11:28:00,Loan Enquiry,Completed,18.0
APP_000998,CUST_03902,BR006,2025-10-22 11:08:00,Cash Deposit,Completed,6.5
APP_000999,CUST_06661,BR006,2025-10-22 11:21:00,Loan Application,Completed,34.0
APP_001000,CUST_14662,BR006,2025-10-22 12:32:00,Cash Deposit,Completed,6.5
APP_001001,CUST_12032,BR006,2025-10-22 12:44:00,Loan Enquiry,Completed,18.0
APP_001002,CUST_01439,BR007,2025-10-22 10:11:00,Complaint,Completed,16.5
APP_001003,CUST_11360,BR007,2025-10-22 10:31:00,Digital Banking Support,Completed,12.5
APP_001004,CUST_03004,BR007,2025-10-22 11:47:00,KYC Update,Completed,13.5
APP_001005,CUST_06177,BR007,2025-10-22 12:10:00,Credit Card Service,Completed,12.0
APP_001006,CUST_04760,BR008,2025-10-22 09:16:00,Account Opening,Completed,24.0
APP_001007,CUST_02254,BR008,2025-10-22 09:34:00,Credit Card Service,Completed,12.0
APP_001008,CUST_00934,BR008,2025-10-22 11:28:00,Address Update,Completed,8.0
APP_001009,CUST_02767,BR008,2025-10-22 12:50:00,Complaint,Completed,16.5
APP_001010,CUST_13700,BR009,2025-10-22 09:36:00,Cheque Services,Completed,6.0
APP_001011,CUST_12859,BR009,2025-10-22 10:48:00,Loan Application,Completed,34.0
APP_001012,CUST_06352,BR009,2025-10-22 10:50:00,Cash Withdrawal,No-Show,4.5
APP_001013,CUST_07207,BR009,2025-10-22 10:48:00,Complaint,Cancelled,16.5
APP_001014,CUST_04427,BR009,2025-10-22 10:55:00,Address Update,Completed,8.0
APP_001015,CUST_02435,BR010,2025-10-22 11:28:00,Investment Enquiry,Completed,26.0
APP_001016,CUST_08599,BR001,2025-10-23 09:00:00,Account Opening,Completed,24.0
APP_001017,CUST_03877,BR001,2025-10-23 10:30:00,Statement Request,Completed,5.0
APP_001018,CUST_00840,BR001,2025-10-23 11:52:00,Account Opening,Completed,24.0
APP_001019,CUST_09478,BR001,2025-10-23 11:08:00,Loan Application,No-Show,34.0
APP_001020,CUST_10237,BR001,2025-10-23 12:43:00,Cheque Services,Completed,6.0
APP_001021,CUST_06209,BR001,2025-10-23 12:26:00,Cheque Services,Completed,6.0
APP_001022,CUST_08908,BR001,2025-10-23 13:30:00,Statement Request,Completed,5.0
APP_001023,CUST_10069,BR002,2025-10-23 09:50:00,Loan Enquiry,Cancelled,18.0
APP_001024,CUST_11043,BR002,2025-10-23 09:05:00,KYC Update,Completed,13.5
APP_001025,CUST_04865,BR002,2025-10-23 09:43:00,General Customer Support,Cancelled,10.0
APP_001026,CUST_05544,BR002,2025-10-23 10:43:00,Credit Card Service,Completed,12.0
APP_001027,CUST_13254,BR002,2025-10-23 10:52:00,Investment Enquiry,Completed,26.0
APP_001028,CUST_01074,BR002,2025-10-23 11:32:00,General Customer Support,Completed,10.0
APP_001029,CUST_03748,BR002,2025-10-23 11:29:00,Address Update,Completed,8.0
APP_001030,CUST_13490,BR002,2025-10-23 11:28:00,Cheque Services,Completed,6.0
APP_001031,CUST_07064,BR003,2025-10-23 10:11:00,Cash Withdrawal,Completed,4.5
APP_001032,CUST_10810,BR003,2025-10-23 11:07:00,Cash Withdrawal,Completed,4.5
APP_001033,CUST_09139,BR003,2025-10-23 11:48:00,KYC Update,Completed,13.5
APP_001034,CUST_07035,BR003,2025-10-23 11:31:00,KYC Update,Completed,13.5
APP_001035,CUST_08429,BR003,2025-10-23 13:35:00,Loan Application,Completed,34.0
APP_001036,CUST_05802,BR003,2025-10-23 13:07:00,Cash Deposit,Completed,6.5
APP_001037,CUST_04781,BR004,2025-10-23 10:50:00,General Customer Support,Completed,10.0
APP_001038,CUST_14279,BR004,2025-10-23 10:14:00,Digital Banking Support,Completed,12.5
APP_001039,CUST_02396,BR004,2025-10-23 11:23:00,Account Opening,No-Show,24.0
APP_001040,CUST_04266,BR004,2025-10-23 11:42:00,Statement Request,Cancelled,5.0
APP_001041,CUST_03791,BR004,2025-10-23 11:17:00,Account Opening,Completed,24.0
APP_001042,CUST_14637,BR005,2025-10-23 09:51:00,Cash Withdrawal,Completed,4.5
APP_001043,CUST_13684,BR005,2025-10-23 09:29:00,Cash Withdrawal,Completed,4.5
APP_001044,CUST_06319,BR005,2025-10-23 10:05:00,Cheque Services,Completed,6.0
APP_001045,CUST_14126,BR006,2025-10-23 10:16:00,Cash Withdrawal,Completed,4.5
APP_001046,CUST_00498,BR006,2025-10-23 10:09:00,Address Update,Completed,8.0
APP_001047,CUST_14158,BR006,2025-10-23 11:38:00,Account Opening,Completed,24.0
APP_001048,CUST_04639,BR006,2025-10-23 15:07:00,Complaint,Completed,16.5
APP_001049,CUST_05777,BR006,2025-10-23 15:09:00,Cheque Services,Completed,6.0
APP_001050,CUST_09044,BR007,2025-10-23 09:00:00,Cash Withdrawal,Completed,4.5
APP_001051,CUST_01897,BR007,2025-10-23 12:45:00,Digital Banking Support,Completed,12.5
APP_001052,CUST_08364,BR007,2025-10-23 12:43:00,Investment Enquiry,Completed,26.0
APP_001053,CUST_06049,BR007,2025-10-23 14:41:00,Account Opening,Completed,24.0
APP_001054,CUST_07208,BR008,2025-10-23 10:48:00,Cash Withdrawal,Cancelled,4.5
APP_001055,CUST_05848,BR008,2025-10-23 11:08:00,Loan Enquiry,Completed,18.0
APP_001056,CUST_03319,BR008,2025-10-23 13:05:00,Cash Withdrawal,Completed,4.5
APP_001057,CUST_12947,BR008,2025-10-23 13:43:00,Cash Deposit,No-Show,6.5
APP_001058,CUST_00834,BR008,2025-10-23 13:09:00,General Customer Support,Completed,10.0
APP_001059,CUST_00763,BR009,2025-10-23 09:44:00,Loan Application,Completed,34.0
APP_001060,CUST_02252,BR009,2025-10-23 11:41:00,Cash Withdrawal,Completed,4.5
APP_001061,CUST_01681,BR009,2025-10-23 11:14:00,Credit Card Service,Completed,12.0
APP_001062,CUST_08006,BR009,2025-10-23 11:10:00,Cash Deposit,Completed,6.5
APP_001063,CUST_02670,BR009,2025-10-23 12:11:00,Cash Withdrawal,Completed,4.5
APP_001064,CUST_14135,BR009,2025-10-23 12:50:00,Account Opening,Completed,24.0
APP_001065,CUST_05651,BR009,2025-10-23 12:54:00,Account Opening,Completed,24.0
APP_001066,CUST_04413,BR010,2025-10-23 10:18:00,Cash Withdrawal,Completed,4.5
APP_001067,CUST_00429,BR010,2025-10-23 10:43:00,Credit Card Service,Completed,12.0
APP_001068,CUST_01364,BR010,2025-10-23 11:33:00,Account Opening,Completed,24.0
APP_001069,CUST_00238,BR001,2025-10-24 09:43:00,KYC Update,Completed,13.5
APP_001070,CUST_03749,BR001,2025-10-24 09:18:00,KYC Update,Completed,13.5
APP_001071,CUST_04764,BR001,2025-10-24 10:52:00,Account Opening,Completed,24.0
APP_001072,CUST_07092,BR001,2025-10-24 10:37:00,Cheque Services,Completed,6.0
APP_001073,CUST_11569,BR001,2025-10-24 10:22:00,Cheque Services,Completed,6.0
APP_001074,CUST_08660,BR001,2025-10-24 10:12:00,Investment Enquiry,Completed,26.0
APP_001075,CUST_02806,BR001,2025-10-24 10:18:00,Loan Enquiry,Completed,18.0
APP_001076,CUST_06475,BR002,2025-10-24 10:16:00,General Customer Support,Completed,10.0
APP_001077,CUST_11331,BR002,2025-10-24 10:29:00,Cash Deposit,Completed,6.5
APP_001078,CUST_07976,BR002,2025-10-24 10:38:00,Digital Banking Support,Completed,12.5
APP_001079,CUST_00375,BR002,2025-10-24 11:12:00,Account Opening,Completed,24.0
APP_001080,CUST_06998,BR002,2025-10-24 11:54:00,Cash Withdrawal,Cancelled,4.5
APP_001081,CUST_01493,BR002,2025-10-24 11:55:00,Account Opening,Completed,24.0
APP_001082,CUST_05994,BR002,2025-10-24 11:20:00,Cash Withdrawal,Completed,4.5
APP_001083,CUST_07355,BR002,2025-10-24 12:48:00,General Customer Support,Completed,10.0
APP_001084,CUST_11140,BR002,2025-10-24 12:31:00,Cash Withdrawal,Completed,4.5
APP_001085,CUST_01735,BR002,2025-10-24 12:38:00,General Customer Support,Completed,10.0
APP_001086,CUST_03140,BR002,2025-10-24 12:12:00,Cash Withdrawal,Completed,4.5
APP_001087,CUST_08026,BR002,2025-10-24 13:46:00,Cash Withdrawal,Completed,4.5
APP_001088,CUST_03024,BR002,2025-10-24 13:45:00,Statement Request,Completed,5.0
APP_001089,CUST_05792,BR003,2025-10-24 10:08:00,Cash Deposit,Completed,6.5
APP_001090,CUST_04685,BR003,2025-10-24 10:55:00,General Customer Support,Completed,10.0
APP_001091,CUST_09185,BR003,2025-10-24 10:04:00,Cash Deposit,Completed,6.5
APP_001092,CUST_12276,BR003,2025-10-24 10:03:00,KYC Update,Completed,13.5
APP_001093,CUST_01372,BR003,2025-10-24 10:54:00,Address Update,Completed,8.0
APP_001094,CUST_03107,BR003,2025-10-24 11:05:00,Cash Deposit,Completed,6.5
APP_001095,CUST_09533,BR003,2025-10-24 11:28:00,General Customer Support,Completed,10.0
APP_001096,CUST_08343,BR003,2025-10-24 12:18:00,Credit Card Service,Completed,12.0
APP_001097,CUST_13682,BR003,2025-10-24 12:10:00,Cheque Services,Completed,6.0
APP_001098,CUST_09519,BR004,2025-10-24 10:40:00,Cash Withdrawal,Completed,4.5
APP_001099,CUST_14358,BR004,2025-10-24 10:40:00,KYC Update,Completed,13.5
APP_001100,CUST_07421,BR004,2025-10-24 11:23:00,Loan Application,Completed,34.0
APP_001101,CUST_10899,BR004,2025-10-24 11:26:00,Loan Enquiry,Completed,18.0
APP_001102,CUST_08555,BR004,2025-10-24 13:10:00,KYC Update,Completed,13.5
APP_001103,CUST_09383,BR004,2025-10-24 13:23:00,Cash Withdrawal,Completed,4.5
APP_001104,CUST_12812,BR004,2025-10-24 14:28:00,Cash Deposit,Cancelled,6.5
APP_001105,CUST_03994,BR004,2025-10-24 14:08:00,Cash Withdrawal,Completed,4.5
APP_001106,CUST_07903,BR005,2025-10-24 10:11:00,Loan Enquiry,Completed,18.0
APP_001107,CUST_04619,BR005,2025-10-24 12:36:00,Loan Application,Completed,34.0
APP_001108,CUST_02345,BR005,2025-10-24 14:16:00,KYC Update,Completed,13.5
APP_001109,CUST_05949,BR005,2025-10-24 14:52:00,KYC Update,Completed,13.5
APP_001110,CUST_01913,BR006,2025-10-24 10:35:00,Address Update,Completed,8.0
APP_001111,CUST_08992,BR006,2025-10-24 11:20:00,Loan Application,Completed,34.0
APP_001112,CUST_01745,BR006,2025-10-24 11:20:00,Cash Deposit,Completed,6.5
APP_001113,CUST_13138,BR006,2025-10-24 11:27:00,Digital Banking Support,Completed,12.5
APP_001114,CUST_13645,BR006,2025-10-24 12:28:00,KYC Update,Completed,13.5
APP_001115,CUST_05591,BR006,2025-10-24 12:54:00,Account Opening,Completed,24.0
APP_001116,CUST_05617,BR006,2025-10-24 14:54:00,Statement Request,Completed,5.0
APP_001117,CUST_02572,BR006,2025-10-24 14:53:00,Investment Enquiry,Completed,26.0
APP_001118,CUST_13232,BR006,2025-10-24 14:42:00,Account Opening,Completed,24.0
APP_001119,CUST_00568,BR007,2025-10-24 09:12:00,Address Update,Cancelled,8.0
APP_001120,CUST_02110,BR007,2025-10-24 10:55:00,Cash Deposit,Completed,6.5
APP_001121,CUST_01114,BR007,2025-10-24 10:40:00,Cheque Services,Completed,6.0
APP_001122,CUST_10579,BR007,2025-10-24 11:50:00,KYC Update,Completed,13.5
APP_001123,CUST_04437,BR007,2025-10-24 12:13:00,Cash Deposit,Cancelled,6.5
APP_001124,CUST_11507,BR007,2025-10-24 12:15:00,Cheque Services,Completed,6.0
APP_001125,CUST_00129,BR008,2025-10-24 09:17:00,Cheque Services,Completed,6.0
APP_001126,CUST_11521,BR008,2025-10-24 10:29:00,Cash Deposit,Completed,6.5
APP_001127,CUST_03525,BR008,2025-10-24 12:30:00,Loan Enquiry,Completed,18.0
APP_001128,CUST_05447,BR008,2025-10-24 13:15:00,KYC Update,Completed,13.5
APP_001129,CUST_05904,BR008,2025-10-24 14:23:00,Complaint,Completed,16.5
APP_001130,CUST_06561,BR009,2025-10-24 09:02:00,Account Opening,Completed,24.0
APP_001131,CUST_10492,BR009,2025-10-24 09:33:00,Loan Enquiry,Completed,18.0
APP_001132,CUST_00377,BR009,2025-10-24 10:28:00,Investment Enquiry,Completed,26.0
APP_001133,CUST_03067,BR009,2025-10-24 10:06:00,Cash Deposit,Cancelled,6.5
APP_001134,CUST_05255,BR009,2025-10-24 11:26:00,KYC Update,Completed,13.5
APP_001135,CUST_08958,BR009,2025-10-24 11:37:00,Loan Enquiry,Completed,18.0
APP_001136,CUST_04680,BR009,2025-10-24 11:23:00,KYC Update,Completed,13.5
APP_001137,CUST_14181,BR009,2025-10-24 11:55:00,KYC Update,Completed,13.5
APP_001138,CUST_02000,BR010,2025-10-24 09:17:00,Complaint,Completed,16.5
APP_001139,CUST_14570,BR010,2025-10-24 09:12:00,Statement Request,Completed,5.0
APP_001140,CUST_02251,BR010,2025-10-24 10:31:00,General Customer Support,Completed,10.0
APP_001141,CUST_09394,BR010,2025-10-24 10:04:00,Credit Card Service,Completed,12.0
APP_001142,CUST_02948,BR010,2025-10-24 10:41:00,Account Opening,Completed,24.0
APP_001143,CUST_14275,BR001,2025-10-27 09:11:00,General Customer Support,Completed,10.0
APP_001144,CUST_03871,BR001,2025-10-27 09:02:00,Cash Withdrawal,Completed,4.5
APP_001145,CUST_07877,BR001,2025-10-27 10:16:00,Cheque Services,Completed,6.0
APP_001146,CUST_09981,BR001,2025-10-27 10:20:00,General Customer Support,Completed,10.0
APP_001147,CUST_09274,BR001,2025-10-27 10:07:00,Account Opening,Completed,24.0
APP_001148,CUST_12594,BR001,2025-10-27 10:42:00,Credit Card Service,Cancelled,12.0
APP_001149,CUST_09791,BR001,2025-10-27 11:22:00,Cash Withdrawal,Completed,4.5
APP_001150,CUST_02238,BR001,2025-10-27 11:40:00,Loan Enquiry,Completed,18.0
APP_001151,CUST_02503,BR001,2025-10-27 11:08:00,Cheque Services,Completed,6.0
APP_001152,CUST_09286,BR001,2025-10-27 11:29:00,Account Opening,Cancelled,24.0
APP_001153,CUST_02152,BR001,2025-10-27 12:29:00,Credit Card Service,Completed,12.0
APP_001154,CUST_00988,BR001,2025-10-27 12:40:00,Loan Application,Completed,34.0
APP_001155,CUST_05825,BR001,2025-10-27 12:25:00,Account Opening,Completed,24.0
APP_001156,CUST_09089,BR001,2025-10-27 13:41:00,KYC Update,Cancelled,13.5
APP_001157,CUST_13151,BR002,2025-10-27 09:54:00,Cash Withdrawal,Completed,4.5
APP_001158,CUST_14557,BR002,2025-10-27 09:20:00,Address Update,Completed,8.0
APP_001159,CUST_13176,BR002,2025-10-27 09:42:00,KYC Update,Completed,13.5
APP_001160,CUST_11685,BR002,2025-10-27 10:13:00,Cash Deposit,Completed,6.5
APP_001161,CUST_08615,BR002,2025-10-27 10:10:00,Cash Withdrawal,Completed,4.5
APP_001162,CUST_05141,BR002,2025-10-27 11:15:00,Digital Banking Support,Completed,12.5
APP_001163,CUST_12304,BR002,2025-10-27 11:51:00,KYC Update,Completed,13.5
APP_001164,CUST_13021,BR002,2025-10-27 11:20:00,KYC Update,Completed,13.5
APP_001165,CUST_04964,BR002,2025-10-27 11:43:00,Loan Enquiry,Completed,18.0
APP_001166,CUST_02006,BR002,2025-10-27 11:31:00,Account Opening,Completed,24.0
APP_001167,CUST_06615,BR002,2025-10-27 11:43:00,Cash Deposit,Completed,6.5
APP_001168,CUST_08939,BR003,2025-10-27 10:22:00,Cash Deposit,Completed,6.5
APP_001169,CUST_10559,BR003,2025-10-27 10:25:00,Loan Enquiry,Completed,18.0
APP_001170,CUST_11896,BR003,2025-10-27 10:20:00,Complaint,Completed,16.5
APP_001171,CUST_12513,BR003,2025-10-27 10:51:00,Investment Enquiry,Completed,26.0
APP_001172,CUST_11689,BR003,2025-10-27 11:15:00,Cash Deposit,Completed,6.5
APP_001173,CUST_00225,BR003,2025-10-27 11:50:00,General Customer Support,No-Show,10.0
APP_001174,CUST_09429,BR003,2025-10-27 11:04:00,Loan Application,Completed,34.0
APP_001175,CUST_11694,BR003,2025-10-27 11:11:00,Cheque Services,Completed,6.0
APP_001176,CUST_05839,BR003,2025-10-27 12:50:00,Digital Banking Support,No-Show,12.5
APP_001177,CUST_08537,BR003,2025-10-27 12:23:00,Cash Deposit,Completed,6.5
APP_001178,CUST_01665,BR003,2025-10-27 13:32:00,Cash Withdrawal,Completed,4.5
APP_001179,CUST_03202,BR003,2025-10-27 13:19:00,Cash Withdrawal,Completed,4.5
APP_001180,CUST_13399,BR004,2025-10-27 09:16:00,Cash Withdrawal,Completed,4.5
APP_001181,CUST_12200,BR004,2025-10-27 09:54:00,Credit Card Service,Completed,12.0
APP_001182,CUST_01365,BR004,2025-10-27 10:21:00,Credit Card Service,Completed,12.0
APP_001183,CUST_12090,BR004,2025-10-27 10:24:00,KYC Update,Completed,13.5
APP_001184,CUST_09613,BR004,2025-10-27 10:01:00,Cash Deposit,Completed,6.5
APP_001185,CUST_14170,BR004,2025-10-27 11:03:00,KYC Update,Completed,13.5
APP_001186,CUST_04956,BR005,2025-10-27 10:08:00,Account Opening,Completed,24.0
APP_001187,CUST_00800,BR005,2025-10-27 11:00:00,Address Update,No-Show,8.0
APP_001188,CUST_04552,BR005,2025-10-27 11:53:00,Cash Withdrawal,No-Show,4.5
APP_001189,CUST_07735,BR005,2025-10-27 12:24:00,Loan Application,Completed,34.0
APP_001190,CUST_00953,BR005,2025-10-27 12:35:00,Account Opening,Completed,24.0
APP_001191,CUST_02715,BR005,2025-10-27 13:04:00,Cash Deposit,Completed,6.5
APP_001192,CUST_12062,BR005,2025-10-27 13:17:00,Cash Withdrawal,Completed,4.5
APP_001193,CUST_12364,BR006,2025-10-27 09:48:00,General Customer Support,Completed,10.0
APP_001194,CUST_03132,BR006,2025-10-27 10:02:00,Cash Withdrawal,Completed,4.5
APP_001195,CUST_10191,BR006,2025-10-27 10:13:00,Loan Application,Completed,34.0
APP_001196,CUST_09432,BR006,2025-10-27 10:16:00,Loan Application,Completed,34.0
APP_001197,CUST_12948,BR006,2025-10-27 11:52:00,Cash Withdrawal,Completed,4.5
APP_001198,CUST_00097,BR006,2025-10-27 11:38:00,Account Opening,Completed,24.0
APP_001199,CUST_09034,BR006,2025-10-27 11:39:00,KYC Update,Completed,13.5
APP_001200,CUST_13892,BR007,2025-10-27 10:02:00,Cheque Services,Completed,6.0
APP_001201,CUST_02598,BR007,2025-10-27 10:26:00,Cash Withdrawal,Completed,4.5
APP_001202,CUST_10067,BR007,2025-10-27 11:20:00,Complaint,Completed,16.5
APP_001203,CUST_14628,BR007,2025-10-27 12:53:00,General Customer Support,Completed,10.0
APP_001204,CUST_01525,BR007,2025-10-27 12:14:00,Cash Withdrawal,Completed,4.5
APP_001205,CUST_10786,BR007,2025-10-27 12:37:00,KYC Update,Completed,13.5
APP_001206,CUST_13686,BR007,2025-10-27 12:34:00,Cheque Services,Completed,6.0
APP_001207,CUST_03940,BR007,2025-10-27 13:52:00,Statement Request,Completed,5.0
APP_001208,CUST_04571,BR007,2025-10-27 13:17:00,General Customer Support,Completed,10.0
APP_001209,CUST_08801,BR007,2025-10-27 13:13:00,Investment Enquiry,Completed,26.0
APP_001210,CUST_10656,BR008,2025-10-27 09:41:00,Cash Withdrawal,Completed,4.5
APP_001211,CUST_02397,BR008,2025-10-27 09:01:00,Loan Enquiry,Completed,18.0
APP_001212,CUST_12288,BR008,2025-10-27 09:02:00,Cash Deposit,Completed,6.5
APP_001213,CUST_11782,BR009,2025-10-27 09:13:00,Digital Banking Support,Completed,12.5
APP_001214,CUST_04953,BR009,2025-10-27 10:39:00,KYC Update,Completed,13.5
APP_001215,CUST_00391,BR009,2025-10-27 10:25:00,Cash Deposit,Completed,6.5
APP_001216,CUST_08216,BR009,2025-10-27 10:20:00,Cash Deposit,Completed,6.5
APP_001217,CUST_06190,BR009,2025-10-27 10:53:00,Cash Deposit,Completed,6.5
APP_001218,CUST_05017,BR009,2025-10-27 11:13:00,Complaint,Completed,16.5
APP_001219,CUST_03629,BR009,2025-10-27 11:11:00,Account Opening,Completed,24.0
APP_001220,CUST_12588,BR009,2025-10-27 11:22:00,Cash Withdrawal,Completed,4.5
APP_001221,CUST_03157,BR010,2025-10-27 10:07:00,Complaint,Completed,16.5
APP_001222,CUST_02457,BR010,2025-10-27 13:07:00,General Customer Support,Completed,10.0
APP_001223,CUST_04966,BR010,2025-10-27 15:33:00,General Customer Support,Completed,10.0
APP_001224,CUST_08181,BR001,2025-10-28 11:36:00,Cash Deposit,Completed,6.5
APP_001225,CUST_08136,BR001,2025-10-28 11:08:00,Cash Withdrawal,Completed,4.5
APP_001226,CUST_05510,BR001,2025-10-28 11:00:00,Credit Card Service,Completed,12.0
APP_001227,CUST_09722,BR001,2025-10-28 11:01:00,General Customer Support,Completed,10.0
APP_001228,CUST_10772,BR001,2025-10-28 11:13:00,Loan Enquiry,Completed,18.0
APP_001229,CUST_10848,BR001,2025-10-28 11:39:00,Cash Deposit,Completed,6.5
APP_001230,CUST_02955,BR001,2025-10-28 11:08:00,Statement Request,Completed,5.0
APP_001231,CUST_07770,BR001,2025-10-28 11:19:00,Cash Withdrawal,Completed,4.5
APP_001232,CUST_04388,BR001,2025-10-28 11:25:00,General Customer Support,Completed,10.0
APP_001233,CUST_06268,BR001,2025-10-28 11:52:00,Cash Deposit,Completed,6.5
APP_001234,CUST_11403,BR001,2025-10-28 12:11:00,KYC Update,Completed,13.5
APP_001235,CUST_09815,BR001,2025-10-28 12:03:00,Cash Withdrawal,Cancelled,4.5
APP_001236,CUST_00661,BR001,2025-10-28 12:28:00,KYC Update,Completed,13.5
APP_001237,CUST_07836,BR001,2025-10-28 13:09:00,Cash Deposit,Completed,6.5
APP_001238,CUST_14473,BR001,2025-10-28 13:42:00,Cash Deposit,Completed,6.5
APP_001239,CUST_13258,BR001,2025-10-28 14:45:00,Account Opening,Completed,24.0
APP_001240,CUST_03592,BR001,2025-10-28 14:02:00,Cash Deposit,Completed,6.5
APP_001241,CUST_03898,BR002,2025-10-28 10:15:00,Digital Banking Support,Completed,12.5
APP_001242,CUST_07740,BR002,2025-10-28 10:15:00,Cheque Services,Completed,6.0
APP_001243,CUST_06076,BR002,2025-10-28 10:23:00,Cash Deposit,No-Show,6.5
APP_001244,CUST_08290,BR002,2025-10-28 10:47:00,Cash Withdrawal,Completed,4.5
APP_001245,CUST_06172,BR002,2025-10-28 12:52:00,Statement Request,Completed,5.0
APP_001246,CUST_06523,BR002,2025-10-28 12:00:00,Cash Deposit,Completed,6.5
APP_001247,CUST_04722,BR002,2025-10-28 12:44:00,Cheque Services,Completed,6.0
APP_001248,CUST_14165,BR002,2025-10-28 12:47:00,Credit Card Service,Completed,12.0
APP_001249,CUST_05950,BR002,2025-10-28 12:04:00,Cheque Services,Completed,6.0
APP_001250,CUST_07435,BR002,2025-10-28 13:41:00,Credit Card Service,Cancelled,12.0
APP_001251,CUST_11435,BR002,2025-10-28 13:28:00,Digital Banking Support,Completed,12.5
APP_001252,CUST_02520,BR002,2025-10-28 13:26:00,Loan Enquiry,Completed,18.0
APP_001253,CUST_05800,BR003,2025-10-28 09:25:00,Address Update,Completed,8.0
APP_001254,CUST_12575,BR003,2025-10-28 09:36:00,KYC Update,Completed,13.5
APP_001255,CUST_02199,BR003,2025-10-28 10:03:00,KYC Update,Completed,13.5
APP_001256,CUST_13780,BR003,2025-10-28 10:31:00,Cash Deposit,Completed,6.5
APP_001257,CUST_05734,BR003,2025-10-28 10:42:00,KYC Update,Completed,13.5
APP_001258,CUST_09018,BR003,2025-10-28 10:52:00,Cash Withdrawal,Cancelled,4.5
APP_001259,CUST_02418,BR003,2025-10-28 11:38:00,Cash Deposit,Completed,6.5
APP_001260,CUST_02574,BR003,2025-10-28 11:33:00,Cheque Services,Completed,6.0
APP_001261,CUST_07160,BR003,2025-10-28 11:04:00,Statement Request,Completed,5.0
APP_001262,CUST_03435,BR003,2025-10-28 11:08:00,Cash Withdrawal,Completed,4.5
APP_001263,CUST_08041,BR004,2025-10-28 09:08:00,Cash Deposit,Completed,6.5
APP_001264,CUST_12706,BR004,2025-10-28 10:29:00,Account Opening,Completed,24.0
APP_001265,CUST_13308,BR004,2025-10-28 10:09:00,Loan Enquiry,Completed,18.0
APP_001266,CUST_07519,BR004,2025-10-28 11:09:00,Cash Deposit,Completed,6.5
APP_001267,CUST_04290,BR004,2025-10-28 11:20:00,Cash Withdrawal,Completed,4.5
APP_001268,CUST_08568,BR004,2025-10-28 12:05:00,Cheque Services,Completed,6.0
APP_001269,CUST_01432,BR004,2025-10-28 12:27:00,Address Update,Completed,8.0
APP_001270,CUST_11811,BR004,2025-10-28 12:35:00,KYC Update,Completed,13.5
APP_001271,CUST_08513,BR004,2025-10-28 13:05:00,Statement Request,Completed,5.0
APP_001272,CUST_00448,BR005,2025-10-28 09:25:00,Address Update,Completed,8.0
APP_001273,CUST_12097,BR005,2025-10-28 09:04:00,Cash Deposit,Completed,6.5
APP_001274,CUST_06630,BR005,2025-10-28 10:53:00,Account Opening,Completed,24.0
APP_001275,CUST_02652,BR005,2025-10-28 10:54:00,Complaint,Completed,16.5
APP_001276,CUST_06557,BR005,2025-10-28 10:19:00,Cash Withdrawal,Cancelled,4.5
APP_001277,CUST_11880,BR005,2025-10-28 11:16:00,Address Update,Completed,8.0
APP_001278,CUST_14943,BR005,2025-10-28 12:33:00,KYC Update,Completed,13.5
APP_001279,CUST_08892,BR005,2025-10-28 12:43:00,KYC Update,Completed,13.5
APP_001280,CUST_08294,BR005,2025-10-28 12:04:00,Digital Banking Support,Completed,12.5
APP_001281,CUST_05898,BR005,2025-10-28 12:17:00,Credit Card Service,Completed,12.0
APP_001282,CUST_12373,BR005,2025-10-28 12:52:00,Cash Withdrawal,Completed,4.5
APP_001283,CUST_06808,BR006,2025-10-28 10:14:00,Complaint,Completed,16.5
APP_001284,CUST_00637,BR006,2025-10-28 10:25:00,Loan Enquiry,Completed,18.0
APP_001285,CUST_03609,BR006,2025-10-28 11:05:00,KYC Update,Completed,13.5
APP_001286,CUST_00988,BR006,2025-10-28 11:09:00,Cheque Services,Completed,6.0
APP_001287,CUST_05676,BR006,2025-10-28 11:31:00,Credit Card Service,Completed,12.0
APP_001288,CUST_01746,BR006,2025-10-28 12:49:00,Cheque Services,Completed,6.0
APP_001289,CUST_06513,BR006,2025-10-28 12:46:00,Cash Withdrawal,Completed,4.5
APP_001290,CUST_07914,BR007,2025-10-28 09:11:00,General Customer Support,Completed,10.0
APP_001291,CUST_13503,BR007,2025-10-28 09:18:00,General Customer Support,Completed,10.0
APP_001292,CUST_11909,BR007,2025-10-28 10:01:00,Digital Banking Support,Completed,12.5
APP_001293,CUST_04793,BR007,2025-10-28 10:01:00,Loan Enquiry,Completed,18.0
APP_001294,CUST_00731,BR007,2025-10-28 10:29:00,Cheque Services,Completed,6.0
APP_001295,CUST_05008,BR007,2025-10-28 11:34:00,Cash Deposit,Completed,6.5
APP_001296,CUST_12931,BR007,2025-10-28 11:36:00,KYC Update,Completed,13.5
APP_001297,CUST_14825,BR007,2025-10-28 12:30:00,Account Opening,Completed,24.0
APP_001298,CUST_04051,BR007,2025-10-28 12:27:00,General Customer Support,Completed,10.0
APP_001299,CUST_00538,BR008,2025-10-28 10:06:00,Cheque Services,Cancelled,6.0
APP_001300,CUST_11834,BR008,2025-10-28 10:16:00,Statement Request,Completed,5.0
APP_001301,CUST_06419,BR008,2025-10-28 10:14:00,General Customer Support,Completed,10.0
APP_001302,CUST_13076,BR008,2025-10-28 11:23:00,KYC Update,Completed,13.5
APP_001303,CUST_13197,BR008,2025-10-28 11:07:00,Cheque Services,Completed,6.0
APP_001304,CUST_06952,BR008,2025-10-28 11:47:00,Account Opening,Completed,24.0
APP_001305,CUST_00488,BR008,2025-10-28 13:39:00,Account Opening,Completed,24.0
APP_001306,CUST_03503,BR008,2025-10-28 13:53:00,KYC Update,Completed,13.5
APP_001307,CUST_14602,BR009,2025-10-28 09:13:00,Account Opening,Completed,24.0
APP_001308,CUST_09572,BR009,2025-10-28 10:28:00,Cash Withdrawal,Completed,4.5
APP_001309,CUST_14281,BR009,2025-10-28 10:17:00,General Customer Support,Completed,10.0
APP_001310,CUST_14666,BR009,2025-10-28 11:02:00,Loan Enquiry,Completed,18.0
APP_001311,CUST_14035,BR009,2025-10-28 11:41:00,Loan Enquiry,Completed,18.0
APP_001312,CUST_05517,BR009,2025-10-28 11:04:00,Address Update,Completed,8.0
APP_001313,CUST_10309,BR009,2025-10-28 12:39:00,Cash Deposit,Completed,6.5
APP_001314,CUST_10419,BR009,2025-10-28 12:35:00,Cash Withdrawal,Completed,4.5
APP_001315,CUST_10986,BR009,2025-10-28 12:31:00,Cheque Services,Completed,6.0
APP_001316,CUST_07740,BR009,2025-10-28 12:48:00,Loan Enquiry,Completed,18.0
APP_001317,CUST_13955,BR009,2025-10-28 13:32:00,Loan Enquiry,Completed,18.0
APP_001318,CUST_11563,BR010,2025-10-28 10:18:00,KYC Update,Completed,13.5
APP_001319,CUST_07773,BR010,2025-10-28 12:09:00,Loan Application,Completed,34.0
APP_001320,CUST_08145,BR010,2025-10-28 12:29:00,Complaint,Completed,16.5
APP_001321,CUST_13520,BR010,2025-10-28 13:39:00,Statement Request,Completed,5.0
APP_001322,CUST_13402,BR010,2025-10-28 13:30:00,Loan Application,Completed,34.0
APP_001323,CUST_11635,BR010,2025-10-28 13:43:00,Loan Enquiry,Completed,18.0
APP_001324,CUST_08237,BR010,2025-10-28 13:50:00,General Customer Support,Completed,10.0
APP_001325,CUST_14379,BR001,2025-10-29 09:10:00,Credit Card Service,Completed,12.0
APP_001326,CUST_14637,BR001,2025-10-29 09:05:00,Investment Enquiry,Completed,26.0
APP_001327,CUST_07128,BR001,2025-10-29 10:53:00,KYC Update,Cancelled,13.5
APP_001328,CUST_11834,BR001,2025-10-29 10:04:00,Loan Application,Completed,34.0
APP_001329,CUST_08410,BR001,2025-10-29 11:39:00,Cash Withdrawal,Completed,4.5
APP_001330,CUST_11770,BR001,2025-10-29 11:29:00,Loan Enquiry,Completed,18.0
APP_001331,CUST_06536,BR001,2025-10-29 12:06:00,Loan Enquiry,Completed,18.0
APP_001332,CUST_04945,BR001,2025-10-29 13:55:00,Cash Withdrawal,Completed,4.5
APP_001333,CUST_06540,BR001,2025-10-29 13:37:00,Account Opening,Completed,24.0
APP_001334,CUST_05577,BR001,2025-10-29 14:44:00,Address Update,Completed,8.0
APP_001335,CUST_01582,BR002,2025-10-29 10:41:00,Loan Application,Completed,34.0
APP_001336,CUST_14386,BR002,2025-10-29 11:10:00,Account Opening,Cancelled,24.0
APP_001337,CUST_00394,BR002,2025-10-29 13:00:00,Account Opening,No-Show,24.0
APP_001338,CUST_08077,BR002,2025-10-29 13:11:00,Complaint,Completed,16.5
APP_001339,CUST_05882,BR002,2025-10-29 13:11:00,Loan Enquiry,Completed,18.0
APP_001340,CUST_03992,BR002,2025-10-29 13:26:00,Loan Application,Completed,34.0
APP_001341,CUST_07397,BR002,2025-10-29 13:39:00,Cash Withdrawal,Completed,4.5
APP_001342,CUST_09721,BR002,2025-10-29 13:34:00,Digital Banking Support,Completed,12.5
APP_001343,CUST_04113,BR002,2025-10-29 14:15:00,Loan Enquiry,Completed,18.0
APP_001344,CUST_00083,BR002,2025-10-29 15:06:00,Account Opening,Completed,24.0
APP_001345,CUST_06186,BR002,2025-10-29 15:09:00,KYC Update,Completed,13.5
APP_001346,CUST_08947,BR003,2025-10-29 10:52:00,Cash Deposit,Completed,6.5
APP_001347,CUST_13198,BR003,2025-10-29 10:54:00,Cash Deposit,Completed,6.5
APP_001348,CUST_10636,BR003,2025-10-29 11:44:00,Cash Withdrawal,Cancelled,4.5
APP_001349,CUST_08278,BR003,2025-10-29 11:03:00,Complaint,Completed,16.5
APP_001350,CUST_08349,BR003,2025-10-29 11:21:00,Credit Card Service,Completed,12.0
APP_001351,CUST_07481,BR003,2025-10-29 11:11:00,Cash Deposit,Completed,6.5
APP_001352,CUST_12471,BR003,2025-10-29 11:53:00,General Customer Support,No-Show,10.0
APP_001353,CUST_02444,BR003,2025-10-29 13:32:00,Account Opening,Cancelled,24.0
APP_001354,CUST_08812,BR003,2025-10-29 13:02:00,Cash Withdrawal,Completed,4.5
APP_001355,CUST_04027,BR003,2025-10-29 14:37:00,General Customer Support,Completed,10.0
APP_001356,CUST_02619,BR003,2025-10-29 14:47:00,Account Opening,Completed,24.0
APP_001357,CUST_13224,BR003,2025-10-29 14:16:00,General Customer Support,Completed,10.0
APP_001358,CUST_04391,BR004,2025-10-29 09:16:00,Cash Withdrawal,Completed,4.5
APP_001359,CUST_08288,BR004,2025-10-29 10:14:00,Cheque Services,Completed,6.0
APP_001360,CUST_01956,BR004,2025-10-29 10:06:00,Cash Deposit,Completed,6.5
APP_001361,CUST_05896,BR004,2025-10-29 10:51:00,KYC Update,No-Show,13.5
APP_001362,CUST_07867,BR004,2025-10-29 11:20:00,Digital Banking Support,Completed,12.5
APP_001363,CUST_07187,BR004,2025-10-29 11:37:00,Address Update,Cancelled,8.0
APP_001364,CUST_00139,BR004,2025-10-29 11:17:00,Cheque Services,No-Show,6.0
APP_001365,CUST_01272,BR005,2025-10-29 10:10:00,Cash Withdrawal,Completed,4.5
APP_001366,CUST_02224,BR005,2025-10-29 10:41:00,Statement Request,Completed,5.0
APP_001367,CUST_09502,BR005,2025-10-29 10:50:00,Loan Enquiry,Completed,18.0
APP_001368,CUST_14034,BR005,2025-10-29 10:16:00,KYC Update,Completed,13.5
APP_001369,CUST_10059,BR005,2025-10-29 10:19:00,Cash Withdrawal,Completed,4.5
APP_001370,CUST_04312,BR005,2025-10-29 11:10:00,Cash Deposit,Completed,6.5
APP_001371,CUST_02898,BR006,2025-10-29 09:00:00,Address Update,Cancelled,8.0
APP_001372,CUST_10216,BR006,2025-10-29 09:39:00,Loan Enquiry,Completed,18.0
APP_001373,CUST_06525,BR006,2025-10-29 10:19:00,General Customer Support,Completed,10.0
APP_001374,CUST_14679,BR006,2025-10-29 10:14:00,Account Opening,Completed,24.0
APP_001375,CUST_04020,BR006,2025-10-29 10:24:00,Account Opening,Completed,24.0
APP_001376,CUST_00766,BR006,2025-10-29 11:37:00,Cash Deposit,Completed,6.5
APP_001377,CUST_06534,BR006,2025-10-29 12:47:00,Investment Enquiry,Completed,26.0
APP_001378,CUST_14412,BR007,2025-10-29 09:21:00,Address Update,Completed,8.0
APP_001379,CUST_07949,BR007,2025-10-29 10:39:00,Cash Deposit,Completed,6.5
APP_001380,CUST_13592,BR007,2025-10-29 10:54:00,KYC Update,Completed,13.5
APP_001381,CUST_01357,BR007,2025-10-29 12:33:00,Loan Enquiry,Cancelled,18.0
APP_001382,CUST_00826,BR007,2025-10-29 12:33:00,Cash Deposit,Completed,6.5
APP_001383,CUST_05103,BR007,2025-10-29 13:40:00,Cheque Services,Completed,6.0
APP_001384,CUST_12561,BR007,2025-10-29 13:28:00,Cash Deposit,Completed,6.5
APP_001385,CUST_10351,BR008,2025-10-29 09:23:00,Address Update,Completed,8.0
APP_001386,CUST_13240,BR008,2025-10-29 10:04:00,Cash Deposit,Completed,6.5
APP_001387,CUST_06215,BR008,2025-10-29 10:52:00,Cash Withdrawal,Completed,4.5
APP_001388,CUST_05092,BR008,2025-10-29 10:36:00,Account Opening,Completed,24.0
APP_001389,CUST_13228,BR009,2025-10-29 09:26:00,KYC Update,Completed,13.5
APP_001390,CUST_05743,BR009,2025-10-29 10:12:00,Loan Application,Completed,34.0
APP_001391,CUST_05760,BR009,2025-10-29 10:17:00,Loan Enquiry,Completed,18.0
APP_001392,CUST_11586,BR009,2025-10-29 11:48:00,Cash Deposit,Completed,6.5
APP_001393,CUST_06914,BR009,2025-10-29 11:39:00,KYC Update,Completed,13.5
APP_001394,CUST_06325,BR009,2025-10-29 11:25:00,Cash Deposit,Completed,6.5
APP_001395,CUST_13856,BR009,2025-10-29 11:53:00,Credit Card Service,Completed,12.0
APP_001396,CUST_03352,BR009,2025-10-29 12:24:00,Cash Withdrawal,Completed,4.5
APP_001397,CUST_09843,BR009,2025-10-29 12:48:00,Account Opening,Completed,24.0
APP_001398,CUST_09604,BR009,2025-10-29 13:02:00,Cheque Services,Completed,6.0
APP_001399,CUST_09497,BR010,2025-10-29 10:02:00,Credit Card Service,Cancelled,12.0
APP_001400,CUST_09788,BR010,2025-10-29 10:31:00,Complaint,Completed,16.5
APP_001401,CUST_03558,BR010,2025-10-29 11:47:00,Cash Deposit,Completed,6.5
APP_001402,CUST_05421,BR010,2025-10-29 11:27:00,Cash Withdrawal,Completed,4.5
APP_001403,CUST_05872,BR010,2025-10-29 11:28:00,KYC Update,Completed,13.5
APP_001404,CUST_03973,BR010,2025-10-29 12:28:00,General Customer Support,Cancelled,10.0
APP_001405,CUST_14231,BR001,2025-10-30 10:26:00,Statement Request,Completed,5.0
APP_001406,CUST_02062,BR001,2025-10-30 10:31:00,Cash Withdrawal,Completed,4.5
APP_001407,CUST_00483,BR001,2025-10-30 10:27:00,Credit Card Service,Completed,12.0
APP_001408,CUST_03183,BR001,2025-10-30 10:33:00,Cash Deposit,Completed,6.5
APP_001409,CUST_10275,BR001,2025-10-30 11:21:00,Digital Banking Support,Completed,12.5
APP_001410,CUST_00009,BR001,2025-10-30 11:23:00,Cash Withdrawal,Completed,4.5
APP_001411,CUST_12008,BR001,2025-10-30 11:52:00,Investment Enquiry,No-Show,26.0
APP_001412,CUST_03540,BR001,2025-10-30 11:05:00,Loan Application,Completed,34.0
APP_001413,CUST_11465,BR001,2025-10-30 11:29:00,Address Update,Cancelled,8.0
APP_001414,CUST_01304,BR001,2025-10-30 12:21:00,Investment Enquiry,Completed,26.0
APP_001415,CUST_12440,BR001,2025-10-30 12:20:00,Cheque Services,Completed,6.0
APP_001416,CUST_13114,BR001,2025-10-30 12:07:00,Address Update,Completed,8.0
APP_001417,CUST_11620,BR002,2025-10-30 09:39:00,Cash Deposit,Completed,6.5
APP_001418,CUST_09758,BR002,2025-10-30 10:27:00,Cash Deposit,Completed,6.5
APP_001419,CUST_13714,BR002,2025-10-30 11:43:00,KYC Update,Completed,13.5
APP_001420,CUST_12490,BR002,2025-10-30 12:39:00,Cheque Services,Completed,6.0
APP_001421,CUST_08266,BR002,2025-10-30 12:34:00,Address Update,Completed,8.0
APP_001422,CUST_09155,BR002,2025-10-30 13:33:00,KYC Update,Completed,13.5
APP_001423,CUST_01747,BR002,2025-10-30 13:18:00,Account Opening,Completed,24.0
APP_001424,CUST_06819,BR002,2025-10-30 13:10:00,KYC Update,Completed,13.5
APP_001425,CUST_13842,BR002,2025-10-30 14:00:00,Loan Enquiry,Completed,18.0
APP_001426,CUST_08854,BR003,2025-10-30 09:38:00,Loan Enquiry,Completed,18.0
APP_001427,CUST_00118,BR003,2025-10-30 10:09:00,Investment Enquiry,Completed,26.0
APP_001428,CUST_04928,BR003,2025-10-30 10:53:00,Investment Enquiry,Completed,26.0
APP_001429,CUST_13248,BR003,2025-10-30 10:48:00,KYC Update,Completed,13.5
APP_001430,CUST_09429,BR003,2025-10-30 10:40:00,Cheque Services,Completed,6.0
APP_001431,CUST_09068,BR003,2025-10-30 10:00:00,Investment Enquiry,Completed,26.0
APP_001432,CUST_11047,BR003,2025-10-30 11:15:00,Cash Withdrawal,Completed,4.5
APP_001433,CUST_13474,BR003,2025-10-30 11:16:00,KYC Update,Completed,13.5
APP_001434,CUST_08769,BR003,2025-10-30 11:46:00,Cash Deposit,Completed,6.5
APP_001435,CUST_14216,BR003,2025-10-30 11:23:00,Cash Withdrawal,Completed,4.5
APP_001436,CUST_12932,BR003,2025-10-30 11:13:00,Cash Withdrawal,Completed,4.5
APP_001437,CUST_12520,BR003,2025-10-30 12:14:00,Cash Deposit,Completed,6.5
APP_001438,CUST_05824,BR003,2025-10-30 12:47:00,Cash Deposit,Completed,6.5
APP_001439,CUST_06485,BR003,2025-10-30 12:19:00,Account Opening,Completed,24.0
APP_001440,CUST_05299,BR004,2025-10-30 09:43:00,KYC Update,Completed,13.5
APP_001441,CUST_04894,BR004,2025-10-30 09:47:00,Cash Deposit,Completed,6.5
APP_001442,CUST_06186,BR004,2025-10-30 09:43:00,Investment Enquiry,Completed,26.0
APP_001443,CUST_00350,BR004,2025-10-30 09:43:00,Statement Request,Cancelled,5.0
APP_001444,CUST_07198,BR004,2025-10-30 10:18:00,Loan Enquiry,Completed,18.0
APP_001445,CUST_03302,BR004,2025-10-30 10:28:00,KYC Update,No-Show,13.5
APP_001446,CUST_05122,BR004,2025-10-30 10:24:00,Complaint,Completed,16.5
APP_001447,CUST_02695,BR004,2025-10-30 10:00:00,Account Opening,Completed,24.0
APP_001448,CUST_00947,BR004,2025-10-30 11:55:00,KYC Update,Completed,13.5
APP_001449,CUST_06316,BR004,2025-10-30 12:47:00,Credit Card Service,Completed,12.0
APP_001450,CUST_05296,BR004,2025-10-30 12:05:00,Account Opening,Completed,24.0
APP_001451,CUST_02420,BR005,2025-10-30 09:23:00,Loan Application,Completed,34.0
APP_001452,CUST_08861,BR005,2025-10-30 10:21:00,Loan Application,Completed,34.0
APP_001453,CUST_00616,BR005,2025-10-30 10:05:00,Statement Request,No-Show,5.0
APP_001454,CUST_14910,BR005,2025-10-30 11:41:00,Loan Enquiry,Completed,18.0
APP_001455,CUST_10482,BR005,2025-10-30 11:01:00,Statement Request,Completed,5.0
APP_001456,CUST_11049,BR005,2025-10-30 11:24:00,KYC Update,No-Show,13.5
APP_001457,CUST_14857,BR005,2025-10-30 12:18:00,Cheque Services,Completed,6.0
APP_001458,CUST_12756,BR005,2025-10-30 12:43:00,Cash Withdrawal,Completed,4.5
APP_001459,CUST_04837,BR005,2025-10-30 13:47:00,Address Update,Completed,8.0
APP_001460,CUST_00392,BR006,2025-10-30 09:22:00,Account Opening,Completed,24.0
APP_001461,CUST_00533,BR006,2025-10-30 10:01:00,Investment Enquiry,No-Show,26.0
APP_001462,CUST_02527,BR006,2025-10-30 10:47:00,Credit Card Service,Completed,12.0
APP_001463,CUST_09977,BR006,2025-10-30 11:15:00,Cash Withdrawal,Completed,4.5
APP_001464,CUST_06582,BR006,2025-10-30 11:19:00,KYC Update,Completed,13.5
APP_001465,CUST_06852,BR006,2025-10-30 12:16:00,Account Opening,Completed,24.0
APP_001466,CUST_11841,BR006,2025-10-30 13:26:00,Account Opening,Completed,24.0
APP_001467,CUST_14745,BR006,2025-10-30 13:12:00,Account Opening,Completed,24.0
APP_001468,CUST_05053,BR006,2025-10-30 13:01:00,Address Update,Completed,8.0
APP_001469,CUST_09039,BR006,2025-10-30 14:21:00,Address Update,Completed,8.0
APP_001470,CUST_05285,BR007,2025-10-30 09:05:00,Loan Enquiry,Completed,18.0
APP_001471,CUST_14996,BR007,2025-10-30 10:36:00,Address Update,Completed,8.0
APP_001472,CUST_13230,BR007,2025-10-30 10:07:00,Cash Withdrawal,Cancelled,4.5
APP_001473,CUST_12550,BR007,2025-10-30 10:15:00,Cash Deposit,Completed,6.5
APP_001474,CUST_08537,BR007,2025-10-30 10:14:00,Address Update,Completed,8.0
APP_001475,CUST_14069,BR007,2025-10-30 11:13:00,Cash Deposit,Completed,6.5
APP_001476,CUST_11056,BR007,2025-10-30 11:49:00,Statement Request,Completed,5.0
APP_001477,CUST_02405,BR008,2025-10-30 09:14:00,Investment Enquiry,Completed,26.0
APP_001478,CUST_01565,BR008,2025-10-30 09:49:00,Cheque Services,Completed,6.0
APP_001479,CUST_12094,BR008,2025-10-30 10:04:00,Cash Withdrawal,No-Show,4.5
APP_001480,CUST_14136,BR008,2025-10-30 11:43:00,Credit Card Service,Completed,12.0
APP_001481,CUST_03743,BR008,2025-10-30 13:30:00,Cash Deposit,Completed,6.5
APP_001482,CUST_09815,BR009,2025-10-30 09:24:00,KYC Update,No-Show,13.5
APP_001483,CUST_02083,BR009,2025-10-30 10:11:00,General Customer Support,Completed,10.0
APP_001484,CUST_05871,BR009,2025-10-30 10:48:00,Loan Enquiry,Completed,18.0
APP_001485,CUST_08407,BR009,2025-10-30 10:00:00,Cash Withdrawal,Completed,4.5
APP_001486,CUST_02783,BR009,2025-10-30 11:19:00,Cash Withdrawal,Completed,4.5
APP_001487,CUST_12990,BR009,2025-10-30 11:18:00,Loan Application,Completed,34.0
APP_001488,CUST_10192,BR009,2025-10-30 11:45:00,KYC Update,Completed,13.5
APP_001489,CUST_11884,BR009,2025-10-30 11:06:00,Cash Deposit,Completed,6.5
APP_001490,CUST_09550,BR009,2025-10-30 11:19:00,Investment Enquiry,Completed,26.0
APP_001491,CUST_09294,BR010,2025-10-30 09:45:00,General Customer Support,Completed,10.0
APP_001492,CUST_10423,BR010,2025-10-30 09:33:00,Loan Application,Completed,34.0
APP_001493,CUST_11163,BR010,2025-10-30 10:42:00,General Customer Support,Completed,10.0
APP_001494,CUST_08098,BR010,2025-10-30 10:21:00,Loan Application,Completed,34.0
APP_001495,CUST_12336,BR010,2025-10-30 11:06:00,Account Opening,Completed,24.0
APP_001496,CUST_00838,BR001,2025-10-31 09:15:00,Cash Withdrawal,Completed,4.5
APP_001497,CUST_12783,BR001,2025-10-31 09:25:00,KYC Update,Completed,13.5
APP_001498,CUST_02788,BR001,2025-10-31 10:04:00,Cash Deposit,Completed,6.5
APP_001499,CUST_09479,BR001,2025-10-31 10:14:00,Loan Enquiry,Completed,18.0
APP_001500,CUST_10082,BR001,2025-10-31 10:43:00,Cash Deposit,Completed,6.5
APP_001501,CUST_08232,BR001,2025-10-31 10:39:00,Cheque Services,Completed,6.0
APP_001502,CUST_04629,BR001,2025-10-31 10:27:00,Cash Deposit,Completed,6.5
APP_001503,CUST_09520,BR001,2025-10-31 10:33:00,Cheque Services,Completed,6.0
APP_001504,CUST_03024,BR001,2025-10-31 11:48:00,Cash Deposit,Completed,6.5
APP_001505,CUST_06615,BR001,2025-10-31 11:15:00,Cash Withdrawal,Completed,4.5
APP_001506,CUST_01679,BR001,2025-10-31 11:44:00,Loan Application,Completed,34.0
APP_001507,CUST_09955,BR001,2025-10-31 11:49:00,Cash Deposit,No-Show,6.5
APP_001508,CUST_08647,BR001,2025-10-31 12:23:00,Cash Withdrawal,Completed,4.5
APP_001509,CUST_06422,BR001,2025-10-31 12:37:00,Credit Card Service,Completed,12.0
APP_001510,CUST_00236,BR001,2025-10-31 12:46:00,Credit Card Service,Completed,12.0
APP_001511,CUST_09474,BR001,2025-10-31 12:08:00,Cash Withdrawal,Completed,4.5
APP_001512,CUST_09191,BR001,2025-10-31 12:44:00,Cheque Services,Completed,6.0
APP_001513,CUST_14770,BR001,2025-10-31 13:38:00,Cheque Services,Completed,6.0
APP_001514,CUST_00276,BR002,2025-10-31 09:17:00,Loan Enquiry,Completed,18.0
APP_001515,CUST_02547,BR002,2025-10-31 10:19:00,Cash Withdrawal,Completed,4.5
APP_001516,CUST_14720,BR002,2025-10-31 10:24:00,Cash Deposit,Completed,6.5
APP_001517,CUST_06045,BR002,2025-10-31 11:21:00,Cheque Services,Cancelled,6.0
APP_001518,CUST_09721,BR002,2025-10-31 11:35:00,Cash Deposit,Completed,6.5
APP_001519,CUST_01898,BR002,2025-10-31 11:39:00,Statement Request,Completed,5.0
APP_001520,CUST_10621,BR002,2025-10-31 11:21:00,Investment Enquiry,Completed,26.0
APP_001521,CUST_06103,BR002,2025-10-31 11:17:00,Digital Banking Support,No-Show,12.5
APP_001522,CUST_09272,BR002,2025-10-31 12:36:00,Cash Withdrawal,Completed,4.5
APP_001523,CUST_05844,BR002,2025-10-31 12:48:00,Address Update,Completed,8.0
APP_001524,CUST_13150,BR002,2025-10-31 13:24:00,Cash Deposit,Completed,6.5
APP_001525,CUST_08751,BR002,2025-10-31 13:48:00,Credit Card Service,Completed,12.0
APP_001526,CUST_13194,BR002,2025-10-31 13:03:00,Cheque Services,Completed,6.0
APP_001527,CUST_01057,BR002,2025-10-31 13:35:00,KYC Update,Completed,13.5
APP_001528,CUST_05440,BR002,2025-10-31 13:55:00,Digital Banking Support,Completed,12.5
APP_001529,CUST_06966,BR003,2025-10-31 09:18:00,Cheque Services,Completed,6.0
APP_001530,CUST_14077,BR003,2025-10-31 09:34:00,Loan Application,Completed,34.0
APP_001531,CUST_08148,BR003,2025-10-31 09:17:00,General Customer Support,Completed,10.0
APP_001532,CUST_01447,BR003,2025-10-31 09:43:00,Loan Application,Completed,34.0
APP_001533,CUST_03862,BR003,2025-10-31 09:04:00,Loan Application,Cancelled,34.0
APP_001534,CUST_06264,BR003,2025-10-31 09:54:00,Cash Deposit,Completed,6.5
APP_001535,CUST_07187,BR003,2025-10-31 10:54:00,Cheque Services,Completed,6.0
APP_001536,CUST_12088,BR003,2025-10-31 10:47:00,KYC Update,Completed,13.5
APP_001537,CUST_13925,BR003,2025-10-31 10:44:00,Cash Deposit,Completed,6.5
APP_001538,CUST_13911,BR003,2025-10-31 10:34:00,Cash Withdrawal,Completed,4.5
APP_001539,CUST_10727,BR003,2025-10-31 10:40:00,Cash Deposit,Completed,6.5
APP_001540,CUST_05590,BR003,2025-10-31 11:52:00,Digital Banking Support,Completed,12.5
APP_001541,CUST_04284,BR003,2025-10-31 11:11:00,Loan Enquiry,Cancelled,18.0
APP_001542,CUST_07496,BR003,2025-10-31 11:09:00,Cash Deposit,Completed,6.5
APP_001543,CUST_04565,BR003,2025-10-31 11:09:00,Cheque Services,Completed,6.0
APP_001544,CUST_06079,BR003,2025-10-31 11:45:00,Cash Withdrawal,Completed,4.5
APP_001545,CUST_03939,BR003,2025-10-31 12:46:00,Cash Deposit,No-Show,6.5
APP_001546,CUST_01568,BR003,2025-10-31 12:55:00,Cash Deposit,No-Show,6.5
APP_001547,CUST_09961,BR004,2025-10-31 09:23:00,Cash Withdrawal,Completed,4.5
APP_001548,CUST_07199,BR004,2025-10-31 10:13:00,Cash Deposit,Completed,6.5
APP_001549,CUST_14395,BR004,2025-10-31 10:28:00,Account Opening,Completed,24.0
APP_001550,CUST_12269,BR004,2025-10-31 11:40:00,Loan Application,Completed,34.0
APP_001551,CUST_14905,BR004,2025-10-31 12:25:00,Credit Card Service,Completed,12.0
APP_001552,CUST_10222,BR004,2025-10-31 13:24:00,Credit Card Service,Completed,12.0
APP_001553,CUST_03077,BR004,2025-10-31 13:27:00,Cash Deposit,Completed,6.5
APP_001554,CUST_13283,BR004,2025-10-31 13:46:00,Cash Deposit,Completed,6.5
APP_001555,CUST_11218,BR004,2025-10-31 13:13:00,Account Opening,Completed,24.0
APP_001556,CUST_11492,BR005,2025-10-31 09:45:00,Account Opening,Completed,24.0
APP_001557,CUST_07442,BR005,2025-10-31 09:06:00,KYC Update,Completed,13.5
APP_001558,CUST_11907,BR005,2025-10-31 10:42:00,General Customer Support,Completed,10.0
APP_001559,CUST_08325,BR005,2025-10-31 11:08:00,Loan Application,Completed,34.0
APP_001560,CUST_10437,BR005,2025-10-31 11:38:00,Statement Request,Completed,5.0
APP_001561,CUST_03243,BR005,2025-10-31 11:20:00,Investment Enquiry,Completed,26.0
APP_001562,CUST_04508,BR005,2025-10-31 12:43:00,Statement Request,Completed,5.0
APP_001563,CUST_00719,BR005,2025-10-31 13:48:00,Loan Enquiry,Completed,18.0
APP_001564,CUST_05732,BR005,2025-10-31 13:42:00,Credit Card Service,Cancelled,12.0
APP_001565,CUST_02544,BR006,2025-10-31 10:09:00,Loan Enquiry,Completed,18.0
APP_001566,CUST_11085,BR006,2025-10-31 10:29:00,Address Update,Completed,8.0
APP_001567,CUST_08217,BR006,2025-10-31 11:06:00,Cash Deposit,Completed,6.5
APP_001568,CUST_05116,BR006,2025-10-31 11:40:00,Credit Card Service,No-Show,12.0
APP_001569,CUST_12090,BR006,2025-10-31 11:45:00,Credit Card Service,Completed,12.0
APP_001570,CUST_05549,BR006,2025-10-31 12:44:00,Statement Request,Completed,5.0
APP_001571,CUST_11820,BR006,2025-10-31 12:19:00,Credit Card Service,Completed,12.0
APP_001572,CUST_13355,BR006,2025-10-31 13:10:00,Cash Withdrawal,Completed,4.5
APP_001573,CUST_06501,BR006,2025-10-31 13:24:00,KYC Update,Completed,13.5
APP_001574,CUST_08913,BR006,2025-10-31 13:18:00,Cash Deposit,Completed,6.5
APP_001575,CUST_06098,BR006,2025-10-31 13:22:00,Loan Enquiry,No-Show,18.0
APP_001576,CUST_09759,BR006,2025-10-31 13:20:00,Loan Enquiry,Completed,18.0
APP_001577,CUST_09973,BR006,2025-10-31 13:16:00,Digital Banking Support,Completed,12.5
APP_001578,CUST_09690,BR007,2025-10-31 09:23:00,General Customer Support,Completed,10.0
APP_001579,CUST_08114,BR007,2025-10-31 10:23:00,Cash Deposit,Completed,6.5
APP_001580,CUST_06520,BR007,2025-10-31 10:30:00,Account Opening,Completed,24.0
APP_001581,CUST_05339,BR007,2025-10-31 10:09:00,Complaint,Completed,16.5
APP_001582,CUST_07828,BR007,2025-10-31 11:13:00,General Customer Support,Completed,10.0
APP_001583,CUST_10242,BR007,2025-10-31 11:29:00,Cash Withdrawal,Completed,4.5
APP_001584,CUST_05869,BR007,2025-10-31 11:37:00,Cheque Services,Completed,6.0
APP_001585,CUST_08398,BR007,2025-10-31 11:49:00,KYC Update,Completed,13.5
APP_001586,CUST_06025,BR007,2025-10-31 11:34:00,Address Update,Completed,8.0
APP_001587,CUST_14526,BR007,2025-10-31 12:30:00,Cash Withdrawal,Completed,4.5
APP_001588,CUST_09460,BR007,2025-10-31 13:40:00,General Customer Support,Completed,10.0
APP_001589,CUST_08655,BR007,2025-10-31 13:29:00,General Customer Support,Completed,10.0
APP_001590,CUST_03015,BR007,2025-10-31 13:16:00,Complaint,Completed,16.5
APP_001591,CUST_08933,BR007,2025-10-31 13:28:00,Cash Deposit,Completed,6.5
APP_001592,CUST_02360,BR007,2025-10-31 14:50:00,Cash Withdrawal,Completed,4.5
APP_001593,CUST_08252,BR008,2025-10-31 09:14:00,Statement Request,Completed,5.0
APP_001594,CUST_07029,BR008,2025-10-31 10:15:00,Account Opening,No-Show,24.0
APP_001595,CUST_10638,BR008,2025-10-31 10:33:00,Complaint,Cancelled,16.5
APP_001596,CUST_09517,BR008,2025-10-31 11:53:00,KYC Update,Completed,13.5
APP_001597,CUST_07703,BR008,2025-10-31 11:24:00,Cash Withdrawal,Cancelled,4.5
APP_001598,CUST_02689,BR008,2025-10-31 12:49:00,Statement Request,Completed,5.0
APP_001599,CUST_01091,BR008,2025-10-31 12:33:00,Cash Withdrawal,Completed,4.5
APP_001600,CUST_09472,BR008,2025-10-31 13:25:00,Cash Withdrawal,Completed,4.5
APP_001601,CUST_00336,BR009,2025-10-31 09:12:00,Address Update,Completed,8.0
APP_001602,CUST_05900,BR009,2025-10-31 09:37:00,Cash Deposit,Completed,6.5
APP_001603,CUST_14906,BR009,2025-10-31 10:01:00,Cheque Services,Completed,6.0
APP_001604,CUST_03202,BR009,2025-10-31 10:14:00,General Customer Support,Completed,10.0
APP_001605,CUST_07726,BR009,2025-10-31 10:26:00,Cash Withdrawal,Completed,4.5
APP_001606,CUST_13631,BR009,2025-10-31 10:42:00,Loan Application,Completed,34.0
APP_001607,CUST_02439,BR009,2025-10-31 10:26:00,Loan Application,Completed,34.0
APP_001608,CUST_12348,BR009,2025-10-31 10:28:00,Cash Withdrawal,Completed,4.5
APP_001609,CUST_12164,BR009,2025-10-31 10:54:00,Cash Withdrawal,Cancelled,4.5
APP_001610,CUST_14739,BR009,2025-10-31 11:12:00,Cash Withdrawal,Completed,4.5
APP_001611,CUST_13054,BR009,2025-10-31 11:22:00,Cash Withdrawal,Completed,4.5
APP_001612,CUST_00458,BR009,2025-10-31 11:28:00,General Customer Support,Completed,10.0
APP_001613,CUST_03553,BR009,2025-10-31 11:21:00,Digital Banking Support,Completed,12.5
APP_001614,CUST_14014,BR009,2025-10-31 11:02:00,Cash Withdrawal,Completed,4.5
APP_001615,CUST_03289,BR009,2025-10-31 11:16:00,Investment Enquiry,Completed,26.0
APP_001616,CUST_01137,BR009,2025-10-31 12:52:00,KYC Update,Cancelled,13.5
APP_001617,CUST_01975,BR010,2025-10-31 09:27:00,Account Opening,Completed,24.0
APP_001618,CUST_13413,BR010,2025-10-31 09:49:00,KYC Update,Completed,13.5
APP_001619,CUST_07195,BR010,2025-10-31 10:54:00,KYC Update,Completed,13.5
APP_001620,CUST_10344,BR010,2025-10-31 10:53:00,Investment Enquiry,Completed,26.0
APP_001621,CUST_06805,BR010,2025-10-31 10:23:00,Address Update,Completed,8.0
APP_001622,CUST_02610,BR010,2025-10-31 10:42:00,Investment Enquiry,Completed,26.0
APP_001623,CUST_12174,BR001,2025-11-03 10:55:00,Loan Application,Completed,34.0
APP_001624,CUST_05506,BR001,2025-11-03 10:08:00,Account Opening,Completed,24.0
APP_001625,CUST_12508,BR001,2025-11-03 10:35:00,Loan Application,Completed,34.0
APP_001626,CUST_01019,BR001,2025-11-03 10:08:00,General Customer Support,No-Show,10.0
APP_001627,CUST_07470,BR001,2025-11-03 11:11:00,Credit Card Service,Completed,12.0
APP_001628,CUST_10097,BR001,2025-11-03 11:33:00,Cash Deposit,Cancelled,6.5
APP_001629,CUST_12785,BR001,2025-11-03 11:42:00,Complaint,Completed,16.5
APP_001630,CUST_13450,BR001,2025-11-03 11:21:00,Account Opening,Completed,24.0
APP_001631,CUST_09108,BR001,2025-11-03 11:20:00,Credit Card Service,Completed,12.0
APP_001632,CUST_02714,BR001,2025-11-03 11:44:00,Address Update,No-Show,8.0
APP_001633,CUST_00178,BR001,2025-11-03 11:54:00,Complaint,No-Show,16.5
APP_001634,CUST_10648,BR002,2025-11-03 09:15:00,Cash Deposit,Completed,6.5
APP_001635,CUST_12063,BR002,2025-11-03 09:14:00,Statement Request,Completed,5.0
APP_001636,CUST_04232,BR002,2025-11-03 09:02:00,Account Opening,Completed,24.0
APP_001637,CUST_14599,BR002,2025-11-03 09:19:00,Cash Deposit,Completed,6.5
APP_001638,CUST_04604,BR002,2025-11-03 10:02:00,Cash Deposit,No-Show,6.5
APP_001639,CUST_07513,BR002,2025-11-03 10:31:00,Account Opening,Completed,24.0
APP_001640,CUST_02653,BR002,2025-11-03 10:03:00,Cash Withdrawal,Completed,4.5
APP_001641,CUST_01558,BR002,2025-11-03 10:52:00,Loan Application,Completed,34.0
APP_001642,CUST_01765,BR002,2025-11-03 10:27:00,Cheque Services,Completed,6.0
APP_001643,CUST_07799,BR002,2025-11-03 10:06:00,Cash Withdrawal,Completed,4.5
APP_001644,CUST_04478,BR002,2025-11-03 11:21:00,Cash Deposit,Completed,6.5
APP_001645,CUST_10449,BR002,2025-11-03 12:35:00,Cash Deposit,Cancelled,6.5
APP_001646,CUST_13916,BR003,2025-11-03 09:24:00,Cash Withdrawal,Completed,4.5
APP_001647,CUST_05716,BR003,2025-11-03 09:48:00,Credit Card Service,No-Show,12.0
APP_001648,CUST_00537,BR003,2025-11-03 09:14:00,Cash Withdrawal,Completed,4.5
APP_001649,CUST_04033,BR003,2025-11-03 09:25:00,Cash Withdrawal,Completed,4.5
APP_001650,CUST_04047,BR003,2025-11-03 09:32:00,KYC Update,Completed,13.5
APP_001651,CUST_05105,BR003,2025-11-03 10:14:00,Complaint,Completed,16.5
APP_001652,CUST_12803,BR003,2025-11-03 10:07:00,Cash Withdrawal,Completed,4.5
APP_001653,CUST_00843,BR003,2025-11-03 11:16:00,Address Update,Completed,8.0
APP_001654,CUST_05152,BR003,2025-11-03 12:21:00,Statement Request,Completed,5.0
APP_001655,CUST_09762,BR003,2025-11-03 12:20:00,Statement Request,Completed,5.0
APP_001656,CUST_05322,BR003,2025-11-03 12:21:00,Cash Withdrawal,Completed,4.5
APP_001657,CUST_04773,BR004,2025-11-03 09:37:00,Cash Withdrawal,Completed,4.5
APP_001658,CUST_13011,BR004,2025-11-03 10:17:00,Cash Withdrawal,Completed,4.5
APP_001659,CUST_06687,BR004,2025-11-03 10:27:00,Cash Withdrawal,Completed,4.5
APP_001660,CUST_08922,BR004,2025-11-03 10:33:00,KYC Update,Completed,13.5
APP_001661,CUST_02735,BR004,2025-11-03 10:35:00,Account Opening,Completed,24.0
APP_001662,CUST_03641,BR004,2025-11-03 10:35:00,KYC Update,Completed,13.5
APP_001663,CUST_00482,BR004,2025-11-03 10:20:00,Statement Request,Completed,5.0
APP_001664,CUST_05172,BR004,2025-11-03 10:45:00,Cash Withdrawal,No-Show,4.5
APP_001665,CUST_14493,BR004,2025-11-03 11:00:00,Cash Deposit,Completed,6.5
APP_001666,CUST_05367,BR004,2025-11-03 11:19:00,Credit Card Service,Cancelled,12.0
APP_001667,CUST_00645,BR005,2025-11-03 10:54:00,Credit Card Service,Completed,12.0
APP_001668,CUST_12530,BR005,2025-11-03 10:31:00,Cash Deposit,Completed,6.5
APP_001669,CUST_08693,BR005,2025-11-03 11:49:00,Account Opening,Completed,24.0
APP_001670,CUST_04634,BR005,2025-11-03 11:48:00,KYC Update,Completed,13.5
APP_001671,CUST_06841,BR005,2025-11-03 12:11:00,Loan Application,Completed,34.0
APP_001672,CUST_06432,BR005,2025-11-03 12:54:00,Statement Request,Completed,5.0
APP_001673,CUST_12164,BR005,2025-11-03 13:42:00,Cash Withdrawal,Completed,4.5
APP_001674,CUST_11440,BR005,2025-11-03 14:14:00,Digital Banking Support,Completed,12.5
APP_001675,CUST_05103,BR005,2025-11-03 14:27:00,Credit Card Service,Completed,12.0
APP_001676,CUST_07859,BR005,2025-11-03 14:28:00,Cash Withdrawal,Completed,4.5
APP_001677,CUST_02226,BR006,2025-11-03 09:48:00,Cheque Services,Completed,6.0
APP_001678,CUST_13588,BR006,2025-11-03 10:48:00,Account Opening,No-Show,24.0
APP_001679,CUST_13497,BR006,2025-11-03 11:54:00,Account Opening,Completed,24.0
APP_001680,CUST_13126,BR006,2025-11-03 11:54:00,Cash Deposit,Completed,6.5
APP_001681,CUST_11500,BR006,2025-11-03 11:45:00,General Customer Support,Completed,10.0
APP_001682,CUST_00968,BR006,2025-11-03 11:03:00,Loan Application,Completed,34.0
APP_001683,CUST_00290,BR006,2025-11-03 11:11:00,Account Opening,Completed,24.0
APP_001684,CUST_10923,BR006,2025-11-03 12:05:00,Loan Enquiry,Completed,18.0
APP_001685,CUST_09721,BR007,2025-11-03 10:24:00,Complaint,Completed,16.5
APP_001686,CUST_09651,BR007,2025-11-03 10:44:00,Cheque Services,Completed,6.0
APP_001687,CUST_03572,BR007,2025-11-03 11:26:00,Loan Application,Completed,34.0
APP_001688,CUST_09313,BR007,2025-11-03 11:04:00,Credit Card Service,Completed,12.0
APP_001689,CUST_00948,BR007,2025-11-03 11:43:00,Cash Withdrawal,Completed,4.5
APP_001690,CUST_08170,BR007,2025-11-03 11:24:00,Cash Withdrawal,Cancelled,4.5
APP_001691,CUST_00920,BR007,2025-11-03 11:44:00,Cash Deposit,Completed,6.5
APP_001692,CUST_14234,BR007,2025-11-03 12:44:00,Loan Application,Cancelled,34.0
APP_001693,CUST_00821,BR007,2025-11-03 12:03:00,Cash Deposit,Completed,6.5
APP_001694,CUST_09090,BR007,2025-11-03 13:47:00,Complaint,Completed,16.5
APP_001695,CUST_08204,BR007,2025-11-03 13:50:00,Loan Enquiry,Completed,18.0
APP_001696,CUST_01813,BR008,2025-11-03 10:19:00,KYC Update,Completed,13.5
APP_001697,CUST_01264,BR008,2025-11-03 10:37:00,Cash Deposit,Completed,6.5
APP_001698,CUST_13046,BR008,2025-11-03 11:28:00,Cash Withdrawal,Completed,4.5
APP_001699,CUST_05126,BR008,2025-11-03 11:38:00,Cash Withdrawal,Completed,4.5
APP_001700,CUST_07210,BR008,2025-11-03 12:24:00,Complaint,No-Show,16.5
APP_001701,CUST_11974,BR009,2025-11-03 09:54:00,Account Opening,Completed,24.0
APP_001702,CUST_14570,BR009,2025-11-03 10:21:00,Statement Request,Completed,5.0
APP_001703,CUST_13637,BR009,2025-11-03 10:21:00,Credit Card Service,Completed,12.0
APP_001704,CUST_07982,BR009,2025-11-03 10:36:00,KYC Update,Completed,13.5
APP_001705,CUST_13825,BR009,2025-11-03 11:37:00,Loan Enquiry,Completed,18.0
APP_001706,CUST_01825,BR009,2025-11-03 11:42:00,KYC Update,No-Show,13.5
APP_001707,CUST_10697,BR009,2025-11-03 11:54:00,Cash Withdrawal,Completed,4.5
APP_001708,CUST_00808,BR009,2025-11-03 11:19:00,KYC Update,Completed,13.5
APP_001709,CUST_13592,BR009,2025-11-03 11:39:00,Loan Enquiry,Completed,18.0
APP_001710,CUST_14271,BR009,2025-11-03 12:08:00,Cash Withdrawal,Completed,4.5
APP_001711,CUST_13743,BR009,2025-11-03 12:42:00,Cash Deposit,Completed,6.5
APP_001712,CUST_04150,BR010,2025-11-03 09:55:00,Address Update,Completed,8.0
APP_001713,CUST_10557,BR010,2025-11-03 10:24:00,Address Update,Completed,8.0
APP_001714,CUST_13462,BR010,2025-11-03 11:03:00,Investment Enquiry,Completed,26.0
APP_001715,CUST_07969,BR010,2025-11-03 11:20:00,KYC Update,Completed,13.5
APP_001716,CUST_06397,BR010,2025-11-03 12:00:00,Loan Enquiry,Cancelled,18.0
APP_001717,CUST_10120,BR010,2025-11-03 13:09:00,General Customer Support,Completed,10.0
APP_001718,CUST_01551,BR010,2025-11-03 14:43:00,Digital Banking Support,Completed,12.5
APP_001719,CUST_14021,BR010,2025-11-03 15:52:00,Investment Enquiry,Completed,26.0
APP_001720,CUST_04358,BR001,2025-11-04 09:42:00,Cash Withdrawal,Completed,4.5
APP_001721,CUST_02388,BR001,2025-11-04 10:27:00,Loan Enquiry,Completed,18.0
APP_001722,CUST_04697,BR001,2025-11-04 10:06:00,Cash Withdrawal,Completed,4.5
APP_001723,CUST_07439,BR001,2025-11-04 10:50:00,KYC Update,Completed,13.5
APP_001724,CUST_00817,BR001,2025-11-04 10:31:00,Cash Withdrawal,Completed,4.5
APP_001725,CUST_14877,BR001,2025-11-04 11:54:00,KYC Update,Completed,13.5
APP_001726,CUST_01515,BR001,2025-11-04 11:36:00,Cash Deposit,Completed,6.5
APP_001727,CUST_06953,BR001,2025-11-04 11:34:00,Account Opening,Completed,24.0
APP_001728,CUST_06768,BR001,2025-11-04 11:48:00,Cash Withdrawal,Completed,4.5
APP_001729,CUST_14254,BR001,2025-11-04 12:29:00,Account Opening,Completed,24.0
APP_001730,CUST_14306,BR002,2025-11-04 10:45:00,KYC Update,Completed,13.5
APP_001731,CUST_00619,BR002,2025-11-04 10:32:00,Cash Withdrawal,Completed,4.5
APP_001732,CUST_04865,BR002,2025-11-04 10:55:00,KYC Update,Completed,13.5
APP_001733,CUST_03615,BR002,2025-11-04 11:25:00,Cash Withdrawal,Cancelled,4.5
APP_001734,CUST_10996,BR002,2025-11-04 11:08:00,General Customer Support,Completed,10.0
APP_001735,CUST_09532,BR002,2025-11-04 11:51:00,Complaint,Completed,16.5
APP_001736,CUST_10670,BR002,2025-11-04 12:36:00,Cash Deposit,Completed,6.5
APP_001737,CUST_13358,BR003,2025-11-04 10:45:00,Address Update,Completed,8.0
APP_001738,CUST_13642,BR003,2025-11-04 10:43:00,Cash Deposit,Completed,6.5
APP_001739,CUST_12319,BR003,2025-11-04 10:32:00,Cash Withdrawal,Completed,4.5
APP_001740,CUST_00631,BR003,2025-11-04 11:29:00,KYC Update,Completed,13.5
APP_001741,CUST_06870,BR003,2025-11-04 11:49:00,Loan Application,Completed,34.0
APP_001742,CUST_10253,BR003,2025-11-04 13:08:00,Cash Deposit,Completed,6.5
APP_001743,CUST_01805,BR003,2025-11-04 13:38:00,Loan Enquiry,Cancelled,18.0
APP_001744,CUST_04544,BR003,2025-11-04 14:49:00,Address Update,Completed,8.0
APP_001745,CUST_11125,BR004,2025-11-04 10:11:00,Cash Withdrawal,Completed,4.5
APP_001746,CUST_01108,BR004,2025-11-04 10:30:00,Cash Withdrawal,Completed,4.5
APP_001747,CUST_02149,BR004,2025-11-04 10:45:00,Investment Enquiry,Completed,26.0
APP_001748,CUST_01621,BR004,2025-11-04 11:40:00,Credit Card Service,No-Show,12.0
APP_001749,CUST_01574,BR004,2025-11-04 12:07:00,KYC Update,Completed,13.5
APP_001750,CUST_11891,BR004,2025-11-04 12:06:00,General Customer Support,Completed,10.0
APP_001751,CUST_00675,BR005,2025-11-04 09:26:00,Cheque Services,Completed,6.0
APP_001752,CUST_08049,BR005,2025-11-04 09:27:00,General Customer Support,Completed,10.0
APP_001753,CUST_02864,BR005,2025-11-04 10:48:00,Cash Deposit,Completed,6.5
APP_001754,CUST_10491,BR005,2025-11-04 10:54:00,Digital Banking Support,Completed,12.5
APP_001755,CUST_12341,BR005,2025-11-04 10:05:00,Cash Deposit,Completed,6.5
APP_001756,CUST_04175,BR006,2025-11-04 09:21:00,Investment Enquiry,Completed,26.0
APP_001757,CUST_10867,BR006,2025-11-04 10:08:00,Address Update,No-Show,8.0
APP_001758,CUST_04495,BR006,2025-11-04 10:39:00,Cash Withdrawal,Completed,4.5
APP_001759,CUST_13362,BR006,2025-11-04 10:18:00,Cash Withdrawal,Completed,4.5
APP_001760,CUST_14833,BR006,2025-11-04 10:00:00,Loan Enquiry,Completed,18.0
APP_001761,CUST_05836,BR006,2025-11-04 10:50:00,Account Opening,Completed,24.0
APP_001762,CUST_04169,BR007,2025-11-04 09:02:00,Cheque Services,Completed,6.0
APP_001763,CUST_00937,BR007,2025-11-04 09:54:00,General Customer Support,Cancelled,10.0
APP_001764,CUST_01019,BR007,2025-11-04 09:54:00,Cash Withdrawal,Completed,4.5
APP_001765,CUST_01510,BR007,2025-11-04 10:40:00,Cheque Services,Completed,6.0
APP_001766,CUST_06723,BR007,2025-11-04 10:10:00,KYC Update,Completed,13.5
APP_001767,CUST_01233,BR008,2025-11-04 10:01:00,Cash Withdrawal,Completed,4.5
APP_001768,CUST_00086,BR008,2025-11-04 11:31:00,Cash Deposit,Completed,6.5
APP_001769,CUST_13162,BR008,2025-11-04 12:51:00,Address Update,Completed,8.0
APP_001770,CUST_14102,BR008,2025-11-04 13:35:00,Credit Card Service,Completed,12.0
APP_001771,CUST_00288,BR008,2025-11-04 13:42:00,Cash Withdrawal,Completed,4.5
APP_001772,CUST_13509,BR009,2025-11-04 09:28:00,Cash Withdrawal,Completed,4.5
APP_001773,CUST_00393,BR009,2025-11-04 11:12:00,Investment Enquiry,Completed,26.0
APP_001774,CUST_02916,BR009,2025-11-04 11:25:00,KYC Update,Completed,13.5
APP_001775,CUST_00099,BR009,2025-11-04 11:48:00,Complaint,Completed,16.5
APP_001776,CUST_03497,BR009,2025-11-04 12:34:00,Digital Banking Support,Completed,12.5
APP_001777,CUST_10229,BR009,2025-11-04 12:22:00,Digital Banking Support,Completed,12.5
APP_001778,CUST_03014,BR009,2025-11-04 13:37:00,Credit Card Service,Completed,12.0
APP_001779,CUST_07207,BR010,2025-11-04 09:25:00,Statement Request,Completed,5.0
APP_001780,CUST_05907,BR010,2025-11-04 10:30:00,Loan Enquiry,Cancelled,18.0
APP_001781,CUST_00924,BR010,2025-11-04 10:54:00,Cash Deposit,Completed,6.5
APP_001782,CUST_01075,BR010,2025-11-04 11:23:00,Loan Enquiry,Completed,18.0
APP_001783,CUST_10777,BR001,2025-11-05 09:06:00,Cash Withdrawal,Completed,4.5
APP_001784,CUST_04420,BR001,2025-11-05 09:50:00,KYC Update,Completed,13.5
APP_001785,CUST_06073,BR001,2025-11-05 09:51:00,Cash Deposit,No-Show,6.5
APP_001786,CUST_06661,BR001,2025-11-05 10:32:00,Cash Deposit,Completed,6.5
APP_001787,CUST_01541,BR001,2025-11-05 10:19:00,KYC Update,Completed,13.5
APP_001788,CUST_00144,BR001,2025-11-05 10:15:00,Cash Deposit,Completed,6.5
APP_001789,CUST_04480,BR001,2025-11-05 10:14:00,Cash Withdrawal,Completed,4.5
APP_001790,CUST_10154,BR001,2025-11-05 11:50:00,Cash Withdrawal,Completed,4.5
APP_001791,CUST_04526,BR001,2025-11-05 11:23:00,Account Opening,Completed,24.0
APP_001792,CUST_05823,BR001,2025-11-05 11:16:00,KYC Update,Completed,13.5
APP_001793,CUST_05224,BR002,2025-11-05 10:36:00,Cheque Services,Completed,6.0
APP_001794,CUST_12607,BR002,2025-11-05 10:45:00,Complaint,Completed,16.5
APP_001795,CUST_07487,BR002,2025-11-05 10:36:00,KYC Update,Completed,13.5
APP_001796,CUST_02213,BR002,2025-11-05 10:13:00,Address Update,Completed,8.0
APP_001797,CUST_09924,BR002,2025-11-05 10:25:00,Statement Request,Completed,5.0
APP_001798,CUST_09638,BR002,2025-11-05 10:27:00,Cash Deposit,Completed,6.5
APP_001799,CUST_02570,BR002,2025-11-05 11:15:00,Loan Enquiry,Completed,18.0
APP_001800,CUST_14027,BR002,2025-11-05 11:39:00,Loan Enquiry,Completed,18.0
APP_001801,CUST_13235,BR002,2025-11-05 11:14:00,Account Opening,Completed,24.0
APP_001802,CUST_08815,BR002,2025-11-05 11:18:00,Cash Withdrawal,Completed,4.5
APP_001803,CUST_04783,BR002,2025-11-05 11:29:00,Cheque Services,No-Show,6.0
APP_001804,CUST_09454,BR003,2025-11-05 09:47:00,Complaint,Completed,16.5
APP_001805,CUST_08177,BR003,2025-11-05 09:17:00,Cash Withdrawal,No-Show,4.5
APP_001806,CUST_05323,BR003,2025-11-05 09:22:00,Cheque Services,Completed,6.0
APP_001807,CUST_07686,BR003,2025-11-05 10:31:00,KYC Update,Cancelled,13.5
APP_001808,CUST_14766,BR003,2025-11-05 10:48:00,Cheque Services,Completed,6.0
APP_001809,CUST_04269,BR003,2025-11-05 10:55:00,Cash Withdrawal,Completed,4.5
APP_001810,CUST_01041,BR003,2025-11-05 10:17:00,Cash Deposit,No-Show,6.5
APP_001811,CUST_03164,BR003,2025-11-05 11:34:00,Cash Withdrawal,Completed,4.5
APP_001812,CUST_06522,BR003,2025-11-05 11:22:00,Cheque Services,Completed,6.0
APP_001813,CUST_00519,BR004,2025-11-05 09:48:00,Statement Request,Completed,5.0
APP_001814,CUST_08645,BR004,2025-11-05 10:22:00,Loan Application,Completed,34.0
APP_001815,CUST_01215,BR004,2025-11-05 10:27:00,Cheque Services,Completed,6.0
APP_001816,CUST_11936,BR004,2025-11-05 10:00:00,Credit Card Service,Completed,12.0
APP_001817,CUST_13162,BR004,2025-11-05 10:33:00,Digital Banking Support,Completed,12.5
APP_001818,CUST_00818,BR004,2025-11-05 11:26:00,Cash Deposit,Completed,6.5
APP_001819,CUST_02815,BR004,2025-11-05 11:25:00,Cheque Services,Completed,6.0
APP_001820,CUST_07937,BR004,2025-11-05 11:43:00,Statement Request,Completed,5.0
APP_001821,CUST_00678,BR004,2025-11-05 11:16:00,KYC Update,Completed,13.5
APP_001822,CUST_04473,BR005,2025-11-05 10:14:00,KYC Update,Completed,13.5
APP_001823,CUST_13051,BR005,2025-11-05 10:15:00,Statement Request,Completed,5.0
APP_001824,CUST_14370,BR005,2025-11-05 10:26:00,Digital Banking Support,Completed,12.5
APP_001825,CUST_05892,BR005,2025-11-05 12:45:00,Cash Deposit,Completed,6.5
APP_001826,CUST_00435,BR005,2025-11-05 12:32:00,Cash Deposit,Completed,6.5
APP_001827,CUST_08123,BR006,2025-11-05 09:03:00,Cash Withdrawal,Completed,4.5
APP_001828,CUST_06087,BR006,2025-11-05 09:27:00,Complaint,Cancelled,16.5
APP_001829,CUST_09141,BR006,2025-11-05 09:22:00,Cash Withdrawal,Completed,4.5
APP_001830,CUST_13240,BR006,2025-11-05 09:51:00,Cash Withdrawal,Completed,4.5
APP_001831,CUST_02274,BR006,2025-11-05 10:10:00,Cash Withdrawal,Completed,4.5
APP_001832,CUST_05382,BR006,2025-11-05 10:08:00,KYC Update,Completed,13.5
APP_001833,CUST_13295,BR006,2025-11-05 10:21:00,Cash Withdrawal,Cancelled,4.5
APP_001834,CUST_02808,BR006,2025-11-05 11:07:00,Investment Enquiry,Completed,26.0
APP_001835,CUST_01108,BR007,2025-11-05 09:04:00,Loan Enquiry,Completed,18.0
APP_001836,CUST_06134,BR007,2025-11-05 10:26:00,Cash Deposit,Completed,6.5
APP_001837,CUST_09366,BR007,2025-11-05 10:17:00,Cheque Services,Completed,6.0
APP_001838,CUST_01083,BR007,2025-11-05 10:50:00,Cash Withdrawal,Cancelled,4.5
APP_001839,CUST_07835,BR007,2025-11-05 10:47:00,KYC Update,Completed,13.5
APP_001840,CUST_11576,BR007,2025-11-05 10:05:00,Complaint,Completed,16.5
APP_001841,CUST_08214,BR007,2025-11-05 11:42:00,Cash Withdrawal,Cancelled,4.5
APP_001842,CUST_12975,BR008,2025-11-05 09:37:00,Cash Deposit,Completed,6.5
APP_001843,CUST_07328,BR008,2025-11-05 10:02:00,Loan Enquiry,Completed,18.0
APP_001844,CUST_14616,BR008,2025-11-05 10:15:00,Cash Deposit,Completed,6.5
APP_001845,CUST_10585,BR008,2025-11-05 11:38:00,Investment Enquiry,Completed,26.0
APP_001846,CUST_12383,BR009,2025-11-05 09:16:00,Cheque Services,Completed,6.0
APP_001847,CUST_10160,BR009,2025-11-05 10:45:00,Credit Card Service,Cancelled,12.0
APP_001848,CUST_12949,BR009,2025-11-05 10:25:00,Cash Deposit,Completed,6.5
APP_001849,CUST_14902,BR009,2025-11-05 11:22:00,Cash Withdrawal,Completed,4.5
APP_001850,CUST_00580,BR009,2025-11-05 11:36:00,Loan Application,Completed,34.0
APP_001851,CUST_03828,BR009,2025-11-05 11:13:00,Credit Card Service,Completed,12.0
APP_001852,CUST_13995,BR009,2025-11-05 12:40:00,Loan Application,Completed,34.0
APP_001853,CUST_00932,BR009,2025-11-05 13:48:00,Loan Application,Completed,34.0
APP_001854,CUST_08227,BR009,2025-11-05 13:26:00,Cash Withdrawal,Completed,4.5
APP_001855,CUST_04678,BR010,2025-11-05 10:08:00,Cash Withdrawal,Completed,4.5
APP_001856,CUST_14131,BR010,2025-11-05 10:39:00,Statement Request,Completed,5.0
APP_001857,CUST_02204,BR010,2025-11-05 11:00:00,Credit Card Service,Completed,12.0
APP_001858,CUST_02974,BR010,2025-11-05 12:28:00,KYC Update,Completed,13.5
APP_001859,CUST_10209,BR010,2025-11-05 14:54:00,Complaint,No-Show,16.5
APP_001860,CUST_00740,BR001,2025-11-06 09:25:00,Cash Withdrawal,Cancelled,4.5
APP_001861,CUST_01966,BR001,2025-11-06 09:42:00,General Customer Support,Completed,10.0
APP_001862,CUST_09303,BR001,2025-11-06 10:19:00,Statement Request,Completed,5.0
APP_001863,CUST_02012,BR001,2025-11-06 10:08:00,Address Update,Completed,8.0
APP_001864,CUST_00148,BR001,2025-11-06 10:26:00,Investment Enquiry,Cancelled,26.0
APP_001865,CUST_06734,BR001,2025-11-06 10:51:00,Cash Withdrawal,Completed,4.5
APP_001866,CUST_09718,BR001,2025-11-06 10:18:00,Loan Application,Completed,34.0
APP_001867,CUST_11489,BR001,2025-11-06 11:24:00,Account Opening,Completed,24.0
APP_001868,CUST_11746,BR001,2025-11-06 12:49:00,KYC Update,Completed,13.5
APP_001869,CUST_14624,BR002,2025-11-06 09:50:00,Loan Enquiry,Completed,18.0
APP_001870,CUST_01576,BR002,2025-11-06 09:44:00,KYC Update,Completed,13.5
APP_001871,CUST_03625,BR002,2025-11-06 09:51:00,Cheque Services,Completed,6.0
APP_001872,CUST_02301,BR002,2025-11-06 11:05:00,Cash Withdrawal,Completed,4.5
APP_001873,CUST_09238,BR002,2025-11-06 11:12:00,KYC Update,Cancelled,13.5
APP_001874,CUST_09506,BR002,2025-11-06 11:26:00,KYC Update,Completed,13.5
APP_001875,CUST_14666,BR002,2025-11-06 11:20:00,Digital Banking Support,Completed,12.5
APP_001876,CUST_01916,BR003,2025-11-06 11:25:00,Investment Enquiry,Completed,26.0
APP_001877,CUST_08336,BR003,2025-11-06 11:25:00,Loan Enquiry,Completed,18.0
APP_001878,CUST_03805,BR003,2025-11-06 11:15:00,Cash Withdrawal,Completed,4.5
APP_001879,CUST_12354,BR003,2025-11-06 11:24:00,Loan Enquiry,Completed,18.0
APP_001880,CUST_14987,BR003,2025-11-06 11:48:00,KYC Update,Completed,13.5
APP_001881,CUST_06291,BR003,2025-11-06 11:26:00,Cheque Services,Completed,6.0
APP_001882,CUST_03213,BR003,2025-11-06 12:07:00,Loan Application,Completed,34.0
APP_001883,CUST_11173,BR003,2025-11-06 12:08:00,Complaint,Cancelled,16.5
APP_001884,CUST_00573,BR003,2025-11-06 13:17:00,Account Opening,Completed,24.0
APP_001885,CUST_04412,BR003,2025-11-06 13:20:00,Cash Withdrawal,Cancelled,4.5
APP_001886,CUST_11194,BR004,2025-11-06 09:53:00,Loan Application,Completed,34.0
APP_001887,CUST_11093,BR004,2025-11-06 10:37:00,Statement Request,Completed,5.0
APP_001888,CUST_03018,BR004,2025-11-06 10:32:00,Cash Withdrawal,Completed,4.5
APP_001889,CUST_02207,BR004,2025-11-06 11:45:00,Account Opening,Completed,24.0
APP_001890,CUST_14023,BR004,2025-11-06 11:16:00,Loan Enquiry,Cancelled,18.0
APP_001891,CUST_14532,BR004,2025-11-06 12:52:00,Cash Deposit,Completed,6.5
APP_001892,CUST_14987,BR005,2025-11-06 09:02:00,Investment Enquiry,Completed,26.0
APP_001893,CUST_10696,BR005,2025-11-06 09:41:00,Loan Enquiry,Completed,18.0
APP_001894,CUST_14712,BR005,2025-11-06 10:18:00,Credit Card Service,Completed,12.0
APP_001895,CUST_04990,BR005,2025-11-06 13:51:00,General Customer Support,Completed,10.0
APP_001896,CUST_05035,BR006,2025-11-06 09:14:00,Cash Withdrawal,Completed,4.5
APP_001897,CUST_13764,BR006,2025-11-06 10:50:00,Loan Application,Completed,34.0
APP_001898,CUST_13228,BR006,2025-11-06 11:39:00,Statement Request,Completed,5.0
APP_001899,CUST_08898,BR006,2025-11-06 11:54:00,Credit Card Service,Cancelled,12.0
APP_001900,CUST_01043,BR006,2025-11-06 11:17:00,KYC Update,Completed,13.5
APP_001901,CUST_10770,BR006,2025-11-06 12:39:00,KYC Update,Completed,13.5
APP_001902,CUST_08701,BR006,2025-11-06 13:03:00,Account Opening,Completed,24.0
APP_001903,CUST_01993,BR006,2025-11-06 14:21:00,Cash Withdrawal,Completed,4.5
APP_001904,CUST_03413,BR007,2025-11-06 09:16:00,Loan Application,Completed,34.0
APP_001905,CUST_13674,BR007,2025-11-06 11:46:00,Credit Card Service,Completed,12.0
APP_001906,CUST_07731,BR007,2025-11-06 13:24:00,Digital Banking Support,Completed,12.5
APP_001907,CUST_13840,BR007,2025-11-06 15:43:00,Investment Enquiry,Completed,26.0
APP_001908,CUST_08834,BR008,2025-11-06 10:41:00,Credit Card Service,Completed,12.0
APP_001909,CUST_13331,BR008,2025-11-06 11:30:00,Account Opening,Completed,24.0
APP_001910,CUST_12754,BR008,2025-11-06 12:55:00,Cash Withdrawal,Completed,4.5
APP_001911,CUST_08837,BR008,2025-11-06 12:17:00,Cash Withdrawal,Completed,4.5
APP_001912,CUST_08035,BR008,2025-11-06 13:24:00,Digital Banking Support,Completed,12.5
APP_001913,CUST_14787,BR008,2025-11-06 13:39:00,Investment Enquiry,Completed,26.0
APP_001914,CUST_10624,BR009,2025-11-06 09:33:00,Cash Withdrawal,Completed,4.5
APP_001915,CUST_08882,BR009,2025-11-06 10:47:00,Statement Request,Completed,5.0
APP_001916,CUST_02007,BR009,2025-11-06 10:31:00,Credit Card Service,Completed,12.0
APP_001917,CUST_08052,BR009,2025-11-06 10:15:00,Complaint,Completed,16.5
APP_001918,CUST_13527,BR009,2025-11-06 10:03:00,Digital Banking Support,Cancelled,12.5
APP_001919,CUST_10309,BR009,2025-11-06 11:10:00,Cheque Services,Cancelled,6.0
APP_001920,CUST_03751,BR010,2025-11-06 11:50:00,Cash Withdrawal,Completed,4.5
APP_001921,CUST_07171,BR010,2025-11-06 11:54:00,General Customer Support,Completed,10.0
APP_001922,CUST_12411,BR010,2025-11-06 12:05:00,KYC Update,Completed,13.5
APP_001923,CUST_03205,BR010,2025-11-06 13:22:00,Complaint,Completed,16.5
APP_001924,CUST_12036,BR010,2025-11-06 14:17:00,Cash Withdrawal,Cancelled,4.5
APP_001925,CUST_09633,BR010,2025-11-06 14:52:00,Account Opening,Completed,24.0
APP_001926,CUST_03382,BR001,2025-11-07 09:13:00,Account Opening,Completed,24.0
APP_001927,CUST_04796,BR001,2025-11-07 10:51:00,Account Opening,Completed,24.0
APP_001928,CUST_02471,BR001,2025-11-07 10:26:00,Cheque Services,No-Show,6.0
APP_001929,CUST_14398,BR001,2025-11-07 10:32:00,Cash Deposit,Completed,6.5
APP_001930,CUST_04667,BR001,2025-11-07 10:11:00,Credit Card Service,Completed,12.0
APP_001931,CUST_02160,BR001,2025-11-07 10:55:00,Account Opening,Completed,24.0
APP_001932,CUST_01702,BR001,2025-11-07 10:24:00,Account Opening,No-Show,24.0
APP_001933,CUST_06176,BR001,2025-11-07 11:28:00,Complaint,Completed,16.5
APP_001934,CUST_11998,BR001,2025-11-07 11:55:00,Loan Application,Completed,34.0
APP_001935,CUST_00688,BR001,2025-11-07 11:43:00,Address Update,No-Show,8.0
APP_001936,CUST_06871,BR001,2025-11-07 11:39:00,Loan Application,Completed,34.0
APP_001937,CUST_11829,BR001,2025-11-07 12:16:00,Cheque Services,Completed,6.0
APP_001938,CUST_07494,BR001,2025-11-07 12:28:00,KYC Update,Completed,13.5
APP_001939,CUST_11846,BR002,2025-11-07 09:15:00,Statement Request,No-Show,5.0
APP_001940,CUST_03138,BR002,2025-11-07 10:10:00,Statement Request,Completed,5.0
APP_001941,CUST_06702,BR002,2025-11-07 10:13:00,KYC Update,No-Show,13.5
APP_001942,CUST_05612,BR002,2025-11-07 10:32:00,Credit Card Service,Completed,12.0
APP_001943,CUST_08914,BR002,2025-11-07 11:24:00,Loan Application,Completed,34.0
APP_001944,CUST_06504,BR002,2025-11-07 11:00:00,Complaint,Cancelled,16.5
APP_001945,CUST_00183,BR002,2025-11-07 11:35:00,Cash Withdrawal,Completed,4.5
APP_001946,CUST_05296,BR002,2025-11-07 11:36:00,Digital Banking Support,Completed,12.5
APP_001947,CUST_04930,BR002,2025-11-07 11:10:00,Cash Deposit,Completed,6.5
APP_001948,CUST_12806,BR002,2025-11-07 11:45:00,Cash Withdrawal,Completed,4.5
APP_001949,CUST_05708,BR002,2025-11-07 11:55:00,Complaint,Completed,16.5
APP_001950,CUST_14784,BR003,2025-11-07 09:31:00,Cheque Services,Cancelled,6.0
APP_001951,CUST_05364,BR003,2025-11-07 10:38:00,Cash Withdrawal,Completed,4.5
APP_001952,CUST_02913,BR003,2025-11-07 10:48:00,Credit Card Service,Completed,12.0
APP_001953,CUST_00780,BR003,2025-11-07 10:38:00,Credit Card Service,Completed,12.0
APP_001954,CUST_08067,BR003,2025-11-07 10:30:00,Statement Request,Completed,5.0
APP_001955,CUST_12663,BR003,2025-11-07 11:00:00,Loan Application,Completed,34.0
APP_001956,CUST_00179,BR003,2025-11-07 11:35:00,Cash Deposit,No-Show,6.5
APP_001957,CUST_12866,BR003,2025-11-07 11:54:00,Cheque Services,Completed,6.0
APP_001958,CUST_12972,BR004,2025-11-07 09:13:00,Complaint,Completed,16.5
APP_001959,CUST_13816,BR004,2025-11-07 09:28:00,Cash Withdrawal,Completed,4.5
APP_001960,CUST_08298,BR004,2025-11-07 10:43:00,Address Update,Completed,8.0
APP_001961,CUST_12871,BR004,2025-11-07 10:45:00,Cash Withdrawal,Completed,4.5
APP_001962,CUST_12282,BR004,2025-11-07 10:53:00,Cash Deposit,Completed,6.5
APP_001963,CUST_08201,BR004,2025-11-07 11:37:00,Investment Enquiry,Cancelled,26.0
APP_001964,CUST_01991,BR005,2025-11-07 10:19:00,KYC Update,Completed,13.5
APP_001965,CUST_07190,BR005,2025-11-07 10:39:00,Cash Withdrawal,Completed,4.5
APP_001966,CUST_13944,BR005,2025-11-07 12:40:00,General Customer Support,Completed,10.0
APP_001967,CUST_03773,BR005,2025-11-07 12:44:00,Cash Deposit,Completed,6.5
APP_001968,CUST_03854,BR005,2025-11-07 13:37:00,Credit Card Service,Completed,12.0
APP_001969,CUST_00823,BR005,2025-11-07 13:10:00,Address Update,Completed,8.0
APP_001970,CUST_00913,BR005,2025-11-07 15:14:00,Statement Request,Completed,5.0
APP_001971,CUST_02592,BR006,2025-11-07 09:22:00,Cash Withdrawal,Completed,4.5
APP_001972,CUST_01404,BR006,2025-11-07 10:09:00,Investment Enquiry,Cancelled,26.0
APP_001973,CUST_14681,BR006,2025-11-07 11:08:00,Account Opening,Completed,24.0
APP_001974,CUST_12963,BR006,2025-11-07 11:03:00,Credit Card Service,Completed,12.0
APP_001975,CUST_11243,BR006,2025-11-07 12:09:00,Cheque Services,Completed,6.0
APP_001976,CUST_06559,BR006,2025-11-07 12:53:00,Credit Card Service,No-Show,12.0
APP_001977,CUST_09765,BR007,2025-11-07 09:32:00,Digital Banking Support,Completed,12.5
APP_001978,CUST_09876,BR007,2025-11-07 09:10:00,KYC Update,Completed,13.5
APP_001979,CUST_05155,BR007,2025-11-07 10:21:00,Address Update,Completed,8.0
APP_001980,CUST_08233,BR007,2025-11-07 11:54:00,Investment Enquiry,Completed,26.0
APP_001981,CUST_08155,BR007,2025-11-07 12:49:00,Statement Request,Completed,5.0
APP_001982,CUST_09571,BR007,2025-11-07 13:22:00,Credit Card Service,Completed,12.0
APP_001983,CUST_01346,BR008,2025-11-07 10:53:00,Investment Enquiry,Completed,26.0
APP_001984,CUST_10419,BR008,2025-11-07 10:51:00,Cash Withdrawal,Completed,4.5
APP_001985,CUST_04500,BR008,2025-11-07 11:21:00,Cheque Services,Completed,6.0
APP_001986,CUST_09101,BR008,2025-11-07 11:38:00,Cash Deposit,Completed,6.5
APP_001987,CUST_10139,BR008,2025-11-07 11:11:00,Cheque Services,Completed,6.0
APP_001988,CUST_07790,BR008,2025-11-07 12:53:00,Investment Enquiry,Completed,26.0
APP_001989,CUST_00827,BR009,2025-11-07 09:38:00,Complaint,Completed,16.5
APP_001990,CUST_11214,BR009,2025-11-07 09:51:00,Account Opening,Completed,24.0
APP_001991,CUST_12588,BR009,2025-11-07 09:19:00,Account Opening,Completed,24.0
APP_001992,CUST_13084,BR009,2025-11-07 10:18:00,KYC Update,Completed,13.5
APP_001993,CUST_13883,BR009,2025-11-07 10:51:00,Loan Application,Completed,34.0
APP_001994,CUST_09826,BR009,2025-11-07 10:26:00,Loan Application,Completed,34.0
APP_001995,CUST_07732,BR009,2025-11-07 10:50:00,Loan Application,Completed,34.0
APP_001996,CUST_04094,BR009,2025-11-07 11:52:00,Cheque Services,Cancelled,6.0
APP_001997,CUST_10122,BR009,2025-11-07 11:50:00,Account Opening,Completed,24.0
APP_001998,CUST_04622,BR009,2025-11-07 11:46:00,Account Opening,Completed,24.0
APP_001999,CUST_00381,BR010,2025-11-07 11:18:00,Loan Enquiry,Completed,18.0
APP_002000,CUST_03706,BR010,2025-11-07 11:13:00,Credit Card Service,Completed,12.0
APP_002001,CUST_01412,BR001,2025-11-10 09:38:00,Cash Withdrawal,Completed,4.5
APP_002002,CUST_05731,BR001,2025-11-10 10:23:00,Cheque Services,Completed,6.0
APP_002003,CUST_07797,BR001,2025-11-10 10:25:00,Credit Card Service,Completed,12.0
APP_002004,CUST_02163,BR001,2025-11-10 10:08:00,Loan Enquiry,Completed,18.0
APP_002005,CUST_03519,BR001,2025-11-10 10:10:00,General Customer Support,Completed,10.0
APP_002006,CUST_07419,BR001,2025-11-10 10:53:00,Loan Enquiry,Completed,18.0
APP_002007,CUST_11921,BR001,2025-11-10 11:34:00,KYC Update,Completed,13.5
APP_002008,CUST_02807,BR001,2025-11-10 11:43:00,Statement Request,Completed,5.0
APP_002009,CUST_04822,BR001,2025-11-10 12:27:00,Complaint,No-Show,16.5
APP_002010,CUST_14307,BR001,2025-11-10 13:01:00,Loan Enquiry,No-Show,18.0
APP_002011,CUST_11237,BR002,2025-11-10 09:26:00,KYC Update,Completed,13.5
APP_002012,CUST_06660,BR002,2025-11-10 09:11:00,Cash Deposit,Completed,6.5
APP_002013,CUST_08240,BR002,2025-11-10 10:40:00,Cash Withdrawal,Completed,4.5
APP_002014,CUST_08914,BR002,2025-11-10 10:24:00,Credit Card Service,Completed,12.0
APP_002015,CUST_11778,BR002,2025-11-10 10:48:00,KYC Update,Completed,13.5
APP_002016,CUST_06262,BR002,2025-11-10 10:30:00,Cash Withdrawal,Completed,4.5
APP_002017,CUST_05219,BR002,2025-11-10 10:21:00,Cash Withdrawal,Completed,4.5
APP_002018,CUST_09119,BR002,2025-11-10 10:11:00,Cash Withdrawal,No-Show,4.5
APP_002019,CUST_04336,BR002,2025-11-10 11:39:00,Cash Withdrawal,Cancelled,4.5
APP_002020,CUST_03002,BR002,2025-11-10 11:50:00,Investment Enquiry,Completed,26.0
APP_002021,CUST_07788,BR002,2025-11-10 11:23:00,KYC Update,Cancelled,13.5
APP_002022,CUST_05916,BR002,2025-11-10 11:07:00,Cheque Services,Cancelled,6.0
APP_002023,CUST_03665,BR002,2025-11-10 11:35:00,Account Opening,Completed,24.0
APP_002024,CUST_00439,BR002,2025-11-10 12:19:00,Account Opening,Completed,24.0
APP_002025,CUST_06227,BR002,2025-11-10 12:55:00,Statement Request,Completed,5.0
APP_002026,CUST_03883,BR003,2025-11-10 09:54:00,Address Update,Completed,8.0
APP_002027,CUST_08740,BR003,2025-11-10 10:22:00,Account Opening,Completed,24.0
APP_002028,CUST_09576,BR003,2025-11-10 10:05:00,General Customer Support,Completed,10.0
APP_002029,CUST_11911,BR003,2025-11-10 11:34:00,Loan Enquiry,No-Show,18.0
APP_002030,CUST_01853,BR003,2025-11-10 11:28:00,Cash Deposit,Completed,6.5
APP_002031,CUST_03245,BR003,2025-11-10 12:34:00,Loan Enquiry,Completed,18.0
APP_002032,CUST_02429,BR003,2025-11-10 12:24:00,General Customer Support,Completed,10.0
APP_002033,CUST_09664,BR003,2025-11-10 12:10:00,Investment Enquiry,Completed,26.0
APP_002034,CUST_02405,BR003,2025-11-10 12:23:00,KYC Update,Completed,13.5
APP_002035,CUST_10242,BR003,2025-11-10 13:20:00,Loan Application,No-Show,34.0
APP_002036,CUST_06797,BR003,2025-11-10 13:05:00,Cash Withdrawal,Completed,4.5
APP_002037,CUST_05828,BR003,2025-11-10 14:06:00,Cash Deposit,No-Show,6.5
APP_002038,CUST_01156,BR004,2025-11-10 09:20:00,KYC Update,Completed,13.5
APP_002039,CUST_05418,BR004,2025-11-10 10:33:00,Cash Deposit,Completed,6.5
APP_002040,CUST_12712,BR004,2025-11-10 10:43:00,Loan Application,Completed,34.0
APP_002041,CUST_10908,BR004,2025-11-10 10:24:00,KYC Update,Completed,13.5
APP_002042,CUST_10080,BR004,2025-11-10 10:41:00,Cash Withdrawal,Completed,4.5
APP_002043,CUST_02646,BR004,2025-11-10 11:55:00,Cash Deposit,Completed,6.5
APP_002044,CUST_06922,BR004,2025-11-10 11:00:00,Digital Banking Support,Completed,12.5
APP_002045,CUST_11825,BR005,2025-11-10 09:13:00,Address Update,Completed,8.0
APP_002046,CUST_13211,BR005,2025-11-10 09:16:00,Digital Banking Support,Completed,12.5
APP_002047,CUST_14836,BR005,2025-11-10 10:42:00,KYC Update,Completed,13.5
APP_002048,CUST_14206,BR005,2025-11-10 10:30:00,Cash Withdrawal,Completed,4.5
APP_002049,CUST_02340,BR005,2025-11-10 10:40:00,KYC Update,Completed,13.5
APP_002050,CUST_05229,BR005,2025-11-10 11:22:00,Cash Withdrawal,Completed,4.5
APP_002051,CUST_09704,BR005,2025-11-10 11:36:00,Cash Deposit,Completed,6.5
APP_002052,CUST_02745,BR005,2025-11-10 11:37:00,Statement Request,Completed,5.0
APP_002053,CUST_03370,BR006,2025-11-10 09:16:00,Loan Application,Completed,34.0
APP_002054,CUST_12860,BR006,2025-11-10 09:13:00,Cash Withdrawal,Completed,4.5
APP_002055,CUST_08643,BR006,2025-11-10 10:52:00,Cash Withdrawal,Completed,4.5
APP_002056,CUST_00561,BR006,2025-11-10 10:25:00,Credit Card Service,Completed,12.0
APP_002057,CUST_00926,BR006,2025-11-10 11:28:00,Complaint,Completed,16.5
APP_002058,CUST_05558,BR006,2025-11-10 11:11:00,Loan Application,Completed,34.0
APP_002059,CUST_01457,BR006,2025-11-10 12:28:00,Cash Deposit,Completed,6.5
APP_002060,CUST_08111,BR006,2025-11-10 12:19:00,Account Opening,Completed,24.0
APP_002061,CUST_11886,BR006,2025-11-10 12:27:00,General Customer Support,Completed,10.0
APP_002062,CUST_13451,BR006,2025-11-10 13:37:00,Cash Withdrawal,Completed,4.5
APP_002063,CUST_03683,BR007,2025-11-10 09:12:00,Cash Deposit,Completed,6.5
APP_002064,CUST_01162,BR007,2025-11-10 10:37:00,Loan Application,Completed,34.0
APP_002065,CUST_14254,BR007,2025-11-10 10:11:00,Cheque Services,Completed,6.0
APP_002066,CUST_03079,BR007,2025-11-10 10:08:00,Cash Deposit,Completed,6.5
APP_002067,CUST_04935,BR007,2025-11-10 11:50:00,Cash Withdrawal,Completed,4.5
APP_002068,CUST_03771,BR007,2025-11-10 11:44:00,Cash Deposit,Cancelled,6.5
APP_002069,CUST_07013,BR007,2025-11-10 11:42:00,Account Opening,Completed,24.0
APP_002070,CUST_12994,BR008,2025-11-10 09:17:00,Cash Deposit,Completed,6.5
APP_002071,CUST_12820,BR008,2025-11-10 10:05:00,Cash Deposit,Completed,6.5
APP_002072,CUST_09023,BR008,2025-11-10 11:26:00,Complaint,Completed,16.5
APP_002073,CUST_11240,BR009,2025-11-10 09:01:00,General Customer Support,No-Show,10.0
APP_002074,CUST_13291,BR009,2025-11-10 09:44:00,Cash Deposit,Completed,6.5
APP_002075,CUST_04478,BR009,2025-11-10 10:12:00,Cash Withdrawal,Completed,4.5
APP_002076,CUST_10322,BR009,2025-11-10 10:32:00,Account Opening,Completed,24.0
APP_002077,CUST_06711,BR009,2025-11-10 10:54:00,KYC Update,Completed,13.5
APP_002078,CUST_04888,BR009,2025-11-10 10:11:00,Complaint,Cancelled,16.5
APP_002079,CUST_02492,BR009,2025-11-10 10:03:00,General Customer Support,Completed,10.0
APP_002080,CUST_03811,BR009,2025-11-10 10:54:00,Cheque Services,Completed,6.0
APP_002081,CUST_02786,BR010,2025-11-10 09:43:00,Address Update,Completed,8.0
APP_002082,CUST_13433,BR010,2025-11-10 10:03:00,Cheque Services,Completed,6.0
APP_002083,CUST_08343,BR010,2025-11-10 10:47:00,Cash Withdrawal,Completed,4.5
APP_002084,CUST_00633,BR010,2025-11-10 10:21:00,General Customer Support,Cancelled,10.0
APP_002085,CUST_04356,BR010,2025-11-10 11:40:00,Cash Withdrawal,Completed,4.5
APP_002086,CUST_01786,BR010,2025-11-10 12:35:00,KYC Update,Completed,13.5
APP_002087,CUST_10709,BR010,2025-11-10 12:21:00,Cash Deposit,Completed,6.5
APP_002088,CUST_09766,BR001,2025-11-11 09:20:00,Loan Application,Completed,34.0
APP_002089,CUST_10587,BR001,2025-11-11 10:23:00,KYC Update,No-Show,13.5
APP_002090,CUST_10964,BR001,2025-11-11 10:43:00,Cheque Services,Completed,6.0
APP_002091,CUST_03183,BR001,2025-11-11 10:15:00,General Customer Support,Completed,10.0
APP_002092,CUST_05999,BR001,2025-11-11 10:47:00,Complaint,Cancelled,16.5
APP_002093,CUST_05599,BR001,2025-11-11 11:43:00,KYC Update,Completed,13.5
APP_002094,CUST_00031,BR001,2025-11-11 11:53:00,Cash Deposit,Completed,6.5
APP_002095,CUST_12919,BR002,2025-11-11 09:52:00,Cash Deposit,Completed,6.5
APP_002096,CUST_12376,BR002,2025-11-11 09:50:00,Cash Deposit,Completed,6.5
APP_002097,CUST_08347,BR002,2025-11-11 10:10:00,Cash Withdrawal,Completed,4.5
APP_002098,CUST_00559,BR002,2025-11-11 10:41:00,Complaint,Completed,16.5
APP_002099,CUST_04708,BR002,2025-11-11 10:21:00,Investment Enquiry,No-Show,26.0
APP_002100,CUST_02138,BR002,2025-11-11 10:02:00,Cash Deposit,Completed,6.5
APP_002101,CUST_00415,BR002,2025-11-11 11:15:00,Complaint,Completed,16.5
APP_002102,CUST_02013,BR003,2025-11-11 09:17:00,Cheque Services,Completed,6.0
APP_002103,CUST_00771,BR003,2025-11-11 10:09:00,Cash Deposit,Completed,6.5
APP_002104,CUST_07697,BR003,2025-11-11 10:41:00,Cash Withdrawal,Completed,4.5
APP_002105,CUST_04384,BR003,2025-11-11 11:45:00,Address Update,Completed,8.0
APP_002106,CUST_08543,BR003,2025-11-11 11:34:00,Account Opening,Completed,24.0
APP_002107,CUST_04619,BR003,2025-11-11 11:30:00,Cash Withdrawal,Completed,4.5
APP_002108,CUST_00355,BR003,2025-11-11 11:18:00,Loan Enquiry,Completed,18.0
APP_002109,CUST_12445,BR003,2025-11-11 11:11:00,Complaint,Completed,16.5
APP_002110,CUST_13946,BR004,2025-11-11 11:10:00,Credit Card Service,Completed,12.0
APP_002111,CUST_12338,BR004,2025-11-11 12:54:00,Address Update,Completed,8.0
APP_002112,CUST_07791,BR004,2025-11-11 12:14:00,Cheque Services,Completed,6.0
APP_002113,CUST_09451,BR004,2025-11-11 13:08:00,Cash Deposit,Completed,6.5
APP_002114,CUST_14764,BR005,2025-11-11 09:42:00,KYC Update,Completed,13.5
APP_002115,CUST_07212,BR005,2025-11-11 10:29:00,Cheque Services,Completed,6.0
APP_002116,CUST_11308,BR005,2025-11-11 11:27:00,KYC Update,Completed,13.5
APP_002117,CUST_13014,BR006,2025-11-11 09:03:00,KYC Update,Cancelled,13.5
APP_002118,CUST_08117,BR006,2025-11-11 09:37:00,Cash Withdrawal,Completed,4.5
APP_002119,CUST_01079,BR006,2025-11-11 10:43:00,Investment Enquiry,Completed,26.0
APP_002120,CUST_14832,BR006,2025-11-11 10:48:00,Account Opening,Completed,24.0
APP_002121,CUST_08875,BR006,2025-11-11 11:34:00,Cheque Services,Completed,6.0
APP_002122,CUST_11155,BR007,2025-11-11 10:10:00,Address Update,Completed,8.0
APP_002123,CUST_05984,BR007,2025-11-11 10:27:00,Cash Withdrawal,Completed,4.5
APP_002124,CUST_10529,BR007,2025-11-11 10:05:00,Loan Enquiry,Completed,18.0
APP_002125,CUST_08385,BR007,2025-11-11 10:31:00,General Customer Support,Completed,10.0
APP_002126,CUST_12638,BR007,2025-11-11 10:22:00,Address Update,Completed,8.0
APP_002127,CUST_10257,BR007,2025-11-11 11:00:00,Cash Deposit,Completed,6.5
APP_002128,CUST_08622,BR008,2025-11-11 10:22:00,Credit Card Service,Completed,12.0
APP_002129,CUST_03024,BR008,2025-11-11 11:55:00,KYC Update,Completed,13.5
APP_002130,CUST_10271,BR008,2025-11-11 13:05:00,Credit Card Service,Completed,12.0
APP_002131,CUST_05840,BR009,2025-11-11 09:47:00,KYC Update,Cancelled,13.5
APP_002132,CUST_05994,BR009,2025-11-11 09:53:00,Cash Deposit,Completed,6.5
APP_002133,CUST_03747,BR009,2025-11-11 10:05:00,Complaint,Completed,16.5
APP_002134,CUST_08719,BR009,2025-11-11 11:54:00,Address Update,Cancelled,8.0
APP_002135,CUST_03254,BR009,2025-11-11 11:24:00,Statement Request,Completed,5.0
APP_002136,CUST_12584,BR009,2025-11-11 11:06:00,KYC Update,No-Show,13.5
APP_002137,CUST_00055,BR009,2025-11-11 12:18:00,General Customer Support,No-Show,10.0
APP_002138,CUST_13583,BR010,2025-11-11 10:32:00,Cheque Services,Completed,6.0
APP_002139,CUST_08341,BR010,2025-11-11 11:53:00,Statement Request,Completed,5.0
APP_002140,CUST_14145,BR010,2025-11-11 15:07:00,Cash Withdrawal,Completed,4.5
APP_002141,CUST_01323,BR001,2025-11-12 09:31:00,Cheque Services,Completed,6.0
APP_002142,CUST_12538,BR001,2025-11-12 09:37:00,KYC Update,Completed,13.5
APP_002143,CUST_07165,BR001,2025-11-12 10:19:00,KYC Update,Cancelled,13.5
APP_002144,CUST_08472,BR001,2025-11-12 10:28:00,Loan Application,Completed,34.0
APP_002145,CUST_03336,BR001,2025-11-12 10:30:00,Account Opening,Completed,24.0
APP_002146,CUST_02790,BR001,2025-11-12 11:21:00,Loan Enquiry,Completed,18.0
APP_002147,CUST_05058,BR001,2025-11-12 11:50:00,Loan Enquiry,Completed,18.0
APP_002148,CUST_05885,BR001,2025-11-12 11:30:00,Cash Withdrawal,Completed,4.5
APP_002149,CUST_10513,BR001,2025-11-12 11:27:00,KYC Update,Completed,13.5
APP_002150,CUST_00445,BR001,2025-11-12 12:39:00,Investment Enquiry,Completed,26.0
APP_002151,CUST_11932,BR001,2025-11-12 13:52:00,Cheque Services,Completed,6.0
APP_002152,CUST_06425,BR002,2025-11-12 09:12:00,Complaint,Completed,16.5
APP_002153,CUST_02666,BR002,2025-11-12 10:44:00,Statement Request,Completed,5.0
APP_002154,CUST_03588,BR002,2025-11-12 11:14:00,Investment Enquiry,Completed,26.0
APP_002155,CUST_05499,BR002,2025-11-12 11:08:00,Complaint,Completed,16.5
APP_002156,CUST_10485,BR002,2025-11-12 11:03:00,Address Update,Completed,8.0
APP_002157,CUST_11383,BR002,2025-11-12 11:02:00,KYC Update,Completed,13.5
APP_002158,CUST_14164,BR003,2025-11-12 09:47:00,Cash Withdrawal,Completed,4.5
APP_002159,CUST_11514,BR003,2025-11-12 10:46:00,Cheque Services,Completed,6.0
APP_002160,CUST_11883,BR003,2025-11-12 10:55:00,Cheque Services,Completed,6.0
APP_002161,CUST_00413,BR003,2025-11-12 10:17:00,Cash Withdrawal,Completed,4.5
APP_002162,CUST_04244,BR003,2025-11-12 11:16:00,Credit Card Service,Completed,12.0
APP_002163,CUST_07330,BR003,2025-11-12 11:47:00,Credit Card Service,Completed,12.0
APP_002164,CUST_10326,BR003,2025-11-12 11:17:00,KYC Update,Completed,13.5
APP_002165,CUST_04955,BR003,2025-11-12 11:16:00,Credit Card Service,Completed,12.0
APP_002166,CUST_14276,BR003,2025-11-12 12:08:00,Complaint,Completed,16.5
APP_002167,CUST_07654,BR004,2025-11-12 09:40:00,Cash Deposit,Completed,6.5
APP_002168,CUST_05726,BR004,2025-11-12 10:48:00,Cash Withdrawal,Cancelled,4.5
APP_002169,CUST_00889,BR004,2025-11-12 10:14:00,Cash Withdrawal,Completed,4.5
APP_002170,CUST_11063,BR004,2025-11-12 11:37:00,KYC Update,Completed,13.5
APP_002171,CUST_10685,BR004,2025-11-12 11:24:00,General Customer Support,Completed,10.0
APP_002172,CUST_14787,BR004,2025-11-12 11:21:00,Address Update,Completed,8.0
APP_002173,CUST_05513,BR005,2025-11-12 09:00:00,Digital Banking Support,Completed,12.5
APP_002174,CUST_09136,BR005,2025-11-12 11:24:00,KYC Update,Completed,13.5
APP_002175,CUST_02083,BR005,2025-11-12 11:54:00,Address Update,Cancelled,8.0
APP_002176,CUST_09749,BR005,2025-11-12 12:43:00,Cash Withdrawal,Completed,4.5
APP_002177,CUST_03735,BR005,2025-11-12 12:02:00,Complaint,Completed,16.5
APP_002178,CUST_14383,BR006,2025-11-12 09:06:00,Loan Application,Completed,34.0
APP_002179,CUST_12478,BR006,2025-11-12 09:13:00,KYC Update,Completed,13.5
APP_002180,CUST_01268,BR006,2025-11-12 10:19:00,Cash Deposit,Completed,6.5
APP_002181,CUST_00368,BR006,2025-11-12 11:13:00,Loan Enquiry,Completed,18.0
APP_002182,CUST_05738,BR006,2025-11-12 11:38:00,Loan Application,Completed,34.0
APP_002183,CUST_13917,BR006,2025-11-12 12:23:00,Complaint,Cancelled,16.5
APP_002184,CUST_08682,BR007,2025-11-12 10:01:00,KYC Update,Completed,13.5
APP_002185,CUST_13778,BR007,2025-11-12 11:39:00,KYC Update,Cancelled,13.5
APP_002186,CUST_06459,BR007,2025-11-12 11:15:00,Credit Card Service,No-Show,12.0
APP_002187,CUST_10924,BR007,2025-11-12 11:03:00,Cash Deposit,Cancelled,6.5
APP_002188,CUST_05181,BR007,2025-11-12 12:19:00,Statement Request,Completed,5.0
APP_002189,CUST_12821,BR007,2025-11-12 12:47:00,Cash Deposit,Completed,6.5
APP_002190,CUST_00342,BR008,2025-11-12 09:35:00,KYC Update,Cancelled,13.5
APP_002191,CUST_14937,BR008,2025-11-12 11:13:00,Cash Withdrawal,Completed,4.5
APP_002192,CUST_03417,BR008,2025-11-12 14:22:00,Cash Deposit,Completed,6.5
APP_002193,CUST_06385,BR009,2025-11-12 09:15:00,General Customer Support,Completed,10.0
APP_002194,CUST_11864,BR009,2025-11-12 10:04:00,Account Opening,Completed,24.0
APP_002195,CUST_00186,BR009,2025-11-12 11:00:00,Cash Deposit,Completed,6.5
APP_002196,CUST_01757,BR009,2025-11-12 11:35:00,KYC Update,Completed,13.5
APP_002197,CUST_06679,BR009,2025-11-12 12:41:00,Loan Application,Completed,34.0
APP_002198,CUST_10816,BR009,2025-11-12 12:25:00,Address Update,Completed,8.0
APP_002199,CUST_06471,BR009,2025-11-12 12:50:00,Cash Deposit,Cancelled,6.5
APP_002200,CUST_12853,BR009,2025-11-12 13:41:00,Complaint,No-Show,16.5
APP_002201,CUST_14851,BR010,2025-11-12 10:15:00,Loan Enquiry,Cancelled,18.0
APP_002202,CUST_03851,BR010,2025-11-12 10:11:00,Cash Deposit,Completed,6.5
APP_002203,CUST_06115,BR010,2025-11-12 10:11:00,Cash Deposit,Completed,6.5
APP_002204,CUST_08081,BR010,2025-11-12 11:01:00,Cheque Services,Cancelled,6.0
APP_002205,CUST_05581,BR001,2025-11-13 09:43:00,Address Update,Completed,8.0
APP_002206,CUST_08358,BR001,2025-11-13 11:32:00,Cheque Services,Completed,6.0
APP_002207,CUST_06112,BR001,2025-11-13 11:33:00,Cash Deposit,Completed,6.5
APP_002208,CUST_11041,BR001,2025-11-13 11:13:00,Account Opening,Completed,24.0
APP_002209,CUST_01686,BR001,2025-11-13 12:17:00,Loan Application,Completed,34.0
APP_002210,CUST_04912,BR002,2025-11-13 09:09:00,Loan Application,Completed,34.0
APP_002211,CUST_09608,BR002,2025-11-13 10:22:00,Cash Deposit,Completed,6.5
APP_002212,CUST_09799,BR002,2025-11-13 11:46:00,Loan Enquiry,Completed,18.0
APP_002213,CUST_12568,BR002,2025-11-13 11:27:00,Cash Deposit,Completed,6.5
APP_002214,CUST_06881,BR002,2025-11-13 11:30:00,KYC Update,Completed,13.5
APP_002215,CUST_00616,BR002,2025-11-13 12:28:00,Cash Deposit,Completed,6.5
APP_002216,CUST_09141,BR002,2025-11-13 12:08:00,Cash Withdrawal,Completed,4.5
APP_002217,CUST_14948,BR002,2025-11-13 12:30:00,KYC Update,No-Show,13.5
APP_002218,CUST_10147,BR003,2025-11-13 10:14:00,Loan Application,Completed,34.0
APP_002219,CUST_07614,BR003,2025-11-13 11:45:00,General Customer Support,Completed,10.0
APP_002220,CUST_12157,BR003,2025-11-13 11:05:00,Complaint,Completed,16.5
APP_002221,CUST_14306,BR003,2025-11-13 13:31:00,General Customer Support,Completed,10.0
APP_002222,CUST_12237,BR003,2025-11-13 13:16:00,Account Opening,Completed,24.0
APP_002223,CUST_07926,BR003,2025-11-13 13:26:00,Complaint,Completed,16.5
APP_002224,CUST_12331,BR004,2025-11-13 09:42:00,General Customer Support,Completed,10.0
APP_002225,CUST_13180,BR004,2025-11-13 12:40:00,Cheque Services,Cancelled,6.0
APP_002226,CUST_12389,BR004,2025-11-13 13:25:00,Statement Request,Completed,5.0
APP_002227,CUST_14154,BR005,2025-11-13 11:03:00,Cash Deposit,Completed,6.5
APP_002228,CUST_07789,BR005,2025-11-13 11:15:00,Loan Enquiry,Completed,18.0
APP_002229,CUST_08328,BR005,2025-11-13 11:13:00,Account Opening,Completed,24.0
APP_002230,CUST_04978,BR005,2025-11-13 12:09:00,Cash Withdrawal,Cancelled,4.5
APP_002231,CUST_00363,BR006,2025-11-13 09:33:00,Account Opening,Completed,24.0
APP_002232,CUST_11488,BR006,2025-11-13 10:16:00,Cash Withdrawal,Completed,4.5
APP_002233,CUST_09767,BR006,2025-11-13 11:29:00,Loan Enquiry,Completed,18.0
APP_002234,CUST_10840,BR006,2025-11-13 11:14:00,Loan Application,Cancelled,34.0
APP_002235,CUST_02530,BR006,2025-11-13 15:02:00,Credit Card Service,Completed,12.0
APP_002236,CUST_13738,BR006,2025-11-13 15:01:00,Loan Enquiry,Completed,18.0
APP_002237,CUST_00956,BR007,2025-11-13 09:37:00,General Customer Support,Completed,10.0
APP_002238,CUST_03475,BR007,2025-11-13 10:40:00,Statement Request,Completed,5.0
APP_002239,CUST_03430,BR007,2025-11-13 11:24:00,Loan Enquiry,Completed,18.0
APP_002240,CUST_12188,BR007,2025-11-13 12:02:00,Account Opening,Completed,24.0
APP_002241,CUST_04724,BR007,2025-11-13 12:18:00,Address Update,Completed,8.0
APP_002242,CUST_04321,BR008,2025-11-13 10:50:00,Statement Request,Cancelled,5.0
APP_002243,CUST_03751,BR008,2025-11-13 10:11:00,Cash Deposit,Completed,6.5
APP_002244,CUST_13194,BR008,2025-11-13 11:40:00,Address Update,Completed,8.0
APP_002245,CUST_00244,BR008,2025-11-13 12:32:00,Investment Enquiry,Cancelled,26.0
APP_002246,CUST_10254,BR009,2025-11-13 09:41:00,Loan Enquiry,Completed,18.0
APP_002247,CUST_09051,BR009,2025-11-13 10:00:00,General Customer Support,Completed,10.0
APP_002248,CUST_02524,BR009,2025-11-13 10:50:00,Complaint,Completed,16.5
APP_002249,CUST_12895,BR009,2025-11-13 11:04:00,Cash Withdrawal,Completed,4.5
APP_002250,CUST_01594,BR009,2025-11-13 12:47:00,Cheque Services,Completed,6.0
APP_002251,CUST_00046,BR009,2025-11-13 12:44:00,Cash Withdrawal,Completed,4.5
APP_002252,CUST_13901,BR009,2025-11-13 13:03:00,Cash Deposit,Completed,6.5
APP_002253,CUST_10850,BR009,2025-11-13 13:23:00,KYC Update,Completed,13.5
APP_002254,CUST_06842,BR009,2025-11-13 13:50:00,Address Update,Completed,8.0
APP_002255,CUST_01836,BR010,2025-11-13 09:47:00,Cash Withdrawal,Completed,4.5
APP_002256,CUST_12663,BR010,2025-11-13 10:36:00,Cash Withdrawal,Completed,4.5
APP_002257,CUST_10647,BR010,2025-11-13 12:44:00,Credit Card Service,Completed,12.0
APP_002258,CUST_09413,BR001,2025-11-14 09:40:00,Credit Card Service,Completed,12.0
APP_002259,CUST_08407,BR001,2025-11-14 09:26:00,Loan Application,Completed,34.0
APP_002260,CUST_14780,BR001,2025-11-14 09:08:00,Credit Card Service,No-Show,12.0
APP_002261,CUST_09396,BR001,2025-11-14 10:22:00,General Customer Support,Completed,10.0
APP_002262,CUST_01994,BR001,2025-11-14 10:25:00,KYC Update,Completed,13.5
APP_002263,CUST_00827,BR001,2025-11-14 10:33:00,Cash Deposit,Completed,6.5
APP_002264,CUST_11792,BR001,2025-11-14 11:51:00,Loan Application,Completed,34.0
APP_002265,CUST_09606,BR001,2025-11-14 11:45:00,Cash Withdrawal,Completed,4.5
APP_002266,CUST_01176,BR001,2025-11-14 11:05:00,Cash Withdrawal,Completed,4.5
APP_002267,CUST_04390,BR002,2025-11-14 10:03:00,Cash Withdrawal,Completed,4.5
APP_002268,CUST_07110,BR002,2025-11-14 10:25:00,KYC Update,Completed,13.5
APP_002269,CUST_08389,BR002,2025-11-14 10:30:00,KYC Update,Completed,13.5
APP_002270,CUST_01823,BR002,2025-11-14 10:44:00,Investment Enquiry,Completed,26.0
APP_002271,CUST_01090,BR002,2025-11-14 10:49:00,Address Update,Completed,8.0
APP_002272,CUST_09966,BR002,2025-11-14 11:05:00,Cash Withdrawal,Completed,4.5
APP_002273,CUST_03355,BR002,2025-11-14 11:49:00,Credit Card Service,Cancelled,12.0
APP_002274,CUST_14195,BR002,2025-11-14 13:22:00,Cash Deposit,Completed,6.5
APP_002275,CUST_12051,BR003,2025-11-14 09:44:00,Cash Deposit,Cancelled,6.5
APP_002276,CUST_13675,BR003,2025-11-14 10:15:00,Cash Withdrawal,Completed,4.5
APP_002277,CUST_13674,BR003,2025-11-14 11:39:00,Account Opening,Completed,24.0
APP_002278,CUST_01607,BR003,2025-11-14 11:10:00,KYC Update,Completed,13.5
APP_002279,CUST_00043,BR003,2025-11-14 12:41:00,Investment Enquiry,Completed,26.0
APP_002280,CUST_05256,BR003,2025-11-14 12:18:00,Complaint,Completed,16.5
APP_002281,CUST_09323,BR003,2025-11-14 13:01:00,Cash Withdrawal,Completed,4.5
APP_002282,CUST_04439,BR003,2025-11-14 13:30:00,Cash Withdrawal,Completed,4.5
APP_002283,CUST_14213,BR003,2025-11-14 13:18:00,Loan Enquiry,Completed,18.0
APP_002284,CUST_07372,BR003,2025-11-14 13:42:00,Cheque Services,Completed,6.0
APP_002285,CUST_02262,BR003,2025-11-14 14:23:00,Cash Withdrawal,Completed,4.5
APP_002286,CUST_04543,BR004,2025-11-14 09:36:00,Address Update,Completed,8.0
APP_002287,CUST_09354,BR004,2025-11-14 10:22:00,Cash Withdrawal,Completed,4.5
APP_002288,CUST_03408,BR004,2025-11-14 10:13:00,Cheque Services,Completed,6.0
APP_002289,CUST_01865,BR004,2025-11-14 11:42:00,Address Update,Completed,8.0
APP_002290,CUST_14418,BR004,2025-11-14 11:00:00,Cheque Services,Completed,6.0
APP_002291,CUST_05125,BR004,2025-11-14 12:28:00,Cash Deposit,Cancelled,6.5
APP_002292,CUST_12802,BR005,2025-11-14 09:09:00,Cash Withdrawal,Completed,4.5
APP_002293,CUST_05258,BR005,2025-11-14 09:25:00,KYC Update,Completed,13.5
APP_002294,CUST_04653,BR005,2025-11-14 10:48:00,KYC Update,Completed,13.5
APP_002295,CUST_06342,BR005,2025-11-14 11:01:00,Statement Request,Completed,5.0
APP_002296,CUST_08139,BR005,2025-11-14 11:55:00,Cash Deposit,Completed,6.5
APP_002297,CUST_12745,BR005,2025-11-14 11:17:00,Account Opening,Cancelled,24.0
APP_002298,CUST_10496,BR005,2025-11-14 12:15:00,Investment Enquiry,Completed,26.0
APP_002299,CUST_10352,BR006,2025-11-14 09:31:00,Cash Deposit,Completed,6.5
APP_002300,CUST_13782,BR006,2025-11-14 09:02:00,Loan Enquiry,Completed,18.0
APP_002301,CUST_09970,BR006,2025-11-14 10:40:00,Account Opening,Completed,24.0
APP_002302,CUST_04796,BR006,2025-11-14 10:38:00,Credit Card Service,Completed,12.0
APP_002303,CUST_13232,BR006,2025-11-14 11:35:00,Cash Deposit,Completed,6.5
APP_002304,CUST_12796,BR006,2025-11-14 11:22:00,Loan Application,Completed,34.0
APP_002305,CUST_11309,BR006,2025-11-14 11:26:00,Digital Banking Support,Cancelled,12.5
APP_002306,CUST_14005,BR006,2025-11-14 13:48:00,KYC Update,Completed,13.5
APP_002307,CUST_12742,BR007,2025-11-14 10:25:00,General Customer Support,Completed,10.0
APP_002308,CUST_05121,BR007,2025-11-14 10:39:00,Statement Request,Completed,5.0
APP_002309,CUST_10722,BR007,2025-11-14 11:01:00,Cheque Services,Completed,6.0
APP_002310,CUST_12115,BR007,2025-11-14 11:35:00,Account Opening,No-Show,24.0
APP_002311,CUST_11143,BR007,2025-11-14 11:36:00,Account Opening,Completed,24.0
APP_002312,CUST_08766,BR007,2025-11-14 11:00:00,KYC Update,Completed,13.5
APP_002313,CUST_09652,BR007,2025-11-14 11:48:00,KYC Update,Completed,13.5
APP_002314,CUST_10563,BR007,2025-11-14 12:43:00,Cash Withdrawal,Completed,4.5
APP_002315,CUST_08841,BR007,2025-11-14 13:35:00,Cash Withdrawal,Completed,4.5
APP_002316,CUST_00928,BR007,2025-11-14 13:30:00,Account Opening,Completed,24.0
APP_002317,CUST_13892,BR008,2025-11-14 09:28:00,General Customer Support,Completed,10.0
APP_002318,CUST_00686,BR008,2025-11-14 09:46:00,KYC Update,Completed,13.5
APP_002319,CUST_05322,BR008,2025-11-14 10:51:00,Account Opening,Completed,24.0
APP_002320,CUST_09646,BR008,2025-11-14 10:48:00,Loan Enquiry,Completed,18.0
APP_002321,CUST_10589,BR009,2025-11-14 09:21:00,Digital Banking Support,Completed,12.5
APP_002322,CUST_14050,BR009,2025-11-14 10:39:00,Cash Deposit,Completed,6.5
APP_002323,CUST_10289,BR009,2025-11-14 10:34:00,Loan Enquiry,Completed,18.0
APP_002324,CUST_13786,BR009,2025-11-14 10:45:00,Statement Request,Completed,5.0
APP_002325,CUST_04802,BR009,2025-11-14 11:12:00,Credit Card Service,Completed,12.0
APP_002326,CUST_01070,BR009,2025-11-14 11:29:00,Credit Card Service,Completed,12.0
APP_002327,CUST_05978,BR009,2025-11-14 11:33:00,Cash Withdrawal,Completed,4.5
APP_002328,CUST_11032,BR010,2025-11-14 09:33:00,Cash Withdrawal,Completed,4.5
APP_002329,CUST_03254,BR010,2025-11-14 11:29:00,Account Opening,Completed,24.0
APP_002330,CUST_06673,BR010,2025-11-14 11:11:00,Cash Withdrawal,Cancelled,4.5
APP_002331,CUST_12306,BR010,2025-11-14 12:35:00,KYC Update,Completed,13.5
APP_002332,CUST_11124,BR001,2025-11-15 09:33:00,Cash Deposit,Completed,6.5
APP_002333,CUST_04106,BR001,2025-11-15 10:04:00,Statement Request,Completed,5.0
APP_002334,CUST_13721,BR001,2025-11-15 10:30:00,Digital Banking Support,Completed,12.5
APP_002335,CUST_11677,BR001,2025-11-15 10:37:00,Cash Withdrawal,Completed,4.5
APP_002336,CUST_08651,BR001,2025-11-15 11:21:00,Address Update,Completed,8.0
APP_002337,CUST_01041,BR001,2025-11-15 11:36:00,Account Opening,Completed,24.0
APP_002338,CUST_12072,BR001,2025-11-15 15:43:00,Cash Withdrawal,Cancelled,4.5
APP_002339,CUST_08886,BR001,2025-11-15 15:12:00,Cash Withdrawal,Completed,4.5
APP_002340,CUST_06138,BR002,2025-11-15 10:32:00,Complaint,Completed,16.5
APP_002341,CUST_03174,BR002,2025-11-15 11:05:00,Cash Withdrawal,Completed,4.5
APP_002342,CUST_14961,BR002,2025-11-15 11:03:00,General Customer Support,Completed,10.0
APP_002343,CUST_02957,BR002,2025-11-15 11:52:00,Cash Deposit,Completed,6.5
APP_002344,CUST_03055,BR002,2025-11-15 11:05:00,Credit Card Service,Completed,12.0
APP_002345,CUST_02093,BR002,2025-11-15 12:43:00,Cash Withdrawal,Completed,4.5
APP_002346,CUST_09398,BR002,2025-11-15 12:03:00,Cash Deposit,Completed,6.5
APP_002347,CUST_01817,BR002,2025-11-15 12:23:00,Cheque Services,Completed,6.0
APP_002348,CUST_00274,BR002,2025-11-15 12:30:00,General Customer Support,Completed,10.0
APP_002349,CUST_12816,BR002,2025-11-15 12:35:00,General Customer Support,Completed,10.0
APP_002350,CUST_05024,BR003,2025-11-15 09:05:00,Cash Deposit,Completed,6.5
APP_002351,CUST_03530,BR003,2025-11-15 10:36:00,KYC Update,Completed,13.5
APP_002352,CUST_01076,BR003,2025-11-15 10:31:00,KYC Update,Completed,13.5
APP_002353,CUST_00889,BR003,2025-11-15 12:19:00,Cash Deposit,Completed,6.5
APP_002354,CUST_04257,BR003,2025-11-15 12:18:00,General Customer Support,Completed,10.0
APP_002355,CUST_12534,BR003,2025-11-15 12:02:00,General Customer Support,Completed,10.0
APP_002356,CUST_04314,BR003,2025-11-15 13:42:00,Cash Withdrawal,Completed,4.5
APP_002357,CUST_04474,BR003,2025-11-15 13:06:00,Cash Deposit,Completed,6.5
APP_002358,CUST_08393,BR003,2025-11-15 13:12:00,Cash Withdrawal,No-Show,4.5
APP_002359,CUST_11978,BR003,2025-11-15 14:47:00,Cash Withdrawal,Completed,4.5
APP_002360,CUST_12607,BR004,2025-11-15 10:43:00,Credit Card Service,Completed,12.0
APP_002361,CUST_11395,BR004,2025-11-15 10:52:00,Account Opening,Completed,24.0
APP_002362,CUST_03002,BR004,2025-11-15 10:39:00,Cheque Services,Completed,6.0
APP_002363,CUST_12175,BR004,2025-11-15 10:14:00,KYC Update,Completed,13.5
APP_002364,CUST_13692,BR004,2025-11-15 10:45:00,Cash Withdrawal,Completed,4.5
APP_002365,CUST_02882,BR004,2025-11-15 10:20:00,Digital Banking Support,Completed,12.5
APP_002366,CUST_01368,BR004,2025-11-15 10:07:00,Digital Banking Support,Cancelled,12.5
APP_002367,CUST_06120,BR004,2025-11-15 11:20:00,Credit Card Service,Completed,12.0
APP_002368,CUST_08724,BR004,2025-11-15 11:08:00,Cash Withdrawal,Cancelled,4.5
APP_002369,CUST_10679,BR005,2025-11-15 11:48:00,Investment Enquiry,Completed,26.0
APP_002370,CUST_09383,BR005,2025-11-15 12:11:00,Cash Deposit,Completed,6.5
APP_002371,CUST_12913,BR005,2025-11-15 12:26:00,Cash Deposit,Completed,6.5
APP_002372,CUST_13544,BR005,2025-11-15 13:17:00,Digital Banking Support,Completed,12.5
APP_002373,CUST_08072,BR005,2025-11-15 13:25:00,Complaint,Completed,16.5
APP_002374,CUST_01474,BR006,2025-11-15 09:23:00,Loan Enquiry,Completed,18.0
APP_002375,CUST_11867,BR006,2025-11-15 10:50:00,Complaint,Completed,16.5
APP_002376,CUST_04685,BR006,2025-11-15 10:25:00,Digital Banking Support,Completed,12.5
APP_002377,CUST_07128,BR006,2025-11-15 10:24:00,Account Opening,Completed,24.0
APP_002378,CUST_05225,BR006,2025-11-15 11:47:00,Account Opening,Completed,24.0
APP_002379,CUST_13766,BR006,2025-11-15 12:34:00,Cash Withdrawal,Completed,4.5
APP_002380,CUST_08608,BR006,2025-11-15 12:12:00,Account Opening,Completed,24.0
APP_002381,CUST_05306,BR007,2025-11-15 09:19:00,Address Update,Completed,8.0
APP_002382,CUST_06858,BR007,2025-11-15 10:09:00,Statement Request,Completed,5.0
APP_002383,CUST_02629,BR007,2025-11-15 11:44:00,Statement Request,Completed,5.0
APP_002384,CUST_06876,BR007,2025-11-15 11:11:00,Cash Withdrawal,Completed,4.5
APP_002385,CUST_13223,BR007,2025-11-15 11:55:00,Loan Application,Cancelled,34.0
APP_002386,CUST_04036,BR007,2025-11-15 11:47:00,Investment Enquiry,Completed,26.0
APP_002387,CUST_02456,BR008,2025-11-15 09:03:00,Cash Withdrawal,Completed,4.5
APP_002388,CUST_05599,BR008,2025-11-15 10:35:00,KYC Update,Completed,13.5
APP_002389,CUST_10598,BR008,2025-11-15 10:39:00,Account Opening,Completed,24.0
APP_002390,CUST_07582,BR008,2025-11-15 10:52:00,Loan Enquiry,Completed,18.0
APP_002391,CUST_05218,BR009,2025-11-15 11:04:00,Loan Application,Completed,34.0
APP_002392,CUST_05883,BR009,2025-11-15 11:02:00,Cash Deposit,Completed,6.5
APP_002393,CUST_00859,BR009,2025-11-15 11:11:00,KYC Update,Completed,13.5
APP_002394,CUST_09229,BR009,2025-11-15 11:46:00,Investment Enquiry,Completed,26.0
APP_002395,CUST_05543,BR009,2025-11-15 11:25:00,Statement Request,Completed,5.0
APP_002396,CUST_00775,BR009,2025-11-15 12:53:00,Investment Enquiry,Cancelled,26.0
APP_002397,CUST_05759,BR009,2025-11-15 12:37:00,Cash Deposit,Completed,6.5
APP_002398,CUST_08172,BR010,2025-11-15 10:46:00,Account Opening,Completed,24.0
APP_002399,CUST_08289,BR010,2025-11-15 11:06:00,Cash Withdrawal,Completed,4.5
APP_002400,CUST_04594,BR010,2025-11-15 11:38:00,General Customer Support,Completed,10.0
APP_002401,CUST_06614,BR001,2025-11-17 09:29:00,Loan Enquiry,Completed,18.0
APP_002402,CUST_10333,BR001,2025-11-17 09:52:00,Loan Enquiry,Completed,18.0
APP_002403,CUST_02969,BR001,2025-11-17 10:24:00,Loan Application,Completed,34.0
APP_002404,CUST_07007,BR001,2025-11-17 11:49:00,Address Update,Completed,8.0
APP_002405,CUST_05262,BR001,2025-11-17 11:32:00,Cash Withdrawal,Completed,4.5
APP_002406,CUST_13550,BR001,2025-11-17 11:37:00,Cash Deposit,Completed,6.5
APP_002407,CUST_01186,BR001,2025-11-17 12:23:00,Loan Application,Completed,34.0
APP_002408,CUST_06329,BR001,2025-11-17 12:47:00,Cash Deposit,Completed,6.5
APP_002409,CUST_04835,BR001,2025-11-17 12:17:00,Cash Deposit,Cancelled,6.5
APP_002410,CUST_00946,BR002,2025-11-17 09:38:00,Cash Deposit,Cancelled,6.5
APP_002411,CUST_09532,BR002,2025-11-17 10:23:00,Cash Withdrawal,Completed,4.5
APP_002412,CUST_09869,BR002,2025-11-17 10:07:00,Address Update,Completed,8.0
APP_002413,CUST_12675,BR002,2025-11-17 11:35:00,KYC Update,Completed,13.5
APP_002414,CUST_13545,BR002,2025-11-17 11:27:00,Cash Deposit,Completed,6.5
APP_002415,CUST_03426,BR002,2025-11-17 11:52:00,Complaint,Completed,16.5
APP_002416,CUST_08179,BR002,2025-11-17 11:53:00,Cash Deposit,Completed,6.5
APP_002417,CUST_04642,BR002,2025-11-17 12:04:00,Account Opening,Completed,24.0
APP_002418,CUST_09494,BR002,2025-11-17 12:49:00,Statement Request,Completed,5.0
APP_002419,CUST_08585,BR002,2025-11-17 13:54:00,Cash Deposit,Completed,6.5
APP_002420,CUST_11484,BR002,2025-11-17 13:03:00,Address Update,Completed,8.0
APP_002421,CUST_12054,BR002,2025-11-17 13:26:00,General Customer Support,Completed,10.0
APP_002422,CUST_07268,BR003,2025-11-17 09:28:00,KYC Update,Completed,13.5
APP_002423,CUST_11166,BR003,2025-11-17 09:53:00,Cash Withdrawal,Completed,4.5
APP_002424,CUST_01265,BR003,2025-11-17 10:21:00,Credit Card Service,Completed,12.0
APP_002425,CUST_04464,BR003,2025-11-17 10:40:00,Cash Deposit,Completed,6.5
APP_002426,CUST_02373,BR003,2025-11-17 10:15:00,Cash Deposit,Completed,6.5
APP_002427,CUST_03932,BR003,2025-11-17 10:12:00,Cash Deposit,Completed,6.5
APP_002428,CUST_02804,BR003,2025-11-17 11:04:00,Statement Request,Completed,5.0
APP_002429,CUST_12284,BR003,2025-11-17 11:11:00,Cash Withdrawal,Completed,4.5
APP_002430,CUST_05023,BR003,2025-11-17 12:34:00,Cash Deposit,Completed,6.5
APP_002431,CUST_12508,BR003,2025-11-17 12:48:00,Cash Deposit,Completed,6.5
APP_002432,CUST_14974,BR004,2025-11-17 09:16:00,Loan Application,Completed,34.0
APP_002433,CUST_14794,BR004,2025-11-17 10:46:00,Loan Application,Completed,34.0
APP_002434,CUST_14120,BR004,2025-11-17 10:37:00,KYC Update,Completed,13.5
APP_002435,CUST_05235,BR004,2025-11-17 10:53:00,Statement Request,Completed,5.0
APP_002436,CUST_03390,BR004,2025-11-17 11:41:00,Credit Card Service,Completed,12.0
APP_002437,CUST_09370,BR004,2025-11-17 11:51:00,Complaint,Completed,16.5
APP_002438,CUST_08485,BR004,2025-11-17 11:32:00,Loan Application,Completed,34.0
APP_002439,CUST_05025,BR004,2025-11-17 11:51:00,Loan Application,Completed,34.0
APP_002440,CUST_07947,BR004,2025-11-17 12:54:00,Complaint,Cancelled,16.5
APP_002441,CUST_13892,BR004,2025-11-17 12:05:00,Complaint,Completed,16.5
APP_002442,CUST_10394,BR005,2025-11-17 10:04:00,KYC Update,Completed,13.5
APP_002443,CUST_00129,BR005,2025-11-17 11:50:00,Cash Deposit,Completed,6.5
APP_002444,CUST_10877,BR005,2025-11-17 11:51:00,Account Opening,Completed,24.0
APP_002445,CUST_06649,BR005,2025-11-17 11:16:00,Loan Enquiry,Completed,18.0
APP_002446,CUST_14892,BR005,2025-11-17 11:26:00,Cash Withdrawal,Completed,4.5
APP_002447,CUST_08655,BR005,2025-11-17 13:49:00,Loan Enquiry,Completed,18.0
APP_002448,CUST_01553,BR006,2025-11-17 10:13:00,Investment Enquiry,Completed,26.0
APP_002449,CUST_05367,BR006,2025-11-17 11:38:00,Account Opening,Completed,24.0
APP_002450,CUST_07983,BR006,2025-11-17 11:14:00,Loan Enquiry,Completed,18.0
APP_002451,CUST_11034,BR006,2025-11-17 12:53:00,Loan Enquiry,No-Show,18.0
APP_002452,CUST_02225,BR006,2025-11-17 12:26:00,Cash Withdrawal,Completed,4.5
APP_002453,CUST_08802,BR006,2025-11-17 13:48:00,Account Opening,No-Show,24.0
APP_002454,CUST_10046,BR006,2025-11-17 14:32:00,Credit Card Service,Completed,12.0
APP_002455,CUST_14646,BR007,2025-11-17 09:44:00,Loan Enquiry,Completed,18.0
APP_002456,CUST_14878,BR007,2025-11-17 10:11:00,Cash Withdrawal,Completed,4.5
APP_002457,CUST_02246,BR007,2025-11-17 10:14:00,Address Update,Completed,8.0
APP_002458,CUST_04432,BR007,2025-11-17 10:50:00,Cash Deposit,No-Show,6.5
APP_002459,CUST_09636,BR007,2025-11-17 11:54:00,KYC Update,Completed,13.5
APP_002460,CUST_03752,BR007,2025-11-17 11:02:00,Credit Card Service,Cancelled,12.0
APP_002461,CUST_12838,BR008,2025-11-17 09:17:00,Cheque Services,Completed,6.0
APP_002462,CUST_06199,BR008,2025-11-17 09:13:00,Complaint,Completed,16.5
APP_002463,CUST_12498,BR008,2025-11-17 10:06:00,Account Opening,No-Show,24.0
APP_002464,CUST_05399,BR008,2025-11-17 10:39:00,Cash Deposit,Completed,6.5
APP_002465,CUST_03597,BR008,2025-11-17 10:06:00,Credit Card Service,Completed,12.0
APP_002466,CUST_08914,BR009,2025-11-17 10:24:00,Statement Request,Completed,5.0
APP_002467,CUST_11895,BR009,2025-11-17 10:29:00,Cash Deposit,Completed,6.5
APP_002468,CUST_13890,BR009,2025-11-17 10:55:00,Loan Application,Completed,34.0
APP_002469,CUST_04275,BR009,2025-11-17 11:16:00,KYC Update,Completed,13.5
APP_002470,CUST_03601,BR009,2025-11-17 11:32:00,Complaint,Completed,16.5
APP_002471,CUST_04183,BR009,2025-11-17 11:32:00,Cash Deposit,Completed,6.5
APP_002472,CUST_08505,BR010,2025-11-17 10:08:00,Cash Withdrawal,Completed,4.5
APP_002473,CUST_05516,BR010,2025-11-17 11:17:00,KYC Update,Completed,13.5
APP_002474,CUST_10922,BR010,2025-11-17 11:29:00,KYC Update,Completed,13.5
APP_002475,CUST_01732,BR010,2025-11-17 12:30:00,Complaint,Completed,16.5
APP_002476,CUST_14902,BR001,2025-11-18 09:08:00,Account Opening,Cancelled,24.0
APP_002477,CUST_10045,BR001,2025-11-18 10:33:00,KYC Update,Completed,13.5
APP_002478,CUST_10884,BR001,2025-11-18 10:55:00,Cheque Services,Cancelled,6.0
APP_002479,CUST_08035,BR001,2025-11-18 10:24:00,Cheque Services,Completed,6.0
APP_002480,CUST_05356,BR001,2025-11-18 10:42:00,Digital Banking Support,Cancelled,12.5
APP_002481,CUST_02476,BR001,2025-11-18 10:08:00,Cash Deposit,No-Show,6.5
APP_002482,CUST_09070,BR001,2025-11-18 11:23:00,KYC Update,Cancelled,13.5
APP_002483,CUST_02707,BR001,2025-11-18 11:09:00,Cash Withdrawal,Completed,4.5
APP_002484,CUST_06182,BR001,2025-11-18 12:15:00,KYC Update,Completed,13.5
APP_002485,CUST_08785,BR002,2025-11-18 09:51:00,Statement Request,Completed,5.0
APP_002486,CUST_05353,BR002,2025-11-18 10:27:00,Address Update,No-Show,8.0
APP_002487,CUST_09906,BR002,2025-11-18 10:10:00,KYC Update,No-Show,13.5
APP_002488,CUST_09981,BR002,2025-11-18 11:51:00,KYC Update,Completed,13.5
APP_002489,CUST_04673,BR002,2025-11-18 12:23:00,Address Update,Completed,8.0
APP_002490,CUST_04184,BR002,2025-11-18 13:44:00,Cash Withdrawal,Cancelled,4.5
APP_002491,CUST_03905,BR003,2025-11-18 12:33:00,Cash Deposit,Completed,6.5
APP_002492,CUST_13075,BR003,2025-11-18 12:10:00,Digital Banking Support,Completed,12.5
APP_002493,CUST_11695,BR003,2025-11-18 12:17:00,KYC Update,Completed,13.5
APP_002494,CUST_04593,BR003,2025-11-18 13:15:00,Account Opening,Completed,24.0
APP_002495,CUST_04288,BR003,2025-11-18 13:26:00,Cash Deposit,Completed,6.5
APP_002496,CUST_05226,BR003,2025-11-18 13:39:00,Cash Deposit,Completed,6.5
APP_002497,CUST_03715,BR004,2025-11-18 09:19:00,Cash Withdrawal,Completed,4.5
APP_002498,CUST_01849,BR004,2025-11-18 10:45:00,Cash Withdrawal,Completed,4.5
APP_002499,CUST_06686,BR004,2025-11-18 10:52:00,Cash Deposit,Completed,6.5
APP_002500,CUST_10486,BR004,2025-11-18 11:30:00,Loan Application,Completed,34.0
APP_002501,CUST_10671,BR004,2025-11-18 11:19:00,Credit Card Service,No-Show,12.0
APP_002502,CUST_04837,BR004,2025-11-18 11:23:00,Digital Banking Support,Completed,12.5
APP_002503,CUST_07107,BR004,2025-11-18 11:42:00,Cash Withdrawal,Completed,4.5
APP_002504,CUST_13907,BR005,2025-11-18 09:07:00,Account Opening,Completed,24.0
APP_002505,CUST_00813,BR005,2025-11-18 11:27:00,Loan Enquiry,Completed,18.0
APP_002506,CUST_10534,BR005,2025-11-18 11:13:00,Account Opening,Completed,24.0
APP_002507,CUST_13288,BR005,2025-11-18 13:41:00,Credit Card Service,Completed,12.0
APP_002508,CUST_07552,BR005,2025-11-18 15:31:00,Loan Application,Completed,34.0
APP_002509,CUST_10076,BR006,2025-11-18 09:36:00,Cheque Services,Completed,6.0
APP_002510,CUST_07306,BR006,2025-11-18 10:06:00,Address Update,Completed,8.0
APP_002511,CUST_07765,BR006,2025-11-18 11:41:00,Credit Card Service,Completed,12.0
APP_002512,CUST_11265,BR006,2025-11-18 11:29:00,Investment Enquiry,Completed,26.0
APP_002513,CUST_14223,BR006,2025-11-18 11:20:00,Loan Application,Completed,34.0
APP_002514,CUST_10771,BR007,2025-11-18 11:25:00,Complaint,Completed,16.5
APP_002515,CUST_07617,BR007,2025-11-18 14:42:00,Cash Withdrawal,Completed,4.5
APP_002516,CUST_08841,BR007,2025-11-18 14:44:00,KYC Update,Completed,13.5
APP_002517,CUST_06336,BR007,2025-11-18 15:05:00,KYC Update,Completed,13.5
APP_002518,CUST_02971,BR008,2025-11-18 12:49:00,Credit Card Service,Completed,12.0
APP_002519,CUST_05523,BR008,2025-11-18 13:52:00,Digital Banking Support,Completed,12.5
APP_002520,CUST_03742,BR009,2025-11-18 10:08:00,KYC Update,Completed,13.5
APP_002521,CUST_14555,BR009,2025-11-18 10:27:00,Cheque Services,No-Show,6.0
APP_002522,CUST_10900,BR009,2025-11-18 11:29:00,Cash Withdrawal,Completed,4.5
APP_002523,CUST_10629,BR009,2025-11-18 11:44:00,Cash Deposit,Completed,6.5
APP_002524,CUST_05482,BR009,2025-11-18 11:47:00,Loan Enquiry,Completed,18.0
APP_002525,CUST_11760,BR010,2025-11-18 10:14:00,Cash Withdrawal,Completed,4.5
APP_002526,CUST_09748,BR010,2025-11-18 11:49:00,Investment Enquiry,Completed,26.0
APP_002527,CUST_02116,BR010,2025-11-18 13:01:00,Cash Deposit,Cancelled,6.5
APP_002528,CUST_09275,BR001,2025-11-19 09:42:00,Cash Withdrawal,Completed,4.5
APP_002529,CUST_07364,BR001,2025-11-19 11:49:00,Cash Withdrawal,Completed,4.5
APP_002530,CUST_03785,BR001,2025-11-19 11:02:00,Cash Withdrawal,Completed,4.5
APP_002531,CUST_04954,BR001,2025-11-19 12:23:00,Statement Request,Cancelled,5.0
APP_002532,CUST_07290,BR001,2025-11-19 12:22:00,Address Update,Completed,8.0
APP_002533,CUST_11522,BR001,2025-11-19 12:33:00,Loan Application,Completed,34.0
APP_002534,CUST_02860,BR002,2025-11-19 10:33:00,Cheque Services,Completed,6.0
APP_002535,CUST_07643,BR002,2025-11-19 10:54:00,Account Opening,No-Show,24.0
APP_002536,CUST_14747,BR002,2025-11-19 11:24:00,Cash Withdrawal,Completed,4.5
APP_002537,CUST_14712,BR002,2025-11-19 11:16:00,Loan Application,Completed,34.0
APP_002538,CUST_05311,BR002,2025-11-19 11:51:00,Investment Enquiry,Completed,26.0
APP_002539,CUST_08450,BR002,2025-11-19 12:02:00,Account Opening,Completed,24.0
APP_002540,CUST_11519,BR002,2025-11-19 13:22:00,General Customer Support,Completed,10.0
APP_002541,CUST_07221,BR002,2025-11-19 15:32:00,Cash Withdrawal,Completed,4.5
APP_002542,CUST_05699,BR003,2025-11-19 09:29:00,Loan Application,Completed,34.0
APP_002543,CUST_13078,BR003,2025-11-19 10:51:00,Cash Withdrawal,Completed,4.5
APP_002544,CUST_01351,BR003,2025-11-19 10:05:00,Cash Withdrawal,Completed,4.5
APP_002545,CUST_08560,BR003,2025-11-19 10:16:00,Account Opening,Completed,24.0
APP_002546,CUST_10829,BR003,2025-11-19 10:08:00,KYC Update,Cancelled,13.5
APP_002547,CUST_00255,BR003,2025-11-19 11:31:00,Cash Deposit,Completed,6.5
APP_002548,CUST_03429,BR003,2025-11-19 11:28:00,KYC Update,Completed,13.5
APP_002549,CUST_02866,BR003,2025-11-19 11:38:00,Account Opening,Completed,24.0
APP_002550,CUST_10305,BR004,2025-11-19 09:09:00,Complaint,Completed,16.5
APP_002551,CUST_01038,BR004,2025-11-19 10:45:00,Complaint,Completed,16.5
APP_002552,CUST_09173,BR004,2025-11-19 10:53:00,Cash Deposit,Completed,6.5
APP_002553,CUST_01814,BR004,2025-11-19 11:06:00,Loan Application,Completed,34.0
APP_002554,CUST_12222,BR004,2025-11-19 11:48:00,Account Opening,Completed,24.0
APP_002555,CUST_08201,BR004,2025-11-19 11:17:00,Cash Withdrawal,No-Show,4.5
APP_002556,CUST_08813,BR005,2025-11-19 09:17:00,Credit Card Service,Completed,12.0
APP_002557,CUST_09688,BR005,2025-11-19 11:34:00,Address Update,Completed,8.0
APP_002558,CUST_01928,BR005,2025-11-19 15:06:00,Credit Card Service,Completed,12.0
APP_002559,CUST_14746,BR006,2025-11-19 09:40:00,KYC Update,Completed,13.5
APP_002560,CUST_00158,BR006,2025-11-19 10:11:00,KYC Update,Completed,13.5
APP_002561,CUST_04841,BR006,2025-11-19 10:20:00,Loan Application,Completed,34.0
APP_002562,CUST_08354,BR006,2025-11-19 10:38:00,Cash Deposit,Completed,6.5
APP_002563,CUST_03571,BR006,2025-11-19 11:06:00,Statement Request,Completed,5.0
APP_002564,CUST_10014,BR007,2025-11-19 09:10:00,Cash Withdrawal,Completed,4.5
APP_002565,CUST_07841,BR007,2025-11-19 10:18:00,Account Opening,Completed,24.0
APP_002566,CUST_07232,BR007,2025-11-19 10:11:00,Cheque Services,Completed,6.0
APP_002567,CUST_00784,BR007,2025-11-19 11:41:00,Account Opening,Completed,24.0
APP_002568,CUST_03448,BR007,2025-11-19 12:34:00,Cash Deposit,Completed,6.5
APP_002569,CUST_03600,BR008,2025-11-19 10:23:00,Account Opening,Completed,24.0
APP_002570,CUST_11081,BR008,2025-11-19 12:03:00,Cash Withdrawal,Completed,4.5
APP_002571,CUST_09972,BR008,2025-11-19 13:18:00,Address Update,Completed,8.0
APP_002572,CUST_04838,BR009,2025-11-19 09:50:00,Cash Withdrawal,Completed,4.5
APP_002573,CUST_13641,BR009,2025-11-19 09:40:00,Investment Enquiry,Completed,26.0
APP_002574,CUST_10322,BR009,2025-11-19 09:09:00,Account Opening,Completed,24.0
APP_002575,CUST_07464,BR009,2025-11-19 10:28:00,Investment Enquiry,Completed,26.0
APP_002576,CUST_00871,BR009,2025-11-19 11:25:00,Cash Withdrawal,No-Show,4.5
APP_002577,CUST_04153,BR009,2025-11-19 12:52:00,Loan Enquiry,Cancelled,18.0
APP_002578,CUST_00794,BR009,2025-11-19 12:36:00,Account Opening,Completed,24.0
APP_002579,CUST_01375,BR009,2025-11-19 12:42:00,Cash Withdrawal,Completed,4.5
APP_002580,CUST_01388,BR009,2025-11-19 13:43:00,KYC Update,Completed,13.5
APP_002581,CUST_14577,BR010,2025-11-19 11:13:00,Address Update,Completed,8.0
APP_002582,CUST_06235,BR010,2025-11-19 11:47:00,Cash Deposit,Completed,6.5
APP_002583,CUST_07825,BR010,2025-11-19 11:17:00,KYC Update,Completed,13.5
APP_002584,CUST_14889,BR010,2025-11-19 12:21:00,KYC Update,Completed,13.5
APP_002585,CUST_07187,BR001,2025-11-20 10:01:00,General Customer Support,Completed,10.0
APP_002586,CUST_00589,BR001,2025-11-20 10:14:00,Cash Withdrawal,Completed,4.5
APP_002587,CUST_12250,BR001,2025-11-20 10:52:00,Account Opening,Completed,24.0
APP_002588,CUST_12878,BR001,2025-11-20 11:15:00,Digital Banking Support,Completed,12.5
APP_002589,CUST_05014,BR001,2025-11-20 11:47:00,Cash Deposit,Completed,6.5
APP_002590,CUST_01654,BR001,2025-11-20 11:38:00,Cash Deposit,Completed,6.5
APP_002591,CUST_03807,BR001,2025-11-20 11:06:00,Digital Banking Support,Completed,12.5
APP_002592,CUST_11960,BR001,2025-11-20 11:28:00,Address Update,Completed,8.0
APP_002593,CUST_12119,BR002,2025-11-20 09:17:00,Cash Withdrawal,Completed,4.5
APP_002594,CUST_14974,BR002,2025-11-20 09:43:00,Loan Enquiry,Cancelled,18.0
APP_002595,CUST_02206,BR002,2025-11-20 10:46:00,Cash Withdrawal,Completed,4.5
APP_002596,CUST_09463,BR002,2025-11-20 10:28:00,KYC Update,Completed,13.5
APP_002597,CUST_09296,BR002,2025-11-20 10:10:00,Cash Withdrawal,Completed,4.5
APP_002598,CUST_10708,BR002,2025-11-20 10:16:00,Cash Deposit,Cancelled,6.5
APP_002599,CUST_05560,BR003,2025-11-20 09:03:00,Credit Card Service,Completed,12.0
APP_002600,CUST_14434,BR003,2025-11-20 09:08:00,Loan Application,Completed,34.0
APP_002601,CUST_11829,BR003,2025-11-20 10:40:00,Loan Application,Cancelled,34.0
APP_002602,CUST_09500,BR003,2025-11-20 10:44:00,Address Update,Completed,8.0
APP_002603,CUST_08251,BR003,2025-11-20 12:34:00,Cash Deposit,Completed,6.5
APP_002604,CUST_08440,BR003,2025-11-20 12:06:00,Account Opening,Completed,24.0
APP_002605,CUST_08877,BR003,2025-11-20 12:52:00,Statement Request,Completed,5.0
APP_002606,CUST_03617,BR003,2025-11-20 13:39:00,Loan Enquiry,Completed,18.0
APP_002607,CUST_11972,BR004,2025-11-20 09:08:00,Credit Card Service,Cancelled,12.0
APP_002608,CUST_08361,BR004,2025-11-20 10:03:00,General Customer Support,Completed,10.0
APP_002609,CUST_06574,BR004,2025-11-20 11:35:00,General Customer Support,Completed,10.0
APP_002610,CUST_06907,BR004,2025-11-20 12:19:00,Statement Request,Cancelled,5.0
APP_002611,CUST_10816,BR004,2025-11-20 12:40:00,Cash Deposit,Completed,6.5
APP_002612,CUST_06389,BR004,2025-11-20 12:33:00,Cash Withdrawal,Completed,4.5
APP_002613,CUST_07688,BR005,2025-11-20 09:34:00,Cash Deposit,Completed,6.5
APP_002614,CUST_05688,BR005,2025-11-20 10:47:00,Cash Deposit,Cancelled,6.5
APP_002615,CUST_14704,BR005,2025-11-20 11:52:00,Digital Banking Support,Completed,12.5
APP_002616,CUST_14448,BR006,2025-11-20 10:24:00,Cash Deposit,Completed,6.5
APP_002617,CUST_04795,BR006,2025-11-20 10:08:00,Address Update,Completed,8.0
APP_002618,CUST_04712,BR006,2025-11-20 10:46:00,Credit Card Service,Completed,12.0
APP_002619,CUST_06851,BR006,2025-11-20 12:52:00,Digital Banking Support,Completed,12.5
APP_002620,CUST_00740,BR006,2025-11-20 14:46:00,Credit Card Service,Completed,12.0
APP_002621,CUST_04419,BR006,2025-11-20 15:10:00,Loan Application,Completed,34.0
APP_002622,CUST_12322,BR007,2025-11-20 10:03:00,KYC Update,Completed,13.5
APP_002623,CUST_01576,BR007,2025-11-20 11:00:00,Loan Enquiry,Completed,18.0
APP_002624,CUST_14225,BR007,2025-11-20 11:30:00,Loan Enquiry,Completed,18.0
APP_002625,CUST_03858,BR007,2025-11-20 11:30:00,Loan Enquiry,Completed,18.0
APP_002626,CUST_07920,BR007,2025-11-20 12:24:00,Cash Withdrawal,Completed,4.5
APP_002627,CUST_06851,BR007,2025-11-20 13:03:00,Cheque Services,Completed,6.0
APP_002628,CUST_01060,BR008,2025-11-20 10:48:00,Cash Withdrawal,Completed,4.5
APP_002629,CUST_06110,BR008,2025-11-20 10:46:00,General Customer Support,Completed,10.0
APP_002630,CUST_07008,BR008,2025-11-20 10:44:00,Cheque Services,Completed,6.0
APP_002631,CUST_03824,BR008,2025-11-20 10:16:00,General Customer Support,Completed,10.0
APP_002632,CUST_05628,BR009,2025-11-20 10:49:00,Loan Enquiry,Completed,18.0
APP_002633,CUST_02667,BR009,2025-11-20 12:28:00,Cash Deposit,Completed,6.5
APP_002634,CUST_09763,BR009,2025-11-20 13:45:00,KYC Update,Completed,13.5
APP_002635,CUST_05610,BR009,2025-11-20 14:38:00,Complaint,Completed,16.5
APP_002636,CUST_14632,BR009,2025-11-20 15:45:00,Address Update,Completed,8.0
APP_002637,CUST_10769,BR009,2025-11-20 15:23:00,Cheque Services,Completed,6.0
APP_002638,CUST_11617,BR010,2025-11-20 10:00:00,KYC Update,Completed,13.5
APP_002639,CUST_00816,BR010,2025-11-20 15:44:00,Cash Withdrawal,Completed,4.5
APP_002640,CUST_10026,BR001,2025-11-21 09:55:00,Cash Deposit,Completed,6.5
APP_002641,CUST_05695,BR001,2025-11-21 10:28:00,KYC Update,Completed,13.5
APP_002642,CUST_05223,BR001,2025-11-21 10:30:00,Cash Withdrawal,Completed,4.5
APP_002643,CUST_00791,BR001,2025-11-21 10:55:00,Cheque Services,Completed,6.0
APP_002644,CUST_05827,BR001,2025-11-21 10:21:00,Cheque Services,Completed,6.0
APP_002645,CUST_03491,BR001,2025-11-21 11:26:00,Cash Withdrawal,Completed,4.5
APP_002646,CUST_00632,BR001,2025-11-21 11:10:00,Loan Enquiry,Completed,18.0
APP_002647,CUST_03032,BR001,2025-11-21 12:28:00,General Customer Support,Completed,10.0
APP_002648,CUST_14808,BR001,2025-11-21 12:13:00,Credit Card Service,Completed,12.0
APP_002649,CUST_08078,BR001,2025-11-21 12:00:00,Investment Enquiry,Completed,26.0
APP_002650,CUST_10819,BR001,2025-11-21 13:29:00,Complaint,Completed,16.5
APP_002651,CUST_13835,BR002,2025-11-21 10:53:00,Loan Application,Completed,34.0
APP_002652,CUST_00431,BR002,2025-11-21 10:30:00,General Customer Support,Completed,10.0
APP_002653,CUST_10844,BR002,2025-11-21 10:44:00,Cheque Services,Completed,6.0
APP_002654,CUST_02010,BR002,2025-11-21 11:20:00,Credit Card Service,Completed,12.0
APP_002655,CUST_13740,BR002,2025-11-21 11:01:00,Cash Deposit,Completed,6.5
APP_002656,CUST_03931,BR002,2025-11-21 11:11:00,Investment Enquiry,Completed,26.0
APP_002657,CUST_10628,BR002,2025-11-21 11:30:00,Cash Deposit,Completed,6.5
APP_002658,CUST_03133,BR002,2025-11-21 13:08:00,Credit Card Service,Completed,12.0
APP_002659,CUST_08403,BR002,2025-11-21 15:34:00,Cheque Services,Completed,6.0
APP_002660,CUST_05704,BR002,2025-11-21 15:16:00,Complaint,Completed,16.5
APP_002661,CUST_08253,BR002,2025-11-21 16:11:00,Digital Banking Support,Completed,12.5
APP_002662,CUST_05973,BR003,2025-11-21 10:46:00,General Customer Support,Cancelled,10.0
APP_002663,CUST_00510,BR003,2025-11-21 10:30:00,Credit Card Service,Cancelled,12.0
APP_002664,CUST_11890,BR003,2025-11-21 10:53:00,Loan Enquiry,Completed,18.0
APP_002665,CUST_09722,BR003,2025-11-21 11:10:00,KYC Update,Completed,13.5
APP_002666,CUST_07412,BR003,2025-11-21 11:32:00,Address Update,Completed,8.0
APP_002667,CUST_14951,BR003,2025-11-21 12:39:00,Loan Application,Completed,34.0
APP_002668,CUST_05324,BR003,2025-11-21 12:29:00,Cash Withdrawal,Completed,4.5
APP_002669,CUST_11692,BR003,2025-11-21 13:24:00,Digital Banking Support,Completed,12.5
APP_002670,CUST_08500,BR003,2025-11-21 13:20:00,General Customer Support,Cancelled,10.0
APP_002671,CUST_04873,BR003,2025-11-21 13:55:00,Account Opening,Completed,24.0
APP_002672,CUST_11692,BR004,2025-11-21 09:28:00,Cash Withdrawal,Completed,4.5
APP_002673,CUST_13743,BR004,2025-11-21 09:17:00,Cash Withdrawal,Completed,4.5
APP_002674,CUST_14498,BR004,2025-11-21 10:27:00,Cash Deposit,No-Show,6.5
APP_002675,CUST_00677,BR004,2025-11-21 10:52:00,Statement Request,Completed,5.0
APP_002676,CUST_05825,BR004,2025-11-21 10:39:00,Cash Withdrawal,Completed,4.5
APP_002677,CUST_11311,BR004,2025-11-21 10:24:00,Cash Deposit,Completed,6.5
APP_002678,CUST_07075,BR005,2025-11-21 11:06:00,Cash Deposit,Completed,6.5
APP_002679,CUST_08278,BR005,2025-11-21 11:33:00,KYC Update,Completed,13.5
APP_002680,CUST_03234,BR005,2025-11-21 15:41:00,Credit Card Service,Completed,12.0
APP_002681,CUST_11271,BR005,2025-11-21 15:44:00,KYC Update,Completed,13.5
APP_002682,CUST_07445,BR005,2025-11-21 16:13:00,Cheque Services,Completed,6.0
APP_002683,CUST_04593,BR006,2025-11-21 09:09:00,Investment Enquiry,Completed,26.0
APP_002684,CUST_14014,BR006,2025-11-21 09:07:00,Account Opening,Completed,24.0
APP_002685,CUST_12650,BR006,2025-11-21 10:30:00,General Customer Support,Completed,10.0
APP_002686,CUST_06510,BR006,2025-11-21 10:35:00,Cheque Services,Completed,6.0
APP_002687,CUST_08941,BR006,2025-11-21 10:53:00,Account Opening,Completed,24.0
APP_002688,CUST_04705,BR006,2025-11-21 10:33:00,General Customer Support,Completed,10.0
APP_002689,CUST_12035,BR006,2025-11-21 11:46:00,Cash Withdrawal,Cancelled,4.5
APP_002690,CUST_08774,BR006,2025-11-21 11:11:00,Cash Deposit,Completed,6.5
APP_002691,CUST_14502,BR006,2025-11-21 11:11:00,Investment Enquiry,No-Show,26.0
APP_002692,CUST_08220,BR006,2025-11-21 11:00:00,Loan Enquiry,Completed,18.0
APP_002693,CUST_03702,BR006,2025-11-21 11:39:00,Address Update,Completed,8.0
APP_002694,CUST_09527,BR006,2025-11-21 11:21:00,Cash Deposit,Completed,6.5
APP_002695,CUST_00209,BR007,2025-11-21 09:52:00,KYC Update,Completed,13.5
APP_002696,CUST_09860,BR007,2025-11-21 09:41:00,Loan Application,No-Show,34.0
APP_002697,CUST_02481,BR007,2025-11-21 10:52:00,Cash Withdrawal,Completed,4.5
APP_002698,CUST_09679,BR007,2025-11-21 10:28:00,Cash Deposit,Completed,6.5
APP_002699,CUST_08899,BR007,2025-11-21 10:10:00,Cash Deposit,Completed,6.5
APP_002700,CUST_05587,BR007,2025-11-21 10:04:00,KYC Update,Completed,13.5
APP_002701,CUST_10496,BR007,2025-11-21 11:25:00,KYC Update,Completed,13.5
APP_002702,CUST_14842,BR007,2025-11-21 11:54:00,Statement Request,Completed,5.0
APP_002703,CUST_03238,BR007,2025-11-21 11:36:00,Cash Deposit,Cancelled,6.5
APP_002704,CUST_14035,BR007,2025-11-21 12:24:00,Cash Deposit,Completed,6.5
APP_002705,CUST_07188,BR007,2025-11-21 12:50:00,Account Opening,Completed,24.0
APP_002706,CUST_03749,BR008,2025-11-21 11:04:00,Credit Card Service,Completed,12.0
APP_002707,CUST_06637,BR008,2025-11-21 11:20:00,General Customer Support,Completed,10.0
APP_002708,CUST_00884,BR008,2025-11-21 11:33:00,Investment Enquiry,Completed,26.0
APP_002709,CUST_10891,BR008,2025-11-21 12:40:00,Address Update,Completed,8.0
APP_002710,CUST_10910,BR008,2025-11-21 13:30:00,KYC Update,Completed,13.5
APP_002711,CUST_11448,BR009,2025-11-21 10:34:00,KYC Update,Completed,13.5
APP_002712,CUST_03454,BR009,2025-11-21 10:40:00,Address Update,Completed,8.0
APP_002713,CUST_00258,BR009,2025-11-21 10:35:00,Loan Application,Completed,34.0
APP_002714,CUST_04394,BR009,2025-11-21 11:41:00,Account Opening,Completed,24.0
APP_002715,CUST_03935,BR009,2025-11-21 11:33:00,Statement Request,Completed,5.0
APP_002716,CUST_04955,BR009,2025-11-21 11:27:00,Cheque Services,Completed,6.0
APP_002717,CUST_01971,BR009,2025-11-21 11:24:00,KYC Update,Cancelled,13.5
APP_002718,CUST_08719,BR009,2025-11-21 12:51:00,Loan Enquiry,Completed,18.0
APP_002719,CUST_10903,BR009,2025-11-21 13:04:00,Cash Withdrawal,Cancelled,4.5
APP_002720,CUST_01015,BR010,2025-11-21 09:35:00,Cash Withdrawal,Completed,4.5
APP_002721,CUST_08209,BR010,2025-11-21 10:38:00,Cash Withdrawal,Completed,4.5
APP_002722,CUST_03948,BR010,2025-11-21 10:51:00,Digital Banking Support,Completed,12.5
APP_002723,CUST_07798,BR001,2025-11-24 09:21:00,Cash Withdrawal,Completed,4.5
APP_002724,CUST_14419,BR001,2025-11-24 10:31:00,KYC Update,Completed,13.5
APP_002725,CUST_11513,BR001,2025-11-24 10:31:00,Loan Enquiry,Completed,18.0
APP_002726,CUST_05260,BR001,2025-11-24 10:02:00,Address Update,Completed,8.0
APP_002727,CUST_07179,BR001,2025-11-24 11:20:00,Complaint,Completed,16.5
APP_002728,CUST_12329,BR001,2025-11-24 12:25:00,Statement Request,Completed,5.0
APP_002729,CUST_06309,BR001,2025-11-24 12:03:00,Loan Enquiry,Cancelled,18.0
APP_002730,CUST_06579,BR001,2025-11-24 12:16:00,KYC Update,Completed,13.5
APP_002731,CUST_03583,BR001,2025-11-24 12:38:00,Statement Request,No-Show,5.0
APP_002732,CUST_09790,BR001,2025-11-24 12:49:00,Loan Enquiry,Completed,18.0
APP_002733,CUST_12565,BR002,2025-11-24 09:18:00,General Customer Support,Completed,10.0
APP_002734,CUST_07587,BR002,2025-11-24 10:48:00,KYC Update,Completed,13.5
APP_002735,CUST_09839,BR002,2025-11-24 10:39:00,Address Update,Completed,8.0
APP_002736,CUST_07238,BR002,2025-11-24 10:48:00,KYC Update,Completed,13.5
APP_002737,CUST_09971,BR002,2025-11-24 10:52:00,KYC Update,Cancelled,13.5
APP_002738,CUST_14262,BR002,2025-11-24 10:54:00,Cheque Services,Completed,6.0
APP_002739,CUST_12037,BR002,2025-11-24 10:47:00,General Customer Support,Completed,10.0
APP_002740,CUST_05968,BR002,2025-11-24 11:37:00,Cash Deposit,Cancelled,6.5
APP_002741,CUST_03216,BR002,2025-11-24 11:10:00,Cash Withdrawal,Completed,4.5
APP_002742,CUST_05155,BR002,2025-11-24 11:45:00,Cheque Services,Completed,6.0
APP_002743,CUST_07666,BR002,2025-11-24 11:10:00,Cash Withdrawal,Completed,4.5
APP_002744,CUST_04677,BR002,2025-11-24 11:37:00,Account Opening,Cancelled,24.0
APP_002745,CUST_00143,BR002,2025-11-24 12:31:00,Credit Card Service,Completed,12.0
APP_002746,CUST_14711,BR002,2025-11-24 12:40:00,KYC Update,Cancelled,13.5
APP_002747,CUST_04977,BR002,2025-11-24 12:21:00,Complaint,Completed,16.5
APP_002748,CUST_03813,BR002,2025-11-24 12:29:00,Cash Withdrawal,Completed,4.5
APP_002749,CUST_03980,BR002,2025-11-24 12:55:00,Cash Deposit,Completed,6.5
APP_002750,CUST_09106,BR003,2025-11-24 09:01:00,Complaint,Completed,16.5
APP_002751,CUST_07649,BR003,2025-11-24 09:01:00,KYC Update,Completed,13.5
APP_002752,CUST_14892,BR003,2025-11-24 10:45:00,Cash Withdrawal,Completed,4.5
APP_002753,CUST_03462,BR003,2025-11-24 11:12:00,Loan Application,Completed,34.0
APP_002754,CUST_01947,BR003,2025-11-24 11:19:00,Digital Banking Support,Completed,12.5
APP_002755,CUST_11708,BR003,2025-11-24 11:15:00,Credit Card Service,Completed,12.0
APP_002756,CUST_00618,BR003,2025-11-24 11:11:00,Credit Card Service,Completed,12.0
APP_002757,CUST_11524,BR003,2025-11-24 11:46:00,Cash Withdrawal,Completed,4.5
APP_002758,CUST_07345,BR003,2025-11-24 11:37:00,Cash Withdrawal,Completed,4.5
APP_002759,CUST_05167,BR003,2025-11-24 12:44:00,Cheque Services,Completed,6.0
APP_002760,CUST_02009,BR003,2025-11-24 12:54:00,Cheque Services,Completed,6.0
APP_002761,CUST_02825,BR003,2025-11-24 12:09:00,Loan Application,Completed,34.0
APP_002762,CUST_04307,BR003,2025-11-24 12:28:00,Cash Deposit,Completed,6.5
APP_002763,CUST_04182,BR003,2025-11-24 13:12:00,Cash Deposit,Completed,6.5
APP_002764,CUST_10183,BR003,2025-11-24 14:28:00,Cash Withdrawal,Completed,4.5
APP_002765,CUST_11648,BR004,2025-11-24 10:24:00,Cheque Services,Completed,6.0
APP_002766,CUST_10780,BR004,2025-11-24 11:06:00,Investment Enquiry,Completed,26.0
APP_002767,CUST_11945,BR004,2025-11-24 11:21:00,Cash Deposit,Completed,6.5
APP_002768,CUST_06832,BR004,2025-11-24 12:36:00,Credit Card Service,Completed,12.0
APP_002769,CUST_06591,BR004,2025-11-24 13:48:00,Loan Enquiry,Cancelled,18.0
APP_002770,CUST_03276,BR004,2025-11-24 14:17:00,Credit Card Service,Completed,12.0
APP_002771,CUST_00682,BR005,2025-11-24 10:08:00,Digital Banking Support,Completed,12.5
APP_002772,CUST_02545,BR005,2025-11-24 10:37:00,Cash Deposit,Completed,6.5
APP_002773,CUST_06666,BR005,2025-11-24 11:02:00,General Customer Support,Completed,10.0
APP_002774,CUST_06012,BR005,2025-11-24 13:37:00,Cash Withdrawal,Completed,4.5
APP_002775,CUST_05156,BR005,2025-11-24 13:42:00,Cash Withdrawal,Completed,4.5
APP_002776,CUST_02727,BR006,2025-11-24 09:55:00,Cash Deposit,Completed,6.5
APP_002777,CUST_11448,BR006,2025-11-24 10:33:00,Account Opening,Completed,24.0
APP_002778,CUST_12016,BR006,2025-11-24 10:10:00,KYC Update,Completed,13.5
APP_002779,CUST_07321,BR006,2025-11-24 10:28:00,Statement Request,Completed,5.0
APP_002780,CUST_03434,BR006,2025-11-24 10:33:00,KYC Update,Completed,13.5
APP_002781,CUST_04031,BR006,2025-11-24 10:46:00,KYC Update,Completed,13.5
APP_002782,CUST_14979,BR006,2025-11-24 10:18:00,Credit Card Service,Completed,12.0
APP_002783,CUST_04747,BR006,2025-11-24 11:20:00,Loan Application,Cancelled,34.0
APP_002784,CUST_14412,BR007,2025-11-24 09:41:00,General Customer Support,Completed,10.0
APP_002785,CUST_10090,BR007,2025-11-24 10:48:00,Credit Card Service,Completed,12.0
APP_002786,CUST_09957,BR007,2025-11-24 10:46:00,Cash Withdrawal,Completed,4.5
APP_002787,CUST_02395,BR007,2025-11-24 10:43:00,Loan Application,Completed,34.0
APP_002788,CUST_14465,BR007,2025-11-24 11:42:00,Cash Withdrawal,Completed,4.5
APP_002789,CUST_06670,BR007,2025-11-24 11:37:00,Loan Enquiry,Completed,18.0
APP_002790,CUST_02643,BR007,2025-11-24 11:09:00,KYC Update,Completed,13.5
APP_002791,CUST_10911,BR007,2025-11-24 11:18:00,Cash Withdrawal,Completed,4.5
APP_002792,CUST_03643,BR008,2025-11-24 11:21:00,Cash Deposit,Cancelled,6.5
APP_002793,CUST_02199,BR008,2025-11-24 11:26:00,Investment Enquiry,Completed,26.0
APP_002794,CUST_02951,BR008,2025-11-24 11:51:00,Cash Deposit,Completed,6.5
APP_002795,CUST_06749,BR008,2025-11-24 12:15:00,Account Opening,Completed,24.0
APP_002796,CUST_10479,BR008,2025-11-24 13:45:00,Address Update,Completed,8.0
APP_002797,CUST_06872,BR009,2025-11-24 11:28:00,Address Update,Completed,8.0
APP_002798,CUST_14095,BR009,2025-11-24 11:27:00,Cash Deposit,Completed,6.5
APP_002799,CUST_13479,BR009,2025-11-24 11:00:00,Cash Withdrawal,Completed,4.5
APP_002800,CUST_01286,BR009,2025-11-24 13:30:00,Cash Withdrawal,Completed,4.5
APP_002801,CUST_13908,BR009,2025-11-24 13:46:00,Cheque Services,Completed,6.0
APP_002802,CUST_08357,BR009,2025-11-24 13:15:00,Credit Card Service,Completed,12.0
APP_002803,CUST_12474,BR009,2025-11-24 14:36:00,Cash Deposit,Completed,6.5
APP_002804,CUST_14962,BR009,2025-11-24 14:24:00,Cash Deposit,Completed,6.5
APP_002805,CUST_05420,BR009,2025-11-24 15:13:00,Cash Deposit,Completed,6.5
APP_002806,CUST_07014,BR010,2025-11-24 09:42:00,KYC Update,Completed,13.5
APP_002807,CUST_03124,BR010,2025-11-24 11:06:00,KYC Update,Completed,13.5
APP_002808,CUST_14386,BR010,2025-11-24 11:39:00,KYC Update,Completed,13.5
APP_002809,CUST_09123,BR010,2025-11-24 13:54:00,Credit Card Service,Completed,12.0
APP_002810,CUST_00960,BR001,2025-11-25 10:54:00,Cheque Services,Completed,6.0
APP_002811,CUST_13743,BR001,2025-11-25 10:47:00,Credit Card Service,Completed,12.0
APP_002812,CUST_01008,BR001,2025-11-25 10:26:00,Cash Withdrawal,Completed,4.5
APP_002813,CUST_06976,BR001,2025-11-25 11:53:00,Cash Withdrawal,Completed,4.5
APP_002814,CUST_05319,BR001,2025-11-25 11:19:00,Cash Deposit,Completed,6.5
APP_002815,CUST_07034,BR001,2025-11-25 11:02:00,Credit Card Service,Completed,12.0
APP_002816,CUST_01011,BR001,2025-11-25 11:54:00,Complaint,Completed,16.5
APP_002817,CUST_10993,BR001,2025-11-25 11:29:00,Cash Withdrawal,Completed,4.5
APP_002818,CUST_01397,BR001,2025-11-25 11:31:00,Account Opening,Completed,24.0
APP_002819,CUST_04501,BR002,2025-11-25 09:20:00,Account Opening,Completed,24.0
APP_002820,CUST_00997,BR002,2025-11-25 09:40:00,Cash Withdrawal,Completed,4.5
APP_002821,CUST_02760,BR002,2025-11-25 10:49:00,Account Opening,Completed,24.0
APP_002822,CUST_05417,BR002,2025-11-25 10:21:00,KYC Update,Completed,13.5
APP_002823,CUST_13246,BR002,2025-11-25 10:07:00,Cash Deposit,Completed,6.5
APP_002824,CUST_13349,BR002,2025-11-25 11:42:00,Account Opening,Completed,24.0
APP_002825,CUST_11365,BR003,2025-11-25 11:31:00,Cheque Services,Completed,6.0
APP_002826,CUST_02413,BR003,2025-11-25 12:08:00,Cheque Services,Completed,6.0
APP_002827,CUST_02571,BR003,2025-11-25 13:53:00,Loan Enquiry,Completed,18.0
APP_002828,CUST_11209,BR003,2025-11-25 13:21:00,Loan Enquiry,Completed,18.0
APP_002829,CUST_09903,BR003,2025-11-25 14:38:00,General Customer Support,Completed,10.0
APP_002830,CUST_13696,BR003,2025-11-25 15:43:00,Address Update,Cancelled,8.0
APP_002831,CUST_02983,BR003,2025-11-25 15:15:00,Cash Withdrawal,Completed,4.5
APP_002832,CUST_01911,BR004,2025-11-25 09:37:00,Cash Withdrawal,Completed,4.5
APP_002833,CUST_05842,BR004,2025-11-25 09:52:00,Cash Deposit,Completed,6.5
APP_002834,CUST_04291,BR004,2025-11-25 09:43:00,Loan Enquiry,Cancelled,18.0
APP_002835,CUST_13290,BR004,2025-11-25 10:01:00,Cash Withdrawal,Completed,4.5
APP_002836,CUST_06732,BR004,2025-11-25 11:27:00,Cash Withdrawal,Completed,4.5
APP_002837,CUST_01857,BR004,2025-11-25 11:38:00,Cheque Services,Completed,6.0
APP_002838,CUST_02316,BR005,2025-11-25 10:13:00,Loan Application,Completed,34.0
APP_002839,CUST_05238,BR005,2025-11-25 11:53:00,Credit Card Service,Completed,12.0
APP_002840,CUST_03466,BR005,2025-11-25 11:34:00,Cash Deposit,Completed,6.5
APP_002841,CUST_08411,BR005,2025-11-25 11:09:00,Cash Withdrawal,Completed,4.5
APP_002842,CUST_12755,BR005,2025-11-25 11:26:00,Statement Request,Completed,5.0
APP_002843,CUST_08373,BR006,2025-11-25 09:46:00,Loan Application,Completed,34.0
APP_002844,CUST_05247,BR006,2025-11-25 10:07:00,Cash Deposit,Completed,6.5
APP_002845,CUST_07503,BR006,2025-11-25 10:42:00,Cash Withdrawal,Completed,4.5
APP_002846,CUST_01736,BR006,2025-11-25 10:29:00,Loan Enquiry,Completed,18.0
APP_002847,CUST_14992,BR006,2025-11-25 11:30:00,Investment Enquiry,Completed,26.0
APP_002848,CUST_10065,BR006,2025-11-25 11:19:00,Statement Request,Cancelled,5.0
APP_002849,CUST_13055,BR006,2025-11-25 11:20:00,Cash Withdrawal,Cancelled,4.5
APP_002850,CUST_07909,BR006,2025-11-25 12:14:00,Address Update,Completed,8.0
APP_002851,CUST_07756,BR007,2025-11-25 09:30:00,KYC Update,Completed,13.5
APP_002852,CUST_14858,BR007,2025-11-25 09:11:00,Loan Application,Completed,34.0
APP_002853,CUST_12384,BR007,2025-11-25 10:15:00,Loan Enquiry,Completed,18.0
APP_002854,CUST_04148,BR007,2025-11-25 10:48:00,Loan Enquiry,Completed,18.0
APP_002855,CUST_03503,BR007,2025-11-25 12:30:00,Cheque Services,Cancelled,6.0
APP_002856,CUST_04890,BR007,2025-11-25 13:27:00,Cheque Services,Cancelled,6.0
APP_002857,CUST_01245,BR008,2025-11-25 11:08:00,Complaint,Completed,16.5
APP_002858,CUST_00768,BR008,2025-11-25 11:08:00,Statement Request,Completed,5.0
APP_002859,CUST_09124,BR008,2025-11-25 12:05:00,Investment Enquiry,Completed,26.0
APP_002860,CUST_04306,BR009,2025-11-25 09:09:00,Statement Request,No-Show,5.0
APP_002861,CUST_14851,BR009,2025-11-25 10:40:00,Digital Banking Support,Cancelled,12.5
APP_002862,CUST_12326,BR009,2025-11-25 11:42:00,Account Opening,Completed,24.0
APP_002863,CUST_01004,BR009,2025-11-25 11:53:00,Cash Withdrawal,Cancelled,4.5
APP_002864,CUST_00878,BR009,2025-11-25 11:50:00,Cash Deposit,Completed,6.5
APP_002865,CUST_01305,BR010,2025-11-25 11:28:00,Cash Withdrawal,Completed,4.5
APP_002866,CUST_03370,BR010,2025-11-25 11:11:00,Cash Withdrawal,Cancelled,4.5
APP_002867,CUST_06703,BR010,2025-11-25 11:27:00,Investment Enquiry,No-Show,26.0
APP_002868,CUST_07413,BR010,2025-11-25 11:04:00,Statement Request,Completed,5.0
APP_002869,CUST_11184,BR001,2025-11-26 10:34:00,Account Opening,Completed,24.0
APP_002870,CUST_08421,BR001,2025-11-26 10:40:00,Account Opening,Completed,24.0
APP_002871,CUST_06512,BR001,2025-11-26 10:04:00,Cash Deposit,Completed,6.5
APP_002872,CUST_04801,BR001,2025-11-26 11:07:00,Account Opening,Completed,24.0
APP_002873,CUST_03886,BR001,2025-11-26 11:24:00,Cash Deposit,Completed,6.5
APP_002874,CUST_05351,BR001,2025-11-26 11:24:00,Loan Enquiry,Completed,18.0
APP_002875,CUST_01017,BR001,2025-11-26 12:26:00,KYC Update,Completed,13.5
APP_002876,CUST_05173,BR001,2025-11-26 13:00:00,KYC Update,Completed,13.5
APP_002877,CUST_01273,BR001,2025-11-26 13:14:00,Account Opening,Cancelled,24.0
APP_002878,CUST_05438,BR002,2025-11-26 09:29:00,Cash Withdrawal,Completed,4.5
APP_002879,CUST_04255,BR002,2025-11-26 10:41:00,Digital Banking Support,Completed,12.5
APP_002880,CUST_07266,BR002,2025-11-26 10:34:00,Cash Deposit,Completed,6.5
APP_002881,CUST_02021,BR002,2025-11-26 10:33:00,Statement Request,Cancelled,5.0
APP_002882,CUST_10415,BR002,2025-11-26 11:06:00,KYC Update,Completed,13.5
APP_002883,CUST_13519,BR002,2025-11-26 11:52:00,Loan Enquiry,Completed,18.0
APP_002884,CUST_14811,BR002,2025-11-26 11:15:00,Loan Application,Completed,34.0
APP_002885,CUST_08276,BR002,2025-11-26 11:21:00,Cash Withdrawal,Completed,4.5
APP_002886,CUST_11972,BR003,2025-11-26 10:50:00,Cheque Services,Completed,6.0
APP_002887,CUST_07752,BR003,2025-11-26 11:16:00,Cheque Services,Completed,6.0
APP_002888,CUST_14838,BR003,2025-11-26 11:48:00,Digital Banking Support,Completed,12.5
APP_002889,CUST_08301,BR003,2025-11-26 11:34:00,General Customer Support,Completed,10.0
APP_002890,CUST_03945,BR003,2025-11-26 11:49:00,Address Update,Completed,8.0
APP_002891,CUST_07890,BR003,2025-11-26 12:35:00,Cash Deposit,Completed,6.5
APP_002892,CUST_09588,BR003,2025-11-26 12:09:00,Cash Deposit,Completed,6.5
APP_002893,CUST_05825,BR003,2025-11-26 13:47:00,Cash Deposit,Completed,6.5
APP_002894,CUST_13061,BR003,2025-11-26 13:24:00,General Customer Support,Completed,10.0
APP_002895,CUST_11575,BR004,2025-11-26 10:05:00,KYC Update,Completed,13.5
APP_002896,CUST_00761,BR004,2025-11-26 10:07:00,Loan Application,Cancelled,34.0
APP_002897,CUST_13817,BR004,2025-11-26 10:19:00,Loan Enquiry,Completed,18.0
APP_002898,CUST_03621,BR004,2025-11-26 10:49:00,KYC Update,Completed,13.5
APP_002899,CUST_05396,BR004,2025-11-26 11:44:00,Credit Card Service,Completed,12.0
APP_002900,CUST_05034,BR005,2025-11-26 10:22:00,Statement Request,Completed,5.0
APP_002901,CUST_04960,BR005,2025-11-26 10:02:00,Investment Enquiry,Completed,26.0
APP_002902,CUST_14002,BR005,2025-11-26 10:47:00,Account Opening,Completed,24.0
APP_002903,CUST_13094,BR005,2025-11-26 11:10:00,Cash Deposit,Completed,6.5
APP_002904,CUST_12627,BR006,2025-11-26 09:35:00,Account Opening,Completed,24.0
APP_002905,CUST_11630,BR006,2025-11-26 10:06:00,Cheque Services,Completed,6.0
APP_002906,CUST_10546,BR006,2025-11-26 10:09:00,Cash Withdrawal,Completed,4.5
APP_002907,CUST_09126,BR006,2025-11-26 10:18:00,Loan Enquiry,Completed,18.0
APP_002908,CUST_03541,BR006,2025-11-26 10:24:00,Complaint,Completed,16.5
APP_002909,CUST_05792,BR006,2025-11-26 11:19:00,Cash Withdrawal,Completed,4.5
APP_002910,CUST_12815,BR006,2025-11-26 11:31:00,Complaint,Completed,16.5
APP_002911,CUST_07624,BR007,2025-11-26 10:39:00,Loan Enquiry,Completed,18.0
APP_002912,CUST_11129,BR007,2025-11-26 11:50:00,Address Update,Completed,8.0
APP_002913,CUST_13086,BR007,2025-11-26 11:19:00,General Customer Support,Cancelled,10.0
APP_002914,CUST_02598,BR007,2025-11-26 11:15:00,Cash Withdrawal,Completed,4.5
APP_002915,CUST_10204,BR007,2025-11-26 11:49:00,Address Update,Completed,8.0
APP_002916,CUST_14756,BR007,2025-11-26 11:33:00,KYC Update,Completed,13.5
APP_002917,CUST_07651,BR008,2025-11-26 09:28:00,Statement Request,Completed,5.0
APP_002918,CUST_07730,BR008,2025-11-26 10:15:00,Cash Withdrawal,Completed,4.5
APP_002919,CUST_07596,BR008,2025-11-26 10:13:00,Investment Enquiry,Completed,26.0
APP_002920,CUST_01054,BR008,2025-11-26 11:06:00,General Customer Support,Completed,10.0
APP_002921,CUST_01993,BR008,2025-11-26 11:00:00,Address Update,Completed,8.0
APP_002922,CUST_04079,BR008,2025-11-26 11:54:00,Cash Deposit,Completed,6.5
APP_002923,CUST_10379,BR009,2025-11-26 10:20:00,Digital Banking Support,Cancelled,12.5
APP_002924,CUST_00945,BR009,2025-11-26 10:51:00,Investment Enquiry,Completed,26.0
APP_002925,CUST_09416,BR009,2025-11-26 10:34:00,Address Update,Completed,8.0
APP_002926,CUST_06719,BR009,2025-11-26 11:26:00,Cash Withdrawal,Completed,4.5
APP_002927,CUST_03609,BR009,2025-11-26 11:24:00,Statement Request,No-Show,5.0
APP_002928,CUST_10262,BR009,2025-11-26 12:38:00,KYC Update,Completed,13.5
APP_002929,CUST_10147,BR009,2025-11-26 12:01:00,Cash Withdrawal,Completed,4.5
APP_002930,CUST_11086,BR009,2025-11-26 14:31:00,KYC Update,Completed,13.5
APP_002931,CUST_02586,BR010,2025-11-26 11:17:00,Cash Withdrawal,Completed,4.5
APP_002932,CUST_02850,BR010,2025-11-26 12:40:00,Cash Deposit,Completed,6.5
APP_002933,CUST_08180,BR010,2025-11-26 12:19:00,Loan Enquiry,Completed,18.0
APP_002934,CUST_05699,BR010,2025-11-26 12:39:00,Cheque Services,Completed,6.0
APP_002935,CUST_00190,BR010,2025-11-26 13:37:00,Statement Request,Completed,5.0
APP_002936,CUST_11580,BR010,2025-11-26 13:33:00,Cash Withdrawal,Completed,4.5
APP_002937,CUST_03899,BR001,2025-11-27 10:23:00,Cash Deposit,Completed,6.5
APP_002938,CUST_09974,BR001,2025-11-27 10:22:00,Credit Card Service,Completed,12.0
APP_002939,CUST_07880,BR001,2025-11-27 10:01:00,Investment Enquiry,Completed,26.0
APP_002940,CUST_03192,BR001,2025-11-27 11:06:00,Complaint,Completed,16.5
APP_002941,CUST_09288,BR001,2025-11-27 11:00:00,Credit Card Service,Completed,12.0
APP_002942,CUST_10447,BR001,2025-11-27 12:32:00,Investment Enquiry,Completed,26.0
APP_002943,CUST_11351,BR002,2025-11-27 09:28:00,Address Update,Completed,8.0
APP_002944,CUST_03211,BR002,2025-11-27 09:46:00,Credit Card Service,Completed,12.0
APP_002945,CUST_01303,BR002,2025-11-27 10:38:00,Complaint,Completed,16.5
APP_002946,CUST_09258,BR002,2025-11-27 10:16:00,Statement Request,Completed,5.0
APP_002947,CUST_01701,BR002,2025-11-27 10:18:00,Statement Request,Completed,5.0
APP_002948,CUST_02168,BR002,2025-11-27 10:26:00,KYC Update,Completed,13.5
APP_002949,CUST_03488,BR002,2025-11-27 10:31:00,Investment Enquiry,Completed,26.0
APP_002950,CUST_02884,BR002,2025-11-27 11:24:00,Digital Banking Support,Completed,12.5
APP_002951,CUST_08901,BR003,2025-11-27 09:33:00,KYC Update,Completed,13.5
APP_002952,CUST_03167,BR003,2025-11-27 10:37:00,Credit Card Service,Completed,12.0
APP_002953,CUST_12510,BR003,2025-11-27 11:40:00,KYC Update,Completed,13.5
APP_002954,CUST_00926,BR003,2025-11-27 11:25:00,Cash Withdrawal,Completed,4.5
APP_002955,CUST_03976,BR003,2025-11-27 12:47:00,Credit Card Service,Completed,12.0
APP_002956,CUST_08365,BR003,2025-11-27 13:14:00,Complaint,Completed,16.5
APP_002957,CUST_11292,BR003,2025-11-27 13:39:00,KYC Update,No-Show,13.5
APP_002958,CUST_02851,BR004,2025-11-27 10:43:00,Cash Deposit,Completed,6.5
APP_002959,CUST_11059,BR004,2025-11-27 10:33:00,Cash Deposit,Completed,6.5
APP_002960,CUST_07664,BR004,2025-11-27 12:55:00,Cash Deposit,Completed,6.5
APP_002961,CUST_08702,BR004,2025-11-27 12:09:00,Cash Deposit,Completed,6.5
APP_002962,CUST_05893,BR004,2025-11-27 13:19:00,Complaint,Completed,16.5
APP_002963,CUST_11294,BR005,2025-11-27 09:19:00,Cash Deposit,Completed,6.5
APP_002964,CUST_00462,BR005,2025-11-27 09:49:00,Cash Deposit,Completed,6.5
APP_002965,CUST_13306,BR005,2025-11-27 09:19:00,Statement Request,Completed,5.0
APP_002966,CUST_08192,BR005,2025-11-27 09:18:00,KYC Update,Completed,13.5
APP_002967,CUST_06245,BR005,2025-11-27 11:04:00,Investment Enquiry,Completed,26.0
APP_002968,CUST_01082,BR006,2025-11-27 10:44:00,Account Opening,Completed,24.0
APP_002969,CUST_04253,BR006,2025-11-27 10:16:00,Account Opening,Completed,24.0
APP_002970,CUST_11594,BR006,2025-11-27 10:28:00,Credit Card Service,Completed,12.0
APP_002971,CUST_13861,BR006,2025-11-27 11:29:00,KYC Update,Completed,13.5
APP_002972,CUST_09794,BR006,2025-11-27 11:13:00,KYC Update,Cancelled,13.5
APP_002973,CUST_05389,BR006,2025-11-27 11:51:00,KYC Update,Completed,13.5
APP_002974,CUST_03379,BR007,2025-11-27 09:10:00,KYC Update,Completed,13.5
APP_002975,CUST_05091,BR007,2025-11-27 09:19:00,KYC Update,Completed,13.5
APP_002976,CUST_11444,BR007,2025-11-27 10:20:00,Cash Deposit,Completed,6.5
APP_002977,CUST_00848,BR007,2025-11-27 10:23:00,Statement Request,Completed,5.0
APP_002978,CUST_04259,BR008,2025-11-27 10:16:00,Cash Deposit,Completed,6.5
APP_002979,CUST_14239,BR008,2025-11-27 10:24:00,Address Update,Cancelled,8.0
APP_002980,CUST_00385,BR008,2025-11-27 10:18:00,Account Opening,Completed,24.0
APP_002981,CUST_14601,BR008,2025-11-27 11:15:00,Statement Request,Completed,5.0
APP_002982,CUST_10087,BR009,2025-11-27 10:50:00,Cash Withdrawal,Cancelled,4.5
APP_002983,CUST_01791,BR009,2025-11-27 10:47:00,Digital Banking Support,Completed,12.5
APP_002984,CUST_11416,BR009,2025-11-27 11:43:00,Cheque Services,Cancelled,6.0
APP_002985,CUST_13345,BR009,2025-11-27 11:17:00,Statement Request,Completed,5.0
APP_002986,CUST_09752,BR009,2025-11-27 11:31:00,Address Update,Completed,8.0
APP_002987,CUST_05689,BR009,2025-11-27 12:03:00,Cash Deposit,Completed,6.5
APP_002988,CUST_13716,BR009,2025-11-27 12:52:00,Cash Deposit,Completed,6.5
APP_002989,CUST_09667,BR010,2025-11-27 09:12:00,Cash Withdrawal,Completed,4.5
APP_002990,CUST_08703,BR010,2025-11-27 10:18:00,KYC Update,Completed,13.5
APP_002991,CUST_08813,BR010,2025-11-27 10:54:00,Loan Application,Completed,34.0
APP_002992,CUST_08236,BR010,2025-11-27 11:03:00,Cash Deposit,Completed,6.5
APP_002993,CUST_11320,BR001,2025-11-28 09:04:00,Cash Withdrawal,Completed,4.5
APP_002994,CUST_03275,BR001,2025-11-28 09:16:00,Cash Deposit,Completed,6.5
APP_002995,CUST_02427,BR001,2025-11-28 10:23:00,KYC Update,Completed,13.5
APP_002996,CUST_03315,BR001,2025-11-28 10:48:00,General Customer Support,Completed,10.0
APP_002997,CUST_13472,BR001,2025-11-28 10:10:00,Cheque Services,Completed,6.0
APP_002998,CUST_14840,BR001,2025-11-28 10:12:00,General Customer Support,Completed,10.0
APP_002999,CUST_08617,BR001,2025-11-28 10:51:00,Account Opening,Completed,24.0
APP_003000,CUST_13064,BR001,2025-11-28 11:38:00,Cash Deposit,Completed,6.5
APP_003001,CUST_10988,BR001,2025-11-28 11:00:00,KYC Update,Cancelled,13.5
APP_003002,CUST_10956,BR001,2025-11-28 11:42:00,Credit Card Service,Completed,12.0
APP_003003,CUST_02570,BR001,2025-11-28 11:44:00,Cash Deposit,Completed,6.5
APP_003004,CUST_09091,BR001,2025-11-28 12:23:00,Cheque Services,Completed,6.0
APP_003005,CUST_10542,BR002,2025-11-28 09:08:00,KYC Update,Completed,13.5
APP_003006,CUST_02088,BR002,2025-11-28 09:15:00,Address Update,Completed,8.0
APP_003007,CUST_01188,BR002,2025-11-28 11:12:00,Account Opening,Completed,24.0
APP_003008,CUST_09112,BR002,2025-11-28 11:02:00,Cash Withdrawal,Completed,4.5
APP_003009,CUST_02569,BR002,2025-11-28 11:01:00,Cash Deposit,Completed,6.5
APP_003010,CUST_03212,BR002,2025-11-28 12:41:00,Cheque Services,Completed,6.0
APP_003011,CUST_03859,BR002,2025-11-28 12:06:00,Cash Deposit,Completed,6.5
APP_003012,CUST_06247,BR002,2025-11-28 13:06:00,Statement Request,Completed,5.0
APP_003013,CUST_12240,BR002,2025-11-28 13:55:00,Digital Banking Support,Completed,12.5
APP_003014,CUST_11966,BR002,2025-11-28 13:05:00,Loan Enquiry,Completed,18.0
APP_003015,CUST_12395,BR002,2025-11-28 13:46:00,KYC Update,Completed,13.5
APP_003016,CUST_02448,BR002,2025-11-28 13:13:00,Cash Withdrawal,Completed,4.5
APP_003017,CUST_14613,BR002,2025-11-28 13:10:00,Account Opening,Completed,24.0
APP_003018,CUST_04673,BR002,2025-11-28 13:52:00,Credit Card Service,Completed,12.0
APP_003019,CUST_05495,BR003,2025-11-28 09:03:00,Cash Deposit,Completed,6.5
APP_003020,CUST_08003,BR003,2025-11-28 09:20:00,Cheque Services,Completed,6.0
APP_003021,CUST_02433,BR003,2025-11-28 10:09:00,Cash Withdrawal,Completed,4.5
APP_003022,CUST_10007,BR003,2025-11-28 10:06:00,Statement Request,Completed,5.0
APP_003023,CUST_02987,BR003,2025-11-28 10:55:00,KYC Update,Completed,13.5
APP_003024,CUST_09976,BR003,2025-11-28 10:24:00,Cash Withdrawal,Completed,4.5
APP_003025,CUST_04692,BR003,2025-11-28 11:37:00,Cash Deposit,Completed,6.5
APP_003026,CUST_04642,BR003,2025-11-28 11:41:00,Statement Request,Completed,5.0
APP_003027,CUST_00630,BR003,2025-11-28 11:14:00,General Customer Support,Cancelled,10.0
APP_003028,CUST_03369,BR003,2025-11-28 11:42:00,Loan Enquiry,Completed,18.0
APP_003029,CUST_14065,BR003,2025-11-28 12:01:00,Address Update,Completed,8.0
APP_003030,CUST_08846,BR004,2025-11-28 09:26:00,Cheque Services,Completed,6.0
APP_003031,CUST_14081,BR004,2025-11-28 09:54:00,Cash Withdrawal,Completed,4.5
APP_003032,CUST_14144,BR004,2025-11-28 09:47:00,Digital Banking Support,Cancelled,12.5
APP_003033,CUST_02936,BR004,2025-11-28 10:25:00,Digital Banking Support,Completed,12.5
APP_003034,CUST_06816,BR004,2025-11-28 10:54:00,Credit Card Service,Completed,12.0
APP_003035,CUST_05102,BR004,2025-11-28 10:05:00,Loan Enquiry,Completed,18.0
APP_003036,CUST_13023,BR004,2025-11-28 11:37:00,Cheque Services,Completed,6.0
APP_003037,CUST_03587,BR004,2025-11-28 11:35:00,Complaint,No-Show,16.5
APP_003038,CUST_01828,BR004,2025-11-28 11:49:00,Cash Withdrawal,Cancelled,4.5
APP_003039,CUST_09989,BR004,2025-11-28 11:11:00,Cash Deposit,Completed,6.5
APP_003040,CUST_01550,BR004,2025-11-28 11:27:00,Cash Deposit,Completed,6.5
APP_003041,CUST_09623,BR004,2025-11-28 12:40:00,Cash Deposit,Completed,6.5
APP_003042,CUST_00746,BR004,2025-11-28 12:41:00,KYC Update,Completed,13.5
APP_003043,CUST_03226,BR005,2025-11-28 10:18:00,Loan Application,Completed,34.0
APP_003044,CUST_07778,BR005,2025-11-28 11:54:00,KYC Update,No-Show,13.5
APP_003045,CUST_08143,BR005,2025-11-28 12:19:00,Investment Enquiry,Completed,26.0
APP_003046,CUST_11158,BR005,2025-11-28 12:53:00,Cash Withdrawal,Completed,4.5
APP_003047,CUST_12180,BR005,2025-11-28 12:36:00,Loan Application,Completed,34.0
APP_003048,CUST_11739,BR005,2025-11-28 12:35:00,KYC Update,Completed,13.5
APP_003049,CUST_08938,BR005,2025-11-28 12:18:00,Loan Enquiry,Cancelled,18.0
APP_003050,CUST_03925,BR005,2025-11-28 12:00:00,Cheque Services,Cancelled,6.0
APP_003051,CUST_03933,BR005,2025-11-28 14:26:00,Digital Banking Support,Completed,12.5
APP_003052,CUST_13397,BR006,2025-11-28 09:41:00,Cheque Services,Cancelled,6.0
APP_003053,CUST_00210,BR006,2025-11-28 10:18:00,General Customer Support,No-Show,10.0
APP_003054,CUST_12896,BR006,2025-11-28 10:43:00,Statement Request,Completed,5.0
APP_003055,CUST_01597,BR006,2025-11-28 10:27:00,General Customer Support,Completed,10.0
APP_003056,CUST_12675,BR006,2025-11-28 10:30:00,Cash Withdrawal,Completed,4.5
APP_003057,CUST_01685,BR006,2025-11-28 11:02:00,Statement Request,Cancelled,5.0
APP_003058,CUST_09127,BR006,2025-11-28 11:39:00,General Customer Support,Completed,10.0
APP_003059,CUST_09652,BR006,2025-11-28 11:45:00,Address Update,Completed,8.0
APP_003060,CUST_14256,BR006,2025-11-28 11:06:00,Loan Enquiry,Completed,18.0
APP_003061,CUST_14691,BR006,2025-11-28 12:38:00,Cheque Services,Completed,6.0
APP_003062,CUST_06004,BR006,2025-11-28 12:38:00,General Customer Support,Completed,10.0
APP_003063,CUST_08094,BR007,2025-11-28 09:31:00,Account Opening,Completed,24.0
APP_003064,CUST_00334,BR007,2025-11-28 10:23:00,Loan Application,Completed,34.0
APP_003065,CUST_00904,BR007,2025-11-28 10:50:00,Cash Deposit,Completed,6.5
APP_003066,CUST_13658,BR007,2025-11-28 10:14:00,Cash Withdrawal,Completed,4.5
APP_003067,CUST_06270,BR007,2025-11-28 10:23:00,Cash Withdrawal,Completed,4.5
APP_003068,CUST_11703,BR007,2025-11-28 11:32:00,KYC Update,Completed,13.5
APP_003069,CUST_08080,BR007,2025-11-28 12:14:00,Cash Withdrawal,Completed,4.5
APP_003070,CUST_05741,BR007,2025-11-28 13:10:00,Cheque Services,Cancelled,6.0
APP_003071,CUST_07491,BR007,2025-11-28 14:55:00,Loan Application,Cancelled,34.0
APP_003072,CUST_14228,BR007,2025-11-28 14:06:00,Cash Deposit,Completed,6.5
APP_003073,CUST_14879,BR007,2025-11-28 14:25:00,Statement Request,Completed,5.0
APP_003074,CUST_05159,BR007,2025-11-28 15:35:00,KYC Update,No-Show,13.5
APP_003075,CUST_12887,BR008,2025-11-28 09:53:00,Cash Withdrawal,Completed,4.5
APP_003076,CUST_07513,BR008,2025-11-28 09:13:00,Loan Application,No-Show,34.0
APP_003077,CUST_05209,BR008,2025-11-28 10:48:00,Cash Withdrawal,Completed,4.5
APP_003078,CUST_04658,BR008,2025-11-28 13:25:00,Account Opening,Completed,24.0
APP_003079,CUST_08664,BR008,2025-11-28 14:06:00,Credit Card Service,Completed,12.0
APP_003080,CUST_09699,BR008,2025-11-28 15:25:00,Address Update,Completed,8.0
APP_003081,CUST_07782,BR008,2025-11-28 16:28:00,Cash Deposit,Completed,6.5
APP_003082,CUST_12821,BR009,2025-11-28 09:02:00,Credit Card Service,Completed,12.0
APP_003083,CUST_07645,BR009,2025-11-28 09:36:00,Cash Deposit,Cancelled,6.5
APP_003084,CUST_04466,BR009,2025-11-28 09:44:00,Statement Request,Completed,5.0
APP_003085,CUST_02531,BR009,2025-11-28 10:10:00,Statement Request,Completed,5.0
APP_003086,CUST_03727,BR009,2025-11-28 10:11:00,Cash Withdrawal,Completed,4.5
APP_003087,CUST_13544,BR009,2025-11-28 10:09:00,Statement Request,Completed,5.0
APP_003088,CUST_08553,BR009,2025-11-28 10:55:00,Credit Card Service,Completed,12.0
APP_003089,CUST_00923,BR009,2025-11-28 10:01:00,KYC Update,Cancelled,13.5
APP_003090,CUST_11075,BR009,2025-11-28 11:24:00,General Customer Support,Completed,10.0
APP_003091,CUST_09801,BR009,2025-11-28 11:25:00,Address Update,Completed,8.0
APP_003092,CUST_03327,BR009,2025-11-28 11:31:00,General Customer Support,Cancelled,10.0
APP_003093,CUST_13112,BR009,2025-11-28 11:41:00,Cheque Services,Completed,6.0
APP_003094,CUST_11308,BR009,2025-11-28 13:02:00,KYC Update,Completed,13.5
APP_003095,CUST_10461,BR009,2025-11-28 13:31:00,Cash Withdrawal,Completed,4.5
APP_003096,CUST_10250,BR010,2025-11-28 09:25:00,Loan Enquiry,Completed,18.0
APP_003097,CUST_05386,BR010,2025-11-28 10:23:00,Cash Withdrawal,Completed,4.5
APP_003098,CUST_10152,BR010,2025-11-28 11:45:00,Cash Withdrawal,Completed,4.5
APP_003099,CUST_09798,BR010,2025-11-28 11:03:00,Account Opening,Cancelled,24.0
APP_003100,CUST_04852,BR010,2025-11-28 11:34:00,Cash Withdrawal,Cancelled,4.5
APP_003101,CUST_12261,BR010,2025-11-28 11:21:00,KYC Update,Completed,13.5
APP_003102,CUST_10463,BR010,2025-11-28 12:05:00,Cheque Services,Completed,6.0
APP_003103,CUST_05971,BR010,2025-11-28 12:43:00,Digital Banking Support,Completed,12.5
APP_003104,CUST_02067,BR010,2025-11-28 13:21:00,Cheque Services,Completed,6.0
APP_003105,CUST_04456,BR010,2025-11-28 15:02:00,Account Opening,Completed,24.0
APP_003106,CUST_13823,BR010,2025-11-28 15:27:00,Cash Deposit,Completed,6.5
APP_003107,CUST_09944,BR001,2025-11-29 10:14:00,Cash Withdrawal,Cancelled,4.5
APP_003108,CUST_13894,BR001,2025-11-29 10:44:00,Cash Withdrawal,Completed,4.5
APP_003109,CUST_10154,BR001,2025-11-29 10:43:00,Cash Withdrawal,Completed,4.5
APP_003110,CUST_04275,BR001,2025-11-29 10:49:00,Cash Deposit,Completed,6.5
APP_003111,CUST_09732,BR001,2025-11-29 11:01:00,Cash Withdrawal,Cancelled,4.5
APP_003112,CUST_13254,BR001,2025-11-29 11:48:00,General Customer Support,Completed,10.0
APP_003113,CUST_02294,BR001,2025-11-29 11:00:00,Loan Enquiry,Completed,18.0
APP_003114,CUST_00660,BR001,2025-11-29 11:36:00,Loan Application,Completed,34.0
APP_003115,CUST_06492,BR001,2025-11-29 12:17:00,Credit Card Service,Completed,12.0
APP_003116,CUST_03177,BR001,2025-11-29 12:35:00,KYC Update,Completed,13.5
APP_003117,CUST_03072,BR001,2025-11-29 12:22:00,General Customer Support,Completed,10.0
APP_003118,CUST_01782,BR001,2025-11-29 13:39:00,Cash Deposit,No-Show,6.5
APP_003119,CUST_01387,BR001,2025-11-29 13:31:00,Address Update,Completed,8.0
APP_003120,CUST_04636,BR001,2025-11-29 13:48:00,Address Update,Completed,8.0
APP_003121,CUST_10223,BR001,2025-11-29 13:05:00,Cash Withdrawal,Completed,4.5
APP_003122,CUST_12403,BR001,2025-11-29 13:27:00,Digital Banking Support,Completed,12.5
APP_003123,CUST_07799,BR001,2025-11-29 13:31:00,General Customer Support,Completed,10.0
APP_003124,CUST_04375,BR002,2025-11-29 09:24:00,Investment Enquiry,Completed,26.0
APP_003125,CUST_04731,BR002,2025-11-29 10:30:00,Cash Withdrawal,Completed,4.5
APP_003126,CUST_07974,BR002,2025-11-29 10:16:00,Cheque Services,Completed,6.0
APP_003127,CUST_06909,BR002,2025-11-29 10:24:00,Cash Withdrawal,Completed,4.5
APP_003128,CUST_08221,BR002,2025-11-29 10:03:00,Cash Withdrawal,Completed,4.5
APP_003129,CUST_13839,BR002,2025-11-29 10:06:00,Complaint,Completed,16.5
APP_003130,CUST_04771,BR002,2025-11-29 10:49:00,Account Opening,Completed,24.0
APP_003131,CUST_05401,BR002,2025-11-29 11:49:00,Cash Withdrawal,Completed,4.5
APP_003132,CUST_06055,BR002,2025-11-29 11:21:00,Loan Enquiry,Completed,18.0
APP_003133,CUST_01472,BR002,2025-11-29 11:26:00,Cash Deposit,Completed,6.5
APP_003134,CUST_14778,BR002,2025-11-29 11:54:00,Cash Withdrawal,Cancelled,4.5
APP_003135,CUST_05200,BR002,2025-11-29 11:06:00,Loan Application,Completed,34.0
APP_003136,CUST_05043,BR002,2025-11-29 11:07:00,Cheque Services,Completed,6.0
APP_003137,CUST_00739,BR002,2025-11-29 11:50:00,Loan Enquiry,Cancelled,18.0
APP_003138,CUST_04543,BR002,2025-11-29 11:05:00,Cash Deposit,Completed,6.5
APP_003139,CUST_04326,BR003,2025-11-29 09:05:00,Loan Enquiry,Completed,18.0
APP_003140,CUST_12786,BR003,2025-11-29 09:30:00,Cash Withdrawal,Cancelled,4.5
APP_003141,CUST_13303,BR003,2025-11-29 10:24:00,Cash Withdrawal,Completed,4.5
APP_003142,CUST_12396,BR003,2025-11-29 10:23:00,Cash Deposit,Completed,6.5
APP_003143,CUST_04155,BR003,2025-11-29 10:50:00,Investment Enquiry,Completed,26.0
APP_003144,CUST_07051,BR003,2025-11-29 11:55:00,Cash Withdrawal,Completed,4.5
APP_003145,CUST_12795,BR003,2025-11-29 11:48:00,Account Opening,Completed,24.0
APP_003146,CUST_09577,BR003,2025-11-29 11:20:00,Cash Deposit,Completed,6.5
APP_003147,CUST_14542,BR003,2025-11-29 11:41:00,Cash Withdrawal,Completed,4.5
APP_003148,CUST_00949,BR003,2025-11-29 12:04:00,Cash Deposit,Completed,6.5
APP_003149,CUST_05906,BR003,2025-11-29 12:28:00,Cash Withdrawal,Completed,4.5
APP_003150,CUST_01116,BR004,2025-11-29 09:37:00,Loan Enquiry,Completed,18.0
APP_003151,CUST_10286,BR004,2025-11-29 09:17:00,Account Opening,Completed,24.0
APP_003152,CUST_09124,BR004,2025-11-29 10:25:00,Account Opening,Completed,24.0
APP_003153,CUST_12481,BR004,2025-11-29 11:18:00,Cash Withdrawal,Completed,4.5
APP_003154,CUST_04383,BR004,2025-11-29 11:47:00,Loan Enquiry,Completed,18.0
APP_003155,CUST_02697,BR004,2025-11-29 11:07:00,Complaint,Completed,16.5
APP_003156,CUST_09485,BR004,2025-11-29 12:50:00,KYC Update,Completed,13.5
APP_003157,CUST_12034,BR004,2025-11-29 12:54:00,Loan Enquiry,Completed,18.0
APP_003158,CUST_06288,BR004,2025-11-29 13:46:00,Complaint,Cancelled,16.5
APP_003159,CUST_11991,BR004,2025-11-29 13:38:00,KYC Update,Completed,13.5
APP_003160,CUST_06843,BR004,2025-11-29 13:06:00,Cash Withdrawal,Completed,4.5
APP_003161,CUST_04892,BR005,2025-11-29 09:49:00,Cash Withdrawal,Completed,4.5
APP_003162,CUST_06464,BR005,2025-11-29 10:05:00,Cash Deposit,Completed,6.5
APP_003163,CUST_03359,BR005,2025-11-29 10:06:00,Complaint,Completed,16.5
APP_003164,CUST_08406,BR005,2025-11-29 10:36:00,Cash Deposit,Completed,6.5
APP_003165,CUST_02827,BR005,2025-11-29 11:08:00,Complaint,Completed,16.5
APP_003166,CUST_11630,BR005,2025-11-29 12:48:00,Cash Withdrawal,Completed,4.5
APP_003167,CUST_14846,BR006,2025-11-29 10:04:00,Cash Withdrawal,Completed,4.5
APP_003168,CUST_14811,BR006,2025-11-29 10:04:00,KYC Update,Completed,13.5
APP_003169,CUST_01715,BR006,2025-11-29 10:48:00,Cash Withdrawal,Completed,4.5
APP_003170,CUST_04048,BR006,2025-11-29 10:10:00,Credit Card Service,Completed,12.0
APP_003171,CUST_04414,BR006,2025-11-29 11:03:00,Loan Enquiry,Completed,18.0
APP_003172,CUST_02421,BR006,2025-11-29 11:37:00,Address Update,Completed,8.0
APP_003173,CUST_13952,BR006,2025-11-29 11:15:00,Cheque Services,Completed,6.0
APP_003174,CUST_12557,BR006,2025-11-29 12:13:00,Cash Deposit,No-Show,6.5
APP_003175,CUST_03841,BR006,2025-11-29 12:01:00,Investment Enquiry,Completed,26.0
APP_003176,CUST_07236,BR006,2025-11-29 13:22:00,Cheque Services,Completed,6.0
APP_003177,CUST_01738,BR007,2025-11-29 09:37:00,Cash Deposit,Completed,6.5
APP_003178,CUST_05928,BR007,2025-11-29 09:34:00,General Customer Support,Completed,10.0
APP_003179,CUST_04371,BR007,2025-11-29 10:34:00,Investment Enquiry,Completed,26.0
APP_003180,CUST_00731,BR007,2025-11-29 10:49:00,General Customer Support,Completed,10.0
APP_003181,CUST_06759,BR007,2025-11-29 10:32:00,Cash Withdrawal,Completed,4.5
APP_003182,CUST_02787,BR007,2025-11-29 11:50:00,Cash Withdrawal,No-Show,4.5
APP_003183,CUST_12985,BR007,2025-11-29 11:04:00,Account Opening,Completed,24.0
APP_003184,CUST_05824,BR007,2025-11-29 11:07:00,Account Opening,Completed,24.0
APP_003185,CUST_13918,BR007,2025-11-29 11:47:00,Digital Banking Support,Completed,12.5
APP_003186,CUST_04599,BR007,2025-11-29 11:43:00,Address Update,No-Show,8.0
APP_003187,CUST_11646,BR008,2025-11-29 09:31:00,Cheque Services,Completed,6.0
APP_003188,CUST_01731,BR008,2025-11-29 09:14:00,Cash Deposit,Completed,6.5
APP_003189,CUST_05141,BR008,2025-11-29 10:06:00,Cash Withdrawal,Completed,4.5
APP_003190,CUST_08601,BR008,2025-11-29 11:37:00,Address Update,Completed,8.0
APP_003191,CUST_12651,BR008,2025-11-29 12:11:00,Cheque Services,Completed,6.0
APP_003192,CUST_06963,BR008,2025-11-29 12:26:00,Statement Request,Completed,5.0
APP_003193,CUST_05733,BR009,2025-11-29 09:08:00,Address Update,Completed,8.0
APP_003194,CUST_02153,BR009,2025-11-29 10:12:00,KYC Update,Completed,13.5
APP_003195,CUST_00617,BR009,2025-11-29 10:40:00,Digital Banking Support,Completed,12.5
APP_003196,CUST_06237,BR009,2025-11-29 11:40:00,Cash Withdrawal,Completed,4.5
APP_003197,CUST_03192,BR009,2025-11-29 11:43:00,Cash Deposit,Completed,6.5
APP_003198,CUST_02819,BR009,2025-11-29 11:24:00,Cash Withdrawal,Completed,4.5
APP_003199,CUST_14753,BR009,2025-11-29 11:30:00,Statement Request,Completed,5.0
APP_003200,CUST_07210,BR009,2025-11-29 11:25:00,Address Update,Completed,8.0
APP_003201,CUST_02604,BR009,2025-11-29 11:27:00,Cash Withdrawal,Completed,4.5
APP_003202,CUST_01845,BR009,2025-11-29 12:36:00,Cash Withdrawal,Completed,4.5
APP_003203,CUST_13972,BR009,2025-11-29 13:34:00,Loan Enquiry,Cancelled,18.0
APP_003204,CUST_03045,BR009,2025-11-29 13:22:00,Cash Deposit,Completed,6.5
APP_003205,CUST_11342,BR009,2025-11-29 14:46:00,Loan Application,Cancelled,34.0
APP_003206,CUST_03883,BR010,2025-11-29 10:17:00,Cash Deposit,Completed,6.5
APP_003207,CUST_03104,BR010,2025-11-29 10:50:00,Cash Withdrawal,Completed,4.5
APP_003208,CUST_03041,BR010,2025-11-29 11:24:00,Cheque Services,No-Show,6.0
APP_003209,CUST_01266,BR010,2025-11-29 11:39:00,Credit Card Service,Cancelled,12.0
APP_003210,CUST_04758,BR010,2025-11-29 11:26:00,Cheque Services,Completed,6.0
APP_003211,CUST_01649,BR010,2025-11-29 11:25:00,Statement Request,Completed,5.0
APP_003212,CUST_10257,BR010,2025-11-29 11:12:00,Cash Withdrawal,Cancelled,4.5
APP_003213,CUST_10852,BR010,2025-11-29 12:48:00,Complaint,Completed,16.5
APP_003214,CUST_07854,BR001,2025-12-01 09:36:00,Cash Deposit,Completed,6.5
APP_003215,CUST_08613,BR001,2025-12-01 09:26:00,Cash Withdrawal,Completed,4.5
APP_003216,CUST_01639,BR001,2025-12-01 10:00:00,Statement Request,Completed,5.0
APP_003217,CUST_00928,BR001,2025-12-01 11:06:00,KYC Update,Completed,13.5
APP_003218,CUST_10939,BR001,2025-12-01 11:35:00,Account Opening,Completed,24.0
APP_003219,CUST_12461,BR001,2025-12-01 11:27:00,General Customer Support,Completed,10.0
APP_003220,CUST_08893,BR001,2025-12-01 11:16:00,Cheque Services,Completed,6.0
APP_003221,CUST_12958,BR001,2025-12-01 11:55:00,KYC Update,Completed,13.5
APP_003222,CUST_01679,BR001,2025-12-01 11:03:00,KYC Update,Completed,13.5
APP_003223,CUST_00011,BR001,2025-12-01 11:47:00,Loan Application,Completed,34.0
APP_003224,CUST_13059,BR001,2025-12-01 12:07:00,Address Update,No-Show,8.0
APP_003225,CUST_11128,BR001,2025-12-01 12:52:00,Cash Withdrawal,Cancelled,4.5
APP_003226,CUST_07724,BR002,2025-12-01 10:39:00,Address Update,Completed,8.0
APP_003227,CUST_03926,BR002,2025-12-01 11:44:00,Loan Application,No-Show,34.0
APP_003228,CUST_09212,BR002,2025-12-01 11:38:00,Investment Enquiry,Completed,26.0
APP_003229,CUST_04315,BR002,2025-12-01 11:48:00,General Customer Support,Completed,10.0
APP_003230,CUST_04063,BR002,2025-12-01 11:28:00,Account Opening,No-Show,24.0
APP_003231,CUST_00304,BR002,2025-12-01 12:10:00,Cash Deposit,Completed,6.5
APP_003232,CUST_13706,BR002,2025-12-01 12:00:00,Complaint,Completed,16.5
APP_003233,CUST_01415,BR002,2025-12-01 12:45:00,KYC Update,Cancelled,13.5
APP_003234,CUST_00309,BR002,2025-12-01 13:21:00,Digital Banking Support,No-Show,12.5
APP_003235,CUST_13297,BR002,2025-12-01 13:00:00,KYC Update,Completed,13.5
APP_003236,CUST_00179,BR003,2025-12-01 09:33:00,Account Opening,Completed,24.0
APP_003237,CUST_11383,BR003,2025-12-01 09:46:00,Statement Request,Completed,5.0
APP_003238,CUST_07286,BR003,2025-12-01 10:06:00,Cash Deposit,Completed,6.5
APP_003239,CUST_03666,BR003,2025-12-01 11:32:00,Cheque Services,Completed,6.0
APP_003240,CUST_11106,BR003,2025-12-01 11:52:00,Cash Withdrawal,Completed,4.5
APP_003241,CUST_01409,BR003,2025-12-01 11:43:00,Statement Request,Completed,5.0
APP_003242,CUST_01446,BR003,2025-12-01 11:35:00,Cash Withdrawal,Completed,4.5
APP_003243,CUST_11515,BR003,2025-12-01 11:44:00,Digital Banking Support,Completed,12.5
APP_003244,CUST_11145,BR003,2025-12-01 11:51:00,Cash Withdrawal,Completed,4.5
APP_003245,CUST_12625,BR003,2025-12-01 12:34:00,Address Update,Completed,8.0
APP_003246,CUST_06250,BR003,2025-12-01 12:27:00,KYC Update,Completed,13.5
APP_003247,CUST_13273,BR004,2025-12-01 09:44:00,Statement Request,Cancelled,5.0
APP_003248,CUST_10973,BR004,2025-12-01 10:19:00,Cash Deposit,Completed,6.5
APP_003249,CUST_06860,BR004,2025-12-01 10:41:00,Loan Enquiry,Completed,18.0
APP_003250,CUST_05312,BR004,2025-12-01 10:51:00,Address Update,Completed,8.0
APP_003251,CUST_00677,BR004,2025-12-01 11:00:00,Cash Deposit,No-Show,6.5
APP_003252,CUST_01583,BR004,2025-12-01 11:53:00,Cash Withdrawal,Completed,4.5
APP_003253,CUST_07000,BR004,2025-12-01 11:35:00,Cash Deposit,Completed,6.5
APP_003254,CUST_11163,BR005,2025-12-01 09:18:00,Address Update,Completed,8.0
APP_003255,CUST_04905,BR005,2025-12-01 10:29:00,Cash Deposit,Completed,6.5
APP_003256,CUST_01186,BR005,2025-12-01 10:51:00,Address Update,Completed,8.0
APP_003257,CUST_03683,BR005,2025-12-01 10:53:00,Cash Withdrawal,Completed,4.5
APP_003258,CUST_06279,BR005,2025-12-01 10:21:00,Loan Application,No-Show,34.0
APP_003259,CUST_11892,BR005,2025-12-01 10:07:00,Cash Deposit,Completed,6.5
APP_003260,CUST_13464,BR006,2025-12-01 10:12:00,Cash Deposit,Completed,6.5
APP_003261,CUST_01107,BR006,2025-12-01 10:17:00,KYC Update,Completed,13.5
APP_003262,CUST_08613,BR006,2025-12-01 10:28:00,Account Opening,Completed,24.0
APP_003263,CUST_11191,BR006,2025-12-01 10:40:00,Complaint,Completed,16.5
APP_003264,CUST_03489,BR006,2025-12-01 10:09:00,Cash Withdrawal,Completed,4.5
APP_003265,CUST_06889,BR006,2025-12-01 11:32:00,Account Opening,Completed,24.0
APP_003266,CUST_05684,BR006,2025-12-01 11:37:00,Account Opening,Completed,24.0
APP_003267,CUST_05462,BR006,2025-12-01 12:32:00,Cash Withdrawal,Completed,4.5
APP_003268,CUST_02683,BR007,2025-12-01 09:37:00,Digital Banking Support,Completed,12.5
APP_003269,CUST_08063,BR007,2025-12-01 10:44:00,Credit Card Service,No-Show,12.0
APP_003270,CUST_00966,BR007,2025-12-01 10:33:00,Loan Application,Completed,34.0
APP_003271,CUST_03520,BR007,2025-12-01 11:37:00,Address Update,Completed,8.0
APP_003272,CUST_08324,BR007,2025-12-01 11:00:00,Cheque Services,Completed,6.0
APP_003273,CUST_05429,BR007,2025-12-01 11:53:00,Cheque Services,Completed,6.0
APP_003274,CUST_13384,BR007,2025-12-01 11:51:00,Credit Card Service,No-Show,12.0
APP_003275,CUST_11030,BR007,2025-12-01 12:19:00,Cash Withdrawal,No-Show,4.5
APP_003276,CUST_00310,BR007,2025-12-01 12:18:00,Credit Card Service,Completed,12.0
APP_003277,CUST_03128,BR008,2025-12-01 09:29:00,Investment Enquiry,Completed,26.0
APP_003278,CUST_11158,BR008,2025-12-01 10:09:00,Address Update,Cancelled,8.0
APP_003279,CUST_00035,BR008,2025-12-01 10:15:00,Cash Withdrawal,Completed,4.5
APP_003280,CUST_03092,BR008,2025-12-01 10:48:00,Loan Enquiry,Completed,18.0
APP_003281,CUST_10403,BR008,2025-12-01 11:35:00,Cash Withdrawal,Cancelled,4.5
APP_003282,CUST_14767,BR008,2025-12-01 11:17:00,Address Update,Completed,8.0
APP_003283,CUST_02549,BR009,2025-12-01 10:53:00,Cash Withdrawal,Completed,4.5
APP_003284,CUST_14442,BR009,2025-12-01 10:12:00,Cash Withdrawal,No-Show,4.5
APP_003285,CUST_11845,BR009,2025-12-01 10:52:00,Complaint,Completed,16.5
APP_003286,CUST_08633,BR009,2025-12-01 10:45:00,Digital Banking Support,Completed,12.5
APP_003287,CUST_02904,BR009,2025-12-01 10:47:00,Cheque Services,Completed,6.0
APP_003288,CUST_07387,BR009,2025-12-01 10:47:00,Cash Deposit,Completed,6.5
APP_003289,CUST_09950,BR009,2025-12-01 11:08:00,Cheque Services,Cancelled,6.0
APP_003290,CUST_05595,BR009,2025-12-01 11:18:00,Cheque Services,Completed,6.0
APP_003291,CUST_12341,BR009,2025-12-01 11:20:00,Digital Banking Support,Completed,12.5
APP_003292,CUST_05250,BR009,2025-12-01 11:43:00,Cash Deposit,Completed,6.5
APP_003293,CUST_09112,BR009,2025-12-01 11:28:00,Loan Enquiry,Completed,18.0
APP_003294,CUST_03698,BR009,2025-12-01 12:40:00,Account Opening,Completed,24.0
APP_003295,CUST_05134,BR009,2025-12-01 12:38:00,Credit Card Service,Completed,12.0
APP_003296,CUST_12452,BR010,2025-12-01 09:20:00,Digital Banking Support,Completed,12.5
APP_003297,CUST_00074,BR010,2025-12-01 10:23:00,KYC Update,Completed,13.5
APP_003298,CUST_05060,BR010,2025-12-01 10:08:00,Cash Deposit,Completed,6.5
APP_003299,CUST_00030,BR010,2025-12-01 12:38:00,Investment Enquiry,Completed,26.0
APP_003300,CUST_11839,BR010,2025-12-01 12:39:00,General Customer Support,Completed,10.0
APP_003301,CUST_11392,BR010,2025-12-01 13:27:00,Loan Application,Completed,34.0
APP_003302,CUST_11269,BR001,2025-12-02 09:52:00,General Customer Support,Completed,10.0
APP_003303,CUST_10286,BR001,2025-12-02 10:51:00,Investment Enquiry,Cancelled,26.0
APP_003304,CUST_07172,BR001,2025-12-02 10:12:00,Cheque Services,Completed,6.0
APP_003305,CUST_04823,BR001,2025-12-02 10:33:00,Digital Banking Support,Completed,12.5
APP_003306,CUST_08451,BR001,2025-12-02 10:41:00,Cash Deposit,Completed,6.5
APP_003307,CUST_02369,BR001,2025-12-02 11:45:00,Cash Withdrawal,Completed,4.5
APP_003308,CUST_04149,BR001,2025-12-02 11:33:00,Complaint,Completed,16.5
APP_003309,CUST_08768,BR001,2025-12-02 12:16:00,Loan Enquiry,Completed,18.0
APP_003310,CUST_14820,BR001,2025-12-02 13:09:00,Account Opening,Completed,24.0
APP_003311,CUST_01360,BR001,2025-12-02 13:06:00,Complaint,Completed,16.5
APP_003312,CUST_01604,BR002,2025-12-02 09:52:00,Address Update,Completed,8.0
APP_003313,CUST_12024,BR002,2025-12-02 09:43:00,Account Opening,Completed,24.0
APP_003314,CUST_10885,BR002,2025-12-02 10:13:00,Loan Enquiry,Completed,18.0
APP_003315,CUST_06771,BR002,2025-12-02 10:12:00,KYC Update,No-Show,13.5
APP_003316,CUST_10770,BR002,2025-12-02 10:18:00,Loan Application,Completed,34.0
APP_003317,CUST_08304,BR002,2025-12-02 11:49:00,Cash Withdrawal,Completed,4.5
APP_003318,CUST_03967,BR002,2025-12-02 11:54:00,General Customer Support,Completed,10.0
APP_003319,CUST_08072,BR002,2025-12-02 11:17:00,Address Update,Completed,8.0
APP_003320,CUST_14317,BR002,2025-12-02 11:40:00,Account Opening,Completed,24.0
APP_003321,CUST_09359,BR002,2025-12-02 11:05:00,KYC Update,Completed,13.5
APP_003322,CUST_00659,BR002,2025-12-02 12:35:00,KYC Update,Completed,13.5
APP_003323,CUST_12922,BR003,2025-12-02 09:00:00,Address Update,Completed,8.0
APP_003324,CUST_10604,BR003,2025-12-02 09:26:00,Cash Withdrawal,Completed,4.5
APP_003325,CUST_03028,BR003,2025-12-02 09:50:00,Cash Deposit,Cancelled,6.5
APP_003326,CUST_06969,BR003,2025-12-02 10:39:00,Account Opening,Completed,24.0
APP_003327,CUST_11626,BR003,2025-12-02 10:10:00,Complaint,Completed,16.5
APP_003328,CUST_01736,BR003,2025-12-02 11:14:00,Cash Deposit,Completed,6.5
APP_003329,CUST_04357,BR003,2025-12-02 12:25:00,Cash Deposit,Completed,6.5
APP_003330,CUST_01333,BR003,2025-12-02 12:53:00,General Customer Support,No-Show,10.0
APP_003331,CUST_00408,BR003,2025-12-02 13:01:00,Investment Enquiry,Completed,26.0
APP_003332,CUST_04560,BR004,2025-12-02 09:44:00,Cash Deposit,Completed,6.5
APP_003333,CUST_10995,BR004,2025-12-02 11:06:00,Loan Enquiry,Completed,18.0
APP_003334,CUST_04486,BR004,2025-12-02 11:47:00,Cash Withdrawal,Completed,4.5
APP_003335,CUST_13052,BR004,2025-12-02 12:26:00,KYC Update,Completed,13.5
APP_003336,CUST_12782,BR004,2025-12-02 12:51:00,Statement Request,Completed,5.0
APP_003337,CUST_05398,BR004,2025-12-02 13:27:00,Cash Withdrawal,Completed,4.5
APP_003338,CUST_10780,BR004,2025-12-02 13:18:00,General Customer Support,Completed,10.0
APP_003339,CUST_02995,BR005,2025-12-02 09:08:00,Address Update,Completed,8.0
APP_003340,CUST_12116,BR005,2025-12-02 10:15:00,Cheque Services,Completed,6.0
APP_003341,CUST_07935,BR005,2025-12-02 11:51:00,Cash Withdrawal,Completed,4.5
APP_003342,CUST_11889,BR005,2025-12-02 11:50:00,Cash Deposit,Completed,6.5
APP_003343,CUST_10664,BR006,2025-12-02 09:29:00,Complaint,Completed,16.5
APP_003344,CUST_09963,BR006,2025-12-02 09:05:00,Cash Deposit,No-Show,6.5
APP_003345,CUST_00692,BR006,2025-12-02 10:54:00,KYC Update,Completed,13.5
APP_003346,CUST_05116,BR006,2025-12-02 10:44:00,Loan Enquiry,Completed,18.0
APP_003347,CUST_02392,BR006,2025-12-02 10:40:00,Address Update,Completed,8.0
APP_003348,CUST_06356,BR006,2025-12-02 10:39:00,Credit Card Service,Completed,12.0
APP_003349,CUST_10910,BR007,2025-12-02 10:26:00,Statement Request,Completed,5.0
APP_003350,CUST_13879,BR007,2025-12-02 10:20:00,Cash Deposit,Completed,6.5
APP_003351,CUST_10105,BR007,2025-12-02 11:34:00,Cash Withdrawal,Completed,4.5
APP_003352,CUST_11513,BR007,2025-12-02 11:49:00,Credit Card Service,Cancelled,12.0
APP_003353,CUST_13488,BR007,2025-12-02 11:03:00,Cheque Services,Completed,6.0
APP_003354,CUST_13753,BR007,2025-12-02 12:15:00,Account Opening,Completed,24.0
APP_003355,CUST_14207,BR007,2025-12-02 12:43:00,KYC Update,Completed,13.5
APP_003356,CUST_00874,BR007,2025-12-02 13:46:00,Account Opening,Cancelled,24.0
APP_003357,CUST_08653,BR008,2025-12-02 10:35:00,Loan Enquiry,Completed,18.0
APP_003358,CUST_14293,BR008,2025-12-02 12:02:00,KYC Update,Completed,13.5
APP_003359,CUST_08093,BR008,2025-12-02 13:07:00,Investment Enquiry,Completed,26.0
APP_003360,CUST_12984,BR008,2025-12-02 13:18:00,Address Update,Completed,8.0
APP_003361,CUST_04334,BR008,2025-12-02 13:25:00,Cash Withdrawal,Cancelled,4.5
APP_003362,CUST_10317,BR008,2025-12-02 14:27:00,Credit Card Service,Cancelled,12.0
APP_003363,CUST_04533,BR009,2025-12-02 09:46:00,Cash Withdrawal,Completed,4.5
APP_003364,CUST_14078,BR009,2025-12-02 10:13:00,Cash Deposit,Completed,6.5
APP_003365,CUST_10045,BR009,2025-12-02 10:41:00,Loan Application,Completed,34.0
APP_003366,CUST_06954,BR009,2025-12-02 10:51:00,General Customer Support,Completed,10.0
APP_003367,CUST_04562,BR009,2025-12-02 11:21:00,Statement Request,Completed,5.0
APP_003368,CUST_09465,BR009,2025-12-02 11:05:00,Statement Request,Completed,5.0
APP_003369,CUST_08889,BR009,2025-12-02 12:09:00,Loan Application,Completed,34.0
APP_003370,CUST_00716,BR009,2025-12-02 12:32:00,Statement Request,Completed,5.0
APP_003371,CUST_14547,BR009,2025-12-02 13:19:00,Cash Deposit,Completed,6.5
APP_003372,CUST_00415,BR010,2025-12-02 10:28:00,Cash Withdrawal,Completed,4.5
APP_003373,CUST_11459,BR010,2025-12-02 11:26:00,Loan Application,Completed,34.0
APP_003374,CUST_03698,BR010,2025-12-02 12:10:00,Cash Withdrawal,Completed,4.5
APP_003375,CUST_06655,BR010,2025-12-02 12:43:00,KYC Update,Completed,13.5
APP_003376,CUST_04727,BR010,2025-12-02 13:03:00,Address Update,Completed,8.0
APP_003377,CUST_13629,BR001,2025-12-03 09:15:00,KYC Update,Completed,13.5
APP_003378,CUST_08856,BR001,2025-12-03 09:40:00,Loan Enquiry,Completed,18.0
APP_003379,CUST_01554,BR001,2025-12-03 10:13:00,KYC Update,Completed,13.5
APP_003380,CUST_05995,BR001,2025-12-03 11:03:00,Complaint,Completed,16.5
APP_003381,CUST_10197,BR001,2025-12-03 11:30:00,Loan Application,Completed,34.0
APP_003382,CUST_13341,BR001,2025-12-03 13:16:00,Cash Deposit,Completed,6.5
APP_003383,CUST_01455,BR001,2025-12-03 14:31:00,General Customer Support,Completed,10.0
APP_003384,CUST_14321,BR002,2025-12-03 10:35:00,Digital Banking Support,Completed,12.5
APP_003385,CUST_07805,BR002,2025-12-03 10:16:00,Cash Deposit,Completed,6.5
APP_003386,CUST_06016,BR002,2025-12-03 10:00:00,Cash Withdrawal,Completed,4.5
APP_003387,CUST_00042,BR002,2025-12-03 10:15:00,Complaint,Completed,16.5
APP_003388,CUST_00808,BR002,2025-12-03 10:37:00,Credit Card Service,Completed,12.0
APP_003389,CUST_10466,BR002,2025-12-03 10:06:00,Credit Card Service,Completed,12.0
APP_003390,CUST_04604,BR002,2025-12-03 11:22:00,Statement Request,Completed,5.0
APP_003391,CUST_02661,BR002,2025-12-03 11:14:00,Cheque Services,Completed,6.0
APP_003392,CUST_01151,BR003,2025-12-03 10:08:00,Cheque Services,Completed,6.0
APP_003393,CUST_07510,BR003,2025-12-03 10:27:00,KYC Update,Completed,13.5
APP_003394,CUST_02375,BR003,2025-12-03 10:46:00,Loan Enquiry,Completed,18.0
APP_003395,CUST_03977,BR003,2025-12-03 10:02:00,KYC Update,Completed,13.5
APP_003396,CUST_03342,BR003,2025-12-03 11:49:00,Account Opening,Completed,24.0
APP_003397,CUST_10067,BR003,2025-12-03 11:11:00,Digital Banking Support,Completed,12.5
APP_003398,CUST_12522,BR003,2025-12-03 11:54:00,Cheque Services,Completed,6.0
APP_003399,CUST_10279,BR003,2025-12-03 13:40:00,Cash Deposit,Completed,6.5
APP_003400,CUST_01921,BR004,2025-12-03 10:41:00,KYC Update,Completed,13.5
APP_003401,CUST_09568,BR004,2025-12-03 10:04:00,Credit Card Service,Completed,12.0
APP_003402,CUST_09251,BR004,2025-12-03 10:43:00,General Customer Support,Completed,10.0
APP_003403,CUST_14155,BR004,2025-12-03 10:49:00,Address Update,Cancelled,8.0
APP_003404,CUST_07743,BR004,2025-12-03 11:17:00,Account Opening,Completed,24.0
APP_003405,CUST_10045,BR004,2025-12-03 11:16:00,General Customer Support,Cancelled,10.0
APP_003406,CUST_01692,BR005,2025-12-03 10:01:00,Cash Deposit,No-Show,6.5
APP_003407,CUST_01415,BR005,2025-12-03 11:34:00,Cash Withdrawal,Completed,4.5
APP_003408,CUST_07936,BR005,2025-12-03 12:03:00,Loan Application,Completed,34.0
APP_003409,CUST_04298,BR005,2025-12-03 12:03:00,Account Opening,Completed,24.0
APP_003410,CUST_11933,BR005,2025-12-03 12:55:00,Loan Enquiry,Cancelled,18.0
APP_003411,CUST_07097,BR005,2025-12-03 13:49:00,General Customer Support,Completed,10.0
APP_003412,CUST_12917,BR005,2025-12-03 14:54:00,Account Opening,Completed,24.0
APP_003413,CUST_08215,BR006,2025-12-03 09:00:00,Loan Application,Completed,34.0
APP_003414,CUST_10154,BR006,2025-12-03 10:15:00,Loan Application,Completed,34.0
APP_003415,CUST_04156,BR006,2025-12-03 11:47:00,Cash Withdrawal,Completed,4.5
APP_003416,CUST_12120,BR006,2025-12-03 11:53:00,Account Opening,Completed,24.0
APP_003417,CUST_09424,BR006,2025-12-03 12:52:00,Cash Deposit,Completed,6.5
APP_003418,CUST_02227,BR006,2025-12-03 12:42:00,General Customer Support,Completed,10.0
APP_003419,CUST_11855,BR006,2025-12-03 14:35:00,Cash Withdrawal,Completed,4.5
APP_003420,CUST_02774,BR006,2025-12-03 14:23:00,General Customer Support,Completed,10.0
APP_003421,CUST_05381,BR006,2025-12-03 14:07:00,Address Update,Completed,8.0
APP_003422,CUST_14301,BR007,2025-12-03 09:29:00,General Customer Support,No-Show,10.0
APP_003423,CUST_00176,BR007,2025-12-03 10:02:00,Cash Withdrawal,Completed,4.5
APP_003424,CUST_08001,BR007,2025-12-03 11:22:00,Digital Banking Support,Completed,12.5
APP_003425,CUST_08771,BR007,2025-12-03 11:05:00,Complaint,Cancelled,16.5
APP_003426,CUST_01187,BR007,2025-12-03 11:00:00,Cash Withdrawal,Completed,4.5
APP_003427,CUST_05739,BR007,2025-12-03 11:21:00,KYC Update,Completed,13.5
APP_003428,CUST_06141,BR007,2025-12-03 11:22:00,Cash Withdrawal,Completed,4.5
APP_003429,CUST_14211,BR008,2025-12-03 11:23:00,Investment Enquiry,Completed,26.0
APP_003430,CUST_08987,BR008,2025-12-03 11:05:00,Complaint,Completed,16.5
APP_003431,CUST_08712,BR008,2025-12-03 11:18:00,Investment Enquiry,Completed,26.0
APP_003432,CUST_06276,BR008,2025-12-03 13:50:00,Investment Enquiry,Cancelled,26.0
APP_003433,CUST_00523,BR009,2025-12-03 11:30:00,Address Update,Completed,8.0
APP_003434,CUST_11293,BR009,2025-12-03 12:52:00,KYC Update,Completed,13.5
APP_003435,CUST_04074,BR009,2025-12-03 13:48:00,Cash Withdrawal,Completed,4.5
APP_003436,CUST_01912,BR009,2025-12-03 13:44:00,Loan Enquiry,Completed,18.0
APP_003437,CUST_08068,BR009,2025-12-03 13:47:00,Cash Withdrawal,Completed,4.5
APP_003438,CUST_07169,BR009,2025-12-03 14:24:00,KYC Update,Completed,13.5
APP_003439,CUST_07799,BR009,2025-12-03 14:19:00,KYC Update,Completed,13.5
APP_003440,CUST_06845,BR009,2025-12-03 15:04:00,Loan Enquiry,Completed,18.0
APP_003441,CUST_10210,BR009,2025-12-03 15:39:00,Cash Withdrawal,No-Show,4.5
APP_003442,CUST_03022,BR010,2025-12-03 09:31:00,Cash Withdrawal,Completed,4.5
APP_003443,CUST_12327,BR010,2025-12-03 09:25:00,Credit Card Service,Cancelled,12.0
APP_003444,CUST_10581,BR010,2025-12-03 10:30:00,Credit Card Service,Completed,12.0
APP_003445,CUST_05323,BR001,2025-12-04 10:05:00,Cash Deposit,Completed,6.5
APP_003446,CUST_10453,BR001,2025-12-04 10:46:00,Cash Withdrawal,Cancelled,4.5
APP_003447,CUST_10651,BR001,2025-12-04 11:49:00,General Customer Support,Completed,10.0
APP_003448,CUST_02601,BR001,2025-12-04 11:47:00,Address Update,Completed,8.0
APP_003449,CUST_04413,BR001,2025-12-04 11:32:00,Account Opening,Completed,24.0
APP_003450,CUST_06191,BR001,2025-12-04 11:55:00,Cash Deposit,No-Show,6.5
APP_003451,CUST_00510,BR001,2025-12-04 12:12:00,Cash Withdrawal,Completed,4.5
APP_003452,CUST_09327,BR001,2025-12-04 12:47:00,Cash Deposit,Completed,6.5
APP_003453,CUST_07901,BR002,2025-12-04 10:42:00,Cash Withdrawal,Completed,4.5
APP_003454,CUST_09133,BR002,2025-12-04 10:14:00,Statement Request,Completed,5.0
APP_003455,CUST_02559,BR002,2025-12-04 11:02:00,Complaint,No-Show,16.5
APP_003456,CUST_04251,BR002,2025-12-04 11:32:00,Cash Deposit,No-Show,6.5
APP_003457,CUST_00063,BR002,2025-12-04 13:04:00,KYC Update,Completed,13.5
APP_003458,CUST_13176,BR002,2025-12-04 15:13:00,Cash Withdrawal,Completed,4.5
APP_003459,CUST_07466,BR002,2025-12-04 15:53:00,Complaint,Cancelled,16.5
APP_003460,CUST_14937,BR002,2025-12-04 15:09:00,General Customer Support,Completed,10.0
APP_003461,CUST_09848,BR003,2025-12-04 09:34:00,Cash Withdrawal,Completed,4.5
APP_003462,CUST_11377,BR003,2025-12-04 10:36:00,Cash Deposit,Completed,6.5
APP_003463,CUST_13225,BR003,2025-12-04 10:01:00,Cash Withdrawal,Completed,4.5
APP_003464,CUST_01184,BR003,2025-12-04 10:16:00,Address Update,Completed,8.0
APP_003465,CUST_03116,BR003,2025-12-04 11:23:00,Address Update,Completed,8.0
APP_003466,CUST_09343,BR003,2025-12-04 11:46:00,Loan Application,Completed,34.0
APP_003467,CUST_04997,BR003,2025-12-04 11:17:00,Digital Banking Support,Completed,12.5
APP_003468,CUST_07038,BR003,2025-12-04 11:35:00,Cash Deposit,Completed,6.5
APP_003469,CUST_14930,BR003,2025-12-04 11:19:00,Cash Deposit,Cancelled,6.5
APP_003470,CUST_12179,BR003,2025-12-04 12:45:00,KYC Update,Cancelled,13.5
APP_003471,CUST_03473,BR003,2025-12-04 13:11:00,Cash Deposit,No-Show,6.5
APP_003472,CUST_02271,BR004,2025-12-04 10:29:00,Cash Deposit,Completed,6.5
APP_003473,CUST_08002,BR004,2025-12-04 10:36:00,Cheque Services,Completed,6.0
APP_003474,CUST_13339,BR004,2025-12-04 11:35:00,Complaint,Completed,16.5
APP_003475,CUST_12133,BR004,2025-12-04 11:45:00,Cash Withdrawal,Completed,4.5
APP_003476,CUST_10979,BR004,2025-12-04 13:24:00,Loan Enquiry,Completed,18.0
APP_003477,CUST_13409,BR004,2025-12-04 13:30:00,General Customer Support,Completed,10.0
APP_003478,CUST_04219,BR004,2025-12-04 13:17:00,Loan Enquiry,Cancelled,18.0
APP_003479,CUST_06138,BR004,2025-12-04 14:33:00,Address Update,Completed,8.0
APP_003480,CUST_11606,BR005,2025-12-04 09:29:00,Credit Card Service,Completed,12.0
APP_003481,CUST_03488,BR005,2025-12-04 10:05:00,Account Opening,Completed,24.0
APP_003482,CUST_12924,BR005,2025-12-04 11:08:00,Address Update,Completed,8.0
APP_003483,CUST_14786,BR005,2025-12-04 11:43:00,Cash Withdrawal,Completed,4.5
APP_003484,CUST_09336,BR005,2025-12-04 11:14:00,Loan Application,Cancelled,34.0
APP_003485,CUST_14702,BR006,2025-12-04 09:05:00,Account Opening,Completed,24.0
APP_003486,CUST_12585,BR006,2025-12-04 10:00:00,Loan Enquiry,Completed,18.0
APP_003487,CUST_08404,BR006,2025-12-04 10:52:00,Loan Enquiry,Completed,18.0
APP_003488,CUST_14049,BR006,2025-12-04 10:11:00,Complaint,Completed,16.5
APP_003489,CUST_09756,BR006,2025-12-04 11:05:00,Cash Withdrawal,Completed,4.5
APP_003490,CUST_02354,BR006,2025-12-04 11:27:00,Loan Application,Completed,34.0
APP_003491,CUST_01691,BR006,2025-12-04 11:14:00,Cash Withdrawal,Completed,4.5
APP_003492,CUST_00991,BR007,2025-12-04 10:14:00,Credit Card Service,Completed,12.0
APP_003493,CUST_09602,BR007,2025-12-04 10:36:00,Account Opening,Completed,24.0
APP_003494,CUST_07190,BR007,2025-12-04 10:49:00,Credit Card Service,Completed,12.0
APP_003495,CUST_07789,BR007,2025-12-04 10:34:00,Investment Enquiry,Cancelled,26.0
APP_003496,CUST_07698,BR007,2025-12-04 11:42:00,Digital Banking Support,Cancelled,12.5
APP_003497,CUST_07082,BR008,2025-12-04 09:30:00,Cheque Services,Completed,6.0
APP_003498,CUST_11599,BR008,2025-12-04 10:43:00,Address Update,Completed,8.0
APP_003499,CUST_09396,BR008,2025-12-04 11:33:00,Investment Enquiry,Completed,26.0
APP_003500,CUST_05553,BR009,2025-12-04 09:37:00,KYC Update,Completed,13.5
APP_003501,CUST_00007,BR009,2025-12-04 10:14:00,Loan Enquiry,Completed,18.0
APP_003502,CUST_05146,BR009,2025-12-04 10:48:00,Cash Withdrawal,Completed,4.5
APP_003503,CUST_07873,BR009,2025-12-04 10:36:00,Statement Request,Completed,5.0
APP_003504,CUST_04269,BR009,2025-12-04 11:18:00,Loan Application,Completed,34.0
APP_003505,CUST_05153,BR009,2025-12-04 11:40:00,Cash Deposit,Cancelled,6.5
APP_003506,CUST_01518,BR010,2025-12-04 09:41:00,KYC Update,Completed,13.5
APP_003507,CUST_08012,BR010,2025-12-04 10:52:00,Account Opening,Cancelled,24.0
APP_003508,CUST_01928,BR010,2025-12-04 12:46:00,Digital Banking Support,Completed,12.5
APP_003509,CUST_09764,BR010,2025-12-04 13:26:00,Cash Deposit,No-Show,6.5
APP_003510,CUST_12868,BR010,2025-12-04 13:00:00,Investment Enquiry,Completed,26.0
APP_003511,CUST_06766,BR010,2025-12-04 16:38:00,KYC Update,Completed,13.5
APP_003512,CUST_01741,BR001,2025-12-05 09:29:00,Cash Withdrawal,Completed,4.5
APP_003513,CUST_14911,BR001,2025-12-05 09:38:00,Account Opening,Completed,24.0
APP_003514,CUST_04437,BR001,2025-12-05 10:37:00,Cash Withdrawal,Completed,4.5
APP_003515,CUST_03425,BR001,2025-12-05 10:06:00,Credit Card Service,Completed,12.0
APP_003516,CUST_12832,BR001,2025-12-05 11:32:00,Loan Application,Completed,34.0
APP_003517,CUST_09857,BR001,2025-12-05 11:36:00,Cheque Services,Completed,6.0
APP_003518,CUST_07933,BR001,2025-12-05 11:06:00,Investment Enquiry,Completed,26.0
APP_003519,CUST_12495,BR001,2025-12-05 12:54:00,Loan Application,Completed,34.0
APP_003520,CUST_04920,BR001,2025-12-05 12:55:00,Loan Enquiry,Completed,18.0
APP_003521,CUST_11526,BR001,2025-12-05 12:50:00,Account Opening,Completed,24.0
APP_003522,CUST_01430,BR001,2025-12-05 13:12:00,Account Opening,Completed,24.0
APP_003523,CUST_06774,BR001,2025-12-05 13:41:00,Cash Deposit,Completed,6.5
APP_003524,CUST_00534,BR001,2025-12-05 13:40:00,General Customer Support,Completed,10.0
APP_003525,CUST_01984,BR001,2025-12-05 14:35:00,Account Opening,Completed,24.0
APP_003526,CUST_04462,BR001,2025-12-05 14:42:00,Digital Banking Support,Completed,12.5
APP_003527,CUST_01849,BR001,2025-12-05 14:45:00,Cheque Services,Completed,6.0
APP_003528,CUST_04901,BR002,2025-12-05 09:39:00,KYC Update,Completed,13.5
APP_003529,CUST_08373,BR002,2025-12-05 10:39:00,Cash Withdrawal,Completed,4.5
APP_003530,CUST_09774,BR002,2025-12-05 10:02:00,KYC Update,Completed,13.5
APP_003531,CUST_03384,BR002,2025-12-05 11:39:00,Cash Withdrawal,Completed,4.5
APP_003532,CUST_07131,BR002,2025-12-05 11:34:00,Credit Card Service,Completed,12.0
APP_003533,CUST_00603,BR002,2025-12-05 12:14:00,Cash Withdrawal,Completed,4.5
APP_003534,CUST_10465,BR002,2025-12-05 12:06:00,Cash Deposit,Completed,6.5
APP_003535,CUST_10124,BR002,2025-12-05 12:23:00,Cash Deposit,Completed,6.5
APP_003536,CUST_05335,BR002,2025-12-05 12:05:00,Cash Withdrawal,Completed,4.5
APP_003537,CUST_13762,BR002,2025-12-05 12:24:00,Investment Enquiry,Completed,26.0
APP_003538,CUST_02695,BR002,2025-12-05 12:28:00,Cheque Services,No-Show,6.0
APP_003539,CUST_10250,BR002,2025-12-05 13:43:00,Credit Card Service,Completed,12.0
APP_003540,CUST_12938,BR002,2025-12-05 13:26:00,Investment Enquiry,No-Show,26.0
APP_003541,CUST_00392,BR002,2025-12-05 13:45:00,Credit Card Service,Completed,12.0
APP_003542,CUST_11974,BR002,2025-12-05 14:29:00,Loan Enquiry,Completed,18.0
APP_003543,CUST_09395,BR003,2025-12-05 10:21:00,Cash Deposit,Completed,6.5
APP_003544,CUST_06425,BR003,2025-12-05 10:39:00,Cash Deposit,Completed,6.5
APP_003545,CUST_12974,BR003,2025-12-05 10:30:00,Complaint,Completed,16.5
APP_003546,CUST_10832,BR003,2025-12-05 10:05:00,Credit Card Service,Completed,12.0
APP_003547,CUST_03086,BR003,2025-12-05 10:46:00,KYC Update,Completed,13.5
APP_003548,CUST_04401,BR003,2025-12-05 10:01:00,Cash Withdrawal,Completed,4.5
APP_003549,CUST_14883,BR003,2025-12-05 10:33:00,Loan Application,Completed,34.0
APP_003550,CUST_05300,BR003,2025-12-05 11:02:00,General Customer Support,Completed,10.0
APP_003551,CUST_13858,BR003,2025-12-05 11:34:00,Cash Withdrawal,Completed,4.5
APP_003552,CUST_10684,BR003,2025-12-05 11:21:00,Cash Deposit,Completed,6.5
APP_003553,CUST_14587,BR003,2025-12-05 12:21:00,Cheque Services,Completed,6.0
APP_003554,CUST_08722,BR003,2025-12-05 12:21:00,Cash Deposit,Completed,6.5
APP_003555,CUST_04655,BR003,2025-12-05 12:10:00,Cash Withdrawal,Completed,4.5
APP_003556,CUST_14633,BR003,2025-12-05 12:52:00,Statement Request,Completed,5.0
APP_003557,CUST_13261,BR003,2025-12-05 13:22:00,KYC Update,Completed,13.5
APP_003558,CUST_13689,BR004,2025-12-05 09:22:00,Complaint,Completed,16.5
APP_003559,CUST_11821,BR004,2025-12-05 10:14:00,KYC Update,No-Show,13.5
APP_003560,CUST_02192,BR004,2025-12-05 10:47:00,Loan Enquiry,Completed,18.0
APP_003561,CUST_05680,BR004,2025-12-05 11:00:00,Cash Withdrawal,Cancelled,4.5
APP_003562,CUST_13904,BR004,2025-12-05 12:43:00,Account Opening,Completed,24.0
APP_003563,CUST_07731,BR004,2025-12-05 12:49:00,Cash Withdrawal,Completed,4.5
APP_003564,CUST_05208,BR004,2025-12-05 12:00:00,Cash Deposit,Completed,6.5
APP_003565,CUST_12756,BR004,2025-12-05 13:35:00,Cash Deposit,Completed,6.5
APP_003566,CUST_13833,BR004,2025-12-05 13:16:00,Cash Withdrawal,Cancelled,4.5
APP_003567,CUST_06301,BR004,2025-12-05 14:49:00,Cash Deposit,Completed,6.5
APP_003568,CUST_06158,BR004,2025-12-05 15:11:00,Digital Banking Support,Completed,12.5
APP_003569,CUST_06388,BR005,2025-12-05 09:40:00,Cheque Services,Completed,6.0
APP_003570,CUST_04158,BR005,2025-12-05 10:16:00,Address Update,Completed,8.0
APP_003571,CUST_11119,BR005,2025-12-05 11:22:00,Credit Card Service,Completed,12.0
APP_003572,CUST_14666,BR005,2025-12-05 11:20:00,Loan Application,Completed,34.0
APP_003573,CUST_11451,BR005,2025-12-05 11:12:00,KYC Update,Completed,13.5
APP_003574,CUST_04427,BR005,2025-12-05 11:27:00,KYC Update,Completed,13.5
APP_003575,CUST_09163,BR005,2025-12-05 11:21:00,Account Opening,Completed,24.0
APP_003576,CUST_07990,BR005,2025-12-05 11:48:00,Credit Card Service,Completed,12.0
APP_003577,CUST_11752,BR006,2025-12-05 09:45:00,Account Opening,Completed,24.0
APP_003578,CUST_00271,BR006,2025-12-05 09:28:00,Cash Deposit,Completed,6.5
APP_003579,CUST_07771,BR006,2025-12-05 10:25:00,Cash Withdrawal,Completed,4.5
APP_003580,CUST_14707,BR006,2025-12-05 10:25:00,Cash Deposit,Completed,6.5
APP_003581,CUST_00655,BR006,2025-12-05 10:41:00,Credit Card Service,Completed,12.0
APP_003582,CUST_07263,BR006,2025-12-05 10:53:00,Cash Withdrawal,Completed,4.5
APP_003583,CUST_04101,BR006,2025-12-05 11:20:00,Loan Application,Completed,34.0
APP_003584,CUST_08576,BR006,2025-12-05 11:26:00,Loan Enquiry,Completed,18.0
APP_003585,CUST_11041,BR006,2025-12-05 11:18:00,Digital Banking Support,Completed,12.5
APP_003586,CUST_12147,BR006,2025-12-05 11:08:00,Investment Enquiry,Completed,26.0
APP_003587,CUST_14185,BR007,2025-12-05 10:19:00,Complaint,Completed,16.5
APP_003588,CUST_05615,BR007,2025-12-05 10:13:00,Cash Deposit,Completed,6.5
APP_003589,CUST_02185,BR007,2025-12-05 10:18:00,Address Update,Completed,8.0
APP_003590,CUST_07252,BR007,2025-12-05 11:22:00,Account Opening,Completed,24.0
APP_003591,CUST_00336,BR007,2025-12-05 11:29:00,Account Opening,Completed,24.0
APP_003592,CUST_02596,BR007,2025-12-05 11:23:00,Digital Banking Support,Completed,12.5
APP_003593,CUST_00879,BR007,2025-12-05 12:19:00,Cash Deposit,Completed,6.5
APP_003594,CUST_06564,BR007,2025-12-05 13:33:00,Loan Application,Completed,34.0
APP_003595,CUST_12658,BR007,2025-12-05 13:15:00,Loan Application,Cancelled,34.0
APP_003596,CUST_13833,BR007,2025-12-05 14:17:00,Loan Application,Completed,34.0
APP_003597,CUST_00686,BR007,2025-12-05 14:38:00,Cheque Services,Completed,6.0
APP_003598,CUST_11080,BR007,2025-12-05 15:33:00,KYC Update,Completed,13.5
APP_003599,CUST_03981,BR007,2025-12-05 15:52:00,Loan Enquiry,Completed,18.0
APP_003600,CUST_10516,BR008,2025-12-05 10:06:00,Investment Enquiry,Completed,26.0
APP_003601,CUST_04249,BR008,2025-12-05 11:11:00,Digital Banking Support,Completed,12.5
APP_003602,CUST_05547,BR008,2025-12-05 11:41:00,Investment Enquiry,Cancelled,26.0
APP_003603,CUST_14604,BR008,2025-12-05 11:40:00,Cheque Services,Completed,6.0
APP_003604,CUST_02641,BR009,2025-12-05 10:31:00,Investment Enquiry,Completed,26.0
APP_003605,CUST_11496,BR009,2025-12-05 11:53:00,Statement Request,Completed,5.0
APP_003606,CUST_01426,BR009,2025-12-05 11:55:00,Credit Card Service,No-Show,12.0
APP_003607,CUST_10669,BR009,2025-12-05 11:08:00,Loan Enquiry,Completed,18.0
APP_003608,CUST_00869,BR009,2025-12-05 11:49:00,Cash Withdrawal,Completed,4.5
APP_003609,CUST_07650,BR009,2025-12-05 11:16:00,Loan Enquiry,Completed,18.0
APP_003610,CUST_13877,BR009,2025-12-05 11:43:00,KYC Update,Completed,13.5
APP_003611,CUST_08340,BR009,2025-12-05 11:35:00,Cash Deposit,Completed,6.5
APP_003612,CUST_08994,BR009,2025-12-05 11:37:00,Credit Card Service,Completed,12.0
APP_003613,CUST_11008,BR009,2025-12-05 12:49:00,Complaint,Completed,16.5
APP_003614,CUST_05297,BR009,2025-12-05 12:36:00,Cash Withdrawal,Completed,4.5
APP_003615,CUST_13270,BR010,2025-12-05 09:15:00,Credit Card Service,Completed,12.0
APP_003616,CUST_00794,BR010,2025-12-05 09:50:00,Cash Deposit,Completed,6.5
APP_003617,CUST_01103,BR010,2025-12-05 11:38:00,General Customer Support,Cancelled,10.0
APP_003618,CUST_12392,BR010,2025-12-05 13:14:00,Loan Application,Completed,34.0
APP_003619,CUST_14178,BR010,2025-12-05 13:50:00,Cash Withdrawal,Completed,4.5
APP_003620,CUST_09772,BR010,2025-12-05 14:35:00,Cheque Services,Completed,6.0
APP_003621,CUST_10938,BR001,2025-12-06 10:39:00,KYC Update,Completed,13.5
APP_003622,CUST_01810,BR001,2025-12-06 10:17:00,Account Opening,Completed,24.0
APP_003623,CUST_06536,BR001,2025-12-06 10:17:00,Statement Request,Completed,5.0
APP_003624,CUST_07176,BR001,2025-12-06 10:45:00,Cash Deposit,Completed,6.5
APP_003625,CUST_08376,BR001,2025-12-06 11:34:00,KYC Update,Completed,13.5
APP_003626,CUST_14729,BR001,2025-12-06 11:38:00,Loan Application,Completed,34.0
APP_003627,CUST_01017,BR001,2025-12-06 11:50:00,Investment Enquiry,Cancelled,26.0
APP_003628,CUST_07954,BR002,2025-12-06 10:41:00,Account Opening,Completed,24.0
APP_003629,CUST_09175,BR002,2025-12-06 10:04:00,KYC Update,Completed,13.5
APP_003630,CUST_02330,BR002,2025-12-06 11:01:00,Complaint,Completed,16.5
APP_003631,CUST_09312,BR002,2025-12-06 11:49:00,Account Opening,Completed,24.0
APP_003632,CUST_03604,BR002,2025-12-06 11:01:00,Cash Deposit,Completed,6.5
APP_003633,CUST_00617,BR002,2025-12-06 12:43:00,Account Opening,Completed,24.0
APP_003634,CUST_06756,BR002,2025-12-06 12:16:00,KYC Update,Completed,13.5
APP_003635,CUST_02554,BR002,2025-12-06 13:52:00,Complaint,Completed,16.5
APP_003636,CUST_12669,BR003,2025-12-06 10:29:00,Cash Deposit,Completed,6.5
APP_003637,CUST_11524,BR003,2025-12-06 10:41:00,Cash Deposit,Cancelled,6.5
APP_003638,CUST_10815,BR003,2025-12-06 10:27:00,Cash Deposit,Completed,6.5
APP_003639,CUST_00485,BR003,2025-12-06 10:41:00,Cash Withdrawal,No-Show,4.5
APP_003640,CUST_01625,BR003,2025-12-06 10:42:00,Cash Withdrawal,Completed,4.5
APP_003641,CUST_12734,BR003,2025-12-06 10:55:00,KYC Update,Completed,13.5
APP_003642,CUST_02952,BR003,2025-12-06 11:06:00,Cash Deposit,Completed,6.5
APP_003643,CUST_05616,BR003,2025-12-06 11:31:00,Loan Enquiry,Completed,18.0
APP_003644,CUST_11887,BR003,2025-12-06 11:37:00,Cheque Services,Completed,6.0
APP_003645,CUST_07662,BR004,2025-12-06 09:41:00,Cash Withdrawal,No-Show,4.5
APP_003646,CUST_01946,BR004,2025-12-06 09:26:00,Loan Enquiry,Completed,18.0
APP_003647,CUST_05866,BR004,2025-12-06 09:05:00,General Customer Support,Completed,10.0
APP_003648,CUST_11440,BR004,2025-12-06 09:18:00,Cash Deposit,Completed,6.5
APP_003649,CUST_05757,BR004,2025-12-06 10:00:00,Cash Withdrawal,Completed,4.5
APP_003650,CUST_02107,BR004,2025-12-06 11:54:00,Cash Withdrawal,Cancelled,4.5
APP_003651,CUST_02026,BR004,2025-12-06 11:52:00,Loan Enquiry,Completed,18.0
APP_003652,CUST_03850,BR005,2025-12-06 10:54:00,Credit Card Service,Completed,12.0
APP_003653,CUST_10398,BR005,2025-12-06 13:30:00,Cash Deposit,Completed,6.5
APP_003654,CUST_03984,BR005,2025-12-06 14:27:00,Credit Card Service,Completed,12.0
APP_003655,CUST_00726,BR006,2025-12-06 10:38:00,Cash Withdrawal,Completed,4.5
APP_003656,CUST_06969,BR006,2025-12-06 10:14:00,Cash Withdrawal,Completed,4.5
APP_003657,CUST_00696,BR006,2025-12-06 11:11:00,General Customer Support,Completed,10.0
APP_003658,CUST_14230,BR006,2025-12-06 12:46:00,Cash Withdrawal,Completed,4.5
APP_003659,CUST_05335,BR006,2025-12-06 12:23:00,Account Opening,Completed,24.0
APP_003660,CUST_13162,BR006,2025-12-06 12:31:00,Cash Deposit,Completed,6.5
APP_003661,CUST_00801,BR007,2025-12-06 10:41:00,Loan Enquiry,Completed,18.0
APP_003662,CUST_11912,BR007,2025-12-06 10:24:00,KYC Update,Completed,13.5
APP_003663,CUST_10397,BR007,2025-12-06 10:37:00,Complaint,Completed,16.5
APP_003664,CUST_03929,BR007,2025-12-06 10:16:00,General Customer Support,Completed,10.0
APP_003665,CUST_13632,BR007,2025-12-06 11:40:00,Credit Card Service,Cancelled,12.0
APP_003666,CUST_07741,BR007,2025-12-06 12:27:00,Cash Withdrawal,Completed,4.5
APP_003667,CUST_11141,BR008,2025-12-06 10:43:00,Digital Banking Support,No-Show,12.5
APP_003668,CUST_09302,BR008,2025-12-06 10:52:00,Complaint,Completed,16.5
APP_003669,CUST_02856,BR008,2025-12-06 10:25:00,KYC Update,Completed,13.5
APP_003670,CUST_00712,BR009,2025-12-06 10:24:00,Account Opening,Completed,24.0
APP_003671,CUST_01773,BR009,2025-12-06 11:15:00,General Customer Support,Completed,10.0
APP_003672,CUST_00548,BR009,2025-12-06 11:33:00,Cash Deposit,Completed,6.5
APP_003673,CUST_07534,BR009,2025-12-06 12:33:00,Investment Enquiry,Completed,26.0
APP_003674,CUST_02102,BR009,2025-12-06 13:07:00,KYC Update,Completed,13.5
APP_003675,CUST_05624,BR009,2025-12-06 13:21:00,Cash Withdrawal,Cancelled,4.5
APP_003676,CUST_13572,BR009,2025-12-06 14:26:00,Credit Card Service,Completed,12.0
APP_003677,CUST_11748,BR010,2025-12-06 10:47:00,Credit Card Service,Completed,12.0
APP_003678,CUST_01164,BR010,2025-12-06 10:50:00,KYC Update,Completed,13.5
APP_003679,CUST_08978,BR010,2025-12-06 12:29:00,Complaint,Completed,16.5
APP_003680,CUST_05670,BR010,2025-12-06 13:41:00,Cash Deposit,Completed,6.5
APP_003681,CUST_04876,BR001,2025-12-08 09:47:00,Account Opening,Completed,24.0
APP_003682,CUST_10382,BR001,2025-12-08 10:46:00,Loan Enquiry,Completed,18.0
APP_003683,CUST_03456,BR001,2025-12-08 10:02:00,KYC Update,Completed,13.5
APP_003684,CUST_02117,BR001,2025-12-08 10:07:00,Credit Card Service,Completed,12.0
APP_003685,CUST_03083,BR001,2025-12-08 11:05:00,Account Opening,Completed,24.0
APP_003686,CUST_03211,BR001,2025-12-08 11:32:00,Cash Withdrawal,Completed,4.5
APP_003687,CUST_04023,BR001,2025-12-08 11:07:00,Cash Deposit,No-Show,6.5
APP_003688,CUST_05463,BR001,2025-12-08 11:08:00,Cheque Services,Completed,6.0
APP_003689,CUST_02894,BR001,2025-12-08 11:12:00,Cheque Services,Completed,6.0
APP_003690,CUST_01729,BR002,2025-12-08 09:12:00,KYC Update,Completed,13.5
APP_003691,CUST_12931,BR002,2025-12-08 10:29:00,General Customer Support,Completed,10.0
APP_003692,CUST_12685,BR002,2025-12-08 10:07:00,KYC Update,Completed,13.5
APP_003693,CUST_09293,BR002,2025-12-08 10:01:00,Cash Deposit,Completed,6.5
APP_003694,CUST_12191,BR002,2025-12-08 10:15:00,Credit Card Service,Completed,12.0
APP_003695,CUST_12472,BR002,2025-12-08 11:11:00,Credit Card Service,Completed,12.0
APP_003696,CUST_03760,BR002,2025-12-08 11:09:00,Cash Deposit,Completed,6.5
APP_003697,CUST_14134,BR002,2025-12-08 11:49:00,Cash Withdrawal,Completed,4.5
APP_003698,CUST_05749,BR002,2025-12-08 11:07:00,Credit Card Service,Completed,12.0
APP_003699,CUST_01183,BR002,2025-12-08 11:01:00,Loan Enquiry,Completed,18.0
APP_003700,CUST_01188,BR002,2025-12-08 12:53:00,Digital Banking Support,Completed,12.5
APP_003701,CUST_10703,BR002,2025-12-08 12:39:00,Complaint,Completed,16.5
APP_003702,CUST_11962,BR002,2025-12-08 12:23:00,Cash Deposit,No-Show,6.5
APP_003703,CUST_07944,BR002,2025-12-08 12:36:00,Cheque Services,Completed,6.0
APP_003704,CUST_02975,BR003,2025-12-08 10:31:00,Loan Application,Completed,34.0
APP_003705,CUST_03897,BR003,2025-12-08 10:04:00,Address Update,Completed,8.0
APP_003706,CUST_00123,BR003,2025-12-08 10:27:00,Statement Request,Completed,5.0
APP_003707,CUST_10671,BR003,2025-12-08 10:10:00,KYC Update,Completed,13.5
APP_003708,CUST_07353,BR003,2025-12-08 10:29:00,General Customer Support,Completed,10.0
APP_003709,CUST_12287,BR003,2025-12-08 10:31:00,Account Opening,Completed,24.0
APP_003710,CUST_00345,BR003,2025-12-08 10:20:00,KYC Update,Completed,13.5
APP_003711,CUST_01060,BR003,2025-12-08 10:47:00,Address Update,Completed,8.0
APP_003712,CUST_00594,BR003,2025-12-08 11:04:00,Cash Withdrawal,Completed,4.5
APP_003713,CUST_08914,BR003,2025-12-08 11:35:00,Account Opening,Completed,24.0
APP_003714,CUST_06172,BR003,2025-12-08 11:38:00,Cash Deposit,Cancelled,6.5
APP_003715,CUST_01695,BR004,2025-12-08 09:21:00,Cash Deposit,Completed,6.5
APP_003716,CUST_05463,BR004,2025-12-08 09:17:00,Digital Banking Support,Completed,12.5
APP_003717,CUST_08442,BR004,2025-12-08 10:24:00,Loan Enquiry,Completed,18.0
APP_003718,CUST_05392,BR004,2025-12-08 10:47:00,Statement Request,Completed,5.0
APP_003719,CUST_00508,BR004,2025-12-08 10:28:00,Statement Request,Completed,5.0
APP_003720,CUST_11303,BR004,2025-12-08 12:26:00,KYC Update,Completed,13.5
APP_003721,CUST_01195,BR004,2025-12-08 12:49:00,Digital Banking Support,Completed,12.5
APP_003722,CUST_12780,BR004,2025-12-08 12:53:00,Cash Deposit,Completed,6.5
APP_003723,CUST_01728,BR005,2025-12-08 09:03:00,Digital Banking Support,Completed,12.5
APP_003724,CUST_08520,BR005,2025-12-08 10:26:00,Digital Banking Support,Completed,12.5
APP_003725,CUST_03734,BR005,2025-12-08 11:13:00,Cash Withdrawal,Completed,4.5
APP_003726,CUST_01963,BR005,2025-12-08 12:09:00,Cash Withdrawal,Completed,4.5
APP_003727,CUST_01206,BR005,2025-12-08 13:35:00,Cash Withdrawal,Completed,4.5
APP_003728,CUST_04748,BR006,2025-12-08 10:09:00,Address Update,Completed,8.0
APP_003729,CUST_00210,BR006,2025-12-08 10:17:00,Cash Withdrawal,Completed,4.5
APP_003730,CUST_02079,BR006,2025-12-08 10:17:00,Cash Deposit,Completed,6.5
APP_003731,CUST_14418,BR006,2025-12-08 11:54:00,Loan Enquiry,Completed,18.0
APP_003732,CUST_09172,BR006,2025-12-08 11:33:00,General Customer Support,Completed,10.0
APP_003733,CUST_14878,BR006,2025-12-08 11:18:00,Loan Enquiry,Completed,18.0
APP_003734,CUST_03959,BR006,2025-12-08 11:40:00,General Customer Support,Completed,10.0
APP_003735,CUST_09324,BR006,2025-12-08 12:24:00,Credit Card Service,No-Show,12.0
APP_003736,CUST_07482,BR007,2025-12-08 10:33:00,Cash Deposit,Completed,6.5
APP_003737,CUST_07227,BR007,2025-12-08 10:17:00,Loan Enquiry,No-Show,18.0
APP_003738,CUST_03863,BR007,2025-12-08 10:16:00,Account Opening,Completed,24.0
APP_003739,CUST_09334,BR007,2025-12-08 11:52:00,Cash Withdrawal,Completed,4.5
APP_003740,CUST_00164,BR007,2025-12-08 11:25:00,Loan Enquiry,Completed,18.0
APP_003741,CUST_10887,BR007,2025-12-08 11:28:00,Credit Card Service,Completed,12.0
APP_003742,CUST_01162,BR007,2025-12-08 12:31:00,General Customer Support,Completed,10.0
APP_003743,CUST_06972,BR007,2025-12-08 12:51:00,Digital Banking Support,No-Show,12.5
APP_003744,CUST_12388,BR007,2025-12-08 13:06:00,Cheque Services,Completed,6.0
APP_003745,CUST_05519,BR008,2025-12-08 10:44:00,KYC Update,Completed,13.5
APP_003746,CUST_07786,BR008,2025-12-08 11:23:00,Investment Enquiry,Completed,26.0
APP_003747,CUST_02008,BR008,2025-12-08 11:24:00,Cheque Services,Completed,6.0
APP_003748,CUST_05407,BR008,2025-12-08 12:40:00,KYC Update,Completed,13.5
APP_003749,CUST_08372,BR008,2025-12-08 13:47:00,Cash Withdrawal,Completed,4.5
APP_003750,CUST_09177,BR008,2025-12-08 13:25:00,Cash Withdrawal,Completed,4.5
APP_003751,CUST_09384,BR008,2025-12-08 13:46:00,Cash Withdrawal,Completed,4.5
APP_003752,CUST_04065,BR009,2025-12-08 09:47:00,Loan Application,Completed,34.0
APP_003753,CUST_08799,BR009,2025-12-08 09:45:00,KYC Update,Cancelled,13.5
APP_003754,CUST_04253,BR009,2025-12-08 10:29:00,Cash Deposit,Completed,6.5
APP_003755,CUST_04423,BR009,2025-12-08 10:46:00,Loan Enquiry,Completed,18.0
APP_003756,CUST_11642,BR009,2025-12-08 11:22:00,Cash Deposit,Completed,6.5
APP_003757,CUST_12394,BR009,2025-12-08 11:33:00,Cheque Services,Cancelled,6.0
APP_003758,CUST_07879,BR009,2025-12-08 11:01:00,Credit Card Service,Completed,12.0
APP_003759,CUST_11294,BR009,2025-12-08 11:41:00,Cheque Services,Completed,6.0
APP_003760,CUST_13190,BR010,2025-12-08 09:33:00,Investment Enquiry,Completed,26.0
APP_003761,CUST_02679,BR010,2025-12-08 10:20:00,Statement Request,Completed,5.0
APP_003762,CUST_09510,BR010,2025-12-08 10:29:00,Cash Withdrawal,Completed,4.5
APP_003763,CUST_11246,BR010,2025-12-08 11:55:00,General Customer Support,Completed,10.0
APP_003764,CUST_02696,BR010,2025-12-08 11:50:00,Cash Withdrawal,Completed,4.5
APP_003765,CUST_10176,BR001,2025-12-09 09:19:00,Address Update,Cancelled,8.0
APP_003766,CUST_12570,BR001,2025-12-09 10:50:00,KYC Update,Completed,13.5
APP_003767,CUST_14261,BR001,2025-12-09 11:16:00,Cheque Services,Completed,6.0
APP_003768,CUST_03106,BR001,2025-12-09 11:31:00,Investment Enquiry,Completed,26.0
APP_003769,CUST_05266,BR001,2025-12-09 11:32:00,Cash Withdrawal,Completed,4.5
APP_003770,CUST_05160,BR001,2025-12-09 11:12:00,Address Update,Completed,8.0
APP_003771,CUST_05453,BR001,2025-12-09 12:03:00,Digital Banking Support,Completed,12.5
APP_003772,CUST_11203,BR001,2025-12-09 13:18:00,Credit Card Service,Completed,12.0
APP_003773,CUST_08029,BR001,2025-12-09 14:25:00,Loan Application,Completed,34.0
APP_003774,CUST_11752,BR002,2025-12-09 09:54:00,Statement Request,Completed,5.0
APP_003775,CUST_01981,BR002,2025-12-09 11:22:00,Digital Banking Support,Completed,12.5
APP_003776,CUST_07592,BR002,2025-12-09 11:03:00,Complaint,Completed,16.5
APP_003777,CUST_00955,BR002,2025-12-09 11:54:00,General Customer Support,Completed,10.0
APP_003778,CUST_14207,BR002,2025-12-09 11:19:00,General Customer Support,No-Show,10.0
APP_003779,CUST_03795,BR002,2025-12-09 12:00:00,Loan Application,Completed,34.0
APP_003780,CUST_04344,BR003,2025-12-09 09:22:00,Loan Enquiry,Completed,18.0
APP_003781,CUST_10011,BR003,2025-12-09 10:27:00,Cash Withdrawal,Completed,4.5
APP_003782,CUST_05093,BR003,2025-12-09 10:05:00,Cash Withdrawal,Completed,4.5
APP_003783,CUST_09688,BR003,2025-12-09 12:18:00,Cheque Services,Cancelled,6.0
APP_003784,CUST_14419,BR003,2025-12-09 12:41:00,Cash Deposit,Completed,6.5
APP_003785,CUST_07311,BR003,2025-12-09 12:28:00,Loan Application,Completed,34.0
APP_003786,CUST_01424,BR003,2025-12-09 13:13:00,Credit Card Service,Completed,12.0
APP_003787,CUST_13649,BR003,2025-12-09 13:12:00,Cash Withdrawal,Completed,4.5
APP_003788,CUST_03222,BR004,2025-12-09 09:47:00,Statement Request,Completed,5.0
APP_003789,CUST_04461,BR004,2025-12-09 10:34:00,Account Opening,Completed,24.0
APP_003790,CUST_06053,BR004,2025-12-09 10:48:00,General Customer Support,Completed,10.0
APP_003791,CUST_05547,BR004,2025-12-09 10:26:00,Cash Withdrawal,Completed,4.5
APP_003792,CUST_10347,BR004,2025-12-09 12:27:00,Cash Deposit,Completed,6.5
APP_003793,CUST_02499,BR005,2025-12-09 11:24:00,Account Opening,Completed,24.0
APP_003794,CUST_02490,BR005,2025-12-09 11:49:00,Cash Deposit,Completed,6.5
APP_003795,CUST_10716,BR005,2025-12-09 14:08:00,Address Update,Completed,8.0
APP_003796,CUST_04952,BR005,2025-12-09 15:35:00,Cash Deposit,Completed,6.5
APP_003797,CUST_08420,BR006,2025-12-09 09:20:00,Cheque Services,Completed,6.0
APP_003798,CUST_13015,BR006,2025-12-09 10:01:00,Cash Deposit,Completed,6.5
APP_003799,CUST_00037,BR006,2025-12-09 10:52:00,Cheque Services,Completed,6.0
APP_003800,CUST_00430,BR006,2025-12-09 11:19:00,KYC Update,Completed,13.5
APP_003801,CUST_08827,BR006,2025-12-09 12:34:00,Cheque Services,Completed,6.0
APP_003802,CUST_09159,BR006,2025-12-09 12:51:00,Loan Enquiry,Completed,18.0
APP_003803,CUST_10914,BR007,2025-12-09 11:23:00,Cash Deposit,Completed,6.5
APP_003804,CUST_10734,BR007,2025-12-09 12:52:00,Address Update,Completed,8.0
APP_003805,CUST_09182,BR007,2025-12-09 12:28:00,Account Opening,Completed,24.0
APP_003806,CUST_11336,BR007,2025-12-09 13:51:00,Cheque Services,Completed,6.0
APP_003807,CUST_08611,BR007,2025-12-09 13:55:00,Cheque Services,Completed,6.0
APP_003808,CUST_05627,BR007,2025-12-09 13:31:00,KYC Update,Cancelled,13.5
APP_003809,CUST_14639,BR008,2025-12-09 09:31:00,Loan Enquiry,Completed,18.0
APP_003810,CUST_14060,BR008,2025-12-09 10:42:00,KYC Update,Completed,13.5
APP_003811,CUST_00283,BR008,2025-12-09 10:02:00,General Customer Support,Completed,10.0
APP_003812,CUST_08267,BR008,2025-12-09 10:28:00,Loan Application,Completed,34.0
APP_003813,CUST_04945,BR008,2025-12-09 10:16:00,Cheque Services,Cancelled,6.0
APP_003814,CUST_14889,BR008,2025-12-09 10:51:00,Cash Deposit,Completed,6.5
APP_003815,CUST_00598,BR009,2025-12-09 09:07:00,Loan Enquiry,Completed,18.0
APP_003816,CUST_00351,BR009,2025-12-09 10:39:00,Loan Enquiry,Completed,18.0
APP_003817,CUST_07810,BR009,2025-12-09 10:04:00,General Customer Support,Completed,10.0
APP_003818,CUST_06513,BR009,2025-12-09 10:45:00,Address Update,Cancelled,8.0
APP_003819,CUST_11718,BR009,2025-12-09 11:52:00,Loan Application,Completed,34.0
APP_003820,CUST_12081,BR009,2025-12-09 12:37:00,Address Update,Completed,8.0
APP_003821,CUST_01678,BR009,2025-12-09 12:18:00,Statement Request,Completed,5.0
APP_003822,CUST_06644,BR010,2025-12-09 10:19:00,Loan Enquiry,Completed,18.0
APP_003823,CUST_07636,BR010,2025-12-09 10:29:00,Credit Card Service,Completed,12.0
APP_003824,CUST_04324,BR010,2025-12-09 10:19:00,KYC Update,No-Show,13.5
APP_003825,CUST_00146,BR010,2025-12-09 12:40:00,Cheque Services,Completed,6.0
APP_003826,CUST_08199,BR001,2025-12-10 09:46:00,Cash Deposit,Completed,6.5
APP_003827,CUST_11817,BR001,2025-12-10 10:55:00,KYC Update,Completed,13.5
APP_003828,CUST_06930,BR001,2025-12-10 11:39:00,Digital Banking Support,Cancelled,12.5
APP_003829,CUST_07568,BR001,2025-12-10 12:01:00,Account Opening,Completed,24.0
APP_003830,CUST_06052,BR001,2025-12-10 12:12:00,Cash Withdrawal,Completed,4.5
APP_003831,CUST_09941,BR001,2025-12-10 12:06:00,Loan Enquiry,Completed,18.0
APP_003832,CUST_10252,BR001,2025-12-10 12:07:00,Loan Enquiry,Completed,18.0
APP_003833,CUST_04214,BR001,2025-12-10 13:29:00,Cash Withdrawal,Completed,4.5
APP_003834,CUST_04856,BR001,2025-12-10 13:51:00,Loan Enquiry,Completed,18.0
APP_003835,CUST_09534,BR002,2025-12-10 09:24:00,KYC Update,Completed,13.5
APP_003836,CUST_14833,BR002,2025-12-10 09:44:00,Address Update,Completed,8.0
APP_003837,CUST_09037,BR002,2025-12-10 10:36:00,Cash Withdrawal,No-Show,4.5
APP_003838,CUST_01232,BR002,2025-12-10 11:24:00,KYC Update,Completed,13.5
APP_003839,CUST_09352,BR002,2025-12-10 11:51:00,Cash Withdrawal,Completed,4.5
APP_003840,CUST_07228,BR002,2025-12-10 13:47:00,KYC Update,Completed,13.5
APP_003841,CUST_02929,BR002,2025-12-10 14:23:00,Credit Card Service,Completed,12.0
APP_003842,CUST_12699,BR003,2025-12-10 10:32:00,Cash Deposit,Completed,6.5
APP_003843,CUST_02025,BR003,2025-12-10 10:19:00,Loan Enquiry,Completed,18.0
APP_003844,CUST_07662,BR003,2025-12-10 11:37:00,Cheque Services,Completed,6.0
APP_003845,CUST_09679,BR003,2025-12-10 11:32:00,Account Opening,No-Show,24.0
APP_003846,CUST_04001,BR003,2025-12-10 12:22:00,Cheque Services,Completed,6.0
APP_003847,CUST_01069,BR003,2025-12-10 12:51:00,Cash Deposit,No-Show,6.5
APP_003848,CUST_14357,BR003,2025-12-10 13:39:00,Cash Withdrawal,Completed,4.5
APP_003849,CUST_08611,BR003,2025-12-10 13:18:00,Digital Banking Support,No-Show,12.5
APP_003850,CUST_07436,BR004,2025-12-10 10:20:00,Account Opening,Completed,24.0
APP_003851,CUST_08939,BR004,2025-12-10 10:45:00,Statement Request,Completed,5.0
APP_003852,CUST_01705,BR004,2025-12-10 10:31:00,Complaint,Completed,16.5
APP_003853,CUST_07764,BR004,2025-12-10 12:40:00,Cheque Services,Completed,6.0
APP_003854,CUST_00812,BR005,2025-12-10 09:19:00,Account Opening,Completed,24.0
APP_003855,CUST_11672,BR005,2025-12-10 10:14:00,Loan Application,Completed,34.0
APP_003856,CUST_06339,BR005,2025-12-10 10:25:00,Cash Deposit,Cancelled,6.5
APP_003857,CUST_10059,BR006,2025-12-10 11:30:00,Address Update,Cancelled,8.0
APP_003858,CUST_11258,BR006,2025-12-10 11:51:00,Investment Enquiry,Completed,26.0
APP_003859,CUST_13310,BR006,2025-12-10 12:25:00,Loan Enquiry,Completed,18.0
APP_003860,CUST_05383,BR006,2025-12-10 13:31:00,Cash Withdrawal,Completed,4.5
APP_003861,CUST_05828,BR006,2025-12-10 14:27:00,Loan Application,Completed,34.0
APP_003862,CUST_11984,BR006,2025-12-10 15:47:00,Cash Deposit,Completed,6.5
APP_003863,CUST_11734,BR006,2025-12-10 15:12:00,Loan Application,Completed,34.0
APP_003864,CUST_06101,BR007,2025-12-10 10:33:00,Cash Deposit,Completed,6.5
APP_003865,CUST_09878,BR007,2025-12-10 10:21:00,Digital Banking Support,Completed,12.5
APP_003866,CUST_10148,BR007,2025-12-10 10:48:00,Cash Deposit,Completed,6.5
APP_003867,CUST_09291,BR007,2025-12-10 11:47:00,Account Opening,Completed,24.0
APP_003868,CUST_00821,BR007,2025-12-10 11:17:00,Cash Withdrawal,Completed,4.5
APP_003869,CUST_00061,BR008,2025-12-10 10:37:00,Credit Card Service,Completed,12.0
APP_003870,CUST_05996,BR008,2025-12-10 11:50:00,Cash Withdrawal,Completed,4.5
APP_003871,CUST_14963,BR008,2025-12-10 11:24:00,Digital Banking Support,Completed,12.5
APP_003872,CUST_05852,BR009,2025-12-10 09:01:00,Cash Withdrawal,Cancelled,4.5
APP_003873,CUST_10103,BR009,2025-12-10 09:36:00,Loan Application,Completed,34.0
APP_003874,CUST_14682,BR009,2025-12-10 11:00:00,Account Opening,Completed,24.0
APP_003875,CUST_07553,BR009,2025-12-10 11:48:00,Loan Application,Completed,34.0
APP_003876,CUST_06283,BR009,2025-12-10 11:12:00,Loan Application,Completed,34.0
APP_003877,CUST_04907,BR010,2025-12-10 15:33:00,Cash Withdrawal,Cancelled,4.5
APP_003878,CUST_02044,BR001,2025-12-11 09:32:00,Cash Withdrawal,Completed,4.5
APP_003879,CUST_08366,BR001,2025-12-11 10:42:00,Statement Request,Completed,5.0
APP_003880,CUST_13665,BR001,2025-12-11 10:18:00,Credit Card Service,Cancelled,12.0
APP_003881,CUST_09294,BR001,2025-12-11 11:19:00,Cash Withdrawal,Cancelled,4.5
APP_003882,CUST_07931,BR001,2025-12-11 11:21:00,Cash Deposit,Completed,6.5
APP_003883,CUST_08462,BR001,2025-12-11 11:50:00,Cheque Services,Completed,6.0
APP_003884,CUST_14114,BR001,2025-12-11 12:44:00,Statement Request,Completed,5.0
APP_003885,CUST_00407,BR001,2025-12-11 12:42:00,Digital Banking Support,Completed,12.5
APP_003886,CUST_06640,BR001,2025-12-11 12:01:00,Cash Deposit,Completed,6.5
APP_003887,CUST_09179,BR001,2025-12-11 13:35:00,Statement Request,Completed,5.0
APP_003888,CUST_04708,BR002,2025-12-11 09:37:00,Loan Enquiry,Cancelled,18.0
APP_003889,CUST_03904,BR002,2025-12-11 09:54:00,Digital Banking Support,Completed,12.5
APP_003890,CUST_04875,BR002,2025-12-11 09:23:00,Cash Deposit,Completed,6.5
APP_003891,CUST_01310,BR002,2025-12-11 10:40:00,Cash Withdrawal,Completed,4.5
APP_003892,CUST_04909,BR002,2025-12-11 10:12:00,Cash Deposit,Cancelled,6.5
APP_003893,CUST_13410,BR002,2025-12-11 10:28:00,Loan Application,Completed,34.0
APP_003894,CUST_10556,BR002,2025-12-11 11:54:00,Statement Request,Completed,5.0
APP_003895,CUST_04859,BR002,2025-12-11 11:16:00,Account Opening,Cancelled,24.0
APP_003896,CUST_01916,BR003,2025-12-11 10:13:00,Cash Withdrawal,Completed,4.5
APP_003897,CUST_10128,BR003,2025-12-11 10:13:00,Account Opening,Completed,24.0
APP_003898,CUST_08556,BR003,2025-12-11 11:18:00,Cash Withdrawal,Completed,4.5
APP_003899,CUST_11892,BR003,2025-12-11 11:21:00,Cash Withdrawal,Completed,4.5
APP_003900,CUST_12782,BR003,2025-12-11 11:35:00,Complaint,Completed,16.5
APP_003901,CUST_06802,BR003,2025-12-11 11:07:00,Investment Enquiry,Completed,26.0
APP_003902,CUST_13695,BR003,2025-12-11 11:47:00,Credit Card Service,Completed,12.0
APP_003903,CUST_03273,BR004,2025-12-11 09:03:00,Loan Application,Completed,34.0
APP_003904,CUST_04416,BR004,2025-12-11 10:37:00,Loan Enquiry,Completed,18.0
APP_003905,CUST_05403,BR004,2025-12-11 10:53:00,Loan Application,Completed,34.0
APP_003906,CUST_08239,BR004,2025-12-11 11:21:00,Cash Deposit,Completed,6.5
APP_003907,CUST_14052,BR004,2025-12-11 11:07:00,Cash Deposit,Completed,6.5
APP_003908,CUST_13540,BR005,2025-12-11 10:02:00,Cash Deposit,Completed,6.5
APP_003909,CUST_10021,BR005,2025-12-11 10:47:00,Cash Deposit,Completed,6.5
APP_003910,CUST_10495,BR005,2025-12-11 11:00:00,Cash Withdrawal,Completed,4.5
APP_003911,CUST_00286,BR006,2025-12-11 09:42:00,Cheque Services,Completed,6.0
APP_003912,CUST_12673,BR006,2025-12-11 09:55:00,Complaint,Completed,16.5
APP_003913,CUST_01448,BR006,2025-12-11 10:35:00,Address Update,Completed,8.0
APP_003914,CUST_02063,BR006,2025-12-11 10:30:00,General Customer Support,Completed,10.0
APP_003915,CUST_04127,BR006,2025-12-11 12:40:00,Cash Deposit,No-Show,6.5
APP_003916,CUST_00191,BR007,2025-12-11 09:23:00,Credit Card Service,Cancelled,12.0
APP_003917,CUST_14575,BR007,2025-12-11 10:11:00,Cash Withdrawal,Completed,4.5
APP_003918,CUST_06421,BR007,2025-12-11 11:05:00,Cash Withdrawal,Completed,4.5
APP_003919,CUST_00814,BR007,2025-12-11 15:37:00,Cheque Services,Completed,6.0
APP_003920,CUST_05766,BR007,2025-12-11 16:22:00,Statement Request,Completed,5.0
APP_003921,CUST_11373,BR008,2025-12-11 09:00:00,Cash Deposit,Completed,6.5
APP_003922,CUST_06566,BR008,2025-12-11 10:48:00,Investment Enquiry,No-Show,26.0
APP_003923,CUST_10948,BR008,2025-12-11 10:11:00,Loan Enquiry,Completed,18.0
APP_003924,CUST_06982,BR008,2025-12-11 13:44:00,Cash Deposit,Completed,6.5
APP_003925,CUST_14050,BR008,2025-12-11 15:20:00,KYC Update,Completed,13.5
APP_003926,CUST_13988,BR009,2025-12-11 10:40:00,Loan Application,Completed,34.0
APP_003927,CUST_09700,BR009,2025-12-11 11:20:00,Cheque Services,Completed,6.0
APP_003928,CUST_09977,BR009,2025-12-11 11:00:00,Cash Withdrawal,Completed,4.5
APP_003929,CUST_03984,BR009,2025-12-11 11:48:00,Cash Withdrawal,Completed,4.5
APP_003930,CUST_02137,BR009,2025-12-11 12:06:00,KYC Update,Completed,13.5
APP_003931,CUST_04519,BR009,2025-12-11 15:44:00,Complaint,Cancelled,16.5
APP_003932,CUST_01935,BR010,2025-12-11 09:28:00,Credit Card Service,No-Show,12.0
APP_003933,CUST_06763,BR010,2025-12-11 10:00:00,Cash Withdrawal,Completed,4.5
APP_003934,CUST_04324,BR010,2025-12-11 10:18:00,Complaint,Cancelled,16.5
APP_003935,CUST_05588,BR010,2025-12-11 10:24:00,Complaint,Completed,16.5
APP_003936,CUST_14996,BR001,2025-12-12 09:10:00,Cash Deposit,Completed,6.5
APP_003937,CUST_14217,BR001,2025-12-12 10:11:00,KYC Update,Completed,13.5
APP_003938,CUST_09433,BR001,2025-12-12 10:54:00,Loan Enquiry,Completed,18.0
APP_003939,CUST_06064,BR001,2025-12-12 11:46:00,Complaint,Completed,16.5
APP_003940,CUST_11734,BR001,2025-12-12 11:38:00,Loan Application,Completed,34.0
APP_003941,CUST_00349,BR001,2025-12-12 12:16:00,Account Opening,Completed,24.0
APP_003942,CUST_07200,BR001,2025-12-12 13:34:00,Statement Request,Completed,5.0
APP_003943,CUST_07196,BR001,2025-12-12 13:19:00,Cash Withdrawal,Completed,4.5
APP_003944,CUST_01068,BR001,2025-12-12 14:15:00,Credit Card Service,Completed,12.0
APP_003945,CUST_14230,BR002,2025-12-12 09:09:00,Cash Withdrawal,Completed,4.5
APP_003946,CUST_04905,BR002,2025-12-12 10:26:00,Cash Deposit,Completed,6.5
APP_003947,CUST_09934,BR002,2025-12-12 10:32:00,KYC Update,Completed,13.5
APP_003948,CUST_01349,BR002,2025-12-12 10:16:00,KYC Update,Completed,13.5
APP_003949,CUST_09310,BR002,2025-12-12 11:53:00,Account Opening,Completed,24.0
APP_003950,CUST_06006,BR002,2025-12-12 11:10:00,Loan Application,Completed,34.0
APP_003951,CUST_14486,BR002,2025-12-12 11:55:00,Account Opening,Completed,24.0
APP_003952,CUST_04409,BR002,2025-12-12 12:11:00,Address Update,Completed,8.0
APP_003953,CUST_01409,BR002,2025-12-12 13:14:00,Cash Withdrawal,Cancelled,4.5
APP_003954,CUST_05186,BR002,2025-12-12 13:36:00,General Customer Support,Completed,10.0
APP_003955,CUST_08952,BR003,2025-12-12 09:10:00,Cash Withdrawal,Completed,4.5
APP_003956,CUST_10046,BR003,2025-12-12 10:17:00,KYC Update,Completed,13.5
APP_003957,CUST_14777,BR003,2025-12-12 10:13:00,Cash Withdrawal,Completed,4.5
APP_003958,CUST_14305,BR003,2025-12-12 10:35:00,Cash Withdrawal,Completed,4.5
APP_003959,CUST_06307,BR003,2025-12-12 10:44:00,Cash Deposit,Completed,6.5
APP_003960,CUST_05668,BR003,2025-12-12 10:11:00,Loan Enquiry,Completed,18.0
APP_003961,CUST_09734,BR003,2025-12-12 11:02:00,Loan Enquiry,Completed,18.0
APP_003962,CUST_02257,BR003,2025-12-12 11:11:00,Address Update,Completed,8.0
APP_003963,CUST_11126,BR004,2025-12-12 09:14:00,Cash Deposit,Completed,6.5
APP_003964,CUST_12759,BR004,2025-12-12 09:20:00,Loan Application,Completed,34.0
APP_003965,CUST_07492,BR004,2025-12-12 10:55:00,Cash Withdrawal,Completed,4.5
APP_003966,CUST_11524,BR004,2025-12-12 11:33:00,Credit Card Service,Completed,12.0
APP_003967,CUST_05180,BR004,2025-12-12 11:24:00,Digital Banking Support,Cancelled,12.5
APP_003968,CUST_04404,BR004,2025-12-12 11:28:00,KYC Update,Completed,13.5
APP_003969,CUST_06195,BR004,2025-12-12 11:44:00,Address Update,Completed,8.0
APP_003970,CUST_00669,BR004,2025-12-12 12:53:00,Cash Deposit,Completed,6.5
APP_003971,CUST_12302,BR005,2025-12-12 11:25:00,Credit Card Service,Cancelled,12.0
APP_003972,CUST_12661,BR005,2025-12-12 13:52:00,Cash Withdrawal,Cancelled,4.5
APP_003973,CUST_04021,BR005,2025-12-12 13:14:00,Statement Request,Completed,5.0
APP_003974,CUST_09723,BR005,2025-12-12 14:37:00,Digital Banking Support,Completed,12.5
APP_003975,CUST_02437,BR005,2025-12-12 15:44:00,Credit Card Service,No-Show,12.0
APP_003976,CUST_14070,BR006,2025-12-12 09:38:00,Digital Banking Support,Completed,12.5
APP_003977,CUST_06805,BR006,2025-12-12 09:19:00,Credit Card Service,No-Show,12.0
APP_003978,CUST_09879,BR006,2025-12-12 10:17:00,KYC Update,Completed,13.5
APP_003979,CUST_11585,BR006,2025-12-12 10:33:00,Cash Deposit,Completed,6.5
APP_003980,CUST_12466,BR006,2025-12-12 10:35:00,Investment Enquiry,Completed,26.0
APP_003981,CUST_01159,BR006,2025-12-12 11:16:00,Cash Deposit,Completed,6.5
APP_003982,CUST_02271,BR006,2025-12-12 11:20:00,Digital Banking Support,Completed,12.5
APP_003983,CUST_05234,BR006,2025-12-12 11:01:00,Statement Request,Completed,5.0
APP_003984,CUST_02140,BR006,2025-12-12 12:06:00,Cash Withdrawal,Completed,4.5
APP_003985,CUST_07019,BR007,2025-12-12 09:46:00,Account Opening,Completed,24.0
APP_003986,CUST_13700,BR007,2025-12-12 09:54:00,Cash Withdrawal,Completed,4.5
APP_003987,CUST_09263,BR007,2025-12-12 09:23:00,General Customer Support,Completed,10.0
APP_003988,CUST_06603,BR007,2025-12-12 10:09:00,Cash Withdrawal,Completed,4.5
APP_003989,CUST_05227,BR007,2025-12-12 12:03:00,Cash Deposit,Completed,6.5
APP_003990,CUST_12218,BR007,2025-12-12 12:05:00,General Customer Support,Completed,10.0
APP_003991,CUST_10319,BR007,2025-12-12 13:05:00,Credit Card Service,Completed,12.0
APP_003992,CUST_09392,BR008,2025-12-12 10:23:00,Cash Withdrawal,Completed,4.5
APP_003993,CUST_09868,BR008,2025-12-12 10:35:00,Credit Card Service,Completed,12.0
APP_003994,CUST_10770,BR008,2025-12-12 10:03:00,Account Opening,Completed,24.0
APP_003995,CUST_09334,BR008,2025-12-12 12:40:00,Investment Enquiry,Completed,26.0
APP_003996,CUST_10139,BR009,2025-12-12 09:29:00,Cash Deposit,Completed,6.5
APP_003997,CUST_02844,BR009,2025-12-12 10:52:00,Address Update,Completed,8.0
APP_003998,CUST_13612,BR009,2025-12-12 10:00:00,Loan Enquiry,Completed,18.0
APP_003999,CUST_06590,BR009,2025-12-12 11:30:00,Cash Withdrawal,Completed,4.5
APP_004000,CUST_01285,BR009,2025-12-12 11:12:00,KYC Update,Completed,13.5
APP_004001,CUST_13096,BR009,2025-12-12 11:29:00,Cash Withdrawal,No-Show,4.5
APP_004002,CUST_09035,BR009,2025-12-12 11:14:00,Cash Deposit,Completed,6.5
APP_004003,CUST_11396,BR009,2025-12-12 12:55:00,Address Update,Completed,8.0
APP_004004,CUST_04432,BR009,2025-12-12 12:07:00,Account Opening,Completed,24.0
APP_004005,CUST_09187,BR009,2025-12-12 14:00:00,General Customer Support,Completed,10.0
APP_004006,CUST_07547,BR010,2025-12-12 11:20:00,Cheque Services,Completed,6.0
APP_004007,CUST_01186,BR010,2025-12-12 11:49:00,Complaint,Completed,16.5
APP_004008,CUST_09978,BR001,2025-12-15 09:20:00,Loan Enquiry,Completed,18.0
APP_004009,CUST_02615,BR001,2025-12-15 10:24:00,Account Opening,Completed,24.0
APP_004010,CUST_13891,BR001,2025-12-15 10:44:00,Cash Deposit,Completed,6.5
APP_004011,CUST_11775,BR001,2025-12-15 11:51:00,Cash Deposit,Completed,6.5
APP_004012,CUST_04634,BR001,2025-12-15 11:13:00,Cash Withdrawal,Cancelled,4.5
APP_004013,CUST_06818,BR001,2025-12-15 11:03:00,Cash Withdrawal,Completed,4.5
APP_004014,CUST_14836,BR001,2025-12-15 12:11:00,Cheque Services,Completed,6.0
APP_004015,CUST_06928,BR001,2025-12-15 12:07:00,Loan Application,Completed,34.0
APP_004016,CUST_10383,BR001,2025-12-15 12:52:00,Cash Withdrawal,Completed,4.5
APP_004017,CUST_01818,BR002,2025-12-15 09:25:00,Cheque Services,Completed,6.0
APP_004018,CUST_02317,BR002,2025-12-15 10:29:00,Loan Application,Completed,34.0
APP_004019,CUST_02071,BR002,2025-12-15 10:40:00,Cash Withdrawal,Completed,4.5
APP_004020,CUST_08920,BR002,2025-12-15 10:06:00,Credit Card Service,Cancelled,12.0
APP_004021,CUST_05048,BR002,2025-12-15 10:15:00,Cheque Services,Completed,6.0
APP_004022,CUST_13222,BR002,2025-12-15 10:07:00,KYC Update,Completed,13.5
APP_004023,CUST_13502,BR002,2025-12-15 10:35:00,Statement Request,Completed,5.0
APP_004024,CUST_11060,BR002,2025-12-15 11:11:00,KYC Update,Completed,13.5
APP_004025,CUST_10990,BR002,2025-12-15 11:38:00,Cash Deposit,Completed,6.5
APP_004026,CUST_06620,BR002,2025-12-15 11:21:00,Cash Deposit,Completed,6.5
APP_004027,CUST_06629,BR002,2025-12-15 11:03:00,Cash Withdrawal,Completed,4.5
APP_004028,CUST_12320,BR002,2025-12-15 11:35:00,Cash Deposit,No-Show,6.5
APP_004029,CUST_03931,BR003,2025-12-15 10:42:00,General Customer Support,No-Show,10.0
APP_004030,CUST_11571,BR003,2025-12-15 11:43:00,Cash Deposit,Completed,6.5
APP_004031,CUST_09356,BR003,2025-12-15 12:21:00,Cash Deposit,Completed,6.5
APP_004032,CUST_00120,BR003,2025-12-15 12:21:00,Credit Card Service,Completed,12.0
APP_004033,CUST_11043,BR003,2025-12-15 13:05:00,Cash Withdrawal,Completed,4.5
APP_004034,CUST_09957,BR003,2025-12-15 13:50:00,Cash Withdrawal,Completed,4.5
APP_004035,CUST_03165,BR003,2025-12-15 13:11:00,Investment Enquiry,Completed,26.0
APP_004036,CUST_05367,BR003,2025-12-15 15:25:00,Cash Deposit,Cancelled,6.5
APP_004037,CUST_03587,BR004,2025-12-15 09:40:00,Cash Deposit,Completed,6.5
APP_004038,CUST_13289,BR004,2025-12-15 10:23:00,Digital Banking Support,Cancelled,12.5
APP_004039,CUST_04116,BR004,2025-12-15 11:06:00,Cash Deposit,Completed,6.5
APP_004040,CUST_06634,BR004,2025-12-15 11:24:00,Cash Deposit,Cancelled,6.5
APP_004041,CUST_11503,BR004,2025-12-15 11:16:00,Credit Card Service,Completed,12.0
APP_004042,CUST_14888,BR004,2025-12-15 11:29:00,Loan Enquiry,Completed,18.0
APP_004043,CUST_10349,BR005,2025-12-15 09:42:00,Cash Withdrawal,Cancelled,4.5
APP_004044,CUST_13825,BR005,2025-12-15 11:43:00,Cash Withdrawal,Completed,4.5
APP_004045,CUST_10798,BR005,2025-12-15 12:26:00,General Customer Support,Cancelled,10.0
APP_004046,CUST_03964,BR005,2025-12-15 12:43:00,Credit Card Service,Completed,12.0
APP_004047,CUST_06244,BR005,2025-12-15 12:45:00,KYC Update,Completed,13.5
APP_004048,CUST_07153,BR005,2025-12-15 14:01:00,Complaint,No-Show,16.5
APP_004049,CUST_02927,BR006,2025-12-15 11:42:00,Cash Deposit,Completed,6.5
APP_004050,CUST_04239,BR006,2025-12-15 12:07:00,Account Opening,Completed,24.0
APP_004051,CUST_10806,BR006,2025-12-15 12:46:00,Complaint,Completed,16.5
APP_004052,CUST_06781,BR006,2025-12-15 13:52:00,Cash Withdrawal,Completed,4.5
APP_004053,CUST_08855,BR007,2025-12-15 10:21:00,Account Opening,Completed,24.0
APP_004054,CUST_07694,BR007,2025-12-15 10:15:00,Account Opening,Completed,24.0
APP_004055,CUST_04596,BR007,2025-12-15 11:00:00,Cash Withdrawal,Completed,4.5
APP_004056,CUST_10284,BR007,2025-12-15 12:11:00,Cash Deposit,Cancelled,6.5
APP_004057,CUST_00572,BR008,2025-12-15 13:24:00,Loan Application,Completed,34.0
APP_004058,CUST_07802,BR008,2025-12-15 14:32:00,Investment Enquiry,Completed,26.0
APP_004059,CUST_14106,BR008,2025-12-15 14:11:00,Account Opening,Completed,24.0
APP_004060,CUST_07767,BR008,2025-12-15 16:36:00,Credit Card Service,Completed,12.0
APP_004061,CUST_10931,BR009,2025-12-15 10:32:00,KYC Update,Completed,13.5
APP_004062,CUST_08409,BR009,2025-12-15 11:26:00,Credit Card Service,Completed,12.0
APP_004063,CUST_03868,BR009,2025-12-15 12:38:00,Cash Withdrawal,Completed,4.5
APP_004064,CUST_13671,BR009,2025-12-15 13:00:00,KYC Update,Completed,13.5
APP_004065,CUST_10290,BR009,2025-12-15 13:44:00,Investment Enquiry,Completed,26.0
APP_004066,CUST_06734,BR009,2025-12-15 13:55:00,Cheque Services,Completed,6.0
APP_004067,CUST_08792,BR010,2025-12-15 09:22:00,Loan Application,Completed,34.0
APP_004068,CUST_01193,BR010,2025-12-15 11:48:00,Complaint,Completed,16.5
APP_004069,CUST_13540,BR010,2025-12-15 13:44:00,KYC Update,Completed,13.5
APP_004070,CUST_05366,BR001,2025-12-16 09:36:00,Account Opening,Completed,24.0
APP_004071,CUST_11795,BR001,2025-12-16 09:36:00,Credit Card Service,Completed,12.0
APP_004072,CUST_11248,BR001,2025-12-16 09:35:00,Address Update,Completed,8.0
APP_004073,CUST_08654,BR001,2025-12-16 10:19:00,Cash Deposit,Completed,6.5
APP_004074,CUST_06749,BR001,2025-12-16 10:04:00,Account Opening,Completed,24.0
APP_004075,CUST_12327,BR001,2025-12-16 10:39:00,KYC Update,Completed,13.5
APP_004076,CUST_01609,BR001,2025-12-16 10:32:00,Cash Withdrawal,No-Show,4.5
APP_004077,CUST_11571,BR002,2025-12-16 10:39:00,Loan Application,Completed,34.0
APP_004078,CUST_06564,BR002,2025-12-16 10:40:00,Cash Deposit,Completed,6.5
APP_004079,CUST_01664,BR002,2025-12-16 10:45:00,Credit Card Service,Completed,12.0
APP_004080,CUST_05234,BR002,2025-12-16 10:05:00,Account Opening,Completed,24.0
APP_004081,CUST_01044,BR002,2025-12-16 10:40:00,Credit Card Service,No-Show,12.0
APP_004082,CUST_07264,BR002,2025-12-16 10:19:00,Investment Enquiry,Completed,26.0
APP_004083,CUST_00414,BR002,2025-12-16 11:12:00,Statement Request,Completed,5.0
APP_004084,CUST_01527,BR003,2025-12-16 09:20:00,Statement Request,Completed,5.0
APP_004085,CUST_07285,BR003,2025-12-16 10:22:00,Digital Banking Support,Completed,12.5
APP_004086,CUST_14859,BR003,2025-12-16 10:51:00,Investment Enquiry,Completed,26.0
APP_004087,CUST_12657,BR003,2025-12-16 10:23:00,Loan Application,Completed,34.0
APP_004088,CUST_04393,BR003,2025-12-16 11:31:00,Complaint,Completed,16.5
APP_004089,CUST_14097,BR003,2025-12-16 11:18:00,Statement Request,Completed,5.0
APP_004090,CUST_00367,BR003,2025-12-16 11:55:00,Cash Withdrawal,Completed,4.5
APP_004091,CUST_08967,BR003,2025-12-16 11:49:00,Cash Deposit,Completed,6.5
APP_004092,CUST_00620,BR003,2025-12-16 11:50:00,Cash Withdrawal,Cancelled,4.5
APP_004093,CUST_04821,BR003,2025-12-16 11:49:00,Statement Request,No-Show,5.0
APP_004094,CUST_03879,BR004,2025-12-16 10:50:00,Loan Enquiry,Completed,18.0
APP_004095,CUST_03343,BR004,2025-12-16 10:41:00,Cash Deposit,Completed,6.5
APP_004096,CUST_09581,BR004,2025-12-16 11:55:00,Investment Enquiry,Completed,26.0
APP_004097,CUST_05258,BR004,2025-12-16 11:30:00,Cheque Services,Completed,6.0
APP_004098,CUST_00121,BR004,2025-12-16 12:05:00,Credit Card Service,Completed,12.0
APP_004099,CUST_02998,BR004,2025-12-16 14:39:00,Account Opening,Cancelled,24.0
APP_004100,CUST_03961,BR005,2025-12-16 09:29:00,KYC Update,Completed,13.5
APP_004101,CUST_05059,BR005,2025-12-16 09:30:00,Cash Deposit,Completed,6.5
APP_004102,CUST_00793,BR005,2025-12-16 10:48:00,Cash Withdrawal,Cancelled,4.5
APP_004103,CUST_14132,BR005,2025-12-16 11:08:00,Cash Withdrawal,Completed,4.5
APP_004104,CUST_12417,BR005,2025-12-16 11:27:00,KYC Update,Completed,13.5
APP_004105,CUST_00934,BR006,2025-12-16 09:47:00,Credit Card Service,Cancelled,12.0
APP_004106,CUST_08150,BR006,2025-12-16 11:13:00,Investment Enquiry,Completed,26.0
APP_004107,CUST_07645,BR006,2025-12-16 12:45:00,Digital Banking Support,Completed,12.5
APP_004108,CUST_02382,BR006,2025-12-16 14:27:00,Cash Deposit,Completed,6.5
APP_004109,CUST_00921,BR006,2025-12-16 14:01:00,Loan Enquiry,Completed,18.0
APP_004110,CUST_02791,BR006,2025-12-16 14:17:00,Digital Banking Support,Completed,12.5
APP_004111,CUST_10837,BR007,2025-12-16 09:43:00,KYC Update,Completed,13.5
APP_004112,CUST_05189,BR007,2025-12-16 09:54:00,Loan Application,Completed,34.0
APP_004113,CUST_00617,BR007,2025-12-16 09:47:00,Cash Deposit,Cancelled,6.5
APP_004114,CUST_02596,BR007,2025-12-16 10:28:00,Credit Card Service,Completed,12.0
APP_004115,CUST_07435,BR007,2025-12-16 10:04:00,Cheque Services,Completed,6.0
APP_004116,CUST_08339,BR007,2025-12-16 10:46:00,KYC Update,Completed,13.5
APP_004117,CUST_06781,BR007,2025-12-16 11:21:00,Loan Enquiry,Completed,18.0
APP_004118,CUST_01365,BR007,2025-12-16 11:13:00,Cash Withdrawal,Completed,4.5
APP_004119,CUST_02120,BR008,2025-12-16 09:12:00,Cash Deposit,Completed,6.5
APP_004120,CUST_01245,BR008,2025-12-16 10:45:00,General Customer Support,Completed,10.0
APP_004121,CUST_11950,BR009,2025-12-16 09:38:00,Complaint,Completed,16.5
APP_004122,CUST_01296,BR009,2025-12-16 11:14:00,Account Opening,Completed,24.0
APP_004123,CUST_02749,BR009,2025-12-16 11:44:00,Cash Deposit,Completed,6.5
APP_004124,CUST_14114,BR009,2025-12-16 14:45:00,Account Opening,Completed,24.0
APP_004125,CUST_14270,BR010,2025-12-16 10:52:00,Loan Enquiry,Completed,18.0
APP_004126,CUST_06461,BR010,2025-12-16 15:26:00,Cheque Services,Completed,6.0
APP_004127,CUST_12958,BR001,2025-12-17 09:37:00,Complaint,Completed,16.5
APP_004128,CUST_02803,BR001,2025-12-17 09:15:00,Cash Withdrawal,Completed,4.5
APP_004129,CUST_04825,BR001,2025-12-17 09:28:00,Loan Enquiry,Completed,18.0
APP_004130,CUST_11990,BR001,2025-12-17 09:33:00,Cash Withdrawal,Completed,4.5
APP_004131,CUST_12673,BR001,2025-12-17 10:49:00,Cheque Services,Completed,6.0
APP_004132,CUST_01772,BR001,2025-12-17 11:14:00,Cheque Services,Completed,6.0
APP_004133,CUST_10567,BR001,2025-12-17 12:04:00,Cash Withdrawal,Completed,4.5
APP_004134,CUST_06926,BR001,2025-12-17 12:19:00,Cash Deposit,Completed,6.5
APP_004135,CUST_00101,BR002,2025-12-17 09:50:00,Loan Application,Completed,34.0
APP_004136,CUST_09057,BR002,2025-12-17 09:17:00,Cash Withdrawal,Completed,4.5
APP_004137,CUST_08245,BR002,2025-12-17 09:21:00,Complaint,Completed,16.5
APP_004138,CUST_10323,BR002,2025-12-17 10:34:00,Cash Withdrawal,Completed,4.5
APP_004139,CUST_05883,BR002,2025-12-17 10:01:00,Account Opening,Completed,24.0
APP_004140,CUST_13941,BR002,2025-12-17 11:23:00,Cash Deposit,Completed,6.5
APP_004141,CUST_06504,BR002,2025-12-17 11:35:00,Credit Card Service,Completed,12.0
APP_004142,CUST_09283,BR002,2025-12-17 13:20:00,Account Opening,Completed,24.0
APP_004143,CUST_04167,BR002,2025-12-17 13:55:00,Loan Enquiry,Completed,18.0
APP_004144,CUST_11925,BR003,2025-12-17 09:14:00,Cash Deposit,Completed,6.5
APP_004145,CUST_00487,BR003,2025-12-17 10:10:00,Cash Withdrawal,Completed,4.5
APP_004146,CUST_04974,BR003,2025-12-17 11:35:00,KYC Update,Completed,13.5
APP_004147,CUST_01591,BR003,2025-12-17 11:50:00,Statement Request,Completed,5.0
APP_004148,CUST_11313,BR003,2025-12-17 11:29:00,Cash Withdrawal,Completed,4.5
APP_004149,CUST_04236,BR003,2025-12-17 12:15:00,Digital Banking Support,Completed,12.5
APP_004150,CUST_07315,BR003,2025-12-17 12:42:00,Credit Card Service,Completed,12.0
APP_004151,CUST_08257,BR003,2025-12-17 12:22:00,Cash Withdrawal,Completed,4.5
APP_004152,CUST_05148,BR003,2025-12-17 12:46:00,Cheque Services,Completed,6.0
APP_004153,CUST_01275,BR004,2025-12-17 11:31:00,KYC Update,Completed,13.5
APP_004154,CUST_03276,BR004,2025-12-17 11:31:00,Loan Enquiry,Completed,18.0
APP_004155,CUST_06781,BR004,2025-12-17 11:19:00,Address Update,Completed,8.0
APP_004156,CUST_04017,BR004,2025-12-17 12:03:00,Cash Withdrawal,No-Show,4.5
APP_004157,CUST_04866,BR004,2025-12-17 13:05:00,Cash Withdrawal,Completed,4.5
APP_004158,CUST_03440,BR004,2025-12-17 15:44:00,KYC Update,Completed,13.5
APP_004159,CUST_11677,BR004,2025-12-17 15:50:00,Cash Withdrawal,Completed,4.5
APP_004160,CUST_01626,BR005,2025-12-17 10:40:00,Cash Withdrawal,Completed,4.5
APP_004161,CUST_05882,BR005,2025-12-17 11:16:00,Cash Deposit,Completed,6.5
APP_004162,CUST_07839,BR005,2025-12-17 14:38:00,Cash Withdrawal,Completed,4.5
APP_004163,CUST_02928,BR005,2025-12-17 14:33:00,Account Opening,Completed,24.0
APP_004164,CUST_04478,BR006,2025-12-17 09:35:00,Loan Enquiry,Completed,18.0
APP_004165,CUST_05691,BR006,2025-12-17 10:11:00,Cash Deposit,Completed,6.5
APP_004166,CUST_02246,BR006,2025-12-17 10:37:00,Cash Withdrawal,Completed,4.5
APP_004167,CUST_14491,BR006,2025-12-17 10:18:00,Address Update,Completed,8.0
APP_004168,CUST_05251,BR007,2025-12-17 09:13:00,Statement Request,Completed,5.0
APP_004169,CUST_00781,BR007,2025-12-17 10:44:00,Cash Withdrawal,Completed,4.5
APP_004170,CUST_02391,BR007,2025-12-17 10:04:00,Cash Deposit,No-Show,6.5
APP_004171,CUST_03287,BR007,2025-12-17 11:09:00,Loan Application,Completed,34.0
APP_004172,CUST_10528,BR008,2025-12-17 09:47:00,Address Update,Completed,8.0
APP_004173,CUST_10677,BR008,2025-12-17 10:15:00,Cheque Services,Completed,6.0
APP_004174,CUST_05892,BR008,2025-12-17 10:29:00,Cash Deposit,Completed,6.5
APP_004175,CUST_14851,BR008,2025-12-17 10:43:00,Account Opening,Completed,24.0
APP_004176,CUST_13753,BR008,2025-12-17 11:33:00,KYC Update,Completed,13.5
APP_004177,CUST_00064,BR008,2025-12-17 13:29:00,Cash Deposit,Completed,6.5
APP_004178,CUST_01762,BR009,2025-12-17 09:23:00,General Customer Support,Completed,10.0
APP_004179,CUST_14405,BR009,2025-12-17 10:27:00,Complaint,Completed,16.5
APP_004180,CUST_13441,BR009,2025-12-17 11:53:00,Digital Banking Support,Completed,12.5
APP_004181,CUST_10150,BR009,2025-12-17 12:42:00,Cheque Services,Completed,6.0
APP_004182,CUST_13158,BR009,2025-12-17 13:08:00,Loan Application,Completed,34.0
APP_004183,CUST_04609,BR009,2025-12-17 13:26:00,Investment Enquiry,Completed,26.0
APP_004184,CUST_00322,BR009,2025-12-17 13:34:00,Account Opening,Cancelled,24.0
APP_004185,CUST_13439,BR010,2025-12-17 11:40:00,KYC Update,Completed,13.5
APP_004186,CUST_00631,BR010,2025-12-17 12:30:00,Cheque Services,Completed,6.0
APP_004187,CUST_04021,BR010,2025-12-17 12:21:00,Cash Deposit,Completed,6.5
APP_004188,CUST_12292,BR010,2025-12-17 12:19:00,Complaint,Completed,16.5
APP_004189,CUST_04792,BR001,2025-12-18 10:19:00,Complaint,Completed,16.5
APP_004190,CUST_14955,BR001,2025-12-18 11:02:00,Cheque Services,Completed,6.0
APP_004191,CUST_09270,BR001,2025-12-18 12:27:00,KYC Update,Completed,13.5
APP_004192,CUST_00994,BR001,2025-12-18 12:05:00,Credit Card Service,Completed,12.0
APP_004193,CUST_14174,BR001,2025-12-18 13:50:00,Account Opening,Completed,24.0
APP_004194,CUST_08135,BR001,2025-12-18 13:10:00,Digital Banking Support,Completed,12.5
APP_004195,CUST_12610,BR001,2025-12-18 14:05:00,Cheque Services,Completed,6.0
APP_004196,CUST_11935,BR002,2025-12-18 10:03:00,Loan Enquiry,Cancelled,18.0
APP_004197,CUST_01464,BR002,2025-12-18 10:48:00,Address Update,Completed,8.0
APP_004198,CUST_12638,BR002,2025-12-18 10:30:00,Address Update,No-Show,8.0
APP_004199,CUST_12467,BR002,2025-12-18 11:24:00,Cash Withdrawal,Completed,4.5
APP_004200,CUST_03700,BR002,2025-12-18 11:52:00,Address Update,Completed,8.0
APP_004201,CUST_03747,BR002,2025-12-18 12:40:00,Investment Enquiry,Completed,26.0
APP_004202,CUST_01834,BR002,2025-12-18 12:39:00,Digital Banking Support,Completed,12.5
APP_004203,CUST_01804,BR003,2025-12-18 09:49:00,Cash Deposit,Completed,6.5
APP_004204,CUST_10977,BR003,2025-12-18 09:05:00,Cash Deposit,Completed,6.5
APP_004205,CUST_06218,BR003,2025-12-18 10:37:00,General Customer Support,Completed,10.0
APP_004206,CUST_07130,BR003,2025-12-18 11:10:00,Cash Deposit,Cancelled,6.5
APP_004207,CUST_06402,BR003,2025-12-18 11:55:00,Cash Withdrawal,Completed,4.5
APP_004208,CUST_00978,BR004,2025-12-18 09:24:00,Account Opening,Completed,24.0
APP_004209,CUST_13916,BR004,2025-12-18 10:53:00,Cash Withdrawal,Completed,4.5
APP_004210,CUST_04430,BR004,2025-12-18 11:12:00,Loan Enquiry,Completed,18.0
APP_004211,CUST_08014,BR004,2025-12-18 11:51:00,Cash Deposit,Completed,6.5
APP_004212,CUST_00915,BR004,2025-12-18 13:44:00,Cash Deposit,Completed,6.5
APP_004213,CUST_01344,BR004,2025-12-18 14:39:00,Account Opening,No-Show,24.0
APP_004214,CUST_13747,BR005,2025-12-18 10:53:00,Account Opening,Completed,24.0
APP_004215,CUST_10816,BR005,2025-12-18 10:32:00,Loan Enquiry,Completed,18.0
APP_004216,CUST_11672,BR005,2025-12-18 11:32:00,Cash Deposit,Completed,6.5
APP_004217,CUST_08019,BR005,2025-12-18 11:52:00,KYC Update,Completed,13.5
APP_004218,CUST_01275,BR006,2025-12-18 10:04:00,Cheque Services,Completed,6.0
APP_004219,CUST_04875,BR006,2025-12-18 11:48:00,General Customer Support,Completed,10.0
APP_004220,CUST_00358,BR006,2025-12-18 11:54:00,Address Update,Completed,8.0
APP_004221,CUST_05108,BR006,2025-12-18 12:26:00,Loan Enquiry,Completed,18.0
APP_004222,CUST_04356,BR006,2025-12-18 12:21:00,Cash Deposit,Completed,6.5
APP_004223,CUST_06222,BR006,2025-12-18 14:13:00,Cash Withdrawal,Completed,4.5
APP_004224,CUST_14655,BR007,2025-12-18 10:14:00,Cash Deposit,Completed,6.5
APP_004225,CUST_12435,BR007,2025-12-18 11:26:00,Loan Application,Completed,34.0
APP_004226,CUST_13224,BR007,2025-12-18 12:36:00,Cheque Services,Completed,6.0
APP_004227,CUST_06265,BR007,2025-12-18 14:29:00,Address Update,Completed,8.0
APP_004228,CUST_11128,BR007,2025-12-18 14:39:00,General Customer Support,Completed,10.0
APP_004229,CUST_09450,BR008,2025-12-18 09:15:00,Digital Banking Support,Completed,12.5
APP_004230,CUST_02782,BR008,2025-12-18 09:00:00,Investment Enquiry,Completed,26.0
APP_004231,CUST_01594,BR008,2025-12-18 12:47:00,KYC Update,Completed,13.5
APP_004232,CUST_05133,BR008,2025-12-18 13:14:00,Account Opening,Completed,24.0
APP_004233,CUST_10443,BR008,2025-12-18 14:43:00,Investment Enquiry,Completed,26.0
APP_004234,CUST_02421,BR009,2025-12-18 09:28:00,General Customer Support,Cancelled,10.0
APP_004235,CUST_11659,BR009,2025-12-18 10:21:00,KYC Update,Completed,13.5
APP_004236,CUST_08867,BR009,2025-12-18 10:00:00,Cash Withdrawal,Completed,4.5
APP_004237,CUST_03467,BR009,2025-12-18 11:12:00,Cash Withdrawal,Completed,4.5
APP_004238,CUST_04284,BR009,2025-12-18 11:43:00,Cash Deposit,Completed,6.5
APP_004239,CUST_03875,BR009,2025-12-18 11:26:00,Account Opening,Cancelled,24.0
APP_004240,CUST_06304,BR009,2025-12-18 12:55:00,KYC Update,Completed,13.5
APP_004241,CUST_09591,BR010,2025-12-18 10:14:00,Loan Enquiry,Completed,18.0
APP_004242,CUST_08516,BR010,2025-12-18 14:10:00,Cheque Services,Completed,6.0
APP_004243,CUST_06313,BR010,2025-12-18 14:09:00,Cash Deposit,Completed,6.5
APP_004244,CUST_04470,BR010,2025-12-18 15:04:00,Account Opening,Completed,24.0
APP_004245,CUST_14945,BR001,2025-12-19 09:28:00,Cheque Services,Completed,6.0
APP_004246,CUST_12005,BR001,2025-12-19 09:21:00,Cheque Services,Completed,6.0
APP_004247,CUST_01028,BR001,2025-12-19 10:17:00,Cash Withdrawal,Completed,4.5
APP_004248,CUST_04435,BR001,2025-12-19 11:26:00,Credit Card Service,Completed,12.0
APP_004249,CUST_00429,BR001,2025-12-19 11:52:00,General Customer Support,Completed,10.0
APP_004250,CUST_11252,BR001,2025-12-19 11:41:00,Cash Deposit,Completed,6.5
APP_004251,CUST_03876,BR001,2025-12-19 11:27:00,Credit Card Service,Completed,12.0
APP_004252,CUST_04342,BR001,2025-12-19 12:30:00,Loan Application,Completed,34.0
APP_004253,CUST_08503,BR001,2025-12-19 12:49:00,Complaint,Completed,16.5
APP_004254,CUST_14703,BR002,2025-12-19 10:27:00,Cash Deposit,Completed,6.5
APP_004255,CUST_13921,BR002,2025-12-19 11:21:00,Digital Banking Support,Completed,12.5
APP_004256,CUST_05502,BR002,2025-12-19 11:18:00,Cheque Services,Completed,6.0
APP_004257,CUST_03021,BR002,2025-12-19 12:55:00,KYC Update,Cancelled,13.5
APP_004258,CUST_11734,BR002,2025-12-19 12:07:00,Cash Deposit,Completed,6.5
APP_004259,CUST_02082,BR002,2025-12-19 15:34:00,General Customer Support,Completed,10.0
APP_004260,CUST_12945,BR002,2025-12-19 15:27:00,Cash Withdrawal,Cancelled,4.5
APP_004261,CUST_00766,BR002,2025-12-19 15:52:00,Cash Withdrawal,Completed,4.5
APP_004262,CUST_11372,BR002,2025-12-19 15:45:00,Cash Withdrawal,Completed,4.5
APP_004263,CUST_11576,BR002,2025-12-19 15:16:00,Cash Deposit,Completed,6.5
APP_004264,CUST_07516,BR003,2025-12-19 10:40:00,Complaint,Completed,16.5
APP_004265,CUST_04558,BR003,2025-12-19 10:06:00,Account Opening,Completed,24.0
APP_004266,CUST_14622,BR003,2025-12-19 10:45:00,Statement Request,Completed,5.0
APP_004267,CUST_08722,BR003,2025-12-19 11:03:00,Cash Withdrawal,Completed,4.5
APP_004268,CUST_08630,BR003,2025-12-19 11:14:00,KYC Update,Completed,13.5
APP_004269,CUST_02423,BR003,2025-12-19 11:53:00,KYC Update,Completed,13.5
APP_004270,CUST_11567,BR004,2025-12-19 09:48:00,Complaint,No-Show,16.5
APP_004271,CUST_07186,BR004,2025-12-19 10:33:00,Account Opening,Completed,24.0
APP_004272,CUST_07560,BR004,2025-12-19 10:14:00,Account Opening,Completed,24.0
APP_004273,CUST_06008,BR004,2025-12-19 10:24:00,Digital Banking Support,Completed,12.5
APP_004274,CUST_01747,BR004,2025-12-19 10:32:00,Cash Deposit,Completed,6.5
APP_004275,CUST_14072,BR004,2025-12-19 10:34:00,Account Opening,Completed,24.0
APP_004276,CUST_08442,BR005,2025-12-19 09:10:00,Cash Withdrawal,Completed,4.5
APP_004277,CUST_09450,BR005,2025-12-19 09:25:00,Credit Card Service,No-Show,12.0
APP_004278,CUST_01265,BR005,2025-12-19 10:54:00,Cash Withdrawal,Completed,4.5
APP_004279,CUST_09483,BR005,2025-12-19 11:35:00,KYC Update,Completed,13.5
APP_004280,CUST_03932,BR005,2025-12-19 12:20:00,Cash Withdrawal,Completed,4.5
APP_004281,CUST_09714,BR006,2025-12-19 09:42:00,Statement Request,Completed,5.0
APP_004282,CUST_02301,BR006,2025-12-19 10:47:00,KYC Update,Cancelled,13.5
APP_004283,CUST_03423,BR006,2025-12-19 10:07:00,Loan Enquiry,Completed,18.0
APP_004284,CUST_01195,BR006,2025-12-19 11:12:00,Complaint,Cancelled,16.5
APP_004285,CUST_14720,BR006,2025-12-19 12:49:00,Loan Enquiry,Completed,18.0
APP_004286,CUST_11098,BR006,2025-12-19 12:14:00,General Customer Support,Completed,10.0
APP_004287,CUST_10073,BR007,2025-12-19 09:35:00,Loan Application,Completed,34.0
APP_004288,CUST_01426,BR007,2025-12-19 10:18:00,Credit Card Service,Completed,12.0
APP_004289,CUST_09443,BR007,2025-12-19 11:09:00,Loan Application,Completed,34.0
APP_004290,CUST_13167,BR007,2025-12-19 11:00:00,Account Opening,Completed,24.0
APP_004291,CUST_11848,BR007,2025-12-19 11:45:00,Cash Withdrawal,Completed,4.5
APP_004292,CUST_10275,BR007,2025-12-19 12:38:00,Cash Withdrawal,Completed,4.5
APP_004293,CUST_08855,BR007,2025-12-19 12:44:00,Cash Withdrawal,Completed,4.5
APP_004294,CUST_08382,BR008,2025-12-19 09:55:00,Cash Withdrawal,Completed,4.5
APP_004295,CUST_10325,BR008,2025-12-19 10:17:00,KYC Update,Completed,13.5
APP_004296,CUST_07509,BR008,2025-12-19 11:15:00,Cash Withdrawal,Completed,4.5
APP_004297,CUST_12195,BR008,2025-12-19 11:39:00,Cheque Services,Completed,6.0
APP_004298,CUST_12504,BR008,2025-12-19 12:02:00,Cash Withdrawal,Completed,4.5
APP_004299,CUST_06357,BR008,2025-12-19 12:05:00,Cash Withdrawal,Completed,4.5
APP_004300,CUST_12851,BR009,2025-12-19 09:16:00,Loan Enquiry,Completed,18.0
APP_004301,CUST_09501,BR009,2025-12-19 09:21:00,General Customer Support,Completed,10.0
APP_004302,CUST_14503,BR009,2025-12-19 10:41:00,Cheque Services,Completed,6.0
APP_004303,CUST_08748,BR009,2025-12-19 10:14:00,Cash Deposit,Completed,6.5
APP_004304,CUST_12672,BR009,2025-12-19 10:02:00,KYC Update,Completed,13.5
APP_004305,CUST_04609,BR009,2025-12-19 11:48:00,Cash Deposit,Completed,6.5
APP_004306,CUST_00458,BR009,2025-12-19 11:27:00,Cheque Services,Cancelled,6.0
APP_004307,CUST_04793,BR009,2025-12-19 12:33:00,Loan Enquiry,Cancelled,18.0
APP_004308,CUST_08248,BR009,2025-12-19 13:37:00,Cheque Services,Completed,6.0
APP_004309,CUST_13030,BR010,2025-12-19 09:01:00,Statement Request,Completed,5.0
APP_004310,CUST_05002,BR010,2025-12-19 10:32:00,Loan Enquiry,Completed,18.0
APP_004311,CUST_07254,BR010,2025-12-19 10:14:00,Loan Enquiry,Completed,18.0
APP_004312,CUST_07268,BR010,2025-12-19 11:21:00,KYC Update,No-Show,13.5
APP_004313,CUST_06339,BR010,2025-12-19 11:08:00,Cash Withdrawal,Completed,4.5
APP_004314,CUST_06672,BR001,2025-12-20 10:27:00,KYC Update,Completed,13.5
APP_004315,CUST_13143,BR001,2025-12-20 10:42:00,General Customer Support,Completed,10.0
APP_004316,CUST_12522,BR001,2025-12-20 11:05:00,Account Opening,Completed,24.0
APP_004317,CUST_05669,BR001,2025-12-20 11:22:00,Cheque Services,Completed,6.0
APP_004318,CUST_13452,BR001,2025-12-20 11:33:00,KYC Update,Completed,13.5
APP_004319,CUST_09505,BR001,2025-12-20 11:13:00,Credit Card Service,Completed,12.0
APP_004320,CUST_01768,BR001,2025-12-20 11:28:00,Cash Withdrawal,Completed,4.5
APP_004321,CUST_02391,BR001,2025-12-20 11:13:00,Cash Deposit,Completed,6.5
APP_004322,CUST_02569,BR001,2025-12-20 11:32:00,Investment Enquiry,Completed,26.0
APP_004323,CUST_09160,BR002,2025-12-20 09:34:00,Investment Enquiry,Completed,26.0
APP_004324,CUST_04656,BR002,2025-12-20 09:11:00,Investment Enquiry,Completed,26.0
APP_004325,CUST_04121,BR002,2025-12-20 10:04:00,Cash Withdrawal,Completed,4.5
APP_004326,CUST_11358,BR002,2025-12-20 12:24:00,Loan Application,Completed,34.0
APP_004327,CUST_06663,BR002,2025-12-20 12:37:00,Cheque Services,Completed,6.0
APP_004328,CUST_07054,BR002,2025-12-20 13:40:00,Investment Enquiry,Completed,26.0
APP_004329,CUST_02284,BR002,2025-12-20 14:55:00,Loan Application,Completed,34.0
APP_004330,CUST_02496,BR002,2025-12-20 15:20:00,Complaint,Completed,16.5
APP_004331,CUST_13380,BR003,2025-12-20 09:35:00,Credit Card Service,Completed,12.0
APP_004332,CUST_12574,BR003,2025-12-20 09:06:00,KYC Update,Completed,13.5
APP_004333,CUST_06222,BR003,2025-12-20 09:38:00,Account Opening,Cancelled,24.0
APP_004334,CUST_02438,BR003,2025-12-20 10:17:00,Cash Deposit,Completed,6.5
APP_004335,CUST_13353,BR003,2025-12-20 10:40:00,General Customer Support,Completed,10.0
APP_004336,CUST_07132,BR003,2025-12-20 10:06:00,Cash Withdrawal,Cancelled,4.5
APP_004337,CUST_03778,BR003,2025-12-20 10:02:00,Cheque Services,Completed,6.0
APP_004338,CUST_12011,BR004,2025-12-20 10:32:00,Cash Withdrawal,Completed,4.5
APP_004339,CUST_10467,BR004,2025-12-20 10:22:00,Loan Enquiry,Completed,18.0
APP_004340,CUST_14879,BR004,2025-12-20 11:06:00,Statement Request,Completed,5.0
APP_004341,CUST_05031,BR004,2025-12-20 11:34:00,General Customer Support,Completed,10.0
APP_004342,CUST_14129,BR004,2025-12-20 12:21:00,KYC Update,Cancelled,13.5
APP_004343,CUST_04003,BR004,2025-12-20 12:11:00,Cash Withdrawal,Completed,4.5
APP_004344,CUST_12720,BR005,2025-12-20 13:00:00,Cash Withdrawal,Completed,4.5
APP_004345,CUST_08631,BR005,2025-12-20 13:19:00,Account Opening,Completed,24.0
APP_004346,CUST_13698,BR005,2025-12-20 15:11:00,Cash Withdrawal,Completed,4.5
APP_004347,CUST_08377,BR006,2025-12-20 10:11:00,Cash Withdrawal,Completed,4.5
APP_004348,CUST_09940,BR006,2025-12-20 10:19:00,Account Opening,Completed,24.0
APP_004349,CUST_14993,BR006,2025-12-20 10:16:00,Cash Deposit,Completed,6.5
APP_004350,CUST_11694,BR006,2025-12-20 11:22:00,Complaint,Cancelled,16.5
APP_004351,CUST_05393,BR006,2025-12-20 11:17:00,Loan Application,Completed,34.0
APP_004352,CUST_08418,BR006,2025-12-20 11:39:00,Address Update,Completed,8.0
APP_004353,CUST_06843,BR006,2025-12-20 11:09:00,KYC Update,Completed,13.5
APP_004354,CUST_05775,BR006,2025-12-20 12:09:00,Loan Application,Completed,34.0
APP_004355,CUST_02329,BR007,2025-12-20 09:43:00,Statement Request,No-Show,5.0
APP_004356,CUST_01668,BR007,2025-12-20 10:44:00,Cash Withdrawal,Completed,4.5
APP_004357,CUST_07951,BR007,2025-12-20 10:13:00,Cash Deposit,Completed,6.5
APP_004358,CUST_03174,BR007,2025-12-20 10:08:00,KYC Update,Cancelled,13.5
APP_004359,CUST_08693,BR007,2025-12-20 11:05:00,Cash Withdrawal,Completed,4.5
APP_004360,CUST_06993,BR007,2025-12-20 11:38:00,Cash Withdrawal,Completed,4.5
APP_004361,CUST_13294,BR007,2025-12-20 15:48:00,KYC Update,Completed,13.5
APP_004362,CUST_04202,BR008,2025-12-20 10:14:00,Account Opening,Completed,24.0
APP_004363,CUST_14535,BR008,2025-12-20 10:02:00,Loan Enquiry,Completed,18.0
APP_004364,CUST_12507,BR008,2025-12-20 10:21:00,KYC Update,Completed,13.5
APP_004365,CUST_06237,BR008,2025-12-20 10:50:00,KYC Update,Completed,13.5
APP_004366,CUST_02862,BR008,2025-12-20 10:32:00,Cash Deposit,Completed,6.5
APP_004367,CUST_08244,BR009,2025-12-20 09:50:00,Address Update,No-Show,8.0
APP_004368,CUST_12328,BR009,2025-12-20 11:35:00,Digital Banking Support,Completed,12.5
APP_004369,CUST_06361,BR009,2025-12-20 11:21:00,Complaint,No-Show,16.5
APP_004370,CUST_10365,BR009,2025-12-20 13:00:00,Cash Deposit,Completed,6.5
APP_004371,CUST_01637,BR009,2025-12-20 13:19:00,Account Opening,Completed,24.0
APP_004372,CUST_13220,BR010,2025-12-20 10:55:00,Loan Application,Completed,34.0
APP_004373,CUST_11642,BR010,2025-12-20 11:24:00,Cash Deposit,Completed,6.5
APP_004374,CUST_10386,BR010,2025-12-20 14:52:00,Cash Withdrawal,Completed,4.5
APP_004375,CUST_00343,BR001,2025-12-22 10:40:00,Cash Deposit,Completed,6.5
APP_004376,CUST_13208,BR001,2025-12-22 10:49:00,Credit Card Service,Completed,12.0
APP_004377,CUST_07612,BR001,2025-12-22 10:55:00,General Customer Support,Completed,10.0
APP_004378,CUST_06224,BR001,2025-12-22 11:16:00,Cheque Services,Completed,6.0
APP_004379,CUST_12536,BR001,2025-12-22 11:08:00,KYC Update,Completed,13.5
APP_004380,CUST_05593,BR001,2025-12-22 11:41:00,Statement Request,Completed,5.0
APP_004381,CUST_11413,BR001,2025-12-22 11:46:00,Cash Withdrawal,Completed,4.5
APP_004382,CUST_03026,BR001,2025-12-22 11:31:00,Digital Banking Support,Completed,12.5
APP_004383,CUST_00071,BR001,2025-12-22 11:49:00,Statement Request,No-Show,5.0
APP_004384,CUST_05120,BR002,2025-12-22 09:06:00,General Customer Support,Completed,10.0
APP_004385,CUST_13894,BR002,2025-12-22 09:14:00,Cash Withdrawal,Completed,4.5
APP_004386,CUST_04727,BR002,2025-12-22 09:42:00,Loan Enquiry,Completed,18.0
APP_004387,CUST_02197,BR002,2025-12-22 10:01:00,Cash Withdrawal,Cancelled,4.5
APP_004388,CUST_13991,BR002,2025-12-22 10:30:00,Cash Withdrawal,Completed,4.5
APP_004389,CUST_12973,BR002,2025-12-22 11:48:00,KYC Update,Completed,13.5
APP_004390,CUST_09743,BR002,2025-12-22 11:40:00,Account Opening,Completed,24.0
APP_004391,CUST_14191,BR003,2025-12-22 09:02:00,Complaint,Completed,16.5
APP_004392,CUST_00410,BR003,2025-12-22 11:11:00,KYC Update,Completed,13.5
APP_004393,CUST_10698,BR003,2025-12-22 11:39:00,Loan Enquiry,Completed,18.0
APP_004394,CUST_01711,BR003,2025-12-22 11:05:00,Account Opening,Completed,24.0
APP_004395,CUST_08591,BR003,2025-12-22 11:33:00,Cheque Services,Completed,6.0
APP_004396,CUST_05643,BR003,2025-12-22 13:52:00,Cash Deposit,Cancelled,6.5
APP_004397,CUST_08360,BR003,2025-12-22 13:13:00,Cash Deposit,Completed,6.5
APP_004398,CUST_01877,BR003,2025-12-22 14:17:00,Cash Deposit,Completed,6.5
APP_004399,CUST_14253,BR003,2025-12-22 15:27:00,KYC Update,Completed,13.5
APP_004400,CUST_07846,BR003,2025-12-22 15:54:00,Credit Card Service,Completed,12.0
APP_004401,CUST_01788,BR004,2025-12-22 09:43:00,KYC Update,Completed,13.5
APP_004402,CUST_14484,BR004,2025-12-22 10:04:00,Cash Deposit,Completed,6.5
APP_004403,CUST_07301,BR004,2025-12-22 11:00:00,Investment Enquiry,Completed,26.0
APP_004404,CUST_11581,BR004,2025-12-22 11:26:00,General Customer Support,Completed,10.0
APP_004405,CUST_00034,BR004,2025-12-22 12:48:00,Investment Enquiry,Cancelled,26.0
APP_004406,CUST_09897,BR004,2025-12-22 12:21:00,Address Update,Completed,8.0
APP_004407,CUST_12752,BR004,2025-12-22 12:38:00,Cash Withdrawal,Completed,4.5
APP_004408,CUST_12110,BR004,2025-12-22 13:48:00,Credit Card Service,Completed,12.0
APP_004409,CUST_09327,BR005,2025-12-22 09:45:00,Cash Withdrawal,Completed,4.5
APP_004410,CUST_11141,BR005,2025-12-22 10:54:00,Credit Card Service,Completed,12.0
APP_004411,CUST_13699,BR005,2025-12-22 10:02:00,Credit Card Service,Completed,12.0
APP_004412,CUST_06529,BR005,2025-12-22 10:53:00,Credit Card Service,No-Show,12.0
APP_004413,CUST_09298,BR005,2025-12-22 11:50:00,General Customer Support,Completed,10.0
APP_004414,CUST_13553,BR005,2025-12-22 11:27:00,Cheque Services,Completed,6.0
APP_004415,CUST_02843,BR005,2025-12-22 12:51:00,KYC Update,Completed,13.5
APP_004416,CUST_05769,BR006,2025-12-22 09:54:00,Digital Banking Support,Completed,12.5
APP_004417,CUST_05682,BR006,2025-12-22 11:06:00,Cash Withdrawal,Completed,4.5
APP_004418,CUST_03390,BR006,2025-12-22 12:44:00,Investment Enquiry,Completed,26.0
APP_004419,CUST_05058,BR006,2025-12-22 13:36:00,Credit Card Service,Completed,12.0
APP_004420,CUST_07601,BR006,2025-12-22 13:42:00,Complaint,Completed,16.5
APP_004421,CUST_14461,BR006,2025-12-22 13:48:00,Loan Application,Completed,34.0
APP_004422,CUST_11579,BR006,2025-12-22 15:53:00,Statement Request,Completed,5.0
APP_004423,CUST_00408,BR007,2025-12-22 10:34:00,Cash Deposit,Completed,6.5
APP_004424,CUST_14406,BR007,2025-12-22 11:37:00,Account Opening,Completed,24.0
APP_004425,CUST_13298,BR007,2025-12-22 11:32:00,Loan Application,Cancelled,34.0
APP_004426,CUST_11759,BR007,2025-12-22 11:18:00,Cash Withdrawal,Completed,4.5
APP_004427,CUST_12165,BR007,2025-12-22 12:44:00,Complaint,Completed,16.5
APP_004428,CUST_06080,BR007,2025-12-22 13:16:00,Loan Application,Completed,34.0
APP_004429,CUST_04172,BR007,2025-12-22 15:01:00,Cheque Services,Completed,6.0
APP_004430,CUST_06653,BR008,2025-12-22 09:13:00,Loan Application,Completed,34.0
APP_004431,CUST_13115,BR008,2025-12-22 10:43:00,Cash Deposit,Completed,6.5
APP_004432,CUST_01276,BR008,2025-12-22 11:41:00,Investment Enquiry,Completed,26.0
APP_004433,CUST_11937,BR008,2025-12-22 11:05:00,Digital Banking Support,Completed,12.5
APP_004434,CUST_03075,BR008,2025-12-22 12:42:00,General Customer Support,Completed,10.0
APP_004435,CUST_01855,BR009,2025-12-22 10:09:00,Credit Card Service,Completed,12.0
APP_004436,CUST_06986,BR009,2025-12-22 10:03:00,General Customer Support,Cancelled,10.0
APP_004437,CUST_06595,BR009,2025-12-22 10:00:00,Cash Withdrawal,Completed,4.5
APP_004438,CUST_09626,BR009,2025-12-22 11:41:00,Loan Application,Completed,34.0
APP_004439,CUST_06217,BR009,2025-12-22 11:15:00,Address Update,Completed,8.0
APP_004440,CUST_09517,BR009,2025-12-22 12:51:00,Digital Banking Support,Completed,12.5
APP_004441,CUST_01831,BR009,2025-12-22 13:21:00,Credit Card Service,Completed,12.0
APP_004442,CUST_05380,BR009,2025-12-22 13:02:00,Cheque Services,Completed,6.0
APP_004443,CUST_14339,BR009,2025-12-22 14:05:00,Loan Enquiry,Completed,18.0
APP_004444,CUST_10699,BR009,2025-12-22 14:28:00,Loan Enquiry,Completed,18.0
APP_004445,CUST_11722,BR009,2025-12-22 14:27:00,Credit Card Service,Completed,12.0
APP_004446,CUST_01933,BR010,2025-12-22 10:04:00,Investment Enquiry,Completed,26.0
APP_004447,CUST_07998,BR010,2025-12-22 10:09:00,KYC Update,Completed,13.5
APP_004448,CUST_12587,BR010,2025-12-22 12:10:00,Cash Deposit,Completed,6.5
APP_004449,CUST_02391,BR010,2025-12-22 13:32:00,Cheque Services,Completed,6.0
APP_004450,CUST_01434,BR001,2025-12-23 09:29:00,Address Update,Completed,8.0
APP_004451,CUST_10767,BR001,2025-12-23 09:45:00,Cash Deposit,Completed,6.5
APP_004452,CUST_05646,BR001,2025-12-23 09:19:00,KYC Update,Completed,13.5
APP_004453,CUST_06772,BR001,2025-12-23 10:35:00,Address Update,Completed,8.0
APP_004454,CUST_11384,BR001,2025-12-23 11:25:00,Credit Card Service,No-Show,12.0
APP_004455,CUST_01007,BR001,2025-12-23 12:42:00,Cash Withdrawal,Completed,4.5
APP_004456,CUST_04854,BR001,2025-12-23 12:30:00,Loan Enquiry,Completed,18.0
APP_004457,CUST_03021,BR002,2025-12-23 09:53:00,General Customer Support,Completed,10.0
APP_004458,CUST_11449,BR002,2025-12-23 09:31:00,Loan Enquiry,Cancelled,18.0
APP_004459,CUST_12125,BR002,2025-12-23 09:43:00,Cash Withdrawal,Completed,4.5
APP_004460,CUST_13960,BR002,2025-12-23 09:38:00,Loan Application,Completed,34.0
APP_004461,CUST_10165,BR002,2025-12-23 10:09:00,Complaint,Completed,16.5
APP_004462,CUST_10788,BR002,2025-12-23 11:25:00,Account Opening,Completed,24.0
APP_004463,CUST_00013,BR002,2025-12-23 12:18:00,KYC Update,Cancelled,13.5
APP_004464,CUST_01200,BR002,2025-12-23 12:43:00,Cash Deposit,Completed,6.5
APP_004465,CUST_11966,BR002,2025-12-23 12:42:00,Cash Withdrawal,No-Show,4.5
APP_004466,CUST_09219,BR002,2025-12-23 12:35:00,KYC Update,Completed,13.5
APP_004467,CUST_10798,BR003,2025-12-23 09:41:00,Cash Withdrawal,Completed,4.5
APP_004468,CUST_11302,BR003,2025-12-23 09:29:00,General Customer Support,Completed,10.0
APP_004469,CUST_06273,BR003,2025-12-23 09:25:00,Cash Withdrawal,Cancelled,4.5
APP_004470,CUST_06977,BR003,2025-12-23 10:32:00,Cheque Services,Completed,6.0
APP_004471,CUST_05864,BR003,2025-12-23 10:39:00,Credit Card Service,Cancelled,12.0
APP_004472,CUST_10712,BR003,2025-12-23 11:31:00,Cash Deposit,Completed,6.5
APP_004473,CUST_01067,BR003,2025-12-23 11:36:00,KYC Update,Completed,13.5
APP_004474,CUST_02084,BR003,2025-12-23 11:16:00,Digital Banking Support,Cancelled,12.5
APP_004475,CUST_13008,BR003,2025-12-23 12:55:00,Digital Banking Support,Completed,12.5
APP_004476,CUST_02544,BR003,2025-12-23 12:30:00,Cash Withdrawal,Completed,4.5
APP_004477,CUST_07840,BR004,2025-12-23 09:15:00,Credit Card Service,Completed,12.0
APP_004478,CUST_13644,BR004,2025-12-23 10:37:00,KYC Update,Completed,13.5
APP_004479,CUST_07461,BR004,2025-12-23 10:05:00,Cash Deposit,Completed,6.5
APP_004480,CUST_02768,BR004,2025-12-23 10:33:00,Loan Enquiry,Completed,18.0
APP_004481,CUST_01982,BR004,2025-12-23 13:12:00,KYC Update,Completed,13.5
APP_004482,CUST_14435,BR005,2025-12-23 09:01:00,Statement Request,Completed,5.0
APP_004483,CUST_13955,BR005,2025-12-23 10:03:00,KYC Update,Completed,13.5
APP_004484,CUST_04666,BR005,2025-12-23 10:38:00,Credit Card Service,Completed,12.0
APP_004485,CUST_03735,BR005,2025-12-23 10:28:00,KYC Update,Completed,13.5
APP_004486,CUST_10107,BR006,2025-12-23 10:47:00,General Customer Support,Completed,10.0
APP_004487,CUST_12753,BR006,2025-12-23 10:33:00,Statement Request,Completed,5.0
APP_004488,CUST_12922,BR006,2025-12-23 11:51:00,Loan Enquiry,Completed,18.0
APP_004489,CUST_07625,BR006,2025-12-23 11:39:00,Loan Application,Completed,34.0
APP_004490,CUST_13052,BR006,2025-12-23 11:18:00,Cash Deposit,Completed,6.5
APP_004491,CUST_06313,BR006,2025-12-23 11:32:00,Loan Enquiry,Completed,18.0
APP_004492,CUST_07334,BR006,2025-12-23 12:11:00,Cash Deposit,Cancelled,6.5
APP_004493,CUST_14425,BR007,2025-12-23 10:29:00,Digital Banking Support,Completed,12.5
APP_004494,CUST_05824,BR007,2025-12-23 10:26:00,Digital Banking Support,Completed,12.5
APP_004495,CUST_13728,BR007,2025-12-23 10:53:00,Credit Card Service,Completed,12.0
APP_004496,CUST_08284,BR007,2025-12-23 11:41:00,Cash Withdrawal,Completed,4.5
APP_004497,CUST_04692,BR007,2025-12-23 12:08:00,KYC Update,Completed,13.5
APP_004498,CUST_12373,BR007,2025-12-23 12:46:00,Cash Withdrawal,Cancelled,4.5
APP_004499,CUST_14164,BR008,2025-12-23 10:45:00,Credit Card Service,Completed,12.0
APP_004500,CUST_08858,BR008,2025-12-23 10:04:00,Address Update,Completed,8.0
APP_004501,CUST_10768,BR008,2025-12-23 12:53:00,Cash Deposit,Completed,6.5
APP_004502,CUST_03547,BR008,2025-12-23 12:18:00,KYC Update,Completed,13.5
APP_004503,CUST_07542,BR009,2025-12-23 09:06:00,Cash Deposit,Completed,6.5
APP_004504,CUST_14187,BR009,2025-12-23 10:44:00,Account Opening,Cancelled,24.0
APP_004505,CUST_05496,BR009,2025-12-23 11:19:00,General Customer Support,Completed,10.0
APP_004506,CUST_07862,BR009,2025-12-23 12:02:00,Cash Withdrawal,Completed,4.5
APP_004507,CUST_07560,BR009,2025-12-23 13:41:00,Loan Application,Completed,34.0
APP_004508,CUST_14135,BR009,2025-12-23 13:38:00,Statement Request,Completed,5.0
APP_004509,CUST_14483,BR010,2025-12-23 09:05:00,Cash Withdrawal,Cancelled,4.5
APP_004510,CUST_14157,BR010,2025-12-23 10:55:00,Cash Deposit,Completed,6.5
APP_004511,CUST_14752,BR010,2025-12-23 10:46:00,Cash Deposit,No-Show,6.5
APP_004512,CUST_05152,BR010,2025-12-23 10:22:00,Account Opening,Completed,24.0
APP_004513,CUST_00776,BR001,2025-12-24 09:53:00,Cash Withdrawal,No-Show,4.5
APP_004514,CUST_11695,BR001,2025-12-24 09:31:00,Loan Enquiry,Cancelled,18.0
APP_004515,CUST_13051,BR001,2025-12-24 10:08:00,Cash Withdrawal,No-Show,4.5
APP_004516,CUST_06085,BR001,2025-12-24 10:48:00,General Customer Support,Completed,10.0
APP_004517,CUST_02953,BR001,2025-12-24 11:12:00,Cash Withdrawal,No-Show,4.5
APP_004518,CUST_13178,BR001,2025-12-24 11:31:00,Statement Request,Completed,5.0
APP_004519,CUST_10606,BR001,2025-12-24 11:22:00,Cheque Services,No-Show,6.0
APP_004520,CUST_08025,BR001,2025-12-24 11:41:00,Account Opening,Completed,24.0
APP_004521,CUST_01957,BR001,2025-12-24 12:44:00,Cheque Services,Cancelled,6.0
APP_004522,CUST_07067,BR001,2025-12-24 12:47:00,Digital Banking Support,Completed,12.5
APP_004523,CUST_12824,BR002,2025-12-24 09:42:00,Cash Deposit,Completed,6.5
APP_004524,CUST_14894,BR002,2025-12-24 10:26:00,Cash Deposit,Completed,6.5
APP_004525,CUST_12437,BR002,2025-12-24 10:22:00,Address Update,Completed,8.0
APP_004526,CUST_09083,BR002,2025-12-24 10:34:00,Credit Card Service,Completed,12.0
APP_004527,CUST_14142,BR002,2025-12-24 10:33:00,Cash Deposit,Completed,6.5
APP_004528,CUST_03865,BR002,2025-12-24 11:38:00,Cheque Services,Completed,6.0
APP_004529,CUST_13446,BR002,2025-12-24 12:42:00,Loan Application,Completed,34.0
APP_004530,CUST_08668,BR002,2025-12-24 12:39:00,Credit Card Service,Completed,12.0
APP_004531,CUST_07926,BR002,2025-12-24 12:27:00,Cash Deposit,Completed,6.5
APP_004532,CUST_10594,BR003,2025-12-24 09:19:00,Cash Deposit,No-Show,6.5
APP_004533,CUST_05989,BR003,2025-12-24 10:04:00,Cash Withdrawal,Cancelled,4.5
APP_004534,CUST_04843,BR003,2025-12-24 10:39:00,Account Opening,Completed,24.0
APP_004535,CUST_11281,BR003,2025-12-24 10:10:00,Digital Banking Support,Completed,12.5
APP_004536,CUST_09970,BR003,2025-12-24 10:03:00,Account Opening,Completed,24.0
APP_004537,CUST_14855,BR003,2025-12-24 10:23:00,KYC Update,Completed,13.5
APP_004538,CUST_14860,BR003,2025-12-24 11:32:00,KYC Update,Completed,13.5
APP_004539,CUST_14951,BR003,2025-12-24 11:49:00,Cash Deposit,Completed,6.5
APP_004540,CUST_11960,BR003,2025-12-24 12:22:00,Cash Withdrawal,Completed,4.5
APP_004541,CUST_12773,BR003,2025-12-24 12:55:00,KYC Update,Cancelled,13.5
APP_004542,CUST_01360,BR004,2025-12-24 10:02:00,Cash Withdrawal,Completed,4.5
APP_004543,CUST_03589,BR004,2025-12-24 10:10:00,Credit Card Service,Completed,12.0
APP_004544,CUST_06301,BR004,2025-12-24 13:18:00,Credit Card Service,No-Show,12.0
APP_004545,CUST_00199,BR004,2025-12-24 13:04:00,Loan Enquiry,Completed,18.0
APP_004546,CUST_05577,BR004,2025-12-24 13:10:00,Complaint,Completed,16.5
APP_004547,CUST_09726,BR005,2025-12-24 10:21:00,Digital Banking Support,Completed,12.5
APP_004548,CUST_08454,BR005,2025-12-24 11:52:00,Statement Request,Completed,5.0
APP_004549,CUST_00916,BR005,2025-12-24 11:40:00,Statement Request,Completed,5.0
APP_004550,CUST_00728,BR005,2025-12-24 11:13:00,KYC Update,Cancelled,13.5
APP_004551,CUST_02737,BR005,2025-12-24 11:18:00,Loan Enquiry,Completed,18.0
APP_004552,CUST_08630,BR006,2025-12-24 09:13:00,Cash Withdrawal,Completed,4.5
APP_004553,CUST_09399,BR006,2025-12-24 10:02:00,KYC Update,Completed,13.5
APP_004554,CUST_03562,BR006,2025-12-24 10:54:00,Loan Enquiry,Completed,18.0
APP_004555,CUST_02457,BR006,2025-12-24 10:43:00,Cash Deposit,Completed,6.5
APP_004556,CUST_00355,BR006,2025-12-24 10:49:00,Cash Withdrawal,Completed,4.5
APP_004557,CUST_01103,BR006,2025-12-24 10:27:00,Cash Deposit,Completed,6.5
APP_004558,CUST_04020,BR007,2025-12-24 09:32:00,Statement Request,Completed,5.0
APP_004559,CUST_06852,BR007,2025-12-24 10:07:00,Credit Card Service,Completed,12.0
APP_004560,CUST_00550,BR007,2025-12-24 11:25:00,Investment Enquiry,Completed,26.0
APP_004561,CUST_05881,BR007,2025-12-24 11:13:00,Statement Request,No-Show,5.0
APP_004562,CUST_13760,BR007,2025-12-24 11:45:00,Cash Deposit,Completed,6.5
APP_004563,CUST_06295,BR007,2025-12-24 11:29:00,Cheque Services,Completed,6.0
APP_004564,CUST_13595,BR007,2025-12-24 11:38:00,General Customer Support,Completed,10.0
APP_004565,CUST_11204,BR008,2025-12-24 11:29:00,Cash Withdrawal,Completed,4.5
APP_004566,CUST_08544,BR008,2025-12-24 12:16:00,KYC Update,Completed,13.5
APP_004567,CUST_05347,BR008,2025-12-24 12:52:00,Complaint,Completed,16.5
APP_004568,CUST_07835,BR008,2025-12-24 13:18:00,Cash Withdrawal,Completed,4.5
APP_004569,CUST_12248,BR009,2025-12-24 09:17:00,Cash Deposit,Completed,6.5
APP_004570,CUST_06068,BR009,2025-12-24 10:04:00,Address Update,Completed,8.0
APP_004571,CUST_04384,BR009,2025-12-24 11:12:00,Cash Deposit,Completed,6.5
APP_004572,CUST_13794,BR009,2025-12-24 11:52:00,Cash Withdrawal,Completed,4.5
APP_004573,CUST_00313,BR009,2025-12-24 11:14:00,Loan Enquiry,Completed,18.0
APP_004574,CUST_00630,BR010,2025-12-24 10:42:00,Cash Deposit,Completed,6.5
APP_004575,CUST_03627,BR010,2025-12-24 10:55:00,Cash Withdrawal,Completed,4.5
APP_004576,CUST_02916,BR010,2025-12-24 14:29:00,Statement Request,Cancelled,5.0
APP_004577,CUST_10441,BR001,2025-12-26 10:49:00,Cash Deposit,Completed,6.5
APP_004578,CUST_05695,BR001,2025-12-26 10:24:00,Cash Deposit,Completed,6.5
APP_004579,CUST_05336,BR001,2025-12-26 10:31:00,Credit Card Service,Completed,12.0
APP_004580,CUST_10411,BR001,2025-12-26 10:53:00,Cash Deposit,Completed,6.5
APP_004581,CUST_07807,BR001,2025-12-26 10:02:00,Cash Withdrawal,Completed,4.5
APP_004582,CUST_09449,BR001,2025-12-26 10:29:00,Cash Deposit,Completed,6.5
APP_004583,CUST_03149,BR001,2025-12-26 10:53:00,Credit Card Service,Completed,12.0
APP_004584,CUST_05838,BR001,2025-12-26 10:34:00,Account Opening,Completed,24.0
APP_004585,CUST_12776,BR001,2025-12-26 11:04:00,Address Update,Completed,8.0
APP_004586,CUST_07829,BR001,2025-12-26 11:43:00,Cash Deposit,Completed,6.5
APP_004587,CUST_10768,BR001,2025-12-26 11:20:00,Cash Deposit,Completed,6.5
APP_004588,CUST_11541,BR001,2025-12-26 11:01:00,Cash Deposit,Completed,6.5
APP_004589,CUST_01173,BR001,2025-12-26 11:14:00,Address Update,Completed,8.0
APP_004590,CUST_04239,BR001,2025-12-26 11:35:00,KYC Update,Completed,13.5
APP_004591,CUST_06428,BR002,2025-12-26 09:41:00,Loan Enquiry,Cancelled,18.0
APP_004592,CUST_13259,BR002,2025-12-26 11:01:00,General Customer Support,Cancelled,10.0
APP_004593,CUST_06239,BR002,2025-12-26 11:32:00,Cash Withdrawal,Completed,4.5
APP_004594,CUST_01717,BR002,2025-12-26 11:28:00,Credit Card Service,Completed,12.0
APP_004595,CUST_14713,BR002,2025-12-26 12:29:00,Cheque Services,No-Show,6.0
APP_004596,CUST_01860,BR002,2025-12-26 12:40:00,Loan Application,Completed,34.0
APP_004597,CUST_06775,BR002,2025-12-26 12:08:00,Loan Enquiry,Completed,18.0
APP_004598,CUST_08183,BR002,2025-12-26 13:09:00,Cash Withdrawal,Completed,4.5
APP_004599,CUST_10958,BR003,2025-12-26 09:31:00,Loan Application,Completed,34.0
APP_004600,CUST_03176,BR003,2025-12-26 10:35:00,Cash Withdrawal,Completed,4.5
APP_004601,CUST_10619,BR003,2025-12-26 10:00:00,Cash Deposit,Completed,6.5
APP_004602,CUST_02827,BR003,2025-12-26 10:02:00,KYC Update,Cancelled,13.5
APP_004603,CUST_14838,BR003,2025-12-26 10:03:00,Address Update,Cancelled,8.0
APP_004604,CUST_03326,BR003,2025-12-26 11:26:00,Cash Deposit,Completed,6.5
APP_004605,CUST_09121,BR003,2025-12-26 11:49:00,Cash Deposit,Completed,6.5
APP_004606,CUST_07859,BR003,2025-12-26 11:11:00,Cash Withdrawal,Completed,4.5
APP_004607,CUST_02906,BR003,2025-12-26 12:44:00,Cash Deposit,Completed,6.5
APP_004608,CUST_14453,BR003,2025-12-26 13:29:00,KYC Update,Completed,13.5
APP_004609,CUST_13780,BR003,2025-12-26 13:16:00,Cash Deposit,Completed,6.5
APP_004610,CUST_10679,BR003,2025-12-26 14:11:00,Cash Deposit,Completed,6.5
APP_004611,CUST_04372,BR003,2025-12-26 15:53:00,Cheque Services,Completed,6.0
APP_004612,CUST_03026,BR003,2025-12-26 15:47:00,Account Opening,Completed,24.0
APP_004613,CUST_03869,BR004,2025-12-26 09:51:00,Account Opening,Completed,24.0
APP_004614,CUST_13273,BR004,2025-12-26 09:01:00,Loan Application,Completed,34.0
APP_004615,CUST_09406,BR004,2025-12-26 10:47:00,Address Update,Completed,8.0
APP_004616,CUST_09689,BR004,2025-12-26 11:55:00,KYC Update,Completed,13.5
APP_004617,CUST_10864,BR004,2025-12-26 11:21:00,Credit Card Service,Completed,12.0
APP_004618,CUST_09731,BR004,2025-12-26 12:02:00,Cash Deposit,No-Show,6.5
APP_004619,CUST_03407,BR004,2025-12-26 12:35:00,Address Update,Completed,8.0
APP_004620,CUST_05030,BR004,2025-12-26 12:03:00,Cash Withdrawal,Completed,4.5
APP_004621,CUST_13654,BR004,2025-12-26 12:21:00,Cash Deposit,Completed,6.5
APP_004622,CUST_02945,BR004,2025-12-26 12:23:00,Statement Request,Completed,5.0
APP_004623,CUST_08297,BR005,2025-12-26 10:23:00,Cash Deposit,Cancelled,6.5
APP_004624,CUST_11098,BR005,2025-12-26 10:14:00,Loan Enquiry,Completed,18.0
APP_004625,CUST_07726,BR005,2025-12-26 10:07:00,KYC Update,Completed,13.5
APP_004626,CUST_09652,BR005,2025-12-26 11:42:00,Account Opening,Completed,24.0
APP_004627,CUST_10601,BR005,2025-12-26 11:30:00,Cash Withdrawal,Completed,4.5
APP_004628,CUST_11363,BR005,2025-12-26 11:25:00,General Customer Support,Completed,10.0
APP_004629,CUST_02964,BR005,2025-12-26 11:28:00,Account Opening,Completed,24.0
APP_004630,CUST_04234,BR006,2025-12-26 09:01:00,Account Opening,Completed,24.0
APP_004631,CUST_01306,BR006,2025-12-26 09:16:00,Loan Enquiry,Completed,18.0
APP_004632,CUST_11972,BR006,2025-12-26 10:19:00,Cash Withdrawal,Completed,4.5
APP_004633,CUST_01354,BR006,2025-12-26 10:55:00,Account Opening,Completed,24.0
APP_004634,CUST_01567,BR006,2025-12-26 11:16:00,General Customer Support,Completed,10.0
APP_004635,CUST_06545,BR006,2025-12-26 11:10:00,KYC Update,Completed,13.5
APP_004636,CUST_11554,BR006,2025-12-26 12:32:00,KYC Update,Completed,13.5
APP_004637,CUST_03822,BR006,2025-12-26 13:21:00,Cash Withdrawal,Completed,4.5
APP_004638,CUST_06598,BR006,2025-12-26 15:16:00,Cash Deposit,Completed,6.5
APP_004639,CUST_09835,BR007,2025-12-26 10:45:00,Cash Withdrawal,Completed,4.5
APP_004640,CUST_10928,BR007,2025-12-26 11:09:00,Statement Request,Completed,5.0
APP_004641,CUST_00834,BR007,2025-12-26 12:50:00,Cash Deposit,Completed,6.5
APP_004642,CUST_13542,BR007,2025-12-26 13:07:00,Cheque Services,Completed,6.0
APP_004643,CUST_13350,BR007,2025-12-26 13:12:00,Cash Withdrawal,Completed,4.5
APP_004644,CUST_05700,BR007,2025-12-26 14:03:00,Cash Deposit,Completed,6.5
APP_004645,CUST_13316,BR007,2025-12-26 15:19:00,Cash Withdrawal,Completed,4.5
APP_004646,CUST_04713,BR008,2025-12-26 09:22:00,Cash Withdrawal,Completed,4.5
APP_004647,CUST_02254,BR008,2025-12-26 10:52:00,Cheque Services,Completed,6.0
APP_004648,CUST_01963,BR008,2025-12-26 10:55:00,Account Opening,Completed,24.0
APP_004649,CUST_01125,BR008,2025-12-26 10:05:00,KYC Update,Cancelled,13.5
APP_004650,CUST_01263,BR008,2025-12-26 11:34:00,Cash Deposit,Completed,6.5
APP_004651,CUST_02020,BR008,2025-12-26 12:17:00,Cash Withdrawal,Completed,4.5
APP_004652,CUST_03948,BR008,2025-12-26 13:11:00,Loan Enquiry,Completed,18.0
APP_004653,CUST_00593,BR009,2025-12-26 09:06:00,Complaint,Completed,16.5
APP_004654,CUST_11361,BR009,2025-12-26 10:14:00,Cash Withdrawal,Completed,4.5
APP_004655,CUST_07346,BR009,2025-12-26 10:29:00,Cash Withdrawal,Completed,4.5
APP_004656,CUST_10551,BR009,2025-12-26 10:37:00,Credit Card Service,Completed,12.0
APP_004657,CUST_04872,BR009,2025-12-26 11:27:00,Cash Deposit,Completed,6.5
APP_004658,CUST_02511,BR009,2025-12-26 11:05:00,Statement Request,Completed,5.0
APP_004659,CUST_08503,BR009,2025-12-26 11:07:00,KYC Update,Completed,13.5
APP_004660,CUST_05736,BR009,2025-12-26 11:15:00,Cash Deposit,Completed,6.5
APP_004661,CUST_13690,BR009,2025-12-26 11:10:00,KYC Update,Completed,13.5
APP_004662,CUST_06118,BR010,2025-12-26 09:46:00,Credit Card Service,Completed,12.0
APP_004663,CUST_13356,BR010,2025-12-26 10:31:00,General Customer Support,Completed,10.0
APP_004664,CUST_10983,BR010,2025-12-26 10:02:00,Credit Card Service,Completed,12.0
APP_004665,CUST_00917,BR010,2025-12-26 11:44:00,General Customer Support,Completed,10.0
APP_004666,CUST_13708,BR010,2025-12-26 11:12:00,Cash Withdrawal,Completed,4.5
APP_004667,CUST_04247,BR010,2025-12-26 12:25:00,Investment Enquiry,Completed,26.0
APP_004668,CUST_14985,BR010,2025-12-26 13:04:00,Address Update,No-Show,8.0
APP_004669,CUST_03642,BR010,2025-12-26 14:25:00,General Customer Support,Completed,10.0
APP_004670,CUST_01955,BR001,2025-12-29 09:40:00,Address Update,Completed,8.0
APP_004671,CUST_04275,BR001,2025-12-29 09:41:00,Cash Deposit,Completed,6.5
APP_004672,CUST_13866,BR001,2025-12-29 09:47:00,Credit Card Service,Completed,12.0
APP_004673,CUST_13481,BR001,2025-12-29 10:01:00,Loan Enquiry,Completed,18.0
APP_004674,CUST_14173,BR001,2025-12-29 10:43:00,Complaint,Completed,16.5
APP_004675,CUST_05771,BR001,2025-12-29 10:03:00,Address Update,Completed,8.0
APP_004676,CUST_10607,BR001,2025-12-29 10:25:00,KYC Update,Completed,13.5
APP_004677,CUST_02754,BR001,2025-12-29 10:27:00,General Customer Support,No-Show,10.0
APP_004678,CUST_14088,BR001,2025-12-29 11:33:00,Account Opening,Completed,24.0
APP_004679,CUST_00187,BR001,2025-12-29 11:01:00,Address Update,Completed,8.0
APP_004680,CUST_10246,BR001,2025-12-29 11:04:00,Statement Request,Completed,5.0
APP_004681,CUST_07615,BR002,2025-12-29 09:14:00,Cash Withdrawal,Completed,4.5
APP_004682,CUST_04297,BR002,2025-12-29 09:01:00,Account Opening,Completed,24.0
APP_004683,CUST_08331,BR002,2025-12-29 09:18:00,Cash Deposit,Completed,6.5
APP_004684,CUST_08508,BR002,2025-12-29 10:25:00,Cheque Services,Completed,6.0
APP_004685,CUST_00409,BR002,2025-12-29 10:27:00,Cash Deposit,Completed,6.5
APP_004686,CUST_09936,BR002,2025-12-29 10:42:00,Cash Deposit,Completed,6.5
APP_004687,CUST_08412,BR002,2025-12-29 11:39:00,KYC Update,Completed,13.5
APP_004688,CUST_04859,BR002,2025-12-29 11:39:00,KYC Update,Completed,13.5
APP_004689,CUST_09480,BR002,2025-12-29 11:15:00,Cash Withdrawal,Completed,4.5
APP_004690,CUST_13607,BR002,2025-12-29 11:48:00,Credit Card Service,Completed,12.0
APP_004691,CUST_04259,BR002,2025-12-29 11:38:00,Account Opening,Completed,24.0
APP_004692,CUST_08588,BR002,2025-12-29 12:20:00,Loan Application,Completed,34.0
APP_004693,CUST_07507,BR002,2025-12-29 12:16:00,General Customer Support,Completed,10.0
APP_004694,CUST_03036,BR003,2025-12-29 09:53:00,Account Opening,Cancelled,24.0
APP_004695,CUST_09482,BR003,2025-12-29 09:16:00,Statement Request,Completed,5.0
APP_004696,CUST_05211,BR003,2025-12-29 10:41:00,Account Opening,Completed,24.0
APP_004697,CUST_03344,BR003,2025-12-29 10:05:00,Loan Enquiry,Cancelled,18.0
APP_004698,CUST_00834,BR003,2025-12-29 10:06:00,KYC Update,Completed,13.5
APP_004699,CUST_09667,BR003,2025-12-29 10:15:00,Cheque Services,Completed,6.0
APP_004700,CUST_04960,BR003,2025-12-29 11:14:00,Cash Withdrawal,Completed,4.5
APP_004701,CUST_00684,BR003,2025-12-29 11:32:00,Cash Deposit,Cancelled,6.5
APP_004702,CUST_05656,BR003,2025-12-29 11:45:00,Loan Application,Completed,34.0
APP_004703,CUST_01995,BR003,2025-12-29 11:08:00,Loan Enquiry,Completed,18.0
APP_004704,CUST_02481,BR003,2025-12-29 13:30:00,Digital Banking Support,Completed,12.5
APP_004705,CUST_04895,BR003,2025-12-29 13:05:00,Cash Deposit,Completed,6.5
APP_004706,CUST_06440,BR003,2025-12-29 13:11:00,Account Opening,Completed,24.0
APP_004707,CUST_04298,BR003,2025-12-29 13:09:00,Cash Deposit,Cancelled,6.5
APP_004708,CUST_11696,BR003,2025-12-29 14:32:00,Cheque Services,Completed,6.0
APP_004709,CUST_11172,BR003,2025-12-29 14:19:00,KYC Update,Completed,13.5
APP_004710,CUST_09230,BR003,2025-12-29 15:39:00,Cash Deposit,Completed,6.5
APP_004711,CUST_02162,BR004,2025-12-29 09:08:00,KYC Update,Completed,13.5
APP_004712,CUST_11357,BR004,2025-12-29 09:53:00,Address Update,Completed,8.0
APP_004713,CUST_08002,BR004,2025-12-29 10:42:00,Cash Deposit,Completed,6.5
APP_004714,CUST_14185,BR004,2025-12-29 10:49:00,Cash Withdrawal,Completed,4.5
APP_004715,CUST_01814,BR004,2025-12-29 10:54:00,Cash Withdrawal,Completed,4.5
APP_004716,CUST_12432,BR004,2025-12-29 10:41:00,Cash Withdrawal,Cancelled,4.5
APP_004717,CUST_07612,BR004,2025-12-29 10:41:00,General Customer Support,Completed,10.0
APP_004718,CUST_12907,BR004,2025-12-29 11:45:00,General Customer Support,Completed,10.0
APP_004719,CUST_05077,BR004,2025-12-29 11:10:00,Cash Deposit,Completed,6.5
APP_004720,CUST_00058,BR004,2025-12-29 11:46:00,Account Opening,Completed,24.0
APP_004721,CUST_10529,BR004,2025-12-29 11:14:00,Statement Request,Completed,5.0
APP_004722,CUST_09103,BR005,2025-12-29 09:39:00,Cash Withdrawal,No-Show,4.5
APP_004723,CUST_07696,BR005,2025-12-29 10:55:00,Cheque Services,Completed,6.0
APP_004724,CUST_14775,BR005,2025-12-29 10:02:00,Digital Banking Support,Completed,12.5
APP_004725,CUST_03924,BR005,2025-12-29 11:45:00,Digital Banking Support,Completed,12.5
APP_004726,CUST_09070,BR005,2025-12-29 11:38:00,Statement Request,Completed,5.0
APP_004727,CUST_06774,BR005,2025-12-29 11:13:00,Credit Card Service,Completed,12.0
APP_004728,CUST_14891,BR005,2025-12-29 11:08:00,Account Opening,Completed,24.0
APP_004729,CUST_04465,BR005,2025-12-29 11:34:00,Digital Banking Support,Completed,12.5
APP_004730,CUST_02647,BR006,2025-12-29 09:44:00,Cash Deposit,Completed,6.5
APP_004731,CUST_13825,BR006,2025-12-29 09:48:00,Cash Deposit,No-Show,6.5
APP_004732,CUST_00681,BR006,2025-12-29 10:52:00,Loan Enquiry,Completed,18.0
APP_004733,CUST_14752,BR006,2025-12-29 10:04:00,Credit Card Service,Completed,12.0
APP_004734,CUST_03140,BR006,2025-12-29 10:20:00,Digital Banking Support,Completed,12.5
APP_004735,CUST_13099,BR006,2025-12-29 10:24:00,KYC Update,Completed,13.5
APP_004736,CUST_00232,BR006,2025-12-29 10:13:00,Loan Enquiry,Completed,18.0
APP_004737,CUST_01335,BR006,2025-12-29 10:45:00,General Customer Support,Cancelled,10.0
APP_004738,CUST_07943,BR006,2025-12-29 11:18:00,KYC Update,Completed,13.5
APP_004739,CUST_04504,BR006,2025-12-29 11:53:00,Account Opening,Cancelled,24.0
APP_004740,CUST_11192,BR007,2025-12-29 09:55:00,Cheque Services,Completed,6.0
APP_004741,CUST_08574,BR007,2025-12-29 09:19:00,Complaint,No-Show,16.5
APP_004742,CUST_08515,BR007,2025-12-29 09:17:00,Loan Enquiry,Completed,18.0
APP_004743,CUST_02059,BR007,2025-12-29 09:32:00,Cash Withdrawal,Completed,4.5
APP_004744,CUST_07226,BR007,2025-12-29 09:27:00,Address Update,Cancelled,8.0
APP_004745,CUST_08273,BR007,2025-12-29 10:01:00,Cash Deposit,Completed,6.5
APP_004746,CUST_07597,BR007,2025-12-29 10:54:00,Digital Banking Support,Completed,12.5
APP_004747,CUST_10459,BR007,2025-12-29 10:31:00,General Customer Support,Completed,10.0
APP_004748,CUST_00296,BR007,2025-12-29 11:25:00,Cash Withdrawal,Completed,4.5
APP_004749,CUST_04402,BR007,2025-12-29 11:21:00,General Customer Support,Completed,10.0
APP_004750,CUST_12676,BR008,2025-12-29 09:01:00,Account Opening,Completed,24.0
APP_004751,CUST_12346,BR008,2025-12-29 09:39:00,Cash Deposit,Cancelled,6.5
APP_004752,CUST_01350,BR008,2025-12-29 10:24:00,Credit Card Service,Completed,12.0
APP_004753,CUST_08900,BR008,2025-12-29 10:00:00,General Customer Support,Completed,10.0
APP_004754,CUST_13271,BR008,2025-12-29 11:39:00,Loan Application,Completed,34.0
APP_004755,CUST_14205,BR008,2025-12-29 11:23:00,Investment Enquiry,Completed,26.0
APP_004756,CUST_04190,BR008,2025-12-29 11:12:00,KYC Update,Completed,13.5
APP_004757,CUST_04666,BR008,2025-12-29 12:29:00,Cash Withdrawal,Completed,4.5
APP_004758,CUST_14548,BR009,2025-12-29 10:18:00,Statement Request,Completed,5.0
APP_004759,CUST_03621,BR009,2025-12-29 10:31:00,Account Opening,Completed,24.0
APP_004760,CUST_09711,BR009,2025-12-29 11:50:00,Credit Card Service,Completed,12.0
APP_004761,CUST_04369,BR009,2025-12-29 11:38:00,Loan Enquiry,Completed,18.0
APP_004762,CUST_01230,BR009,2025-12-29 11:01:00,Cash Withdrawal,Completed,4.5
APP_004763,CUST_08402,BR009,2025-12-29 11:05:00,Loan Enquiry,Completed,18.0
APP_004764,CUST_12353,BR009,2025-12-29 11:25:00,Cash Withdrawal,Completed,4.5
APP_004765,CUST_04792,BR009,2025-12-29 11:38:00,General Customer Support,Completed,10.0
APP_004766,CUST_04071,BR009,2025-12-29 11:17:00,Statement Request,Completed,5.0
APP_004767,CUST_06163,BR009,2025-12-29 11:51:00,Account Opening,Completed,24.0
APP_004768,CUST_10519,BR009,2025-12-29 12:28:00,KYC Update,Completed,13.5
APP_004769,CUST_13247,BR009,2025-12-29 12:14:00,Statement Request,Completed,5.0
APP_004770,CUST_01551,BR009,2025-12-29 12:28:00,Credit Card Service,Completed,12.0
APP_004771,CUST_12356,BR009,2025-12-29 12:06:00,Cheque Services,No-Show,6.0
APP_004772,CUST_00528,BR010,2025-12-29 09:37:00,Cash Withdrawal,Completed,4.5
APP_004773,CUST_01798,BR010,2025-12-29 09:31:00,KYC Update,Completed,13.5
APP_004774,CUST_01457,BR010,2025-12-29 10:54:00,Loan Application,Completed,34.0
APP_004775,CUST_11315,BR010,2025-12-29 10:15:00,Cash Deposit,Cancelled,6.5
APP_004776,CUST_12964,BR010,2025-12-29 10:27:00,Loan Enquiry,Cancelled,18.0
APP_004777,CUST_00255,BR001,2025-12-30 09:15:00,Loan Application,Completed,34.0
APP_004778,CUST_11279,BR001,2025-12-30 09:04:00,Cash Withdrawal,Completed,4.5
APP_004779,CUST_10945,BR001,2025-12-30 10:28:00,Statement Request,Completed,5.0
APP_004780,CUST_06515,BR001,2025-12-30 12:12:00,Complaint,Completed,16.5
APP_004781,CUST_05495,BR001,2025-12-30 13:35:00,KYC Update,Completed,13.5
APP_004782,CUST_05590,BR001,2025-12-30 13:40:00,Address Update,Completed,8.0
APP_004783,CUST_04733,BR001,2025-12-30 13:02:00,KYC Update,Completed,13.5
APP_004784,CUST_04242,BR001,2025-12-30 13:44:00,Cheque Services,Completed,6.0
APP_004785,CUST_02644,BR001,2025-12-30 13:51:00,Cash Deposit,Completed,6.5
APP_004786,CUST_08976,BR001,2025-12-30 13:42:00,Loan Enquiry,Completed,18.0
APP_004787,CUST_02113,BR001,2025-12-30 13:14:00,General Customer Support,Completed,10.0
APP_004788,CUST_00506,BR001,2025-12-30 13:18:00,Loan Application,Completed,34.0
APP_004789,CUST_06070,BR001,2025-12-30 14:27:00,KYC Update,Completed,13.5
APP_004790,CUST_03436,BR001,2025-12-30 14:10:00,Digital Banking Support,Completed,12.5
APP_004791,CUST_11656,BR001,2025-12-30 14:29:00,Cash Deposit,Completed,6.5
APP_004792,CUST_04039,BR002,2025-12-30 09:27:00,Cash Withdrawal,Completed,4.5
APP_004793,CUST_12751,BR002,2025-12-30 09:10:00,KYC Update,Completed,13.5
APP_004794,CUST_07225,BR002,2025-12-30 10:08:00,Address Update,Completed,8.0
APP_004795,CUST_09486,BR002,2025-12-30 10:24:00,Cash Deposit,Completed,6.5
APP_004796,CUST_09170,BR002,2025-12-30 10:20:00,Credit Card Service,Completed,12.0
APP_004797,CUST_12540,BR002,2025-12-30 10:15:00,KYC Update,Completed,13.5
APP_004798,CUST_10439,BR002,2025-12-30 10:37:00,Credit Card Service,Completed,12.0
APP_004799,CUST_03550,BR002,2025-12-30 11:17:00,Cash Withdrawal,Completed,4.5
APP_004800,CUST_01856,BR002,2025-12-30 11:38:00,Cash Withdrawal,Completed,4.5
APP_004801,CUST_07437,BR002,2025-12-30 11:38:00,KYC Update,Completed,13.5
APP_004802,CUST_14022,BR002,2025-12-30 11:07:00,Complaint,Completed,16.5
APP_004803,CUST_10491,BR002,2025-12-30 11:13:00,Loan Enquiry,Completed,18.0
APP_004804,CUST_07078,BR002,2025-12-30 11:00:00,General Customer Support,Completed,10.0
APP_004805,CUST_02864,BR002,2025-12-30 11:54:00,Statement Request,Completed,5.0
APP_004806,CUST_11996,BR003,2025-12-30 10:15:00,Cash Withdrawal,Completed,4.5
APP_004807,CUST_14733,BR003,2025-12-30 10:06:00,Complaint,Completed,16.5
APP_004808,CUST_01404,BR003,2025-12-30 11:28:00,Credit Card Service,Completed,12.0
APP_004809,CUST_11082,BR003,2025-12-30 11:22:00,General Customer Support,Completed,10.0
APP_004810,CUST_03717,BR003,2025-12-30 11:03:00,Loan Application,Cancelled,34.0
APP_004811,CUST_08955,BR003,2025-12-30 11:41:00,Cash Withdrawal,Completed,4.5
APP_004812,CUST_04828,BR003,2025-12-30 13:41:00,Statement Request,Completed,5.0
APP_004813,CUST_07136,BR003,2025-12-30 15:54:00,KYC Update,Cancelled,13.5
APP_004814,CUST_02294,BR003,2025-12-30 15:29:00,Complaint,Completed,16.5
APP_004815,CUST_03858,BR004,2025-12-30 09:43:00,Address Update,Completed,8.0
APP_004816,CUST_06872,BR004,2025-12-30 10:37:00,Investment Enquiry,Completed,26.0
APP_004817,CUST_00737,BR004,2025-12-30 11:23:00,Investment Enquiry,Cancelled,26.0
APP_004818,CUST_14151,BR004,2025-12-30 12:18:00,Credit Card Service,Completed,12.0
APP_004819,CUST_08214,BR004,2025-12-30 12:32:00,KYC Update,Completed,13.5
APP_004820,CUST_06264,BR004,2025-12-30 12:38:00,Account Opening,Completed,24.0
APP_004821,CUST_04294,BR004,2025-12-30 13:08:00,Cash Withdrawal,Completed,4.5
APP_004822,CUST_02350,BR005,2025-12-30 09:49:00,Loan Enquiry,Completed,18.0
APP_004823,CUST_08501,BR005,2025-12-30 09:46:00,Digital Banking Support,Completed,12.5
APP_004824,CUST_09204,BR005,2025-12-30 09:30:00,Cash Withdrawal,Completed,4.5
APP_004825,CUST_05617,BR005,2025-12-30 09:47:00,Cash Deposit,Completed,6.5
APP_004826,CUST_13148,BR005,2025-12-30 10:11:00,Loan Application,Completed,34.0
APP_004827,CUST_07800,BR005,2025-12-30 10:01:00,Cash Deposit,Completed,6.5
APP_004828,CUST_12967,BR005,2025-12-30 10:18:00,Address Update,Completed,8.0
APP_004829,CUST_06825,BR006,2025-12-30 10:09:00,Cash Deposit,Cancelled,6.5
APP_004830,CUST_06626,BR006,2025-12-30 10:51:00,Loan Enquiry,Completed,18.0
APP_004831,CUST_06406,BR006,2025-12-30 10:41:00,General Customer Support,Completed,10.0
APP_004832,CUST_01691,BR006,2025-12-30 11:19:00,Complaint,Cancelled,16.5
APP_004833,CUST_11665,BR006,2025-12-30 11:52:00,Account Opening,Completed,24.0
APP_004834,CUST_13800,BR006,2025-12-30 12:30:00,Cash Withdrawal,Completed,4.5
APP_004835,CUST_04112,BR006,2025-12-30 13:43:00,Loan Application,Completed,34.0
APP_004836,CUST_04501,BR006,2025-12-30 13:12:00,General Customer Support,Cancelled,10.0
APP_004837,CUST_04730,BR006,2025-12-30 13:36:00,Cash Deposit,Cancelled,6.5
APP_004838,CUST_12013,BR006,2025-12-30 15:07:00,Loan Application,Cancelled,34.0
APP_004839,CUST_03882,BR006,2025-12-30 15:04:00,Cash Withdrawal,Completed,4.5
APP_004840,CUST_09271,BR007,2025-12-30 09:14:00,Cheque Services,Cancelled,6.0
APP_004841,CUST_02273,BR007,2025-12-30 10:20:00,Cash Withdrawal,Completed,4.5
APP_004842,CUST_08465,BR007,2025-12-30 10:48:00,Statement Request,Completed,5.0
APP_004843,CUST_06990,BR007,2025-12-30 10:21:00,Loan Application,Completed,34.0
APP_004844,CUST_03457,BR007,2025-12-30 11:13:00,Cash Deposit,Completed,6.5
APP_004845,CUST_11603,BR007,2025-12-30 11:46:00,Cash Withdrawal,Completed,4.5
APP_004846,CUST_00484,BR007,2025-12-30 11:36:00,Cash Deposit,Completed,6.5
APP_004847,CUST_05891,BR007,2025-12-30 12:51:00,KYC Update,Completed,13.5
APP_004848,CUST_11255,BR007,2025-12-30 12:04:00,KYC Update,Completed,13.5
APP_004849,CUST_11048,BR007,2025-12-30 12:02:00,KYC Update,No-Show,13.5
APP_004850,CUST_05352,BR008,2025-12-30 11:04:00,Credit Card Service,Completed,12.0
APP_004851,CUST_01219,BR008,2025-12-30 11:30:00,Account Opening,Completed,24.0
APP_004852,CUST_12417,BR008,2025-12-30 11:10:00,Cash Withdrawal,Completed,4.5
APP_004853,CUST_06954,BR008,2025-12-30 13:22:00,General Customer Support,Cancelled,10.0
APP_004854,CUST_13283,BR009,2025-12-30 09:13:00,Cash Deposit,No-Show,6.5
APP_004855,CUST_13284,BR009,2025-12-30 10:21:00,Complaint,Completed,16.5
APP_004856,CUST_02000,BR009,2025-12-30 10:21:00,KYC Update,Completed,13.5
APP_004857,CUST_06476,BR009,2025-12-30 10:11:00,Statement Request,Completed,5.0
APP_004858,CUST_02526,BR009,2025-12-30 11:45:00,Cheque Services,Completed,6.0
APP_004859,CUST_03496,BR009,2025-12-30 11:29:00,Address Update,Completed,8.0
APP_004860,CUST_06559,BR009,2025-12-30 11:38:00,Credit Card Service,Completed,12.0
APP_004861,CUST_01739,BR009,2025-12-30 12:42:00,Cheque Services,Completed,6.0
APP_004862,CUST_03598,BR009,2025-12-30 13:36:00,Cash Deposit,Completed,6.5
APP_004863,CUST_00970,BR010,2025-12-30 10:28:00,Account Opening,Completed,24.0
APP_004864,CUST_12799,BR010,2025-12-30 10:38:00,Cheque Services,Completed,6.0
APP_004865,CUST_02200,BR010,2025-12-30 11:02:00,Digital Banking Support,Completed,12.5
APP_004866,CUST_11108,BR001,2025-12-31 10:06:00,Cash Deposit,Completed,6.5
APP_004867,CUST_05400,BR001,2025-12-31 10:27:00,Loan Application,Completed,34.0
APP_004868,CUST_01148,BR001,2025-12-31 10:28:00,KYC Update,Completed,13.5
APP_004869,CUST_04864,BR001,2025-12-31 10:45:00,General Customer Support,Completed,10.0
APP_004870,CUST_00350,BR001,2025-12-31 10:23:00,Account Opening,Completed,24.0
APP_004871,CUST_00256,BR001,2025-12-31 10:44:00,Cash Deposit,Cancelled,6.5
APP_004872,CUST_01699,BR001,2025-12-31 10:39:00,KYC Update,Completed,13.5
APP_004873,CUST_04488,BR001,2025-12-31 11:28:00,General Customer Support,Completed,10.0
APP_004874,CUST_07350,BR001,2025-12-31 11:21:00,Account Opening,Completed,24.0
APP_004875,CUST_07000,BR001,2025-12-31 11:16:00,Investment Enquiry,Completed,26.0
APP_004876,CUST_06259,BR001,2025-12-31 11:54:00,Address Update,Completed,8.0
APP_004877,CUST_03468,BR001,2025-12-31 11:48:00,Cheque Services,Completed,6.0
APP_004878,CUST_06739,BR001,2025-12-31 11:41:00,Cash Deposit,Completed,6.5
APP_004879,CUST_13911,BR001,2025-12-31 12:07:00,Credit Card Service,Completed,12.0
APP_004880,CUST_03087,BR001,2025-12-31 12:08:00,KYC Update,Completed,13.5
APP_004881,CUST_03276,BR001,2025-12-31 12:36:00,Complaint,No-Show,16.5
APP_004882,CUST_12343,BR001,2025-12-31 12:54:00,Address Update,Cancelled,8.0
APP_004883,CUST_02721,BR002,2025-12-31 10:11:00,Cash Deposit,Completed,6.5
APP_004884,CUST_11496,BR002,2025-12-31 10:13:00,Loan Enquiry,Completed,18.0
APP_004885,CUST_10784,BR002,2025-12-31 10:31:00,General Customer Support,Completed,10.0
APP_004886,CUST_09745,BR002,2025-12-31 11:04:00,Statement Request,Completed,5.0
APP_004887,CUST_06293,BR002,2025-12-31 11:46:00,Cash Withdrawal,Completed,4.5
APP_004888,CUST_11342,BR002,2025-12-31 11:06:00,Digital Banking Support,Completed,12.5
APP_004889,CUST_04427,BR002,2025-12-31 11:44:00,Cash Withdrawal,Completed,4.5
APP_004890,CUST_04299,BR002,2025-12-31 11:53:00,KYC Update,Completed,13.5
APP_004891,CUST_11033,BR002,2025-12-31 11:48:00,Cash Withdrawal,Completed,4.5
APP_004892,CUST_09952,BR002,2025-12-31 11:24:00,KYC Update,Completed,13.5
APP_004893,CUST_04565,BR002,2025-12-31 12:13:00,Cheque Services,Completed,6.0
APP_004894,CUST_05946,BR002,2025-12-31 13:33:00,Statement Request,Completed,5.0
APP_004895,CUST_05795,BR002,2025-12-31 13:21:00,Account Opening,Completed,24.0
APP_004896,CUST_12741,BR003,2025-12-31 09:36:00,Cash Withdrawal,Completed,4.5
APP_004897,CUST_09806,BR003,2025-12-31 09:15:00,KYC Update,Completed,13.5
APP_004898,CUST_04385,BR003,2025-12-31 09:48:00,Loan Application,Completed,34.0
APP_004899,CUST_06828,BR003,2025-12-31 09:05:00,Cash Withdrawal,Completed,4.5
APP_004900,CUST_12652,BR003,2025-12-31 10:27:00,Cash Withdrawal,Completed,4.5
APP_004901,CUST_09649,BR003,2025-12-31 10:50:00,Cash Deposit,Completed,6.5
APP_004902,CUST_10788,BR003,2025-12-31 10:49:00,Cash Deposit,Completed,6.5
APP_004903,CUST_09588,BR003,2025-12-31 10:22:00,Cash Deposit,Completed,6.5
APP_004904,CUST_01305,BR003,2025-12-31 10:12:00,KYC Update,Completed,13.5
APP_004905,CUST_04527,BR003,2025-12-31 11:16:00,Address Update,Completed,8.0
APP_004906,CUST_12884,BR003,2025-12-31 11:42:00,Cash Deposit,Completed,6.5
APP_004907,CUST_10879,BR003,2025-12-31 11:33:00,Cash Withdrawal,Completed,4.5
APP_004908,CUST_01921,BR003,2025-12-31 11:32:00,Cheque Services,Completed,6.0
APP_004909,CUST_12519,BR003,2025-12-31 11:17:00,Cash Withdrawal,Cancelled,4.5
APP_004910,CUST_00869,BR004,2025-12-31 09:34:00,Statement Request,Completed,5.0
APP_004911,CUST_00799,BR004,2025-12-31 10:42:00,KYC Update,Completed,13.5
APP_004912,CUST_13423,BR004,2025-12-31 10:55:00,Address Update,No-Show,8.0
APP_004913,CUST_02010,BR004,2025-12-31 10:04:00,Cash Withdrawal,Completed,4.5
APP_004914,CUST_13018,BR004,2025-12-31 11:20:00,Complaint,Completed,16.5
APP_004915,CUST_14592,BR004,2025-12-31 11:23:00,Credit Card Service,Completed,12.0
APP_004916,CUST_06559,BR004,2025-12-31 11:25:00,Cash Withdrawal,Completed,4.5
APP_004917,CUST_08586,BR004,2025-12-31 11:03:00,Statement Request,Completed,5.0
APP_004918,CUST_14294,BR004,2025-12-31 12:05:00,Cash Withdrawal,Completed,4.5
APP_004919,CUST_07748,BR005,2025-12-31 09:29:00,KYC Update,Completed,13.5
APP_004920,CUST_08103,BR005,2025-12-31 10:09:00,Complaint,Completed,16.5
APP_004921,CUST_10058,BR005,2025-12-31 10:44:00,General Customer Support,Completed,10.0
APP_004922,CUST_10204,BR005,2025-12-31 10:35:00,Account Opening,No-Show,24.0
APP_004923,CUST_03850,BR005,2025-12-31 12:37:00,Investment Enquiry,Completed,26.0
APP_004924,CUST_08058,BR005,2025-12-31 13:03:00,KYC Update,Completed,13.5
APP_004925,CUST_10884,BR005,2025-12-31 15:17:00,Cash Deposit,Completed,6.5
APP_004926,CUST_05723,BR005,2025-12-31 15:47:00,Complaint,Completed,16.5
APP_004927,CUST_10079,BR006,2025-12-31 09:07:00,KYC Update,Completed,13.5
APP_004928,CUST_12279,BR006,2025-12-31 09:49:00,Loan Application,Completed,34.0
APP_004929,CUST_06329,BR006,2025-12-31 10:41:00,Statement Request,Completed,5.0
APP_004930,CUST_05273,BR006,2025-12-31 10:37:00,Cash Deposit,Completed,6.5
APP_004931,CUST_12528,BR006,2025-12-31 10:47:00,Cash Withdrawal,Completed,4.5
APP_004932,CUST_12592,BR006,2025-12-31 10:23:00,KYC Update,No-Show,13.5
APP_004933,CUST_13557,BR006,2025-12-31 11:38:00,Cash Withdrawal,Cancelled,4.5
APP_004934,CUST_10535,BR007,2025-12-31 09:19:00,Credit Card Service,Completed,12.0
APP_004935,CUST_05131,BR007,2025-12-31 09:25:00,Cheque Services,Cancelled,6.0
APP_004936,CUST_07908,BR007,2025-12-31 10:44:00,Cash Withdrawal,Completed,4.5
APP_004937,CUST_12804,BR007,2025-12-31 10:05:00,Account Opening,Completed,24.0
APP_004938,CUST_03169,BR007,2025-12-31 11:16:00,KYC Update,No-Show,13.5
APP_004939,CUST_05366,BR007,2025-12-31 11:29:00,Loan Application,Completed,34.0
APP_004940,CUST_09220,BR007,2025-12-31 12:36:00,Address Update,Completed,8.0
APP_004941,CUST_06898,BR007,2025-12-31 13:23:00,Complaint,Completed,16.5
APP_004942,CUST_14471,BR007,2025-12-31 13:51:00,Credit Card Service,Completed,12.0
APP_004943,CUST_07876,BR007,2025-12-31 13:17:00,Credit Card Service,Completed,12.0
APP_004944,CUST_10386,BR007,2025-12-31 13:04:00,Address Update,Completed,8.0
APP_004945,CUST_07234,BR007,2025-12-31 13:35:00,Complaint,Completed,16.5
APP_004946,CUST_07042,BR008,2025-12-31 10:35:00,Cash Deposit,Completed,6.5
APP_004947,CUST_11690,BR008,2025-12-31 10:48:00,Cash Withdrawal,Completed,4.5
APP_004948,CUST_14006,BR008,2025-12-31 11:22:00,Digital Banking Support,Completed,12.5
APP_004949,CUST_13638,BR008,2025-12-31 11:18:00,Credit Card Service,Completed,12.0
APP_004950,CUST_08719,BR008,2025-12-31 13:55:00,Account Opening,Completed,24.0
APP_004951,CUST_08765,BR008,2025-12-31 13:17:00,Cash Withdrawal,Completed,4.5
APP_004952,CUST_10654,BR008,2025-12-31 15:08:00,Cash Withdrawal,Completed,4.5
APP_004953,CUST_10258,BR009,2025-12-31 09:52:00,Cash Deposit,Completed,6.5
APP_004954,CUST_13249,BR009,2025-12-31 09:26:00,Cash Deposit,Completed,6.5
APP_004955,CUST_07469,BR009,2025-12-31 09:51:00,KYC Update,Completed,13.5
APP_004956,CUST_08661,BR009,2025-12-31 10:25:00,General Customer Support,Completed,10.0
APP_004957,CUST_14041,BR009,2025-12-31 10:05:00,Loan Enquiry,Completed,18.0
APP_004958,CUST_11792,BR009,2025-12-31 10:14:00,KYC Update,No-Show,13.5
APP_004959,CUST_00678,BR009,2025-12-31 11:47:00,Account Opening,Completed,24.0
APP_004960,CUST_05169,BR009,2025-12-31 11:14:00,Cash Deposit,Completed,6.5
APP_004961,CUST_05371,BR009,2025-12-31 12:44:00,Digital Banking Support,Completed,12.5
APP_004962,CUST_09920,BR010,2025-12-31 11:22:00,Investment Enquiry,Completed,26.0
APP_004963,CUST_00609,BR010,2025-12-31 12:26:00,Cheque Services,Completed,6.0
APP_004964,CUST_03351,BR010,2025-12-31 12:53:00,Address Update,Completed,8.0
APP_004965,CUST_08057,BR010,2025-12-31 13:42:00,Loan Application,Completed,34.0
APP_004966,CUST_04955,BR001,2026-01-02 09:18:00,Complaint,Completed,16.5
APP_004967,CUST_14760,BR001,2026-01-02 10:30:00,Cheque Services,Completed,6.0
APP_004968,CUST_02584,BR001,2026-01-02 10:08:00,Account Opening,Completed,24.0
APP_004969,CUST_12941,BR001,2026-01-02 10:22:00,General Customer Support,Completed,10.0
APP_004970,CUST_00006,BR001,2026-01-02 10:28:00,General Customer Support,Completed,10.0
APP_004971,CUST_03115,BR001,2026-01-02 10:11:00,Cash Deposit,Completed,6.5
APP_004972,CUST_05396,BR001,2026-01-02 11:17:00,Digital Banking Support,Cancelled,12.5
APP_004973,CUST_14684,BR001,2026-01-02 11:31:00,Investment Enquiry,Completed,26.0
APP_004974,CUST_01722,BR001,2026-01-02 11:51:00,Loan Enquiry,Completed,18.0
APP_004975,CUST_03981,BR001,2026-01-02 11:01:00,Complaint,Completed,16.5
APP_004976,CUST_11553,BR001,2026-01-02 11:44:00,Loan Enquiry,Cancelled,18.0
APP_004977,CUST_13823,BR001,2026-01-02 11:13:00,KYC Update,Completed,13.5
APP_004978,CUST_14640,BR001,2026-01-02 11:38:00,Statement Request,Completed,5.0
APP_004979,CUST_12143,BR001,2026-01-02 11:28:00,Cash Withdrawal,Completed,4.5
APP_004980,CUST_13902,BR001,2026-01-02 12:17:00,General Customer Support,Completed,10.0
APP_004981,CUST_12495,BR001,2026-01-02 12:04:00,General Customer Support,Completed,10.0
APP_004982,CUST_07735,BR001,2026-01-02 13:46:00,Cash Deposit,Completed,6.5
APP_004983,CUST_00976,BR002,2026-01-02 09:24:00,Account Opening,Completed,24.0
APP_004984,CUST_09908,BR002,2026-01-02 10:10:00,Loan Enquiry,Completed,18.0
APP_004985,CUST_04490,BR002,2026-01-02 10:29:00,Loan Enquiry,Completed,18.0
APP_004986,CUST_12929,BR002,2026-01-02 11:44:00,Cash Deposit,Completed,6.5
APP_004987,CUST_09763,BR002,2026-01-02 11:19:00,Credit Card Service,Completed,12.0
APP_004988,CUST_12250,BR002,2026-01-02 11:46:00,Cash Withdrawal,Completed,4.5
APP_004989,CUST_05764,BR002,2026-01-02 11:39:00,Credit Card Service,Completed,12.0
APP_004990,CUST_13102,BR002,2026-01-02 12:26:00,General Customer Support,Completed,10.0
APP_004991,CUST_08084,BR002,2026-01-02 12:01:00,Loan Application,Completed,34.0
APP_004992,CUST_06624,BR002,2026-01-02 12:37:00,Complaint,Completed,16.5
APP_004993,CUST_00836,BR002,2026-01-02 12:30:00,Credit Card Service,Completed,12.0
APP_004994,CUST_09910,BR003,2026-01-02 09:41:00,Cash Withdrawal,Completed,4.5
APP_004995,CUST_08602,BR003,2026-01-02 10:27:00,Cash Withdrawal,Completed,4.5
APP_004996,CUST_12634,BR003,2026-01-02 11:55:00,Credit Card Service,Completed,12.0
APP_004997,CUST_12974,BR003,2026-01-02 11:03:00,Cheque Services,Completed,6.0
APP_004998,CUST_09182,BR003,2026-01-02 11:37:00,Cash Withdrawal,Completed,4.5
APP_004999,CUST_11070,BR003,2026-01-02 11:46:00,Cheque Services,Completed,6.0
APP_005000,CUST_09935,BR003,2026-01-02 11:20:00,General Customer Support,Completed,10.0
APP_005001,CUST_07666,BR003,2026-01-02 11:12:00,KYC Update,Completed,13.5
APP_005002,CUST_00585,BR003,2026-01-02 12:05:00,Credit Card Service,Completed,12.0
APP_005003,CUST_03753,BR003,2026-01-02 12:51:00,Investment Enquiry,Completed,26.0
APP_005004,CUST_00587,BR003,2026-01-02 12:33:00,Loan Enquiry,Completed,18.0
APP_005005,CUST_12477,BR003,2026-01-02 12:33:00,Cash Withdrawal,Completed,4.5
APP_005006,CUST_00833,BR004,2026-01-02 09:06:00,Investment Enquiry,Completed,26.0
APP_005007,CUST_11658,BR004,2026-01-02 09:43:00,Investment Enquiry,Completed,26.0
APP_005008,CUST_08953,BR004,2026-01-02 10:31:00,Digital Banking Support,Completed,12.5
APP_005009,CUST_08763,BR004,2026-01-02 10:22:00,Loan Application,Completed,34.0
APP_005010,CUST_07549,BR004,2026-01-02 11:23:00,Credit Card Service,Completed,12.0
APP_005011,CUST_06338,BR004,2026-01-02 11:22:00,Cheque Services,Completed,6.0
APP_005012,CUST_00555,BR004,2026-01-02 11:29:00,Cheque Services,Completed,6.0
APP_005013,CUST_03263,BR004,2026-01-02 11:27:00,Account Opening,Completed,24.0
APP_005014,CUST_12463,BR004,2026-01-02 11:02:00,Cash Deposit,Completed,6.5
APP_005015,CUST_12223,BR004,2026-01-02 11:15:00,Cash Deposit,Completed,6.5
APP_005016,CUST_10375,BR004,2026-01-02 12:48:00,Cash Deposit,Completed,6.5
APP_005017,CUST_11804,BR004,2026-01-02 13:21:00,Cheque Services,Completed,6.0
APP_005018,CUST_06289,BR005,2026-01-02 09:46:00,Account Opening,Completed,24.0
APP_005019,CUST_00636,BR005,2026-01-02 10:36:00,Loan Enquiry,Completed,18.0
APP_005020,CUST_08306,BR005,2026-01-02 10:22:00,Cash Withdrawal,Completed,4.5
APP_005021,CUST_03342,BR005,2026-01-02 11:30:00,Statement Request,Completed,5.0
APP_005022,CUST_06113,BR005,2026-01-02 12:01:00,Cash Withdrawal,Completed,4.5
APP_005023,CUST_01692,BR005,2026-01-02 12:24:00,General Customer Support,Completed,10.0
APP_005024,CUST_02070,BR005,2026-01-02 13:29:00,KYC Update,Completed,13.5
APP_005025,CUST_02034,BR005,2026-01-02 14:09:00,Account Opening,Completed,24.0
APP_005026,CUST_01423,BR006,2026-01-02 10:51:00,Loan Enquiry,Completed,18.0
APP_005027,CUST_06676,BR006,2026-01-02 10:19:00,Account Opening,No-Show,24.0
APP_005028,CUST_02637,BR006,2026-01-02 11:45:00,Account Opening,Completed,24.0
APP_005029,CUST_00395,BR006,2026-01-02 11:17:00,Cheque Services,Completed,6.0
APP_005030,CUST_00080,BR006,2026-01-02 12:08:00,Loan Enquiry,Completed,18.0
APP_005031,CUST_07524,BR006,2026-01-02 12:40:00,Cash Deposit,Completed,6.5
APP_005032,CUST_03846,BR006,2026-01-02 12:41:00,Cash Withdrawal,Completed,4.5
APP_005033,CUST_00802,BR006,2026-01-02 12:28:00,KYC Update,Cancelled,13.5
APP_005034,CUST_08809,BR006,2026-01-02 12:47:00,Cash Deposit,Completed,6.5
APP_005035,CUST_12819,BR006,2026-01-02 12:41:00,Address Update,Completed,8.0
APP_005036,CUST_06091,BR007,2026-01-02 10:43:00,Statement Request,Completed,5.0
APP_005037,CUST_14128,BR007,2026-01-02 10:49:00,Loan Application,Completed,34.0
APP_005038,CUST_00271,BR007,2026-01-02 10:06:00,Address Update,Completed,8.0
APP_005039,CUST_01786,BR007,2026-01-02 10:49:00,Cash Deposit,Completed,6.5
APP_005040,CUST_12525,BR007,2026-01-02 11:09:00,KYC Update,Completed,13.5
APP_005041,CUST_05171,BR007,2026-01-02 11:29:00,Cash Deposit,Completed,6.5
APP_005042,CUST_14847,BR007,2026-01-02 11:52:00,Cash Deposit,Completed,6.5
APP_005043,CUST_00433,BR007,2026-01-02 12:38:00,Complaint,Completed,16.5
APP_005044,CUST_09160,BR007,2026-01-02 12:34:00,Cash Deposit,Completed,6.5
APP_005045,CUST_06436,BR007,2026-01-02 13:53:00,Cash Deposit,Completed,6.5
APP_005046,CUST_09409,BR007,2026-01-02 13:00:00,Cheque Services,Completed,6.0
APP_005047,CUST_12388,BR008,2026-01-02 10:08:00,Account Opening,Completed,24.0
APP_005048,CUST_09123,BR008,2026-01-02 11:47:00,Investment Enquiry,Cancelled,26.0
APP_005049,CUST_01765,BR008,2026-01-02 11:51:00,Cash Deposit,Completed,6.5
APP_005050,CUST_05743,BR008,2026-01-02 11:49:00,KYC Update,Completed,13.5
APP_005051,CUST_12552,BR009,2026-01-02 09:41:00,Statement Request,Completed,5.0
APP_005052,CUST_07873,BR009,2026-01-02 10:24:00,Cash Withdrawal,Cancelled,4.5
APP_005053,CUST_02959,BR009,2026-01-02 10:12:00,Cash Deposit,Completed,6.5
APP_005054,CUST_04596,BR009,2026-01-02 11:54:00,Cash Withdrawal,Completed,4.5
APP_005055,CUST_11618,BR009,2026-01-02 11:31:00,Cash Withdrawal,Completed,4.5
APP_005056,CUST_13556,BR009,2026-01-02 11:36:00,Cash Deposit,Cancelled,6.5
APP_005057,CUST_14870,BR009,2026-01-02 12:11:00,Cash Deposit,Completed,6.5
APP_005058,CUST_05143,BR009,2026-01-02 13:31:00,Statement Request,Completed,5.0
APP_005059,CUST_08158,BR009,2026-01-02 13:55:00,Cheque Services,Completed,6.0
APP_005060,CUST_00511,BR009,2026-01-02 13:12:00,Cash Withdrawal,Completed,4.5
APP_005061,CUST_14553,BR009,2026-01-02 14:08:00,KYC Update,Completed,13.5
APP_005062,CUST_09037,BR009,2026-01-02 15:37:00,Cash Withdrawal,Completed,4.5
APP_005063,CUST_09301,BR010,2026-01-02 09:24:00,Cheque Services,Completed,6.0
APP_005064,CUST_12016,BR010,2026-01-02 09:21:00,Cash Deposit,Completed,6.5
APP_005065,CUST_09634,BR010,2026-01-02 10:11:00,Account Opening,Completed,24.0
APP_005066,CUST_06974,BR010,2026-01-02 10:36:00,Account Opening,Completed,24.0
APP_005067,CUST_12844,BR010,2026-01-02 10:24:00,Statement Request,Cancelled,5.0
APP_005068,CUST_10977,BR010,2026-01-02 10:35:00,Cheque Services,Completed,6.0
APP_005069,CUST_06814,BR010,2026-01-02 11:05:00,KYC Update,Completed,13.5
APP_005070,CUST_07724,BR010,2026-01-02 11:48:00,Cash Deposit,Cancelled,6.5
APP_005071,CUST_00825,BR001,2026-01-03 09:31:00,Complaint,Completed,16.5
APP_005072,CUST_07142,BR001,2026-01-03 09:44:00,KYC Update,Completed,13.5
APP_005073,CUST_06015,BR001,2026-01-03 09:02:00,General Customer Support,Completed,10.0
APP_005074,CUST_04258,BR001,2026-01-03 10:29:00,Cash Withdrawal,Completed,4.5
APP_005075,CUST_03297,BR001,2026-01-03 10:50:00,KYC Update,Completed,13.5
APP_005076,CUST_11007,BR001,2026-01-03 10:11:00,Loan Enquiry,Completed,18.0
APP_005077,CUST_03862,BR001,2026-01-03 10:06:00,Cash Deposit,Completed,6.5
APP_005078,CUST_00201,BR001,2026-01-03 10:04:00,Loan Application,Completed,34.0
APP_005079,CUST_04214,BR001,2026-01-03 11:27:00,Cash Deposit,Completed,6.5
APP_005080,CUST_10743,BR001,2026-01-03 11:44:00,Cash Withdrawal,Completed,4.5
APP_005081,CUST_01117,BR001,2026-01-03 11:03:00,Investment Enquiry,Cancelled,26.0
APP_005082,CUST_10689,BR001,2026-01-03 11:33:00,Loan Application,Cancelled,34.0
APP_005083,CUST_04172,BR001,2026-01-03 12:11:00,Digital Banking Support,Completed,12.5
APP_005084,CUST_09690,BR001,2026-01-03 14:38:00,Complaint,Completed,16.5
APP_005085,CUST_03621,BR002,2026-01-03 10:40:00,KYC Update,Completed,13.5
APP_005086,CUST_06709,BR002,2026-01-03 10:53:00,KYC Update,Completed,13.5
APP_005087,CUST_02738,BR002,2026-01-03 10:07:00,Cheque Services,Completed,6.0
APP_005088,CUST_12855,BR002,2026-01-03 10:40:00,General Customer Support,Completed,10.0
APP_005089,CUST_14889,BR002,2026-01-03 10:11:00,Statement Request,Completed,5.0
APP_005090,CUST_09929,BR002,2026-01-03 11:01:00,Cash Deposit,Completed,6.5
APP_005091,CUST_03456,BR002,2026-01-03 11:48:00,Statement Request,Completed,5.0
APP_005092,CUST_02602,BR002,2026-01-03 12:21:00,Cash Withdrawal,Completed,4.5
APP_005093,CUST_13936,BR002,2026-01-03 12:20:00,Cheque Services,Completed,6.0
APP_005094,CUST_07229,BR002,2026-01-03 12:55:00,Statement Request,Completed,5.0
APP_005095,CUST_14923,BR002,2026-01-03 12:37:00,Loan Application,Completed,34.0
APP_005096,CUST_06716,BR003,2026-01-03 09:00:00,Cash Withdrawal,Completed,4.5
APP_005097,CUST_13405,BR003,2026-01-03 10:28:00,KYC Update,Completed,13.5
APP_005098,CUST_06791,BR003,2026-01-03 10:05:00,Address Update,Completed,8.0
APP_005099,CUST_10082,BR003,2026-01-03 10:24:00,Cheque Services,Completed,6.0
APP_005100,CUST_05140,BR003,2026-01-03 10:23:00,Loan Enquiry,Completed,18.0
APP_005101,CUST_12779,BR003,2026-01-03 11:17:00,Statement Request,Completed,5.0
APP_005102,CUST_00726,BR003,2026-01-03 11:10:00,Statement Request,Completed,5.0
APP_005103,CUST_00340,BR003,2026-01-03 12:48:00,Credit Card Service,Completed,12.0
APP_005104,CUST_08975,BR003,2026-01-03 12:26:00,Cash Withdrawal,Completed,4.5
APP_005105,CUST_12318,BR003,2026-01-03 13:01:00,Loan Application,Completed,34.0
APP_005106,CUST_06437,BR004,2026-01-03 10:37:00,KYC Update,Completed,13.5
APP_005107,CUST_09720,BR004,2026-01-03 10:18:00,Cash Withdrawal,Completed,4.5
APP_005108,CUST_10326,BR004,2026-01-03 11:06:00,General Customer Support,Completed,10.0
APP_005109,CUST_11610,BR004,2026-01-03 11:29:00,KYC Update,Completed,13.5
APP_005110,CUST_06373,BR004,2026-01-03 12:49:00,Account Opening,Completed,24.0
APP_005111,CUST_03436,BR004,2026-01-03 12:33:00,Account Opening,Completed,24.0
APP_005112,CUST_08413,BR005,2026-01-03 10:22:00,Cash Deposit,Completed,6.5
APP_005113,CUST_05407,BR005,2026-01-03 10:23:00,Cash Deposit,Completed,6.5
APP_005114,CUST_13623,BR005,2026-01-03 10:45:00,Cash Withdrawal,Cancelled,4.5
APP_005115,CUST_07853,BR005,2026-01-03 11:31:00,Statement Request,Completed,5.0
APP_005116,CUST_09829,BR005,2026-01-03 11:50:00,Cheque Services,Completed,6.0
APP_005117,CUST_07246,BR005,2026-01-03 12:50:00,General Customer Support,Completed,10.0
APP_005118,CUST_12199,BR006,2026-01-03 10:20:00,Address Update,Completed,8.0
APP_005119,CUST_10223,BR006,2026-01-03 11:38:00,Digital Banking Support,Completed,12.5
APP_005120,CUST_02415,BR006,2026-01-03 11:01:00,Cash Withdrawal,Completed,4.5
APP_005121,CUST_06101,BR006,2026-01-03 12:19:00,Account Opening,Completed,24.0
APP_005122,CUST_08339,BR006,2026-01-03 12:26:00,KYC Update,Completed,13.5
APP_005123,CUST_08297,BR006,2026-01-03 12:47:00,Cash Deposit,Completed,6.5
APP_005124,CUST_10551,BR006,2026-01-03 12:43:00,Loan Enquiry,Completed,18.0
APP_005125,CUST_10510,BR007,2026-01-03 09:28:00,Cash Withdrawal,Completed,4.5
APP_005126,CUST_12182,BR007,2026-01-03 10:42:00,KYC Update,Completed,13.5
APP_005127,CUST_09754,BR007,2026-01-03 13:30:00,KYC Update,Completed,13.5
APP_005128,CUST_04809,BR007,2026-01-03 13:09:00,KYC Update,No-Show,13.5
APP_005129,CUST_11613,BR007,2026-01-03 14:03:00,Cash Withdrawal,Completed,4.5
APP_005130,CUST_03833,BR007,2026-01-03 14:02:00,Cheque Services,Completed,6.0
APP_005131,CUST_12074,BR007,2026-01-03 14:15:00,Investment Enquiry,Completed,26.0
APP_005132,CUST_02655,BR007,2026-01-03 15:07:00,Account Opening,Completed,24.0
APP_005133,CUST_07773,BR008,2026-01-03 09:14:00,Address Update,Completed,8.0
APP_005134,CUST_04752,BR008,2026-01-03 11:12:00,KYC Update,Completed,13.5
APP_005135,CUST_05421,BR008,2026-01-03 13:46:00,Statement Request,Completed,5.0
APP_005136,CUST_09793,BR008,2026-01-03 14:35:00,General Customer Support,Completed,10.0
APP_005137,CUST_02924,BR008,2026-01-03 14:15:00,KYC Update,Completed,13.5
APP_005138,CUST_06407,BR008,2026-01-03 15:36:00,Cash Withdrawal,Completed,4.5
APP_005139,CUST_00327,BR009,2026-01-03 09:48:00,Cash Withdrawal,Completed,4.5
APP_005140,CUST_03440,BR009,2026-01-03 10:09:00,Address Update,Completed,8.0
APP_005141,CUST_00558,BR009,2026-01-03 10:42:00,Cash Deposit,Completed,6.5
APP_005142,CUST_05722,BR009,2026-01-03 10:30:00,KYC Update,Completed,13.5
APP_005143,CUST_02250,BR009,2026-01-03 11:14:00,KYC Update,Completed,13.5
APP_005144,CUST_00667,BR009,2026-01-03 11:43:00,Address Update,Completed,8.0
APP_005145,CUST_06949,BR009,2026-01-03 11:27:00,Cheque Services,Completed,6.0
APP_005146,CUST_02197,BR009,2026-01-03 11:30:00,Complaint,Completed,16.5
APP_005147,CUST_01359,BR009,2026-01-03 11:27:00,Cash Withdrawal,Completed,4.5
APP_005148,CUST_06865,BR009,2026-01-03 12:05:00,Cash Withdrawal,Completed,4.5
APP_005149,CUST_14934,BR009,2026-01-03 12:04:00,Cash Withdrawal,Completed,4.5
APP_005150,CUST_07771,BR009,2026-01-03 12:01:00,Loan Enquiry,Completed,18.0
APP_005151,CUST_00967,BR009,2026-01-03 12:47:00,Account Opening,Completed,24.0
APP_005152,CUST_07695,BR009,2026-01-03 12:50:00,General Customer Support,Completed,10.0
APP_005153,CUST_02744,BR009,2026-01-03 12:49:00,KYC Update,Completed,13.5
APP_005154,CUST_14721,BR010,2026-01-03 10:53:00,Investment Enquiry,Completed,26.0
APP_005155,CUST_10150,BR010,2026-01-03 10:47:00,KYC Update,Completed,13.5
APP_005156,CUST_14536,BR010,2026-01-03 10:32:00,Address Update,Completed,8.0
APP_005157,CUST_00667,BR010,2026-01-03 10:45:00,Account Opening,Completed,24.0
APP_005158,CUST_03106,BR010,2026-01-03 10:35:00,Cheque Services,Completed,6.0
APP_005159,CUST_14038,BR010,2026-01-03 11:20:00,Investment Enquiry,Completed,26.0
APP_005160,CUST_07551,BR010,2026-01-03 11:49:00,Cash Withdrawal,Completed,4.5
APP_005161,CUST_14118,BR001,2026-01-05 10:28:00,Cash Deposit,Cancelled,6.5
APP_005162,CUST_12193,BR001,2026-01-05 10:21:00,Cash Withdrawal,Completed,4.5
APP_005163,CUST_07354,BR001,2026-01-05 10:18:00,Investment Enquiry,Completed,26.0
APP_005164,CUST_08150,BR001,2026-01-05 11:16:00,Address Update,Completed,8.0
APP_005165,CUST_03721,BR001,2026-01-05 11:46:00,KYC Update,Completed,13.5
APP_005166,CUST_11911,BR001,2026-01-05 12:32:00,Digital Banking Support,Completed,12.5
APP_005167,CUST_03540,BR001,2026-01-05 13:06:00,Cheque Services,Completed,6.0
APP_005168,CUST_07588,BR001,2026-01-05 13:50:00,Account Opening,Cancelled,24.0
APP_005169,CUST_07516,BR001,2026-01-05 13:28:00,Digital Banking Support,Completed,12.5
APP_005170,CUST_02302,BR001,2026-01-05 14:31:00,Credit Card Service,Completed,12.0
APP_005171,CUST_11572,BR001,2026-01-05 14:36:00,Complaint,Completed,16.5
APP_005172,CUST_04583,BR001,2026-01-05 15:51:00,Credit Card Service,Completed,12.0
APP_005173,CUST_00222,BR001,2026-01-05 15:47:00,KYC Update,Completed,13.5
APP_005174,CUST_02078,BR001,2026-01-05 15:17:00,Cash Withdrawal,Completed,4.5
APP_005175,CUST_05868,BR002,2026-01-05 09:15:00,Cash Deposit,Completed,6.5
APP_005176,CUST_10698,BR002,2026-01-05 09:50:00,Loan Application,Completed,34.0
APP_005177,CUST_09603,BR002,2026-01-05 10:14:00,Credit Card Service,Completed,12.0
APP_005178,CUST_09509,BR002,2026-01-05 10:04:00,Loan Enquiry,Completed,18.0
APP_005179,CUST_13617,BR002,2026-01-05 10:00:00,Address Update,Completed,8.0
APP_005180,CUST_05914,BR002,2026-01-05 10:24:00,Statement Request,Completed,5.0
APP_005181,CUST_14950,BR002,2026-01-05 11:14:00,Cash Withdrawal,Completed,4.5
APP_005182,CUST_08026,BR002,2026-01-05 11:44:00,Cash Withdrawal,Completed,4.5
APP_005183,CUST_10734,BR002,2026-01-05 11:25:00,KYC Update,Completed,13.5
APP_005184,CUST_12422,BR002,2026-01-05 12:28:00,Cash Deposit,Completed,6.5
APP_005185,CUST_00427,BR002,2026-01-05 12:25:00,Cash Deposit,Completed,6.5
APP_005186,CUST_12865,BR002,2026-01-05 12:27:00,Cash Withdrawal,No-Show,4.5
APP_005187,CUST_12850,BR002,2026-01-05 12:26:00,Credit Card Service,Completed,12.0
APP_005188,CUST_05353,BR003,2026-01-05 09:12:00,KYC Update,No-Show,13.5
APP_005189,CUST_13652,BR003,2026-01-05 09:17:00,Loan Enquiry,Completed,18.0
APP_005190,CUST_14801,BR003,2026-01-05 10:46:00,Account Opening,Completed,24.0
APP_005191,CUST_11709,BR003,2026-01-05 10:05:00,Cash Deposit,Completed,6.5
APP_005192,CUST_08127,BR003,2026-01-05 10:46:00,Address Update,Completed,8.0
APP_005193,CUST_00544,BR003,2026-01-05 10:15:00,General Customer Support,Completed,10.0
APP_005194,CUST_12709,BR003,2026-01-05 10:21:00,Credit Card Service,Completed,12.0
APP_005195,CUST_02112,BR003,2026-01-05 10:33:00,Cash Withdrawal,Completed,4.5
APP_005196,CUST_10550,BR003,2026-01-05 10:42:00,Loan Enquiry,Completed,18.0
APP_005197,CUST_09010,BR003,2026-01-05 10:46:00,Digital Banking Support,Completed,12.5
APP_005198,CUST_01516,BR003,2026-01-05 11:47:00,KYC Update,Completed,13.5
APP_005199,CUST_13500,BR003,2026-01-05 11:51:00,Cash Withdrawal,Completed,4.5
APP_005200,CUST_05983,BR003,2026-01-05 11:48:00,Cash Withdrawal,Completed,4.5
APP_005201,CUST_10622,BR004,2026-01-05 09:43:00,KYC Update,Completed,13.5
APP_005202,CUST_06269,BR004,2026-01-05 11:46:00,Cash Withdrawal,Completed,4.5
APP_005203,CUST_12312,BR004,2026-01-05 11:28:00,Account Opening,Completed,24.0
APP_005204,CUST_09470,BR004,2026-01-05 13:04:00,KYC Update,Completed,13.5
APP_005205,CUST_00920,BR004,2026-01-05 14:25:00,KYC Update,Completed,13.5
APP_005206,CUST_10197,BR004,2026-01-05 15:39:00,Loan Application,Completed,34.0
APP_005207,CUST_11831,BR004,2026-01-05 15:33:00,Cash Withdrawal,Cancelled,4.5
APP_005208,CUST_03271,BR005,2026-01-05 10:35:00,Credit Card Service,Completed,12.0
APP_005209,CUST_08099,BR005,2026-01-05 11:37:00,Address Update,Completed,8.0
APP_005210,CUST_07089,BR005,2026-01-05 12:40:00,Cash Withdrawal,Completed,4.5
APP_005211,CUST_03306,BR005,2026-01-05 12:55:00,General Customer Support,Completed,10.0
APP_005212,CUST_09328,BR005,2026-01-05 13:23:00,Cash Deposit,Completed,6.5
APP_005213,CUST_03380,BR005,2026-01-05 13:13:00,Statement Request,Completed,5.0
APP_005214,CUST_07010,BR005,2026-01-05 15:25:00,Credit Card Service,Cancelled,12.0
APP_005215,CUST_02681,BR005,2026-01-05 15:37:00,Account Opening,Completed,24.0
APP_005216,CUST_11476,BR006,2026-01-05 09:33:00,Cash Deposit,Completed,6.5
APP_005217,CUST_05773,BR006,2026-01-05 10:20:00,Cash Deposit,Completed,6.5
APP_005218,CUST_05732,BR006,2026-01-05 10:21:00,Cash Withdrawal,Completed,4.5
APP_005219,CUST_00153,BR006,2026-01-05 10:04:00,Cash Withdrawal,Completed,4.5
APP_005220,CUST_12611,BR006,2026-01-05 10:33:00,Loan Enquiry,Completed,18.0
APP_005221,CUST_00332,BR006,2026-01-05 10:46:00,Loan Enquiry,Completed,18.0
APP_005222,CUST_03267,BR006,2026-01-05 10:41:00,Account Opening,Completed,24.0
APP_005223,CUST_03180,BR006,2026-01-05 10:53:00,Investment Enquiry,Completed,26.0
APP_005224,CUST_06908,BR006,2026-01-05 11:38:00,General Customer Support,Cancelled,10.0
APP_005225,CUST_07024,BR006,2026-01-05 12:12:00,General Customer Support,Completed,10.0
APP_005226,CUST_00480,BR006,2026-01-05 12:27:00,Loan Application,Completed,34.0
APP_005227,CUST_09791,BR006,2026-01-05 13:51:00,Address Update,Completed,8.0
APP_005228,CUST_08830,BR007,2026-01-05 09:51:00,KYC Update,Completed,13.5
APP_005229,CUST_10506,BR007,2026-01-05 09:04:00,Loan Application,Completed,34.0
APP_005230,CUST_06132,BR007,2026-01-05 11:20:00,Credit Card Service,Completed,12.0
APP_005231,CUST_04760,BR007,2026-01-05 11:53:00,Cash Deposit,Cancelled,6.5
APP_005232,CUST_12034,BR007,2026-01-05 12:53:00,Cash Deposit,Completed,6.5
APP_005233,CUST_09826,BR007,2026-01-05 13:29:00,Cash Deposit,Completed,6.5
APP_005234,CUST_01615,BR007,2026-01-05 13:35:00,Cash Deposit,Completed,6.5
APP_005235,CUST_01872,BR007,2026-01-05 14:47:00,Cheque Services,Completed,6.0
APP_005236,CUST_09479,BR008,2026-01-05 10:36:00,Investment Enquiry,Completed,26.0
APP_005237,CUST_07605,BR008,2026-01-05 10:38:00,Cheque Services,Completed,6.0
APP_005238,CUST_12766,BR008,2026-01-05 11:23:00,Investment Enquiry,Completed,26.0
APP_005239,CUST_07896,BR008,2026-01-05 11:25:00,Loan Application,Completed,34.0
APP_005240,CUST_10608,BR008,2026-01-05 13:42:00,Complaint,Completed,16.5
APP_005241,CUST_07417,BR008,2026-01-05 13:43:00,Cash Deposit,Completed,6.5
APP_005242,CUST_05764,BR008,2026-01-05 15:21:00,Complaint,Completed,16.5
APP_005243,CUST_12521,BR009,2026-01-05 09:53:00,Cash Deposit,Completed,6.5
APP_005244,CUST_01238,BR009,2026-01-05 10:21:00,Cash Withdrawal,Completed,4.5
APP_005245,CUST_10031,BR009,2026-01-05 11:06:00,General Customer Support,Completed,10.0
APP_005246,CUST_01361,BR009,2026-01-05 11:13:00,Cash Deposit,Completed,6.5
APP_005247,CUST_02325,BR009,2026-01-05 11:19:00,Address Update,Completed,8.0
APP_005248,CUST_02094,BR009,2026-01-05 11:54:00,Statement Request,Completed,5.0
APP_005249,CUST_05244,BR009,2026-01-05 11:13:00,Credit Card Service,Completed,12.0
APP_005250,CUST_06847,BR009,2026-01-05 11:26:00,Credit Card Service,Completed,12.0
APP_005251,CUST_12527,BR009,2026-01-05 11:32:00,Cash Withdrawal,Completed,4.5
APP_005252,CUST_00272,BR009,2026-01-05 12:35:00,Cash Withdrawal,Completed,4.5
APP_005253,CUST_13197,BR009,2026-01-05 12:28:00,Loan Application,Completed,34.0
APP_005254,CUST_03330,BR009,2026-01-05 13:35:00,Cash Withdrawal,Completed,4.5
APP_005255,CUST_07003,BR009,2026-01-05 13:37:00,Cash Withdrawal,Completed,4.5
APP_005256,CUST_07980,BR010,2026-01-05 09:47:00,Cheque Services,Completed,6.0
APP_005257,CUST_03335,BR010,2026-01-05 10:04:00,Cash Deposit,Completed,6.5
APP_005258,CUST_02229,BR010,2026-01-05 10:43:00,Cash Deposit,Completed,6.5
APP_005259,CUST_01150,BR010,2026-01-05 10:14:00,KYC Update,Completed,13.5
APP_005260,CUST_02327,BR010,2026-01-05 10:47:00,Credit Card Service,Completed,12.0
APP_005261,CUST_02485,BR010,2026-01-05 11:24:00,Address Update,Completed,8.0
APP_005262,CUST_01859,BR010,2026-01-05 12:35:00,Cash Withdrawal,Completed,4.5
APP_005263,CUST_11880,BR010,2026-01-05 13:29:00,Complaint,Completed,16.5
APP_005264,CUST_03778,BR001,2026-01-06 09:32:00,Complaint,Completed,16.5
APP_005265,CUST_08351,BR001,2026-01-06 10:02:00,General Customer Support,Completed,10.0
APP_005266,CUST_12647,BR001,2026-01-06 10:03:00,Statement Request,Cancelled,5.0
APP_005267,CUST_00459,BR001,2026-01-06 11:33:00,KYC Update,Completed,13.5
APP_005268,CUST_08936,BR001,2026-01-06 11:33:00,Credit Card Service,Completed,12.0
APP_005269,CUST_13774,BR001,2026-01-06 11:19:00,Loan Application,Completed,34.0
APP_005270,CUST_01952,BR001,2026-01-06 12:10:00,Address Update,Completed,8.0
APP_005271,CUST_06503,BR001,2026-01-06 12:19:00,Address Update,Completed,8.0
APP_005272,CUST_10857,BR001,2026-01-06 12:29:00,Address Update,Completed,8.0
APP_005273,CUST_00787,BR002,2026-01-06 09:47:00,Investment Enquiry,Completed,26.0
APP_005274,CUST_00571,BR002,2026-01-06 10:41:00,KYC Update,Completed,13.5
APP_005275,CUST_07410,BR002,2026-01-06 11:26:00,KYC Update,Completed,13.5
APP_005276,CUST_04824,BR002,2026-01-06 11:33:00,Loan Enquiry,Completed,18.0
APP_005277,CUST_07763,BR002,2026-01-06 11:26:00,Statement Request,Completed,5.0
APP_005278,CUST_12051,BR002,2026-01-06 13:42:00,Credit Card Service,Completed,12.0
APP_005279,CUST_00383,BR002,2026-01-06 14:33:00,Cash Withdrawal,Completed,4.5
APP_005280,CUST_14407,BR003,2026-01-06 10:01:00,Loan Application,Completed,34.0
APP_005281,CUST_12802,BR003,2026-01-06 10:06:00,Account Opening,Cancelled,24.0
APP_005282,CUST_12112,BR003,2026-01-06 10:49:00,Cash Deposit,Completed,6.5
APP_005283,CUST_12293,BR003,2026-01-06 12:21:00,Digital Banking Support,Completed,12.5
APP_005284,CUST_14567,BR003,2026-01-06 12:40:00,Account Opening,Completed,24.0
APP_005285,CUST_10798,BR003,2026-01-06 13:12:00,Cash Deposit,No-Show,6.5
APP_005286,CUST_05598,BR003,2026-01-06 13:17:00,Cash Withdrawal,Completed,4.5
APP_005287,CUST_01363,BR004,2026-01-06 09:04:00,Loan Application,Completed,34.0
APP_005288,CUST_02216,BR004,2026-01-06 09:27:00,Statement Request,Completed,5.0
APP_005289,CUST_05961,BR004,2026-01-06 10:48:00,Complaint,Completed,16.5
APP_005290,CUST_02306,BR004,2026-01-06 10:24:00,Account Opening,Completed,24.0
APP_005291,CUST_06727,BR005,2026-01-06 11:03:00,Cash Deposit,Completed,6.5
APP_005292,CUST_07044,BR005,2026-01-06 12:11:00,Address Update,Completed,8.0
APP_005293,CUST_13473,BR005,2026-01-06 12:09:00,Cash Withdrawal,Completed,4.5
APP_005294,CUST_10644,BR006,2026-01-06 09:39:00,Cash Withdrawal,No-Show,4.5
APP_005295,CUST_04665,BR006,2026-01-06 10:02:00,Cash Withdrawal,Completed,4.5
APP_005296,CUST_02130,BR006,2026-01-06 10:27:00,Cheque Services,Cancelled,6.0
APP_005297,CUST_05831,BR006,2026-01-06 11:40:00,KYC Update,Completed,13.5
APP_005298,CUST_07067,BR006,2026-01-06 12:49:00,Account Opening,Completed,24.0
APP_005299,CUST_14207,BR006,2026-01-06 13:03:00,Loan Application,Completed,34.0
APP_005300,CUST_06299,BR007,2026-01-06 09:08:00,Cheque Services,Completed,6.0
APP_005301,CUST_00084,BR007,2026-01-06 10:24:00,General Customer Support,Completed,10.0
APP_005302,CUST_03538,BR007,2026-01-06 11:43:00,Cash Deposit,Completed,6.5
APP_005303,CUST_13797,BR007,2026-01-06 11:45:00,Cash Withdrawal,Completed,4.5
APP_005304,CUST_05031,BR007,2026-01-06 12:11:00,KYC Update,Completed,13.5
APP_005305,CUST_01916,BR007,2026-01-06 12:28:00,Cash Deposit,Cancelled,6.5
APP_005306,CUST_01088,BR007,2026-01-06 12:50:00,Cash Withdrawal,Completed,4.5
APP_005307,CUST_04041,BR007,2026-01-06 12:00:00,General Customer Support,Completed,10.0
APP_005308,CUST_07257,BR008,2026-01-06 09:48:00,Account Opening,Completed,24.0
APP_005309,CUST_14349,BR008,2026-01-06 10:15:00,KYC Update,Completed,13.5
APP_005310,CUST_06431,BR008,2026-01-06 10:47:00,Cheque Services,Completed,6.0
APP_005311,CUST_03435,BR009,2026-01-06 09:16:00,Account Opening,Cancelled,24.0
APP_005312,CUST_12499,BR009,2026-01-06 10:12:00,Cash Deposit,Completed,6.5
APP_005313,CUST_12099,BR009,2026-01-06 11:54:00,Loan Enquiry,Completed,18.0
APP_005314,CUST_08255,BR009,2026-01-06 11:36:00,Account Opening,Completed,24.0
APP_005315,CUST_02481,BR009,2026-01-06 11:09:00,Cash Deposit,Completed,6.5
APP_005316,CUST_07247,BR009,2026-01-06 12:14:00,Account Opening,Completed,24.0
APP_005317,CUST_07014,BR009,2026-01-06 12:20:00,Credit Card Service,Completed,12.0
APP_005318,CUST_12216,BR009,2026-01-06 12:26:00,Cash Deposit,Completed,6.5
APP_005319,CUST_04801,BR010,2026-01-06 09:44:00,Cash Withdrawal,Completed,4.5
APP_005320,CUST_13977,BR010,2026-01-06 10:34:00,Cash Withdrawal,Completed,4.5
APP_005321,CUST_03535,BR010,2026-01-06 10:23:00,Cash Withdrawal,Completed,4.5
APP_005322,CUST_01524,BR001,2026-01-07 10:08:00,Loan Application,Completed,34.0
APP_005323,CUST_05098,BR001,2026-01-07 10:48:00,Cash Withdrawal,Completed,4.5
APP_005324,CUST_11155,BR001,2026-01-07 10:29:00,KYC Update,Completed,13.5
APP_005325,CUST_09033,BR001,2026-01-07 11:35:00,Loan Application,Completed,34.0
APP_005326,CUST_01041,BR001,2026-01-07 11:40:00,Digital Banking Support,Completed,12.5
APP_005327,CUST_06451,BR001,2026-01-07 11:07:00,Cash Withdrawal,Completed,4.5
APP_005328,CUST_06384,BR001,2026-01-07 11:24:00,General Customer Support,Completed,10.0
APP_005329,CUST_06196,BR001,2026-01-07 11:16:00,Credit Card Service,No-Show,12.0
APP_005330,CUST_08639,BR001,2026-01-07 11:00:00,Address Update,Cancelled,8.0
APP_005331,CUST_10796,BR002,2026-01-07 10:41:00,Account Opening,Completed,24.0
APP_005332,CUST_11696,BR002,2026-01-07 10:07:00,Loan Application,Completed,34.0
APP_005333,CUST_11981,BR002,2026-01-07 10:48:00,Loan Enquiry,Completed,18.0
APP_005334,CUST_05551,BR002,2026-01-07 11:51:00,Credit Card Service,Completed,12.0
APP_005335,CUST_14044,BR002,2026-01-07 11:17:00,Cash Deposit,Completed,6.5
APP_005336,CUST_09872,BR003,2026-01-07 09:37:00,Cash Withdrawal,Completed,4.5
APP_005337,CUST_09245,BR003,2026-01-07 09:41:00,KYC Update,Completed,13.5
APP_005338,CUST_08125,BR003,2026-01-07 10:53:00,General Customer Support,Completed,10.0
APP_005339,CUST_13743,BR003,2026-01-07 10:24:00,Account Opening,Completed,24.0
APP_005340,CUST_07028,BR003,2026-01-07 10:47:00,Cheque Services,Completed,6.0
APP_005341,CUST_11093,BR003,2026-01-07 11:15:00,Credit Card Service,No-Show,12.0
APP_005342,CUST_09692,BR003,2026-01-07 11:47:00,Address Update,Completed,8.0
APP_005343,CUST_04204,BR003,2026-01-07 11:38:00,Cash Deposit,Completed,6.5
APP_005344,CUST_04503,BR003,2026-01-07 11:11:00,Complaint,No-Show,16.5
APP_005345,CUST_13556,BR003,2026-01-07 13:46:00,KYC Update,Completed,13.5
APP_005346,CUST_03197,BR004,2026-01-07 11:01:00,Cheque Services,Completed,6.0
APP_005347,CUST_05968,BR004,2026-01-07 11:47:00,Account Opening,Completed,24.0
APP_005348,CUST_14572,BR004,2026-01-07 12:53:00,Cash Deposit,Completed,6.5
APP_005349,CUST_01783,BR004,2026-01-07 12:26:00,General Customer Support,Completed,10.0
APP_005350,CUST_08878,BR004,2026-01-07 13:24:00,Account Opening,Completed,24.0
APP_005351,CUST_12330,BR005,2026-01-07 09:45:00,Loan Enquiry,Completed,18.0
APP_005352,CUST_06031,BR005,2026-01-07 09:09:00,Cash Deposit,Cancelled,6.5
APP_005353,CUST_02815,BR005,2026-01-07 11:37:00,Cash Withdrawal,Completed,4.5
APP_005354,CUST_08722,BR005,2026-01-07 12:51:00,KYC Update,Completed,13.5
APP_005355,CUST_14563,BR005,2026-01-07 12:48:00,Digital Banking Support,Completed,12.5
APP_005356,CUST_06351,BR006,2026-01-07 09:54:00,Complaint,Cancelled,16.5
APP_005357,CUST_03901,BR006,2026-01-07 09:28:00,Address Update,Completed,8.0
APP_005358,CUST_13384,BR006,2026-01-07 10:05:00,Address Update,Completed,8.0
APP_005359,CUST_01283,BR006,2026-01-07 11:06:00,KYC Update,Cancelled,13.5
APP_005360,CUST_10727,BR006,2026-01-07 11:21:00,Loan Enquiry,Completed,18.0
APP_005361,CUST_11008,BR006,2026-01-07 13:53:00,Account Opening,Completed,24.0
APP_005362,CUST_05010,BR007,2026-01-07 09:33:00,Statement Request,Completed,5.0
APP_005363,CUST_10912,BR007,2026-01-07 11:43:00,Cash Deposit,Completed,6.5
APP_005364,CUST_01341,BR007,2026-01-07 11:05:00,Cheque Services,Completed,6.0
APP_005365,CUST_13898,BR007,2026-01-07 12:34:00,Cheque Services,Completed,6.0
APP_005366,CUST_10147,BR007,2026-01-07 12:33:00,Account Opening,Completed,24.0
APP_005367,CUST_12047,BR007,2026-01-07 13:26:00,Cash Deposit,Completed,6.5
APP_005368,CUST_10111,BR008,2026-01-07 10:15:00,Cash Deposit,Completed,6.5
APP_005369,CUST_10427,BR008,2026-01-07 12:37:00,Investment Enquiry,Completed,26.0
APP_005370,CUST_14938,BR008,2026-01-07 13:24:00,Complaint,Cancelled,16.5
APP_005371,CUST_09617,BR008,2026-01-07 14:45:00,Investment Enquiry,Cancelled,26.0
APP_005372,CUST_00567,BR008,2026-01-07 15:53:00,Credit Card Service,Completed,12.0
APP_005373,CUST_13006,BR009,2026-01-07 09:00:00,Complaint,Completed,16.5
APP_005374,CUST_11746,BR009,2026-01-07 09:33:00,Credit Card Service,Completed,12.0
APP_005375,CUST_13367,BR009,2026-01-07 11:15:00,Cash Deposit,Completed,6.5
APP_005376,CUST_14240,BR009,2026-01-07 12:54:00,Address Update,Completed,8.0
APP_005377,CUST_04575,BR009,2026-01-07 13:36:00,Cash Withdrawal,Completed,4.5
APP_005378,CUST_12713,BR010,2026-01-07 10:16:00,Investment Enquiry,Cancelled,26.0
APP_005379,CUST_02857,BR010,2026-01-07 10:02:00,Digital Banking Support,Completed,12.5
APP_005380,CUST_07510,BR010,2026-01-07 10:52:00,Loan Application,Completed,34.0
APP_005381,CUST_08561,BR001,2026-01-08 09:43:00,Cash Withdrawal,Completed,4.5
APP_005382,CUST_14319,BR001,2026-01-08 10:03:00,Account Opening,Completed,24.0
APP_005383,CUST_03124,BR001,2026-01-08 11:28:00,Statement Request,Completed,5.0
APP_005384,CUST_10708,BR001,2026-01-08 11:44:00,Cash Withdrawal,Completed,4.5
APP_005385,CUST_04002,BR001,2026-01-08 11:33:00,General Customer Support,Completed,10.0
APP_005386,CUST_08792,BR002,2026-01-08 09:52:00,KYC Update,Cancelled,13.5
APP_005387,CUST_05766,BR002,2026-01-08 10:52:00,Cash Deposit,Completed,6.5
APP_005388,CUST_07382,BR002,2026-01-08 10:35:00,Investment Enquiry,Completed,26.0
APP_005389,CUST_05467,BR002,2026-01-08 10:15:00,Digital Banking Support,Completed,12.5
APP_005390,CUST_02188,BR002,2026-01-08 11:29:00,Account Opening,Completed,24.0
APP_005391,CUST_12857,BR002,2026-01-08 11:46:00,Cash Withdrawal,Completed,4.5
APP_005392,CUST_04967,BR002,2026-01-08 11:44:00,Account Opening,Completed,24.0
APP_005393,CUST_12124,BR002,2026-01-08 11:23:00,Cash Deposit,Cancelled,6.5
APP_005394,CUST_03034,BR003,2026-01-08 09:43:00,Cash Deposit,Completed,6.5
APP_005395,CUST_13951,BR003,2026-01-08 09:04:00,Credit Card Service,Completed,12.0
APP_005396,CUST_04848,BR003,2026-01-08 10:03:00,Loan Enquiry,Completed,18.0
APP_005397,CUST_02003,BR003,2026-01-08 10:39:00,Cash Deposit,Completed,6.5
APP_005398,CUST_12755,BR003,2026-01-08 10:53:00,Cash Deposit,Completed,6.5
APP_005399,CUST_03104,BR003,2026-01-08 10:45:00,Cash Withdrawal,Completed,4.5
APP_005400,CUST_14044,BR003,2026-01-08 11:41:00,KYC Update,Completed,13.5
APP_005401,CUST_01303,BR003,2026-01-08 11:18:00,General Customer Support,Completed,10.0
APP_005402,CUST_06392,BR004,2026-01-08 10:27:00,Statement Request,Completed,5.0
APP_005403,CUST_12854,BR004,2026-01-08 11:36:00,KYC Update,Completed,13.5
APP_005404,CUST_00394,BR004,2026-01-08 11:06:00,KYC Update,Completed,13.5
APP_005405,CUST_11405,BR004,2026-01-08 12:29:00,General Customer Support,Completed,10.0
APP_005406,CUST_14748,BR004,2026-01-08 12:50:00,Credit Card Service,Completed,12.0
APP_005407,CUST_12589,BR004,2026-01-08 12:11:00,Loan Application,Completed,34.0
APP_005408,CUST_11685,BR004,2026-01-08 13:32:00,Cash Withdrawal,Completed,4.5
APP_005409,CUST_04837,BR005,2026-01-08 10:07:00,KYC Update,Completed,13.5
APP_005410,CUST_05240,BR005,2026-01-08 10:49:00,Loan Enquiry,Completed,18.0
APP_005411,CUST_04834,BR005,2026-01-08 11:16:00,Address Update,Completed,8.0
APP_005412,CUST_08151,BR005,2026-01-08 13:55:00,KYC Update,Completed,13.5
APP_005413,CUST_06005,BR006,2026-01-08 09:50:00,Cash Deposit,Cancelled,6.5
APP_005414,CUST_11315,BR006,2026-01-08 10:11:00,Cash Withdrawal,Completed,4.5
APP_005415,CUST_13783,BR006,2026-01-08 12:31:00,Address Update,Completed,8.0
APP_005416,CUST_05125,BR006,2026-01-08 13:01:00,Loan Application,Completed,34.0
APP_005417,CUST_04303,BR006,2026-01-08 13:54:00,Loan Enquiry,Completed,18.0
APP_005418,CUST_11757,BR007,2026-01-08 10:26:00,Cash Deposit,Completed,6.5
APP_005419,CUST_09343,BR007,2026-01-08 10:31:00,KYC Update,Completed,13.5
APP_005420,CUST_04803,BR007,2026-01-08 10:12:00,Credit Card Service,Completed,12.0
APP_005421,CUST_10568,BR007,2026-01-08 11:19:00,Credit Card Service,Completed,12.0
APP_005422,CUST_13881,BR007,2026-01-08 11:15:00,General Customer Support,Completed,10.0
APP_005423,CUST_01796,BR008,2026-01-08 12:28:00,Cash Withdrawal,Cancelled,4.5
APP_005424,CUST_12278,BR008,2026-01-08 13:54:00,Statement Request,Completed,5.0
APP_005425,CUST_03455,BR008,2026-01-08 13:50:00,Loan Enquiry,Cancelled,18.0
APP_005426,CUST_14711,BR008,2026-01-08 16:24:00,KYC Update,Completed,13.5
APP_005427,CUST_01481,BR009,2026-01-08 09:04:00,Investment Enquiry,Completed,26.0
APP_005428,CUST_01763,BR009,2026-01-08 09:31:00,KYC Update,Completed,13.5
APP_005429,CUST_05655,BR009,2026-01-08 10:34:00,Cash Withdrawal,Completed,4.5
APP_005430,CUST_03766,BR009,2026-01-08 10:19:00,Cash Deposit,Completed,6.5
APP_005431,CUST_07069,BR009,2026-01-08 11:50:00,Account Opening,Completed,24.0
APP_005432,CUST_00069,BR010,2026-01-08 10:27:00,Loan Application,Completed,34.0
APP_005433,CUST_05243,BR010,2026-01-08 10:23:00,Cash Deposit,Completed,6.5
APP_005434,CUST_14606,BR010,2026-01-08 11:28:00,KYC Update,Completed,13.5
APP_005435,CUST_06085,BR010,2026-01-08 11:05:00,Cash Deposit,Completed,6.5
APP_005436,CUST_00028,BR001,2026-01-09 09:42:00,Complaint,Completed,16.5
APP_005437,CUST_08597,BR001,2026-01-09 09:31:00,Cheque Services,Completed,6.0
APP_005438,CUST_11419,BR001,2026-01-09 10:41:00,Credit Card Service,Completed,12.0
APP_005439,CUST_05626,BR001,2026-01-09 10:20:00,Complaint,Completed,16.5
APP_005440,CUST_02233,BR001,2026-01-09 10:12:00,Credit Card Service,Completed,12.0
APP_005441,CUST_10223,BR001,2026-01-09 10:30:00,Cheque Services,Completed,6.0
APP_005442,CUST_01790,BR001,2026-01-09 11:00:00,Loan Enquiry,Completed,18.0
APP_005443,CUST_02368,BR001,2026-01-09 11:50:00,Cheque Services,Completed,6.0
APP_005444,CUST_03417,BR001,2026-01-09 11:34:00,Cash Deposit,Completed,6.5
APP_005445,CUST_03256,BR001,2026-01-09 12:24:00,Cash Deposit,Completed,6.5
APP_005446,CUST_11739,BR001,2026-01-09 12:14:00,Cheque Services,Completed,6.0
APP_005447,CUST_11234,BR001,2026-01-09 12:33:00,General Customer Support,Completed,10.0
APP_005448,CUST_14677,BR001,2026-01-09 12:01:00,Loan Enquiry,Completed,18.0
APP_005449,CUST_14541,BR002,2026-01-09 11:06:00,Investment Enquiry,Completed,26.0
APP_005450,CUST_06116,BR002,2026-01-09 11:26:00,Cash Withdrawal,Completed,4.5
APP_005451,CUST_12524,BR002,2026-01-09 11:37:00,Address Update,Completed,8.0
APP_005452,CUST_00640,BR002,2026-01-09 12:18:00,Loan Application,Completed,34.0
APP_005453,CUST_00247,BR002,2026-01-09 12:44:00,Account Opening,Completed,24.0
APP_005454,CUST_13365,BR002,2026-01-09 13:23:00,Loan Application,Completed,34.0
APP_005455,CUST_13302,BR002,2026-01-09 13:31:00,Cheque Services,Completed,6.0
APP_005456,CUST_06324,BR002,2026-01-09 13:31:00,Credit Card Service,Completed,12.0
APP_005457,CUST_12476,BR002,2026-01-09 13:44:00,Credit Card Service,Completed,12.0
APP_005458,CUST_13596,BR002,2026-01-09 13:36:00,Address Update,Completed,8.0
APP_005459,CUST_05668,BR003,2026-01-09 10:50:00,Cash Deposit,Completed,6.5
APP_005460,CUST_01252,BR003,2026-01-09 10:37:00,Statement Request,Completed,5.0
APP_005461,CUST_08519,BR003,2026-01-09 10:03:00,Account Opening,Completed,24.0
APP_005462,CUST_04681,BR003,2026-01-09 10:15:00,Cash Deposit,Completed,6.5
APP_005463,CUST_01230,BR003,2026-01-09 10:21:00,Complaint,Completed,16.5
APP_005464,CUST_02426,BR003,2026-01-09 11:35:00,Loan Enquiry,No-Show,18.0
APP_005465,CUST_01225,BR003,2026-01-09 12:25:00,KYC Update,Completed,13.5
APP_005466,CUST_03080,BR003,2026-01-09 13:47:00,Cash Withdrawal,Completed,4.5
APP_005467,CUST_14547,BR003,2026-01-09 13:42:00,Account Opening,Completed,24.0
APP_005468,CUST_10030,BR003,2026-01-09 13:14:00,KYC Update,Completed,13.5
APP_005469,CUST_03490,BR004,2026-01-09 10:10:00,Cash Deposit,Completed,6.5
APP_005470,CUST_00340,BR004,2026-01-09 10:54:00,Cash Withdrawal,Completed,4.5
APP_005471,CUST_08372,BR004,2026-01-09 10:40:00,Loan Enquiry,Completed,18.0
APP_005472,CUST_11288,BR004,2026-01-09 10:01:00,Cash Withdrawal,Completed,4.5
APP_005473,CUST_13697,BR004,2026-01-09 12:54:00,KYC Update,Cancelled,13.5
APP_005474,CUST_09367,BR004,2026-01-09 12:52:00,Cash Deposit,Completed,6.5
APP_005475,CUST_03324,BR004,2026-01-09 12:33:00,KYC Update,No-Show,13.5
APP_005476,CUST_12082,BR005,2026-01-09 09:21:00,Cash Deposit,Completed,6.5
APP_005477,CUST_09385,BR005,2026-01-09 09:28:00,Loan Enquiry,Completed,18.0
APP_005478,CUST_06165,BR005,2026-01-09 10:37:00,Cash Withdrawal,Completed,4.5
APP_005479,CUST_06753,BR005,2026-01-09 10:44:00,Address Update,Completed,8.0
APP_005480,CUST_01346,BR006,2026-01-09 09:17:00,Cash Deposit,Completed,6.5
APP_005481,CUST_05869,BR006,2026-01-09 09:11:00,Cash Deposit,Completed,6.5
APP_005482,CUST_06755,BR006,2026-01-09 10:28:00,KYC Update,Completed,13.5
APP_005483,CUST_14996,BR006,2026-01-09 11:22:00,Investment Enquiry,Completed,26.0
APP_005484,CUST_09305,BR006,2026-01-09 11:53:00,Credit Card Service,Completed,12.0
APP_005485,CUST_13902,BR006,2026-01-09 13:39:00,Credit Card Service,Cancelled,12.0
APP_005486,CUST_09223,BR006,2026-01-09 13:37:00,Cash Withdrawal,Completed,4.5
APP_005487,CUST_08478,BR006,2026-01-09 14:06:00,Complaint,Completed,16.5
APP_005488,CUST_03236,BR007,2026-01-09 09:41:00,Cash Deposit,Completed,6.5
APP_005489,CUST_03546,BR007,2026-01-09 10:39:00,Loan Application,Completed,34.0
APP_005490,CUST_10979,BR007,2026-01-09 12:03:00,Complaint,Completed,16.5
APP_005491,CUST_00109,BR007,2026-01-09 12:54:00,Digital Banking Support,Completed,12.5
APP_005492,CUST_14011,BR007,2026-01-09 12:29:00,KYC Update,Completed,13.5
APP_005493,CUST_07223,BR007,2026-01-09 13:14:00,Cash Deposit,Cancelled,6.5
APP_005494,CUST_09600,BR007,2026-01-09 14:01:00,Cash Deposit,Completed,6.5
APP_005495,CUST_01535,BR007,2026-01-09 14:16:00,Statement Request,Completed,5.0
APP_005496,CUST_04841,BR008,2026-01-09 10:08:00,Address Update,Completed,8.0
APP_005497,CUST_07537,BR008,2026-01-09 11:00:00,Statement Request,Completed,5.0
APP_005498,CUST_07027,BR008,2026-01-09 11:53:00,Cheque Services,Completed,6.0
APP_005499,CUST_01625,BR008,2026-01-09 12:48:00,Loan Enquiry,Completed,18.0
APP_005500,CUST_14544,BR008,2026-01-09 12:55:00,Loan Application,Completed,34.0
APP_005501,CUST_09565,BR009,2026-01-09 10:24:00,Cash Withdrawal,Completed,4.5
APP_005502,CUST_13779,BR009,2026-01-09 10:33:00,General Customer Support,Completed,10.0
APP_005503,CUST_11191,BR009,2026-01-09 11:23:00,Account Opening,Completed,24.0
APP_005504,CUST_00970,BR009,2026-01-09 11:18:00,Credit Card Service,Completed,12.0
APP_005505,CUST_04741,BR009,2026-01-09 11:47:00,Statement Request,Completed,5.0
APP_005506,CUST_03371,BR009,2026-01-09 11:42:00,Digital Banking Support,Completed,12.5
APP_005507,CUST_13444,BR009,2026-01-09 11:50:00,Address Update,Completed,8.0
APP_005508,CUST_00103,BR010,2026-01-09 10:12:00,Cash Deposit,Completed,6.5
APP_005509,CUST_13512,BR010,2026-01-09 10:02:00,Cash Withdrawal,No-Show,4.5
APP_005510,CUST_07586,BR010,2026-01-09 12:20:00,Account Opening,Completed,24.0
APP_005511,CUST_04390,BR010,2026-01-09 13:03:00,Investment Enquiry,Completed,26.0
APP_005512,CUST_09034,BR010,2026-01-09 13:50:00,KYC Update,Cancelled,13.5
APP_005513,CUST_13111,BR010,2026-01-09 14:16:00,Loan Enquiry,Completed,18.0
APP_005514,CUST_07677,BR001,2026-01-12 09:38:00,Cash Withdrawal,Completed,4.5
APP_005515,CUST_12429,BR001,2026-01-12 09:23:00,Account Opening,Completed,24.0
APP_005516,CUST_03469,BR001,2026-01-12 10:53:00,Loan Application,Completed,34.0
APP_005517,CUST_08619,BR001,2026-01-12 10:04:00,Cash Withdrawal,Completed,4.5
APP_005518,CUST_01136,BR001,2026-01-12 10:30:00,Credit Card Service,Completed,12.0
APP_005519,CUST_01063,BR001,2026-01-12 10:37:00,Cash Deposit,Completed,6.5
APP_005520,CUST_05485,BR001,2026-01-12 10:40:00,Address Update,Completed,8.0
APP_005521,CUST_00748,BR001,2026-01-12 11:10:00,KYC Update,Completed,13.5
APP_005522,CUST_13503,BR001,2026-01-12 11:31:00,Cash Withdrawal,Completed,4.5
APP_005523,CUST_05705,BR001,2026-01-12 11:41:00,Investment Enquiry,Completed,26.0
APP_005524,CUST_06199,BR001,2026-01-12 11:17:00,Investment Enquiry,Completed,26.0
APP_005525,CUST_03445,BR002,2026-01-12 09:14:00,Statement Request,Completed,5.0
APP_005526,CUST_10202,BR002,2026-01-12 10:22:00,Cash Withdrawal,Completed,4.5
APP_005527,CUST_05551,BR002,2026-01-12 10:10:00,Address Update,Completed,8.0
APP_005528,CUST_07397,BR002,2026-01-12 10:17:00,Loan Enquiry,Completed,18.0
APP_005529,CUST_13531,BR002,2026-01-12 10:10:00,Address Update,Completed,8.0
APP_005530,CUST_00574,BR002,2026-01-12 11:24:00,Loan Application,Completed,34.0
APP_005531,CUST_13967,BR002,2026-01-12 11:14:00,Cheque Services,Completed,6.0
APP_005532,CUST_14254,BR002,2026-01-12 11:24:00,Credit Card Service,Completed,12.0
APP_005533,CUST_10648,BR002,2026-01-12 12:49:00,Cash Withdrawal,Completed,4.5
APP_005534,CUST_02178,BR003,2026-01-12 09:20:00,Investment Enquiry,Completed,26.0
APP_005535,CUST_08144,BR003,2026-01-12 10:24:00,Digital Banking Support,Completed,12.5
APP_005536,CUST_12081,BR003,2026-01-12 10:25:00,Cash Deposit,Cancelled,6.5
APP_005537,CUST_14658,BR003,2026-01-12 10:06:00,Credit Card Service,Completed,12.0
APP_005538,CUST_14835,BR003,2026-01-12 10:39:00,Cash Withdrawal,Completed,4.5
APP_005539,CUST_03067,BR003,2026-01-12 11:13:00,Cash Deposit,Completed,6.5
APP_005540,CUST_12617,BR003,2026-01-12 11:49:00,Cheque Services,Completed,6.0
APP_005541,CUST_06872,BR003,2026-01-12 11:14:00,Cash Deposit,Completed,6.5
APP_005542,CUST_10021,BR003,2026-01-12 11:21:00,KYC Update,Completed,13.5
APP_005543,CUST_06466,BR003,2026-01-12 11:32:00,Investment Enquiry,Completed,26.0
APP_005544,CUST_09702,BR004,2026-01-12 09:33:00,Cash Withdrawal,Completed,4.5
APP_005545,CUST_01563,BR004,2026-01-12 10:47:00,Cheque Services,Completed,6.0
APP_005546,CUST_04270,BR004,2026-01-12 11:06:00,Cash Withdrawal,Completed,4.5
APP_005547,CUST_10784,BR004,2026-01-12 13:27:00,Statement Request,Completed,5.0
APP_005548,CUST_09977,BR004,2026-01-12 14:46:00,Loan Enquiry,Completed,18.0
APP_005549,CUST_02952,BR004,2026-01-12 14:40:00,KYC Update,Cancelled,13.5
APP_005550,CUST_04459,BR004,2026-01-12 15:55:00,Cash Withdrawal,Completed,4.5
APP_005551,CUST_10659,BR005,2026-01-12 09:34:00,Address Update,Completed,8.0
APP_005552,CUST_05740,BR005,2026-01-12 10:11:00,Cash Deposit,Completed,6.5
APP_005553,CUST_14051,BR005,2026-01-12 10:11:00,Cash Withdrawal,Completed,4.5
APP_005554,CUST_04254,BR005,2026-01-12 10:48:00,Cheque Services,Completed,6.0
APP_005555,CUST_14725,BR005,2026-01-12 11:05:00,Address Update,Completed,8.0
APP_005556,CUST_08482,BR005,2026-01-12 11:23:00,Cash Withdrawal,Completed,4.5
APP_005557,CUST_10012,BR006,2026-01-12 09:32:00,Cheque Services,Completed,6.0
APP_005558,CUST_07416,BR006,2026-01-12 10:41:00,Address Update,Completed,8.0
APP_005559,CUST_10513,BR006,2026-01-12 10:55:00,Account Opening,Completed,24.0
APP_005560,CUST_09640,BR006,2026-01-12 10:05:00,Cash Deposit,Cancelled,6.5
APP_005561,CUST_06594,BR006,2026-01-12 11:05:00,Statement Request,Completed,5.0
APP_005562,CUST_11484,BR006,2026-01-12 11:12:00,Loan Enquiry,Cancelled,18.0
APP_005563,CUST_01026,BR006,2026-01-12 11:09:00,Loan Enquiry,Completed,18.0
APP_005564,CUST_14809,BR006,2026-01-12 12:37:00,Cash Deposit,Completed,6.5
APP_005565,CUST_09821,BR006,2026-01-12 12:36:00,Cash Deposit,Completed,6.5
APP_005566,CUST_06832,BR007,2026-01-12 09:36:00,KYC Update,Completed,13.5
APP_005567,CUST_06593,BR007,2026-01-12 10:05:00,Cash Withdrawal,Completed,4.5
APP_005568,CUST_08055,BR007,2026-01-12 10:46:00,KYC Update,Completed,13.5
APP_005569,CUST_00220,BR007,2026-01-12 10:09:00,General Customer Support,Completed,10.0
APP_005570,CUST_00374,BR007,2026-01-12 10:19:00,Cheque Services,Completed,6.0
APP_005571,CUST_13246,BR007,2026-01-12 10:37:00,Cash Deposit,Completed,6.5
APP_005572,CUST_14576,BR007,2026-01-12 10:39:00,Cheque Services,Completed,6.0
APP_005573,CUST_03752,BR008,2026-01-12 10:03:00,Cheque Services,Completed,6.0
APP_005574,CUST_10580,BR008,2026-01-12 10:34:00,Cash Withdrawal,Cancelled,4.5
APP_005575,CUST_00940,BR008,2026-01-12 10:47:00,Cash Withdrawal,Completed,4.5
APP_005576,CUST_10634,BR009,2026-01-12 10:34:00,Credit Card Service,Completed,12.0
APP_005577,CUST_08794,BR009,2026-01-12 11:16:00,Cash Deposit,Completed,6.5
APP_005578,CUST_10101,BR009,2026-01-12 11:19:00,Cheque Services,Completed,6.0
APP_005579,CUST_02468,BR009,2026-01-12 11:00:00,Digital Banking Support,Completed,12.5
APP_005580,CUST_09221,BR009,2026-01-12 11:28:00,General Customer Support,Completed,10.0
APP_005581,CUST_10512,BR009,2026-01-12 11:10:00,Cash Withdrawal,Cancelled,4.5
APP_005582,CUST_12010,BR010,2026-01-12 09:24:00,Credit Card Service,Completed,12.0
APP_005583,CUST_06909,BR010,2026-01-12 10:53:00,Account Opening,Completed,24.0
APP_005584,CUST_11129,BR010,2026-01-12 11:52:00,Loan Enquiry,Completed,18.0
APP_005585,CUST_07381,BR010,2026-01-12 11:04:00,Cash Deposit,Cancelled,6.5
APP_005586,CUST_09248,BR010,2026-01-12 11:14:00,Complaint,Completed,16.5
APP_005587,CUST_04869,BR001,2026-01-13 09:04:00,KYC Update,Completed,13.5
APP_005588,CUST_01289,BR001,2026-01-13 11:04:00,Credit Card Service,Completed,12.0
APP_005589,CUST_10762,BR001,2026-01-13 11:25:00,Loan Application,Completed,34.0
APP_005590,CUST_00962,BR001,2026-01-13 11:16:00,Cash Deposit,Completed,6.5
APP_005591,CUST_10996,BR001,2026-01-13 12:19:00,Account Opening,Completed,24.0
APP_005592,CUST_11874,BR001,2026-01-13 12:26:00,Account Opening,Completed,24.0
APP_005593,CUST_10651,BR001,2026-01-13 14:49:00,Cheque Services,Completed,6.0
APP_005594,CUST_14528,BR001,2026-01-13 15:19:00,Cash Deposit,Completed,6.5
APP_005595,CUST_08887,BR001,2026-01-13 15:00:00,Complaint,Completed,16.5
APP_005596,CUST_06825,BR002,2026-01-13 10:35:00,Investment Enquiry,Completed,26.0
APP_005597,CUST_00998,BR002,2026-01-13 10:05:00,KYC Update,Cancelled,13.5
APP_005598,CUST_02794,BR002,2026-01-13 10:40:00,KYC Update,Completed,13.5
APP_005599,CUST_10879,BR002,2026-01-13 11:02:00,General Customer Support,Completed,10.0
APP_005600,CUST_10414,BR002,2026-01-13 12:25:00,Cash Deposit,Completed,6.5
APP_005601,CUST_08032,BR002,2026-01-13 12:30:00,Loan Enquiry,Completed,18.0
APP_005602,CUST_11606,BR002,2026-01-13 12:43:00,Statement Request,Completed,5.0
APP_005603,CUST_06064,BR002,2026-01-13 13:42:00,Investment Enquiry,Completed,26.0
APP_005604,CUST_08234,BR003,2026-01-13 09:20:00,Credit Card Service,Completed,12.0
APP_005605,CUST_00864,BR003,2026-01-13 12:19:00,Cash Withdrawal,Completed,4.5
APP_005606,CUST_06161,BR003,2026-01-13 12:47:00,Address Update,Completed,8.0
APP_005607,CUST_00102,BR003,2026-01-13 12:40:00,Cash Deposit,Completed,6.5
APP_005608,CUST_03886,BR003,2026-01-13 13:23:00,KYC Update,Completed,13.5
APP_005609,CUST_10216,BR004,2026-01-13 10:40:00,Cash Deposit,Cancelled,6.5
APP_005610,CUST_02441,BR004,2026-01-13 11:22:00,KYC Update,Completed,13.5
APP_005611,CUST_14714,BR004,2026-01-13 12:09:00,Statement Request,Completed,5.0
APP_005612,CUST_14886,BR004,2026-01-13 13:03:00,Cheque Services,Completed,6.0
APP_005613,CUST_06739,BR004,2026-01-13 13:30:00,Statement Request,Completed,5.0
APP_005614,CUST_13082,BR004,2026-01-13 14:00:00,Cash Deposit,Completed,6.5
APP_005615,CUST_05728,BR005,2026-01-13 10:25:00,Cash Withdrawal,Completed,4.5
APP_005616,CUST_12055,BR005,2026-01-13 11:24:00,Cheque Services,Completed,6.0
APP_005617,CUST_03066,BR005,2026-01-13 13:10:00,Investment Enquiry,Completed,26.0
APP_005618,CUST_04694,BR005,2026-01-13 15:52:00,Account Opening,Completed,24.0
APP_005619,CUST_11479,BR006,2026-01-13 09:04:00,Account Opening,Completed,24.0
APP_005620,CUST_06149,BR006,2026-01-13 10:20:00,Cash Deposit,Completed,6.5
APP_005621,CUST_12058,BR006,2026-01-13 10:24:00,Cash Withdrawal,Completed,4.5
APP_005622,CUST_06302,BR006,2026-01-13 10:51:00,Cash Withdrawal,Completed,4.5
APP_005623,CUST_13591,BR006,2026-01-13 10:40:00,Address Update,Completed,8.0
APP_005624,CUST_02972,BR006,2026-01-13 10:18:00,Loan Application,Completed,34.0
APP_005625,CUST_14934,BR007,2026-01-13 10:32:00,Cash Deposit,Completed,6.5
APP_005626,CUST_03678,BR007,2026-01-13 10:44:00,Cash Withdrawal,Completed,4.5
APP_005627,CUST_11307,BR007,2026-01-13 11:38:00,Cash Withdrawal,Completed,4.5
APP_005628,CUST_08436,BR007,2026-01-13 11:49:00,Address Update,Completed,8.0
APP_005629,CUST_07149,BR008,2026-01-13 13:49:00,Cash Withdrawal,Completed,4.5
APP_005630,CUST_09829,BR008,2026-01-13 13:02:00,Loan Enquiry,Completed,18.0
APP_005631,CUST_01347,BR008,2026-01-13 13:54:00,Cheque Services,Completed,6.0
APP_005632,CUST_04372,BR008,2026-01-13 14:31:00,KYC Update,Completed,13.5
APP_005633,CUST_00637,BR009,2026-01-13 09:23:00,Loan Enquiry,Completed,18.0
APP_005634,CUST_04637,BR009,2026-01-13 10:19:00,General Customer Support,Completed,10.0
APP_005635,CUST_05171,BR009,2026-01-13 11:24:00,Address Update,Completed,8.0
APP_005636,CUST_04088,BR009,2026-01-13 11:51:00,Cash Withdrawal,Completed,4.5
APP_005637,CUST_06928,BR009,2026-01-13 11:05:00,Address Update,Completed,8.0
APP_005638,CUST_04740,BR010,2026-01-13 11:05:00,Cash Withdrawal,Completed,4.5
APP_005639,CUST_06340,BR010,2026-01-13 13:01:00,Cash Withdrawal,Completed,4.5
APP_005640,CUST_05075,BR001,2026-01-15 10:43:00,Cash Deposit,Completed,6.5
APP_005641,CUST_08564,BR001,2026-01-15 10:50:00,KYC Update,Completed,13.5
APP_005642,CUST_02513,BR001,2026-01-15 10:22:00,Cash Deposit,No-Show,6.5
APP_005643,CUST_01394,BR001,2026-01-15 11:14:00,Loan Enquiry,Completed,18.0
APP_005644,CUST_06293,BR001,2026-01-15 11:15:00,Complaint,Completed,16.5
APP_005645,CUST_00803,BR001,2026-01-15 11:52:00,Address Update,No-Show,8.0
APP_005646,CUST_02024,BR001,2026-01-15 12:49:00,General Customer Support,Completed,10.0
APP_005647,CUST_03476,BR002,2026-01-15 09:01:00,Statement Request,Completed,5.0
APP_005648,CUST_04967,BR002,2026-01-15 10:09:00,Loan Enquiry,Completed,18.0
APP_005649,CUST_14136,BR002,2026-01-15 11:18:00,Statement Request,Completed,5.0
APP_005650,CUST_13958,BR002,2026-01-15 11:35:00,Complaint,Completed,16.5
APP_005651,CUST_01912,BR002,2026-01-15 11:16:00,KYC Update,Completed,13.5
APP_005652,CUST_04308,BR002,2026-01-15 12:07:00,Cheque Services,Completed,6.0
APP_005653,CUST_08670,BR002,2026-01-15 12:40:00,Complaint,Completed,16.5
APP_005654,CUST_09549,BR002,2026-01-15 13:03:00,KYC Update,Cancelled,13.5
APP_005655,CUST_01404,BR002,2026-01-15 13:43:00,Account Opening,Completed,24.0
APP_005656,CUST_00762,BR003,2026-01-15 09:34:00,Investment Enquiry,Completed,26.0
APP_005657,CUST_13035,BR003,2026-01-15 09:09:00,Complaint,Completed,16.5
APP_005658,CUST_02400,BR003,2026-01-15 10:14:00,Cheque Services,Completed,6.0
APP_005659,CUST_11893,BR003,2026-01-15 10:35:00,KYC Update,Completed,13.5
APP_005660,CUST_11908,BR003,2026-01-15 10:14:00,Cash Deposit,Completed,6.5
APP_005661,CUST_08923,BR003,2026-01-15 10:36:00,Cheque Services,No-Show,6.0
APP_005662,CUST_13362,BR003,2026-01-15 11:43:00,General Customer Support,Completed,10.0
APP_005663,CUST_05648,BR004,2026-01-15 10:31:00,Cash Withdrawal,Completed,4.5
APP_005664,CUST_00672,BR004,2026-01-15 10:04:00,General Customer Support,Completed,10.0
APP_005665,CUST_14389,BR004,2026-01-15 11:51:00,Account Opening,Completed,24.0
APP_005666,CUST_08639,BR004,2026-01-15 11:41:00,General Customer Support,Completed,10.0
APP_005667,CUST_05584,BR004,2026-01-15 12:29:00,Loan Application,Completed,34.0
APP_005668,CUST_06798,BR004,2026-01-15 12:31:00,Cash Deposit,Completed,6.5
APP_005669,CUST_02570,BR004,2026-01-15 14:40:00,Loan Enquiry,Completed,18.0
APP_005670,CUST_02212,BR005,2026-01-15 10:35:00,KYC Update,Completed,13.5
APP_005671,CUST_00696,BR005,2026-01-15 10:14:00,Loan Enquiry,Completed,18.0
APP_005672,CUST_14075,BR005,2026-01-15 10:38:00,Credit Card Service,Completed,12.0
APP_005673,CUST_11731,BR005,2026-01-15 11:30:00,Cash Withdrawal,Completed,4.5
APP_005674,CUST_04900,BR006,2026-01-15 09:13:00,Loan Enquiry,Completed,18.0
APP_005675,CUST_13529,BR006,2026-01-15 10:42:00,Loan Enquiry,Completed,18.0
APP_005676,CUST_14220,BR006,2026-01-15 11:46:00,Investment Enquiry,Completed,26.0
APP_005677,CUST_14393,BR006,2026-01-15 11:21:00,Cheque Services,Completed,6.0
APP_005678,CUST_01064,BR007,2026-01-15 09:13:00,Complaint,Cancelled,16.5
APP_005679,CUST_14225,BR007,2026-01-15 10:53:00,Address Update,Completed,8.0
APP_005680,CUST_06257,BR007,2026-01-15 11:39:00,Cheque Services,Completed,6.0
APP_005681,CUST_12536,BR007,2026-01-15 11:36:00,Credit Card Service,Completed,12.0
APP_005682,CUST_11794,BR007,2026-01-15 11:32:00,General Customer Support,Completed,10.0
APP_005683,CUST_10465,BR008,2026-01-15 11:08:00,Cash Deposit,Completed,6.5
APP_005684,CUST_14098,BR008,2026-01-15 15:32:00,Address Update,Completed,8.0
APP_005685,CUST_03251,BR009,2026-01-15 09:05:00,General Customer Support,Completed,10.0
APP_005686,CUST_04502,BR009,2026-01-15 10:23:00,Investment Enquiry,Completed,26.0
APP_005687,CUST_10274,BR009,2026-01-15 10:41:00,Account Opening,Completed,24.0
APP_005688,CUST_07012,BR009,2026-01-15 10:13:00,Cash Deposit,Cancelled,6.5
APP_005689,CUST_00873,BR009,2026-01-15 11:34:00,Account Opening,Completed,24.0
APP_005690,CUST_11142,BR010,2026-01-15 10:32:00,Credit Card Service,Completed,12.0
APP_005691,CUST_14099,BR010,2026-01-15 11:41:00,KYC Update,Completed,13.5
APP_005692,CUST_11478,BR010,2026-01-15 12:18:00,Cash Deposit,Completed,6.5
APP_005693,CUST_07119,BR010,2026-01-15 13:54:00,Account Opening,Completed,24.0
APP_005694,CUST_09808,BR010,2026-01-15 13:25:00,Complaint,Completed,16.5
APP_005695,CUST_01728,BR001,2026-01-16 09:31:00,Cheque Services,Completed,6.0
APP_005696,CUST_04369,BR001,2026-01-16 09:46:00,Cash Withdrawal,Completed,4.5
APP_005697,CUST_02069,BR001,2026-01-16 10:12:00,Credit Card Service,Completed,12.0
APP_005698,CUST_13836,BR001,2026-01-16 11:00:00,Statement Request,Completed,5.0
APP_005699,CUST_00969,BR001,2026-01-16 11:55:00,Credit Card Service,Completed,12.0
APP_005700,CUST_03891,BR001,2026-01-16 11:33:00,Statement Request,Completed,5.0
APP_005701,CUST_14060,BR001,2026-01-16 12:21:00,Statement Request,Completed,5.0
APP_005702,CUST_14955,BR001,2026-01-16 12:16:00,Account Opening,Completed,24.0
APP_005703,CUST_04203,BR001,2026-01-16 12:44:00,Cheque Services,Completed,6.0
APP_005704,CUST_02637,BR002,2026-01-16 10:46:00,Cash Deposit,Completed,6.5
APP_005705,CUST_05937,BR002,2026-01-16 10:16:00,KYC Update,Completed,13.5
APP_005706,CUST_04308,BR002,2026-01-16 10:21:00,Cash Deposit,Completed,6.5
APP_005707,CUST_07163,BR002,2026-01-16 11:33:00,Investment Enquiry,Completed,26.0
APP_005708,CUST_13876,BR002,2026-01-16 12:21:00,Cheque Services,Completed,6.0
APP_005709,CUST_03812,BR002,2026-01-16 12:41:00,Cash Withdrawal,Completed,4.5
APP_005710,CUST_10886,BR002,2026-01-16 13:18:00,Complaint,Completed,16.5
APP_005711,CUST_08744,BR002,2026-01-16 13:26:00,Account Opening,Completed,24.0
APP_005712,CUST_11971,BR002,2026-01-16 13:38:00,Digital Banking Support,Completed,12.5
APP_005713,CUST_05499,BR002,2026-01-16 13:35:00,Address Update,Completed,8.0
APP_005714,CUST_13405,BR003,2026-01-16 09:04:00,Cash Withdrawal,Completed,4.5
APP_005715,CUST_08970,BR003,2026-01-16 09:06:00,Credit Card Service,Completed,12.0
APP_005716,CUST_08238,BR003,2026-01-16 10:37:00,Cash Withdrawal,Completed,4.5
APP_005717,CUST_05952,BR003,2026-01-16 10:18:00,KYC Update,Completed,13.5
APP_005718,CUST_04918,BR003,2026-01-16 11:01:00,Statement Request,Completed,5.0
APP_005719,CUST_06257,BR003,2026-01-16 11:19:00,General Customer Support,Completed,10.0
APP_005720,CUST_11664,BR003,2026-01-16 11:32:00,Cash Deposit,Completed,6.5
APP_005721,CUST_13983,BR003,2026-01-16 11:27:00,Loan Enquiry,Completed,18.0
APP_005722,CUST_14189,BR003,2026-01-16 12:14:00,Account Opening,Completed,24.0
APP_005723,CUST_09489,BR003,2026-01-16 13:52:00,KYC Update,Completed,13.5
APP_005724,CUST_08320,BR003,2026-01-16 14:51:00,KYC Update,Completed,13.5
APP_005725,CUST_11746,BR004,2026-01-16 10:04:00,General Customer Support,Completed,10.0
APP_005726,CUST_01439,BR004,2026-01-16 11:37:00,Cash Deposit,Cancelled,6.5
APP_005727,CUST_02479,BR004,2026-01-16 11:43:00,Address Update,Cancelled,8.0
APP_005728,CUST_11287,BR004,2026-01-16 12:13:00,Loan Application,Completed,34.0
APP_005729,CUST_01553,BR004,2026-01-16 13:40:00,Loan Application,Cancelled,34.0
APP_005730,CUST_13313,BR004,2026-01-16 14:37:00,Loan Enquiry,Completed,18.0
APP_005731,CUST_06842,BR005,2026-01-16 09:08:00,Complaint,Cancelled,16.5
APP_005732,CUST_07603,BR005,2026-01-16 10:42:00,KYC Update,Completed,13.5
APP_005733,CUST_01544,BR005,2026-01-16 10:16:00,Loan Application,Completed,34.0
APP_005734,CUST_08455,BR005,2026-01-16 10:20:00,Cash Deposit,Completed,6.5
APP_005735,CUST_04391,BR005,2026-01-16 10:53:00,KYC Update,Completed,13.5
APP_005736,CUST_03663,BR005,2026-01-16 11:44:00,Loan Enquiry,No-Show,18.0
APP_005737,CUST_12395,BR005,2026-01-16 12:09:00,Cash Withdrawal,Completed,4.5
APP_005738,CUST_04169,BR006,2026-01-16 09:21:00,Cash Deposit,No-Show,6.5
APP_005739,CUST_04879,BR006,2026-01-16 10:11:00,Account Opening,Completed,24.0
APP_005740,CUST_12930,BR006,2026-01-16 11:02:00,Loan Application,Completed,34.0
APP_005741,CUST_07665,BR006,2026-01-16 11:04:00,Cash Deposit,Completed,6.5
APP_005742,CUST_11149,BR006,2026-01-16 11:49:00,Credit Card Service,Completed,12.0
APP_005743,CUST_02589,BR006,2026-01-16 12:48:00,Loan Enquiry,Completed,18.0
APP_005744,CUST_13924,BR006,2026-01-16 12:50:00,KYC Update,Completed,13.5
APP_005745,CUST_06900,BR007,2026-01-16 10:26:00,General Customer Support,Completed,10.0
APP_005746,CUST_06238,BR007,2026-01-16 10:04:00,Cash Withdrawal,Completed,4.5
APP_005747,CUST_14517,BR007,2026-01-16 13:45:00,General Customer Support,Cancelled,10.0
APP_005748,CUST_10116,BR007,2026-01-16 13:51:00,Cash Deposit,Completed,6.5
APP_005749,CUST_09660,BR007,2026-01-16 15:30:00,Statement Request,Completed,5.0
APP_005750,CUST_02999,BR007,2026-01-16 16:43:00,KYC Update,Completed,13.5
APP_005751,CUST_03123,BR008,2026-01-16 09:20:00,Cash Withdrawal,Completed,4.5
APP_005752,CUST_02760,BR008,2026-01-16 11:09:00,Cash Deposit,Completed,6.5
APP_005753,CUST_13749,BR008,2026-01-16 12:52:00,Cash Withdrawal,Completed,4.5
APP_005754,CUST_09593,BR008,2026-01-16 12:10:00,Cash Withdrawal,Cancelled,4.5
APP_005755,CUST_08265,BR008,2026-01-16 13:03:00,KYC Update,Completed,13.5
APP_005756,CUST_10034,BR009,2026-01-16 10:11:00,Complaint,Completed,16.5
APP_005757,CUST_01014,BR009,2026-01-16 10:38:00,KYC Update,Cancelled,13.5
APP_005758,CUST_01718,BR009,2026-01-16 11:06:00,KYC Update,Completed,13.5
APP_005759,CUST_11038,BR009,2026-01-16 11:48:00,Cash Withdrawal,Completed,4.5
APP_005760,CUST_02103,BR009,2026-01-16 12:15:00,General Customer Support,No-Show,10.0
APP_005761,CUST_11094,BR009,2026-01-16 13:37:00,Cash Deposit,Cancelled,6.5
APP_005762,CUST_07589,BR009,2026-01-16 14:43:00,Cash Withdrawal,Completed,4.5
APP_005763,CUST_01057,BR009,2026-01-16 14:01:00,Investment Enquiry,Completed,26.0
APP_005764,CUST_04063,BR010,2026-01-16 09:04:00,Cash Withdrawal,Completed,4.5
APP_005765,CUST_09643,BR010,2026-01-16 10:48:00,Loan Enquiry,Completed,18.0
APP_005766,CUST_11435,BR010,2026-01-16 11:31:00,Cash Withdrawal,Cancelled,4.5
APP_005767,CUST_01303,BR010,2026-01-16 11:21:00,Address Update,Completed,8.0
APP_005768,CUST_05262,BR001,2026-01-17 09:35:00,Investment Enquiry,No-Show,26.0
APP_005769,CUST_05444,BR001,2026-01-17 10:44:00,Cash Deposit,No-Show,6.5
APP_005770,CUST_14098,BR001,2026-01-17 10:39:00,Statement Request,Completed,5.0
APP_005771,CUST_03430,BR001,2026-01-17 10:23:00,Complaint,Completed,16.5
APP_005772,CUST_02339,BR001,2026-01-17 11:52:00,Cash Withdrawal,Completed,4.5
APP_005773,CUST_02406,BR001,2026-01-17 11:20:00,Cash Deposit,Completed,6.5
APP_005774,CUST_13720,BR001,2026-01-17 11:16:00,Address Update,Completed,8.0
APP_005775,CUST_00658,BR001,2026-01-17 11:18:00,Digital Banking Support,Completed,12.5
APP_005776,CUST_00155,BR001,2026-01-17 11:44:00,Investment Enquiry,Completed,26.0
APP_005777,CUST_14690,BR002,2026-01-17 09:11:00,Statement Request,Completed,5.0
APP_005778,CUST_07650,BR002,2026-01-17 09:08:00,Complaint,Completed,16.5
APP_005779,CUST_00315,BR002,2026-01-17 10:36:00,Cash Deposit,Completed,6.5
APP_005780,CUST_08577,BR002,2026-01-17 10:32:00,Cash Withdrawal,Completed,4.5
APP_005781,CUST_10913,BR002,2026-01-17 11:09:00,General Customer Support,Completed,10.0
APP_005782,CUST_04934,BR002,2026-01-17 11:45:00,Cash Withdrawal,No-Show,4.5
APP_005783,CUST_13415,BR002,2026-01-17 14:21:00,Credit Card Service,No-Show,12.0
APP_005784,CUST_04115,BR002,2026-01-17 15:50:00,Cash Withdrawal,Completed,4.5
APP_005785,CUST_09511,BR002,2026-01-17 15:19:00,General Customer Support,Completed,10.0
APP_005786,CUST_03127,BR003,2026-01-17 09:33:00,Loan Enquiry,Completed,18.0
APP_005787,CUST_09012,BR003,2026-01-17 10:44:00,Loan Enquiry,Completed,18.0
APP_005788,CUST_09305,BR003,2026-01-17 10:48:00,Cash Withdrawal,Completed,4.5
APP_005789,CUST_02654,BR003,2026-01-17 10:07:00,Account Opening,Completed,24.0
APP_005790,CUST_05252,BR003,2026-01-17 10:24:00,Cash Deposit,Completed,6.5
APP_005791,CUST_13305,BR003,2026-01-17 11:41:00,KYC Update,Completed,13.5
APP_005792,CUST_14446,BR003,2026-01-17 11:42:00,Address Update,Completed,8.0
APP_005793,CUST_05016,BR003,2026-01-17 11:18:00,Cash Deposit,Completed,6.5
APP_005794,CUST_05074,BR003,2026-01-17 12:34:00,KYC Update,Completed,13.5
APP_005795,CUST_09490,BR003,2026-01-17 12:01:00,Loan Application,Completed,34.0
APP_005796,CUST_02159,BR004,2026-01-17 10:27:00,Loan Enquiry,Completed,18.0
APP_005797,CUST_10775,BR004,2026-01-17 10:42:00,Cash Withdrawal,Completed,4.5
APP_005798,CUST_10493,BR004,2026-01-17 10:41:00,KYC Update,Cancelled,13.5
APP_005799,CUST_12973,BR004,2026-01-17 11:50:00,Complaint,Completed,16.5
APP_005800,CUST_07023,BR004,2026-01-17 11:06:00,Cash Withdrawal,No-Show,4.5
APP_005801,CUST_01293,BR004,2026-01-17 12:04:00,Digital Banking Support,Completed,12.5
APP_005802,CUST_09534,BR004,2026-01-17 13:45:00,Address Update,Completed,8.0
APP_005803,CUST_10670,BR004,2026-01-17 13:15:00,Cash Deposit,Completed,6.5
APP_005804,CUST_00532,BR005,2026-01-17 09:09:00,Cash Withdrawal,Completed,4.5
APP_005805,CUST_10874,BR005,2026-01-17 10:21:00,Cash Withdrawal,Completed,4.5
APP_005806,CUST_09608,BR005,2026-01-17 10:27:00,Complaint,Completed,16.5
APP_005807,CUST_07351,BR005,2026-01-17 11:24:00,KYC Update,Completed,13.5
APP_005808,CUST_00382,BR005,2026-01-17 12:01:00,Cash Deposit,Completed,6.5
APP_005809,CUST_05181,BR005,2026-01-17 13:10:00,Loan Enquiry,Completed,18.0
APP_005810,CUST_14492,BR006,2026-01-17 09:34:00,Account Opening,Completed,24.0
APP_005811,CUST_05038,BR006,2026-01-17 10:24:00,Cash Withdrawal,Completed,4.5
APP_005812,CUST_10886,BR006,2026-01-17 11:02:00,Loan Application,Completed,34.0
APP_005813,CUST_06404,BR006,2026-01-17 12:35:00,KYC Update,Completed,13.5
APP_005814,CUST_02529,BR006,2026-01-17 12:00:00,General Customer Support,Completed,10.0
APP_005815,CUST_08474,BR007,2026-01-17 10:40:00,Credit Card Service,Completed,12.0
APP_005816,CUST_12054,BR007,2026-01-17 10:32:00,Cash Withdrawal,Completed,4.5
APP_005817,CUST_11648,BR007,2026-01-17 10:32:00,Loan Application,Completed,34.0
APP_005818,CUST_11283,BR007,2026-01-17 11:31:00,Cash Withdrawal,Completed,4.5
APP_005819,CUST_03463,BR007,2026-01-17 12:49:00,Digital Banking Support,Cancelled,12.5
APP_005820,CUST_09855,BR007,2026-01-17 12:49:00,Loan Application,Completed,34.0
APP_005821,CUST_03974,BR007,2026-01-17 14:08:00,Cheque Services,Completed,6.0
APP_005822,CUST_03302,BR007,2026-01-17 14:23:00,Address Update,Completed,8.0
APP_005823,CUST_14305,BR008,2026-01-17 10:41:00,Cash Deposit,Completed,6.5
APP_005824,CUST_03255,BR008,2026-01-17 11:42:00,Loan Application,Completed,34.0
APP_005825,CUST_01276,BR008,2026-01-17 11:06:00,Digital Banking Support,Completed,12.5
APP_005826,CUST_03152,BR009,2026-01-17 10:41:00,Cheque Services,Completed,6.0
APP_005827,CUST_00486,BR009,2026-01-17 10:14:00,Cash Deposit,Completed,6.5
APP_005828,CUST_14136,BR009,2026-01-17 10:47:00,Statement Request,Completed,5.0
APP_005829,CUST_03484,BR009,2026-01-17 10:50:00,Credit Card Service,Completed,12.0
APP_005830,CUST_08208,BR009,2026-01-17 11:19:00,Investment Enquiry,Completed,26.0
APP_005831,CUST_13797,BR009,2026-01-17 12:30:00,General Customer Support,Completed,10.0
APP_005832,CUST_13350,BR009,2026-01-17 12:22:00,Account Opening,Completed,24.0
APP_005833,CUST_06422,BR009,2026-01-17 12:23:00,Account Opening,Completed,24.0
APP_005834,CUST_13392,BR010,2026-01-17 09:02:00,Cash Withdrawal,Completed,4.5
APP_005835,CUST_06666,BR010,2026-01-17 10:12:00,Account Opening,Completed,24.0
APP_005836,CUST_02639,BR010,2026-01-17 11:33:00,Cash Withdrawal,No-Show,4.5
APP_005837,CUST_00516,BR010,2026-01-17 13:00:00,Account Opening,Completed,24.0
APP_005838,CUST_08481,BR001,2026-01-19 09:54:00,Cash Withdrawal,Completed,4.5
APP_005839,CUST_06256,BR001,2026-01-19 10:28:00,Loan Enquiry,Completed,18.0
APP_005840,CUST_02079,BR001,2026-01-19 10:22:00,KYC Update,Cancelled,13.5
APP_005841,CUST_12167,BR001,2026-01-19 11:32:00,Cheque Services,Completed,6.0
APP_005842,CUST_14192,BR001,2026-01-19 11:15:00,Statement Request,No-Show,5.0
APP_005843,CUST_06749,BR001,2026-01-19 12:18:00,KYC Update,Completed,13.5
APP_005844,CUST_13697,BR001,2026-01-19 12:03:00,Cash Withdrawal,Completed,4.5
APP_005845,CUST_10806,BR001,2026-01-19 12:47:00,Cash Deposit,Completed,6.5
APP_005846,CUST_10171,BR001,2026-01-19 13:42:00,Cheque Services,Completed,6.0
APP_005847,CUST_12212,BR001,2026-01-19 13:00:00,Statement Request,Completed,5.0
APP_005848,CUST_03865,BR001,2026-01-19 13:08:00,Address Update,Completed,8.0
APP_005849,CUST_10261,BR002,2026-01-19 09:55:00,Account Opening,Completed,24.0
APP_005850,CUST_04357,BR002,2026-01-19 09:09:00,Complaint,Completed,16.5
APP_005851,CUST_07187,BR002,2026-01-19 10:32:00,Address Update,Completed,8.0
APP_005852,CUST_05188,BR002,2026-01-19 10:13:00,General Customer Support,Completed,10.0
APP_005853,CUST_03858,BR002,2026-01-19 10:12:00,Cash Deposit,Completed,6.5
APP_005854,CUST_11576,BR002,2026-01-19 10:54:00,Cash Withdrawal,Completed,4.5
APP_005855,CUST_03558,BR002,2026-01-19 10:18:00,Cash Deposit,Completed,6.5
APP_005856,CUST_10663,BR002,2026-01-19 11:15:00,Credit Card Service,Completed,12.0
APP_005857,CUST_09094,BR002,2026-01-19 11:51:00,Statement Request,Cancelled,5.0
APP_005858,CUST_03152,BR002,2026-01-19 11:43:00,KYC Update,Completed,13.5
APP_005859,CUST_11736,BR002,2026-01-19 12:05:00,KYC Update,Completed,13.5
APP_005860,CUST_00948,BR002,2026-01-19 12:09:00,Cash Withdrawal,Completed,4.5
APP_005861,CUST_01509,BR003,2026-01-19 10:29:00,Cash Deposit,Completed,6.5
APP_005862,CUST_06196,BR003,2026-01-19 10:48:00,Cash Deposit,Completed,6.5
APP_005863,CUST_06949,BR003,2026-01-19 10:53:00,Cash Withdrawal,Completed,4.5
APP_005864,CUST_10274,BR003,2026-01-19 11:17:00,Cash Withdrawal,Completed,4.5
APP_005865,CUST_06978,BR003,2026-01-19 11:01:00,Cash Withdrawal,Cancelled,4.5
APP_005866,CUST_02975,BR003,2026-01-19 11:48:00,Cash Deposit,Cancelled,6.5
APP_005867,CUST_09232,BR003,2026-01-19 11:37:00,Complaint,Completed,16.5
APP_005868,CUST_08956,BR003,2026-01-19 12:08:00,Account Opening,Completed,24.0
APP_005869,CUST_11399,BR003,2026-01-19 12:19:00,Loan Enquiry,Completed,18.0
APP_005870,CUST_05754,BR003,2026-01-19 12:22:00,Cash Deposit,Completed,6.5
APP_005871,CUST_10662,BR004,2026-01-19 09:41:00,Address Update,Completed,8.0
APP_005872,CUST_09954,BR004,2026-01-19 09:50:00,Cash Withdrawal,Completed,4.5
APP_005873,CUST_05081,BR004,2026-01-19 10:45:00,General Customer Support,Completed,10.0
APP_005874,CUST_09428,BR004,2026-01-19 10:09:00,Loan Application,Completed,34.0
APP_005875,CUST_01095,BR004,2026-01-19 10:15:00,Account Opening,Completed,24.0
APP_005876,CUST_05760,BR004,2026-01-19 11:36:00,Loan Enquiry,Cancelled,18.0
APP_005877,CUST_11368,BR004,2026-01-19 12:38:00,Account Opening,Completed,24.0
APP_005878,CUST_02161,BR005,2026-01-19 09:14:00,Cash Withdrawal,Completed,4.5
APP_005879,CUST_09435,BR005,2026-01-19 09:27:00,Cash Withdrawal,Completed,4.5
APP_005880,CUST_11127,BR005,2026-01-19 10:36:00,Cash Withdrawal,Completed,4.5
APP_005881,CUST_04986,BR005,2026-01-19 10:53:00,Cash Withdrawal,Completed,4.5
APP_005882,CUST_08116,BR005,2026-01-19 11:21:00,Cash Withdrawal,Completed,4.5
APP_005883,CUST_03093,BR006,2026-01-19 09:04:00,Credit Card Service,Completed,12.0
APP_005884,CUST_07658,BR006,2026-01-19 09:42:00,Cash Deposit,Completed,6.5
APP_005885,CUST_10475,BR006,2026-01-19 09:34:00,Account Opening,Completed,24.0
APP_005886,CUST_13496,BR006,2026-01-19 09:50:00,Loan Enquiry,Completed,18.0
APP_005887,CUST_09367,BR006,2026-01-19 10:09:00,Cash Deposit,Completed,6.5
APP_005888,CUST_02475,BR006,2026-01-19 10:50:00,General Customer Support,Completed,10.0
APP_005889,CUST_05486,BR006,2026-01-19 10:44:00,Cheque Services,Completed,6.0
APP_005890,CUST_05441,BR007,2026-01-19 09:16:00,Cash Deposit,Completed,6.5
APP_005891,CUST_01071,BR007,2026-01-19 10:55:00,KYC Update,Completed,13.5
APP_005892,CUST_14247,BR007,2026-01-19 11:32:00,Cash Deposit,Completed,6.5
APP_005893,CUST_02065,BR007,2026-01-19 12:14:00,Credit Card Service,Completed,12.0
APP_005894,CUST_06125,BR007,2026-01-19 12:24:00,Investment Enquiry,Completed,26.0
APP_005895,CUST_06787,BR008,2026-01-19 10:55:00,Credit Card Service,Completed,12.0
APP_005896,CUST_02203,BR008,2026-01-19 10:42:00,KYC Update,Completed,13.5
APP_005897,CUST_07862,BR008,2026-01-19 12:16:00,Loan Enquiry,Completed,18.0
APP_005898,CUST_14851,BR008,2026-01-19 12:06:00,Cheque Services,Completed,6.0
APP_005899,CUST_11781,BR008,2026-01-19 13:37:00,Investment Enquiry,Completed,26.0
APP_005900,CUST_12669,BR009,2026-01-19 09:46:00,Account Opening,Completed,24.0
APP_005901,CUST_04600,BR009,2026-01-19 10:24:00,Digital Banking Support,Completed,12.5
APP_005902,CUST_02738,BR009,2026-01-19 10:11:00,Cash Withdrawal,Completed,4.5
APP_005903,CUST_03583,BR009,2026-01-19 10:25:00,Loan Application,Completed,34.0
APP_005904,CUST_12750,BR009,2026-01-19 11:15:00,Loan Enquiry,Completed,18.0
APP_005905,CUST_04122,BR009,2026-01-19 11:35:00,Cash Withdrawal,Cancelled,4.5
APP_005906,CUST_09223,BR009,2026-01-19 11:42:00,Cash Withdrawal,Completed,4.5
APP_005907,CUST_06874,BR009,2026-01-19 13:18:00,Investment Enquiry,Completed,26.0
APP_005908,CUST_02788,BR009,2026-01-19 13:43:00,Account Opening,Completed,24.0
APP_005909,CUST_09911,BR010,2026-01-19 11:05:00,Loan Enquiry,Completed,18.0
APP_005910,CUST_03724,BR010,2026-01-19 11:35:00,Credit Card Service,Cancelled,12.0
APP_005911,CUST_07743,BR010,2026-01-19 12:49:00,Complaint,Cancelled,16.5
APP_005912,CUST_01178,BR010,2026-01-19 12:01:00,General Customer Support,Completed,10.0
APP_005913,CUST_08230,BR001,2026-01-20 10:44:00,Cash Deposit,Completed,6.5
APP_005914,CUST_02625,BR001,2026-01-20 11:00:00,Cash Deposit,Completed,6.5
APP_005915,CUST_12039,BR001,2026-01-20 11:33:00,General Customer Support,Completed,10.0
APP_005916,CUST_00763,BR001,2026-01-20 12:28:00,Digital Banking Support,Completed,12.5
APP_005917,CUST_08162,BR001,2026-01-20 12:00:00,KYC Update,Completed,13.5
APP_005918,CUST_10655,BR001,2026-01-20 13:11:00,Cash Deposit,Completed,6.5
APP_005919,CUST_12934,BR001,2026-01-20 14:47:00,General Customer Support,Completed,10.0
APP_005920,CUST_10774,BR001,2026-01-20 14:50:00,Cash Deposit,No-Show,6.5
APP_005921,CUST_12084,BR001,2026-01-20 15:06:00,Cash Deposit,No-Show,6.5
APP_005922,CUST_00174,BR002,2026-01-20 09:38:00,Credit Card Service,Completed,12.0
APP_005923,CUST_10474,BR002,2026-01-20 09:04:00,KYC Update,Completed,13.5
APP_005924,CUST_07752,BR002,2026-01-20 10:31:00,KYC Update,Completed,13.5
APP_005925,CUST_11448,BR002,2026-01-20 10:06:00,General Customer Support,Completed,10.0
APP_005926,CUST_03174,BR002,2026-01-20 11:47:00,Statement Request,Completed,5.0
APP_005927,CUST_10928,BR002,2026-01-20 11:03:00,Cash Withdrawal,Completed,4.5
APP_005928,CUST_04225,BR002,2026-01-20 11:42:00,Credit Card Service,Completed,12.0
APP_005929,CUST_14932,BR002,2026-01-20 11:09:00,Account Opening,Completed,24.0
APP_005930,CUST_07300,BR002,2026-01-20 12:06:00,KYC Update,Completed,13.5
APP_005931,CUST_11199,BR003,2026-01-20 09:51:00,Digital Banking Support,Completed,12.5
APP_005932,CUST_01256,BR003,2026-01-20 09:23:00,Cash Deposit,No-Show,6.5
APP_005933,CUST_10070,BR003,2026-01-20 11:37:00,Loan Enquiry,Completed,18.0
APP_005934,CUST_02157,BR003,2026-01-20 12:14:00,Cheque Services,Completed,6.0
APP_005935,CUST_06377,BR003,2026-01-20 14:09:00,Cash Withdrawal,Cancelled,4.5
APP_005936,CUST_13647,BR003,2026-01-20 14:18:00,Address Update,Completed,8.0
APP_005937,CUST_04712,BR003,2026-01-20 15:21:00,Cash Withdrawal,Completed,4.5
APP_005938,CUST_03066,BR004,2026-01-20 11:31:00,Address Update,Cancelled,8.0
APP_005939,CUST_00520,BR004,2026-01-20 11:43:00,General Customer Support,Completed,10.0
APP_005940,CUST_10286,BR004,2026-01-20 12:21:00,Cash Deposit,Completed,6.5
APP_005941,CUST_10342,BR004,2026-01-20 12:11:00,Address Update,Completed,8.0
APP_005942,CUST_06506,BR005,2026-01-20 09:16:00,Cheque Services,Completed,6.0
APP_005943,CUST_02416,BR005,2026-01-20 10:47:00,General Customer Support,Completed,10.0
APP_005944,CUST_06473,BR005,2026-01-20 10:42:00,Cash Withdrawal,Completed,4.5
APP_005945,CUST_11402,BR005,2026-01-20 11:54:00,Loan Application,Completed,34.0
APP_005946,CUST_09766,BR005,2026-01-20 13:28:00,Loan Enquiry,Completed,18.0
APP_005947,CUST_13514,BR006,2026-01-20 09:41:00,Statement Request,Completed,5.0
APP_005948,CUST_09875,BR006,2026-01-20 11:07:00,Cash Withdrawal,Completed,4.5
APP_005949,CUST_07878,BR006,2026-01-20 13:33:00,Account Opening,Completed,24.0
APP_005950,CUST_07951,BR006,2026-01-20 14:32:00,General Customer Support,Completed,10.0
APP_005951,CUST_11665,BR007,2026-01-20 10:17:00,Cash Withdrawal,Completed,4.5
APP_005952,CUST_09737,BR007,2026-01-20 10:12:00,Credit Card Service,Completed,12.0
APP_005953,CUST_04210,BR007,2026-01-20 10:25:00,General Customer Support,Completed,10.0
APP_005954,CUST_10744,BR007,2026-01-20 11:17:00,KYC Update,Completed,13.5
APP_005955,CUST_11121,BR007,2026-01-20 11:54:00,Account Opening,Completed,24.0
APP_005956,CUST_07148,BR008,2026-01-20 10:14:00,Account Opening,Cancelled,24.0
APP_005957,CUST_00677,BR008,2026-01-20 11:15:00,Cash Withdrawal,Cancelled,4.5
APP_005958,CUST_12950,BR008,2026-01-20 12:21:00,Cash Deposit,Completed,6.5
APP_005959,CUST_08122,BR008,2026-01-20 12:46:00,Cash Deposit,Completed,6.5
APP_005960,CUST_12142,BR009,2026-01-20 09:00:00,General Customer Support,Completed,10.0
APP_005961,CUST_00095,BR009,2026-01-20 09:30:00,General Customer Support,Completed,10.0
APP_005962,CUST_02816,BR009,2026-01-20 09:11:00,Loan Enquiry,Completed,18.0
APP_005963,CUST_06324,BR009,2026-01-20 11:25:00,Loan Enquiry,Completed,18.0
APP_005964,CUST_08262,BR009,2026-01-20 11:36:00,Cheque Services,Completed,6.0
APP_005965,CUST_00866,BR009,2026-01-20 12:51:00,Cash Withdrawal,Completed,4.5
APP_005966,CUST_03270,BR009,2026-01-20 13:32:00,Cheque Services,Completed,6.0
APP_005967,CUST_00246,BR009,2026-01-20 15:08:00,Cash Withdrawal,Completed,4.5
APP_005968,CUST_14030,BR010,2026-01-20 11:48:00,Cash Deposit,No-Show,6.5
APP_005969,CUST_06641,BR010,2026-01-20 13:17:00,Investment Enquiry,Completed,26.0
APP_005970,CUST_13941,BR010,2026-01-20 14:11:00,KYC Update,No-Show,13.5
APP_005971,CUST_09390,BR001,2026-01-21 09:41:00,KYC Update,Completed,13.5
APP_005972,CUST_11900,BR001,2026-01-21 09:27:00,Digital Banking Support,Completed,12.5
APP_005973,CUST_00262,BR001,2026-01-21 10:14:00,Statement Request,Completed,5.0
APP_005974,CUST_02247,BR001,2026-01-21 10:33:00,Cash Withdrawal,Completed,4.5
APP_005975,CUST_01341,BR001,2026-01-21 10:37:00,Account Opening,Cancelled,24.0
APP_005976,CUST_01977,BR001,2026-01-21 10:42:00,Cash Withdrawal,Completed,4.5
APP_005977,CUST_11605,BR001,2026-01-21 10:16:00,Loan Enquiry,Completed,18.0
APP_005978,CUST_09644,BR001,2026-01-21 10:25:00,Cash Withdrawal,Completed,4.5
APP_005979,CUST_04573,BR001,2026-01-21 11:47:00,Cash Deposit,Completed,6.5
APP_005980,CUST_04144,BR001,2026-01-21 11:49:00,Account Opening,Completed,24.0
APP_005981,CUST_08855,BR001,2026-01-21 11:51:00,KYC Update,Completed,13.5
APP_005982,CUST_02588,BR002,2026-01-21 10:03:00,General Customer Support,Cancelled,10.0
APP_005983,CUST_04589,BR002,2026-01-21 10:26:00,Loan Enquiry,Completed,18.0
APP_005984,CUST_14978,BR002,2026-01-21 10:53:00,Digital Banking Support,Completed,12.5
APP_005985,CUST_01282,BR002,2026-01-21 10:04:00,Cash Deposit,Completed,6.5
APP_005986,CUST_09744,BR002,2026-01-21 10:49:00,Loan Application,Completed,34.0
APP_005987,CUST_05100,BR002,2026-01-21 11:45:00,Credit Card Service,Completed,12.0
APP_005988,CUST_05415,BR002,2026-01-21 11:44:00,Account Opening,No-Show,24.0
APP_005989,CUST_11961,BR003,2026-01-21 09:05:00,Statement Request,Completed,5.0
APP_005990,CUST_11601,BR003,2026-01-21 09:34:00,Cash Withdrawal,Cancelled,4.5
APP_005991,CUST_13346,BR003,2026-01-21 09:51:00,Account Opening,Completed,24.0
APP_005992,CUST_04686,BR003,2026-01-21 09:21:00,Investment Enquiry,Completed,26.0
APP_005993,CUST_08663,BR003,2026-01-21 10:28:00,Statement Request,Completed,5.0
APP_005994,CUST_13947,BR003,2026-01-21 10:25:00,Account Opening,Completed,24.0
APP_005995,CUST_08242,BR003,2026-01-21 11:30:00,Cash Withdrawal,Completed,4.5
APP_005996,CUST_10005,BR003,2026-01-21 11:24:00,Cash Withdrawal,Completed,4.5
APP_005997,CUST_01181,BR004,2026-01-21 10:01:00,Loan Application,Cancelled,34.0
APP_005998,CUST_11402,BR004,2026-01-21 10:42:00,Cheque Services,Completed,6.0
APP_005999,CUST_09656,BR004,2026-01-21 10:40:00,Cash Deposit,Completed,6.5
APP_006000,CUST_12728,BR004,2026-01-21 11:29:00,Investment Enquiry,Completed,26.0
APP_006001,CUST_12929,BR004,2026-01-21 11:14:00,Account Opening,Completed,24.0
APP_006002,CUST_02034,BR005,2026-01-21 09:48:00,Cash Deposit,Completed,6.5
APP_006003,CUST_05417,BR005,2026-01-21 10:04:00,KYC Update,Completed,13.5
APP_006004,CUST_13471,BR005,2026-01-21 10:13:00,Complaint,Completed,16.5
APP_006005,CUST_08182,BR005,2026-01-21 10:10:00,Credit Card Service,Completed,12.0
APP_006006,CUST_10579,BR006,2026-01-21 10:55:00,Cash Deposit,Completed,6.5
APP_006007,CUST_11244,BR006,2026-01-21 11:24:00,Cash Withdrawal,Completed,4.5
APP_006008,CUST_12422,BR006,2026-01-21 11:49:00,Cash Deposit,Completed,6.5
APP_006009,CUST_08449,BR006,2026-01-21 12:22:00,Cash Withdrawal,Completed,4.5
APP_006010,CUST_08234,BR006,2026-01-21 12:11:00,Cash Withdrawal,Completed,4.5
APP_006011,CUST_00903,BR006,2026-01-21 12:55:00,Cash Withdrawal,Completed,4.5
APP_006012,CUST_14567,BR006,2026-01-21 14:47:00,Loan Application,Completed,34.0
APP_006013,CUST_07265,BR007,2026-01-21 09:14:00,Investment Enquiry,No-Show,26.0
APP_006014,CUST_06360,BR007,2026-01-21 09:48:00,Cheque Services,Completed,6.0
APP_006015,CUST_10153,BR007,2026-01-21 10:39:00,Cash Deposit,Completed,6.5
APP_006016,CUST_01165,BR008,2026-01-21 10:49:00,Digital Banking Support,Completed,12.5
APP_006017,CUST_03861,BR008,2026-01-21 11:00:00,KYC Update,Completed,13.5
APP_006018,CUST_03701,BR008,2026-01-21 11:16:00,Loan Application,Completed,34.0
APP_006019,CUST_10744,BR008,2026-01-21 11:52:00,Cash Withdrawal,Completed,4.5
APP_006020,CUST_09541,BR009,2026-01-21 09:31:00,Account Opening,Completed,24.0
APP_006021,CUST_14141,BR009,2026-01-21 09:34:00,Loan Application,Completed,34.0
APP_006022,CUST_04009,BR009,2026-01-21 10:14:00,Digital Banking Support,Completed,12.5
APP_006023,CUST_13727,BR009,2026-01-21 10:31:00,Loan Application,Completed,34.0
APP_006024,CUST_09366,BR009,2026-01-21 10:16:00,Account Opening,Completed,24.0
APP_006025,CUST_01437,BR010,2026-01-21 09:37:00,Cash Withdrawal,Completed,4.5
APP_006026,CUST_06929,BR010,2026-01-21 09:04:00,Statement Request,Completed,5.0
APP_006027,CUST_00440,BR010,2026-01-21 11:10:00,Cash Deposit,Completed,6.5
APP_006028,CUST_03840,BR001,2026-01-22 09:28:00,Statement Request,Completed,5.0
APP_006029,CUST_10974,BR001,2026-01-22 10:00:00,Investment Enquiry,Completed,26.0
APP_006030,CUST_03350,BR001,2026-01-22 10:49:00,Loan Enquiry,Completed,18.0
APP_006031,CUST_09850,BR001,2026-01-22 10:03:00,Loan Enquiry,Completed,18.0
APP_006032,CUST_14990,BR001,2026-01-22 11:02:00,Address Update,Completed,8.0
APP_006033,CUST_05488,BR001,2026-01-22 12:13:00,Cash Deposit,Completed,6.5
APP_006034,CUST_05909,BR001,2026-01-22 12:08:00,Cash Deposit,Completed,6.5
APP_006035,CUST_11705,BR002,2026-01-22 09:39:00,Cash Deposit,Completed,6.5
APP_006036,CUST_06200,BR002,2026-01-22 10:27:00,Cash Deposit,Cancelled,6.5
APP_006037,CUST_14267,BR002,2026-01-22 10:50:00,Cash Withdrawal,Cancelled,4.5
APP_006038,CUST_01554,BR002,2026-01-22 11:45:00,Cash Deposit,Completed,6.5
APP_006039,CUST_05731,BR002,2026-01-22 11:32:00,Statement Request,Completed,5.0
APP_006040,CUST_10247,BR002,2026-01-22 12:18:00,Loan Enquiry,Completed,18.0
APP_006041,CUST_09188,BR002,2026-01-22 12:37:00,Statement Request,Cancelled,5.0
APP_006042,CUST_11423,BR003,2026-01-22 09:10:00,Account Opening,Completed,24.0
APP_006043,CUST_14430,BR003,2026-01-22 10:00:00,Account Opening,Completed,24.0
APP_006044,CUST_09127,BR003,2026-01-22 10:18:00,KYC Update,Completed,13.5
APP_006045,CUST_12592,BR003,2026-01-22 11:47:00,General Customer Support,Completed,10.0
APP_006046,CUST_06621,BR003,2026-01-22 11:36:00,Statement Request,Completed,5.0
APP_006047,CUST_05295,BR003,2026-01-22 11:08:00,Cash Deposit,Completed,6.5
APP_006048,CUST_04179,BR003,2026-01-22 11:54:00,Cash Deposit,Completed,6.5
APP_006049,CUST_03184,BR003,2026-01-22 11:01:00,Cash Deposit,Completed,6.5
APP_006050,CUST_00101,BR004,2026-01-22 10:46:00,Investment Enquiry,Completed,26.0
APP_006051,CUST_07996,BR004,2026-01-22 11:35:00,General Customer Support,Completed,10.0
APP_006052,CUST_09873,BR004,2026-01-22 12:05:00,Cash Withdrawal,Cancelled,4.5
APP_006053,CUST_06483,BR004,2026-01-22 13:44:00,Credit Card Service,Cancelled,12.0
APP_006054,CUST_00575,BR004,2026-01-22 13:42:00,Statement Request,Cancelled,5.0
APP_006055,CUST_05070,BR005,2026-01-22 10:03:00,Credit Card Service,Completed,12.0
APP_006056,CUST_05266,BR005,2026-01-22 10:46:00,Investment Enquiry,Completed,26.0
APP_006057,CUST_09193,BR005,2026-01-22 11:49:00,Complaint,Completed,16.5
APP_006058,CUST_02322,BR005,2026-01-22 13:53:00,Address Update,Completed,8.0
APP_006059,CUST_13674,BR006,2026-01-22 09:23:00,Loan Enquiry,Cancelled,18.0
APP_006060,CUST_09036,BR006,2026-01-22 10:31:00,Cheque Services,Completed,6.0
APP_006061,CUST_08911,BR006,2026-01-22 10:37:00,General Customer Support,Completed,10.0
APP_006062,CUST_11668,BR006,2026-01-22 10:12:00,Cash Withdrawal,Completed,4.5
APP_006063,CUST_13011,BR006,2026-01-22 11:11:00,Digital Banking Support,Completed,12.5
APP_006064,CUST_14556,BR006,2026-01-22 12:32:00,Digital Banking Support,Completed,12.5
APP_006065,CUST_00441,BR006,2026-01-22 13:45:00,Cheque Services,Completed,6.0
APP_006066,CUST_08287,BR007,2026-01-22 09:34:00,Account Opening,Completed,24.0
APP_006067,CUST_12495,BR007,2026-01-22 10:32:00,Cheque Services,Completed,6.0
APP_006068,CUST_01225,BR007,2026-01-22 10:32:00,Account Opening,Completed,24.0
APP_006069,CUST_09245,BR007,2026-01-22 10:33:00,KYC Update,Completed,13.5
APP_006070,CUST_12714,BR007,2026-01-22 11:46:00,Loan Application,Cancelled,34.0
APP_006071,CUST_14795,BR007,2026-01-22 11:15:00,Account Opening,Completed,24.0
APP_006072,CUST_00482,BR007,2026-01-22 12:23:00,KYC Update,Completed,13.5
APP_006073,CUST_01841,BR007,2026-01-22 12:45:00,Cash Deposit,Completed,6.5
APP_006074,CUST_08354,BR008,2026-01-22 10:23:00,KYC Update,Cancelled,13.5
APP_006075,CUST_06847,BR008,2026-01-22 10:55:00,Cash Withdrawal,Completed,4.5
APP_006076,CUST_13553,BR008,2026-01-22 11:50:00,Loan Enquiry,Completed,18.0
APP_006077,CUST_01070,BR008,2026-01-22 11:15:00,Loan Enquiry,Cancelled,18.0
APP_006078,CUST_03863,BR009,2026-01-22 10:30:00,Cash Deposit,Completed,6.5
APP_006079,CUST_06093,BR009,2026-01-22 10:03:00,Account Opening,Completed,24.0
APP_006080,CUST_02819,BR009,2026-01-22 11:33:00,General Customer Support,Completed,10.0
APP_006081,CUST_11598,BR009,2026-01-22 12:31:00,Loan Application,Completed,34.0
APP_006082,CUST_13464,BR009,2026-01-22 15:30:00,Address Update,Completed,8.0
APP_006083,CUST_03174,BR010,2026-01-22 09:25:00,Statement Request,Completed,5.0
APP_006084,CUST_00759,BR010,2026-01-22 11:11:00,KYC Update,Completed,13.5
APP_006085,CUST_03082,BR010,2026-01-22 11:50:00,Cash Deposit,Completed,6.5
APP_006086,CUST_07021,BR010,2026-01-22 11:38:00,Cash Deposit,Completed,6.5
APP_006087,CUST_14564,BR001,2026-01-23 09:24:00,KYC Update,Completed,13.5
APP_006088,CUST_13373,BR001,2026-01-23 09:37:00,Cash Deposit,Completed,6.5
APP_006089,CUST_07918,BR001,2026-01-23 09:12:00,Credit Card Service,Completed,12.0
APP_006090,CUST_13771,BR001,2026-01-23 09:19:00,Complaint,Completed,16.5
APP_006091,CUST_07375,BR001,2026-01-23 09:44:00,Cash Deposit,Completed,6.5
APP_006092,CUST_13235,BR001,2026-01-23 10:44:00,Cash Deposit,Completed,6.5
APP_006093,CUST_02847,BR001,2026-01-23 10:06:00,KYC Update,Completed,13.5
APP_006094,CUST_12757,BR001,2026-01-23 10:45:00,KYC Update,Completed,13.5
APP_006095,CUST_03557,BR001,2026-01-23 10:16:00,Loan Enquiry,Completed,18.0
APP_006096,CUST_02078,BR001,2026-01-23 10:01:00,Loan Application,Completed,34.0
APP_006097,CUST_07913,BR001,2026-01-23 10:28:00,Digital Banking Support,Completed,12.5
APP_006098,CUST_06003,BR002,2026-01-23 09:41:00,Cash Withdrawal,Completed,4.5
APP_006099,CUST_06021,BR002,2026-01-23 10:54:00,Cash Deposit,Completed,6.5
APP_006100,CUST_14364,BR002,2026-01-23 10:09:00,Complaint,Completed,16.5
APP_006101,CUST_05761,BR002,2026-01-23 10:36:00,Cash Withdrawal,Completed,4.5
APP_006102,CUST_08301,BR002,2026-01-23 10:49:00,Loan Enquiry,Completed,18.0
APP_006103,CUST_08261,BR002,2026-01-23 11:27:00,Cash Withdrawal,Completed,4.5
APP_006104,CUST_07537,BR002,2026-01-23 11:43:00,Cash Deposit,No-Show,6.5
APP_006105,CUST_10701,BR002,2026-01-23 12:04:00,Investment Enquiry,Completed,26.0
APP_006106,CUST_11790,BR002,2026-01-23 12:04:00,Cash Deposit,Completed,6.5
APP_006107,CUST_08033,BR002,2026-01-23 12:30:00,Cash Withdrawal,Completed,4.5
APP_006108,CUST_09388,BR002,2026-01-23 12:10:00,Loan Enquiry,Completed,18.0
APP_006109,CUST_01083,BR002,2026-01-23 13:36:00,Cash Deposit,Completed,6.5
APP_006110,CUST_02547,BR003,2026-01-23 10:35:00,Cash Withdrawal,Completed,4.5
APP_006111,CUST_05404,BR003,2026-01-23 10:04:00,Cash Withdrawal,Completed,4.5
APP_006112,CUST_02713,BR003,2026-01-23 10:44:00,Cash Deposit,Completed,6.5
APP_006113,CUST_02394,BR003,2026-01-23 11:10:00,Cash Deposit,Completed,6.5
APP_006114,CUST_03856,BR003,2026-01-23 11:09:00,Credit Card Service,Completed,12.0
APP_006115,CUST_05667,BR003,2026-01-23 11:24:00,KYC Update,Completed,13.5
APP_006116,CUST_08789,BR003,2026-01-23 11:19:00,Cheque Services,Completed,6.0
APP_006117,CUST_03947,BR003,2026-01-23 12:53:00,Cheque Services,Completed,6.0
APP_006118,CUST_03068,BR004,2026-01-23 09:24:00,Complaint,Completed,16.5
APP_006119,CUST_03948,BR004,2026-01-23 10:06:00,KYC Update,Completed,13.5
APP_006120,CUST_10985,BR004,2026-01-23 10:48:00,General Customer Support,Completed,10.0
APP_006121,CUST_01413,BR004,2026-01-23 10:49:00,Investment Enquiry,Completed,26.0
APP_006122,CUST_05222,BR004,2026-01-23 11:27:00,Credit Card Service,Completed,12.0
APP_006123,CUST_08505,BR004,2026-01-23 11:22:00,Address Update,Completed,8.0
APP_006124,CUST_06316,BR004,2026-01-23 12:20:00,Address Update,Completed,8.0
APP_006125,CUST_03762,BR004,2026-01-23 13:43:00,KYC Update,Completed,13.5
APP_006126,CUST_11535,BR005,2026-01-23 09:38:00,Cheque Services,Completed,6.0
APP_006127,CUST_08959,BR005,2026-01-23 10:55:00,Loan Application,Completed,34.0
APP_006128,CUST_09077,BR005,2026-01-23 10:20:00,Address Update,Completed,8.0
APP_006129,CUST_03324,BR005,2026-01-23 11:36:00,Cash Deposit,Completed,6.5
APP_006130,CUST_10786,BR005,2026-01-23 11:23:00,Cash Withdrawal,Completed,4.5
APP_006131,CUST_00591,BR005,2026-01-23 13:37:00,Address Update,Completed,8.0
APP_006132,CUST_01571,BR005,2026-01-23 13:40:00,Complaint,Completed,16.5
APP_006133,CUST_03507,BR006,2026-01-23 09:46:00,Loan Enquiry,Completed,18.0
APP_006134,CUST_02906,BR006,2026-01-23 09:07:00,Loan Application,Completed,34.0
APP_006135,CUST_10737,BR006,2026-01-23 09:55:00,KYC Update,Completed,13.5
APP_006136,CUST_04695,BR006,2026-01-23 10:36:00,KYC Update,Completed,13.5
APP_006137,CUST_00422,BR006,2026-01-23 11:27:00,Credit Card Service,Cancelled,12.0
APP_006138,CUST_04095,BR006,2026-01-23 11:20:00,Address Update,Completed,8.0
APP_006139,CUST_02437,BR006,2026-01-23 11:41:00,KYC Update,Completed,13.5
APP_006140,CUST_03352,BR006,2026-01-23 12:55:00,Loan Application,Completed,34.0
APP_006141,CUST_00596,BR007,2026-01-23 09:36:00,Credit Card Service,Cancelled,12.0
APP_006142,CUST_13438,BR007,2026-01-23 11:12:00,General Customer Support,Completed,10.0
APP_006143,CUST_09052,BR007,2026-01-23 12:40:00,Account Opening,Completed,24.0
APP_006144,CUST_05968,BR007,2026-01-23 13:49:00,Cash Deposit,Completed,6.5
APP_006145,CUST_06549,BR007,2026-01-23 15:08:00,Complaint,Completed,16.5
APP_006146,CUST_09303,BR007,2026-01-23 15:15:00,Loan Enquiry,Completed,18.0
APP_006147,CUST_00595,BR007,2026-01-23 15:18:00,KYC Update,Completed,13.5
APP_006148,CUST_08794,BR008,2026-01-23 11:06:00,Loan Enquiry,Completed,18.0
APP_006149,CUST_10578,BR008,2026-01-23 13:29:00,Cash Deposit,Completed,6.5
APP_006150,CUST_05271,BR008,2026-01-23 13:12:00,General Customer Support,No-Show,10.0
APP_006151,CUST_06887,BR008,2026-01-23 15:46:00,Address Update,Completed,8.0
APP_006152,CUST_01574,BR009,2026-01-23 09:20:00,Loan Enquiry,Completed,18.0
APP_006153,CUST_05921,BR009,2026-01-23 10:47:00,Cash Deposit,Completed,6.5
APP_006154,CUST_06119,BR009,2026-01-23 10:47:00,Cash Deposit,Completed,6.5
APP_006155,CUST_02025,BR009,2026-01-23 11:38:00,KYC Update,No-Show,13.5
APP_006156,CUST_01995,BR009,2026-01-23 11:09:00,Statement Request,Completed,5.0
APP_006157,CUST_12607,BR009,2026-01-23 12:55:00,Cash Deposit,Completed,6.5
APP_006158,CUST_08061,BR009,2026-01-23 12:02:00,General Customer Support,Cancelled,10.0
APP_006159,CUST_08892,BR010,2026-01-23 10:47:00,Address Update,Completed,8.0
APP_006160,CUST_14946,BR010,2026-01-23 10:07:00,Loan Enquiry,Completed,18.0
APP_006161,CUST_05528,BR010,2026-01-23 10:52:00,Cheque Services,Completed,6.0
APP_006162,CUST_09028,BR010,2026-01-23 13:53:00,Complaint,Cancelled,16.5
APP_006163,CUST_03569,BR001,2026-01-27 10:00:00,Cheque Services,Completed,6.0
APP_006164,CUST_09467,BR001,2026-01-27 10:13:00,Cash Withdrawal,Completed,4.5
APP_006165,CUST_01701,BR001,2026-01-27 10:27:00,Statement Request,Completed,5.0
APP_006166,CUST_05672,BR001,2026-01-27 10:09:00,Statement Request,Completed,5.0
APP_006167,CUST_11191,BR001,2026-01-27 10:07:00,General Customer Support,Completed,10.0
APP_006168,CUST_09317,BR001,2026-01-27 10:13:00,Complaint,Completed,16.5
APP_006169,CUST_13659,BR001,2026-01-27 11:54:00,Cash Withdrawal,Completed,4.5
APP_006170,CUST_13284,BR001,2026-01-27 11:43:00,Address Update,Completed,8.0
APP_006171,CUST_13128,BR001,2026-01-27 11:19:00,Cheque Services,Completed,6.0
APP_006172,CUST_08249,BR001,2026-01-27 11:25:00,Account Opening,Cancelled,24.0
APP_006173,CUST_08060,BR001,2026-01-27 11:13:00,Loan Enquiry,Completed,18.0
APP_006174,CUST_09046,BR002,2026-01-27 10:38:00,Cash Withdrawal,Completed,4.5
APP_006175,CUST_14330,BR002,2026-01-27 10:25:00,KYC Update,Completed,13.5
APP_006176,CUST_04933,BR002,2026-01-27 11:02:00,Cash Withdrawal,Completed,4.5
APP_006177,CUST_08029,BR002,2026-01-27 11:17:00,Digital Banking Support,Completed,12.5
APP_006178,CUST_04471,BR002,2026-01-27 12:40:00,Cash Deposit,Completed,6.5
APP_006179,CUST_02843,BR002,2026-01-27 12:17:00,Cheque Services,Completed,6.0
APP_006180,CUST_02718,BR002,2026-01-27 12:21:00,Loan Application,Completed,34.0
APP_006181,CUST_00440,BR002,2026-01-27 13:32:00,Cash Deposit,Cancelled,6.5
APP_006182,CUST_00404,BR002,2026-01-27 13:03:00,General Customer Support,Completed,10.0
APP_006183,CUST_10026,BR003,2026-01-27 09:38:00,Cash Deposit,Completed,6.5
APP_006184,CUST_01324,BR003,2026-01-27 09:06:00,Cash Deposit,Completed,6.5
APP_006185,CUST_03107,BR003,2026-01-27 10:50:00,Cash Withdrawal,Completed,4.5
APP_006186,CUST_03266,BR003,2026-01-27 11:54:00,Cash Deposit,No-Show,6.5
APP_006187,CUST_10694,BR003,2026-01-27 12:53:00,Loan Application,Completed,34.0
APP_006188,CUST_14968,BR003,2026-01-27 12:55:00,Cash Deposit,Completed,6.5
APP_006189,CUST_08294,BR003,2026-01-27 12:27:00,Loan Enquiry,Completed,18.0
APP_006190,CUST_04775,BR003,2026-01-27 13:25:00,Cash Deposit,Completed,6.5
APP_006191,CUST_10555,BR003,2026-01-27 13:02:00,Cheque Services,Completed,6.0
APP_006192,CUST_00186,BR003,2026-01-27 13:04:00,Loan Enquiry,Completed,18.0
APP_006193,CUST_07184,BR004,2026-01-27 10:13:00,Address Update,Completed,8.0
APP_006194,CUST_09424,BR004,2026-01-27 10:06:00,Cheque Services,Completed,6.0
APP_006195,CUST_13436,BR004,2026-01-27 13:45:00,Cash Deposit,Cancelled,6.5
APP_006196,CUST_14482,BR004,2026-01-27 14:36:00,Credit Card Service,Completed,12.0
APP_006197,CUST_02734,BR005,2026-01-27 09:24:00,Investment Enquiry,Cancelled,26.0
APP_006198,CUST_04353,BR005,2026-01-27 11:43:00,Cash Deposit,Completed,6.5
APP_006199,CUST_11692,BR005,2026-01-27 11:44:00,Cheque Services,Cancelled,6.0
APP_006200,CUST_14855,BR006,2026-01-27 09:08:00,Statement Request,Completed,5.0
APP_006201,CUST_07871,BR006,2026-01-27 09:48:00,Cash Deposit,Completed,6.5
APP_006202,CUST_01402,BR006,2026-01-27 10:46:00,Cash Withdrawal,Completed,4.5
APP_006203,CUST_13223,BR006,2026-01-27 10:45:00,Cheque Services,Completed,6.0
APP_006204,CUST_10152,BR006,2026-01-27 11:09:00,Credit Card Service,Completed,12.0
APP_006205,CUST_09943,BR006,2026-01-27 11:52:00,KYC Update,Completed,13.5
APP_006206,CUST_06888,BR006,2026-01-27 12:47:00,Address Update,Cancelled,8.0
APP_006207,CUST_03147,BR007,2026-01-27 11:47:00,Complaint,Completed,16.5
APP_006208,CUST_14874,BR007,2026-01-27 11:30:00,Account Opening,Completed,24.0
APP_006209,CUST_04437,BR007,2026-01-27 11:31:00,Loan Application,Completed,34.0
APP_006210,CUST_05264,BR007,2026-01-27 12:01:00,Cheque Services,Completed,6.0
APP_006211,CUST_14232,BR007,2026-01-27 13:39:00,Credit Card Service,Completed,12.0
APP_006212,CUST_13939,BR007,2026-01-27 14:13:00,Cheque Services,Completed,6.0
APP_006213,CUST_04570,BR007,2026-01-27 14:46:00,Statement Request,Completed,5.0
APP_006214,CUST_11832,BR008,2026-01-27 10:03:00,Cash Withdrawal,Completed,4.5
APP_006215,CUST_04183,BR008,2026-01-27 13:20:00,Digital Banking Support,Completed,12.5
APP_006216,CUST_13100,BR009,2026-01-27 10:33:00,Cheque Services,Completed,6.0
APP_006217,CUST_10833,BR009,2026-01-27 11:33:00,Digital Banking Support,Completed,12.5
APP_006218,CUST_08588,BR009,2026-01-27 11:47:00,Cash Withdrawal,Completed,4.5
APP_006219,CUST_09949,BR009,2026-01-27 12:06:00,Cash Deposit,Completed,6.5
APP_006220,CUST_01339,BR009,2026-01-27 13:27:00,Cash Deposit,Completed,6.5
APP_006221,CUST_11898,BR009,2026-01-27 14:40:00,Loan Enquiry,Completed,18.0
APP_006222,CUST_01692,BR009,2026-01-27 14:13:00,Address Update,Completed,8.0
APP_006223,CUST_09722,BR010,2026-01-27 10:11:00,Cheque Services,Completed,6.0
APP_006224,CUST_05685,BR010,2026-01-27 11:35:00,Cash Withdrawal,Completed,4.5
APP_006225,CUST_04951,BR010,2026-01-27 11:43:00,Account Opening,Completed,24.0
APP_006226,CUST_09470,BR010,2026-01-27 11:54:00,Digital Banking Support,Completed,12.5
APP_006227,CUST_14496,BR001,2026-01-28 09:08:00,Cash Deposit,Completed,6.5
APP_006228,CUST_10613,BR001,2026-01-28 10:23:00,Cash Deposit,Completed,6.5
APP_006229,CUST_07785,BR001,2026-01-28 10:40:00,General Customer Support,No-Show,10.0
APP_006230,CUST_13884,BR001,2026-01-28 10:53:00,Complaint,Completed,16.5
APP_006231,CUST_08684,BR001,2026-01-28 10:49:00,Address Update,Completed,8.0
APP_006232,CUST_08542,BR001,2026-01-28 11:28:00,Cash Withdrawal,Completed,4.5
APP_006233,CUST_05352,BR001,2026-01-28 11:10:00,Statement Request,Completed,5.0
APP_006234,CUST_12652,BR001,2026-01-28 12:10:00,Cash Deposit,Completed,6.5
APP_006235,CUST_01568,BR001,2026-01-28 12:42:00,Credit Card Service,Cancelled,12.0
APP_006236,CUST_07791,BR001,2026-01-28 12:12:00,General Customer Support,Completed,10.0
APP_006237,CUST_01136,BR001,2026-01-28 13:32:00,Investment Enquiry,Completed,26.0
APP_006238,CUST_04681,BR001,2026-01-28 14:20:00,KYC Update,Completed,13.5
APP_006239,CUST_06966,BR001,2026-01-28 15:08:00,Loan Enquiry,Completed,18.0
APP_006240,CUST_03958,BR002,2026-01-28 11:47:00,Digital Banking Support,Completed,12.5
APP_006241,CUST_14126,BR002,2026-01-28 11:33:00,Cheque Services,Completed,6.0
APP_006242,CUST_14340,BR002,2026-01-28 11:55:00,Credit Card Service,Completed,12.0
APP_006243,CUST_12097,BR002,2026-01-28 11:30:00,Account Opening,Completed,24.0
APP_006244,CUST_05289,BR002,2026-01-28 11:10:00,Cash Deposit,Completed,6.5
APP_006245,CUST_08555,BR002,2026-01-28 11:33:00,Cash Withdrawal,Completed,4.5
APP_006246,CUST_08055,BR002,2026-01-28 11:26:00,Cash Deposit,Completed,6.5
APP_006247,CUST_01568,BR002,2026-01-28 11:51:00,Account Opening,Completed,24.0
APP_006248,CUST_05651,BR002,2026-01-28 13:30:00,Statement Request,Completed,5.0
APP_006249,CUST_08719,BR002,2026-01-28 13:22:00,Loan Enquiry,Completed,18.0
APP_006250,CUST_07947,BR002,2026-01-28 13:27:00,Loan Application,Completed,34.0
APP_006251,CUST_05810,BR002,2026-01-28 13:03:00,Cash Deposit,Completed,6.5
APP_006252,CUST_00442,BR002,2026-01-28 14:06:00,Account Opening,Completed,24.0
APP_006253,CUST_05567,BR003,2026-01-28 09:06:00,KYC Update,Completed,13.5
APP_006254,CUST_08353,BR003,2026-01-28 10:52:00,Loan Application,Completed,34.0
APP_006255,CUST_08486,BR003,2026-01-28 10:22:00,Cash Deposit,Completed,6.5
APP_006256,CUST_04371,BR003,2026-01-28 10:39:00,Cash Withdrawal,Completed,4.5
APP_006257,CUST_07623,BR003,2026-01-28 10:14:00,Cheque Services,Completed,6.0
APP_006258,CUST_03041,BR003,2026-01-28 11:22:00,Cash Deposit,Completed,6.5
APP_006259,CUST_14362,BR003,2026-01-28 11:35:00,Loan Application,Completed,34.0
APP_006260,CUST_10682,BR003,2026-01-28 11:23:00,Cash Withdrawal,Completed,4.5
APP_006261,CUST_06587,BR003,2026-01-28 11:48:00,Loan Application,Completed,34.0
APP_006262,CUST_10446,BR003,2026-01-28 11:35:00,Cash Deposit,Completed,6.5
APP_006263,CUST_08391,BR003,2026-01-28 11:16:00,KYC Update,Completed,13.5
APP_006264,CUST_01419,BR003,2026-01-28 11:00:00,Cash Deposit,Completed,6.5
APP_006265,CUST_09542,BR004,2026-01-28 09:27:00,Cash Withdrawal,Completed,4.5
APP_006266,CUST_02911,BR004,2026-01-28 09:44:00,Credit Card Service,Completed,12.0
APP_006267,CUST_13233,BR004,2026-01-28 10:16:00,Account Opening,Completed,24.0
APP_006268,CUST_07041,BR004,2026-01-28 10:22:00,Credit Card Service,Completed,12.0
APP_006269,CUST_13101,BR004,2026-01-28 10:17:00,Cash Withdrawal,Completed,4.5
APP_006270,CUST_00429,BR005,2026-01-28 10:45:00,Cheque Services,Completed,6.0
APP_006271,CUST_08225,BR005,2026-01-28 11:52:00,KYC Update,Completed,13.5
APP_006272,CUST_02620,BR005,2026-01-28 11:08:00,Credit Card Service,Completed,12.0
APP_006273,CUST_03354,BR005,2026-01-28 12:30:00,Cash Deposit,Completed,6.5
APP_006274,CUST_03006,BR005,2026-01-28 13:05:00,KYC Update,Completed,13.5
APP_006275,CUST_00273,BR005,2026-01-28 13:04:00,Cash Withdrawal,Completed,4.5
APP_006276,CUST_14917,BR005,2026-01-28 13:36:00,Credit Card Service,Completed,12.0
APP_006277,CUST_06643,BR005,2026-01-28 14:43:00,Credit Card Service,No-Show,12.0
APP_006278,CUST_10477,BR005,2026-01-28 14:54:00,Loan Enquiry,Completed,18.0
APP_006279,CUST_13662,BR006,2026-01-28 09:02:00,Cheque Services,Completed,6.0
APP_006280,CUST_05883,BR006,2026-01-28 09:33:00,Cash Withdrawal,Completed,4.5
APP_006281,CUST_02059,BR006,2026-01-28 09:02:00,Account Opening,Completed,24.0
APP_006282,CUST_05979,BR006,2026-01-28 10:02:00,Cash Withdrawal,Completed,4.5
APP_006283,CUST_00716,BR006,2026-01-28 11:04:00,Cash Withdrawal,Completed,4.5
APP_006284,CUST_13294,BR006,2026-01-28 11:39:00,KYC Update,Cancelled,13.5
APP_006285,CUST_04459,BR006,2026-01-28 12:10:00,Loan Enquiry,Completed,18.0
APP_006286,CUST_09714,BR006,2026-01-28 12:28:00,KYC Update,Cancelled,13.5
APP_006287,CUST_13146,BR006,2026-01-28 12:02:00,Credit Card Service,Cancelled,12.0
APP_006288,CUST_03123,BR007,2026-01-28 09:48:00,Investment Enquiry,Completed,26.0
APP_006289,CUST_11174,BR007,2026-01-28 09:35:00,Statement Request,Completed,5.0
APP_006290,CUST_03630,BR007,2026-01-28 10:02:00,Digital Banking Support,Completed,12.5
APP_006291,CUST_00812,BR007,2026-01-28 10:52:00,Cheque Services,Completed,6.0
APP_006292,CUST_07801,BR007,2026-01-28 11:54:00,General Customer Support,Completed,10.0
APP_006293,CUST_09825,BR007,2026-01-28 13:20:00,Credit Card Service,Completed,12.0
APP_006294,CUST_03256,BR007,2026-01-28 13:12:00,Cash Withdrawal,Completed,4.5
APP_006295,CUST_11871,BR007,2026-01-28 13:39:00,Cash Withdrawal,Cancelled,4.5
APP_006296,CUST_00350,BR008,2026-01-28 10:34:00,Loan Enquiry,Completed,18.0
APP_006297,CUST_00479,BR008,2026-01-28 11:08:00,Account Opening,Completed,24.0
APP_006298,CUST_04046,BR008,2026-01-28 12:44:00,Investment Enquiry,Completed,26.0
APP_006299,CUST_05926,BR008,2026-01-28 12:50:00,Cash Deposit,Completed,6.5
APP_006300,CUST_06662,BR008,2026-01-28 12:16:00,Credit Card Service,Completed,12.0
APP_006301,CUST_06167,BR009,2026-01-28 09:12:00,Cash Withdrawal,Completed,4.5
APP_006302,CUST_11348,BR009,2026-01-28 09:20:00,Account Opening,Completed,24.0
APP_006303,CUST_12662,BR009,2026-01-28 09:44:00,Address Update,Completed,8.0
APP_006304,CUST_04854,BR009,2026-01-28 10:46:00,Cash Withdrawal,Completed,4.5
APP_006305,CUST_03987,BR009,2026-01-28 11:19:00,Loan Application,Completed,34.0
APP_006306,CUST_01550,BR009,2026-01-28 11:17:00,Account Opening,Cancelled,24.0
APP_006307,CUST_08935,BR009,2026-01-28 11:17:00,Cash Deposit,Completed,6.5
APP_006308,CUST_04167,BR009,2026-01-28 12:46:00,Credit Card Service,Completed,12.0
APP_006309,CUST_05647,BR010,2026-01-28 10:01:00,KYC Update,Completed,13.5
APP_006310,CUST_05870,BR010,2026-01-28 10:16:00,Complaint,Completed,16.5
APP_006311,CUST_10411,BR010,2026-01-28 11:15:00,Cash Deposit,Completed,6.5
APP_006312,CUST_06726,BR010,2026-01-28 12:07:00,Loan Application,No-Show,34.0
APP_006313,CUST_14559,BR001,2026-01-29 09:51:00,Loan Enquiry,Cancelled,18.0
APP_006314,CUST_00116,BR001,2026-01-29 10:27:00,Credit Card Service,Completed,12.0
APP_006315,CUST_14850,BR001,2026-01-29 10:16:00,Cash Deposit,Completed,6.5
APP_006316,CUST_07272,BR001,2026-01-29 11:36:00,Account Opening,Cancelled,24.0
APP_006317,CUST_08519,BR001,2026-01-29 12:24:00,Complaint,No-Show,16.5
APP_006318,CUST_11361,BR001,2026-01-29 12:35:00,Loan Application,Completed,34.0
APP_006319,CUST_12635,BR001,2026-01-29 13:11:00,Digital Banking Support,Cancelled,12.5
APP_006320,CUST_07252,BR001,2026-01-29 13:18:00,Statement Request,Completed,5.0
APP_006321,CUST_09880,BR001,2026-01-29 13:26:00,Cash Deposit,Completed,6.5
APP_006322,CUST_03708,BR001,2026-01-29 13:50:00,Cash Deposit,Completed,6.5
APP_006323,CUST_10524,BR001,2026-01-29 13:38:00,Cash Withdrawal,Completed,4.5
APP_006324,CUST_05359,BR001,2026-01-29 15:55:00,Cash Withdrawal,Completed,4.5
APP_006325,CUST_03894,BR001,2026-01-29 15:48:00,Address Update,Completed,8.0
APP_006326,CUST_12638,BR002,2026-01-29 09:05:00,Cheque Services,Completed,6.0
APP_006327,CUST_07153,BR002,2026-01-29 09:52:00,General Customer Support,Completed,10.0
APP_006328,CUST_06730,BR002,2026-01-29 10:07:00,KYC Update,Completed,13.5
APP_006329,CUST_14316,BR002,2026-01-29 10:44:00,Cash Withdrawal,Completed,4.5
APP_006330,CUST_01958,BR002,2026-01-29 11:55:00,Statement Request,Completed,5.0
APP_006331,CUST_05827,BR002,2026-01-29 11:11:00,Loan Application,Completed,34.0
APP_006332,CUST_03881,BR002,2026-01-29 11:55:00,KYC Update,Completed,13.5
APP_006333,CUST_05606,BR002,2026-01-29 11:41:00,Cheque Services,Completed,6.0
APP_006334,CUST_12184,BR002,2026-01-29 11:48:00,Loan Enquiry,Completed,18.0
APP_006335,CUST_00075,BR002,2026-01-29 12:08:00,Cash Withdrawal,Completed,4.5
APP_006336,CUST_13094,BR003,2026-01-29 09:53:00,KYC Update,Completed,13.5
APP_006337,CUST_09892,BR003,2026-01-29 10:40:00,Investment Enquiry,Completed,26.0
APP_006338,CUST_08196,BR003,2026-01-29 12:37:00,Cash Withdrawal,Cancelled,4.5
APP_006339,CUST_08494,BR003,2026-01-29 12:29:00,Cash Deposit,Completed,6.5
APP_006340,CUST_00465,BR003,2026-01-29 14:43:00,Cash Withdrawal,Completed,4.5
APP_006341,CUST_03231,BR003,2026-01-29 14:40:00,Cash Withdrawal,Completed,4.5
APP_006342,CUST_01508,BR003,2026-01-29 15:53:00,Credit Card Service,Completed,12.0
APP_006343,CUST_06114,BR004,2026-01-29 09:28:00,Credit Card Service,Cancelled,12.0
APP_006344,CUST_14428,BR004,2026-01-29 09:43:00,Loan Enquiry,Completed,18.0
APP_006345,CUST_10026,BR004,2026-01-29 10:20:00,Cash Deposit,Completed,6.5
APP_006346,CUST_04797,BR004,2026-01-29 10:10:00,Investment Enquiry,Cancelled,26.0
APP_006347,CUST_08764,BR004,2026-01-29 10:35:00,Cash Deposit,Completed,6.5
APP_006348,CUST_00433,BR004,2026-01-29 10:39:00,KYC Update,Cancelled,13.5
APP_006349,CUST_07061,BR004,2026-01-29 11:17:00,KYC Update,Completed,13.5
APP_006350,CUST_09706,BR004,2026-01-29 11:43:00,Cash Deposit,Completed,6.5
APP_006351,CUST_11654,BR004,2026-01-29 11:09:00,KYC Update,Completed,13.5
APP_006352,CUST_14193,BR005,2026-01-29 10:24:00,KYC Update,Completed,13.5
APP_006353,CUST_11697,BR005,2026-01-29 10:32:00,Cash Withdrawal,Completed,4.5
APP_006354,CUST_08006,BR005,2026-01-29 10:03:00,Credit Card Service,No-Show,12.0
APP_006355,CUST_10552,BR005,2026-01-29 11:03:00,General Customer Support,Cancelled,10.0
APP_006356,CUST_10802,BR005,2026-01-29 12:17:00,Cash Withdrawal,Completed,4.5
APP_006357,CUST_01550,BR005,2026-01-29 12:40:00,Cash Deposit,Cancelled,6.5
APP_006358,CUST_06434,BR006,2026-01-29 10:01:00,KYC Update,Cancelled,13.5
APP_006359,CUST_06448,BR006,2026-01-29 11:12:00,Cheque Services,Completed,6.0
APP_006360,CUST_13673,BR006,2026-01-29 11:33:00,Cash Withdrawal,Completed,4.5
APP_006361,CUST_04931,BR006,2026-01-29 11:02:00,Account Opening,Completed,24.0
APP_006362,CUST_14594,BR006,2026-01-29 12:40:00,Digital Banking Support,Completed,12.5
APP_006363,CUST_06088,BR006,2026-01-29 13:21:00,Loan Application,Completed,34.0
APP_006364,CUST_04567,BR006,2026-01-29 13:46:00,General Customer Support,Completed,10.0
APP_006365,CUST_09719,BR006,2026-01-29 14:42:00,Loan Application,Cancelled,34.0
APP_006366,CUST_08475,BR007,2026-01-29 09:06:00,Cash Deposit,Completed,6.5
APP_006367,CUST_09248,BR007,2026-01-29 10:10:00,KYC Update,Completed,13.5
APP_006368,CUST_11881,BR007,2026-01-29 10:23:00,Digital Banking Support,Completed,12.5
APP_006369,CUST_10950,BR007,2026-01-29 10:46:00,Cash Withdrawal,Completed,4.5
APP_006370,CUST_14531,BR007,2026-01-29 10:44:00,Loan Application,Completed,34.0
APP_006371,CUST_03692,BR007,2026-01-29 10:19:00,Cheque Services,Completed,6.0
APP_006372,CUST_05919,BR007,2026-01-29 10:00:00,General Customer Support,Completed,10.0
APP_006373,CUST_12392,BR007,2026-01-29 11:00:00,KYC Update,Completed,13.5
APP_006374,CUST_02637,BR008,2026-01-29 09:42:00,Investment Enquiry,Cancelled,26.0
APP_006375,CUST_13997,BR008,2026-01-29 09:22:00,Cash Deposit,Completed,6.5
APP_006376,CUST_00270,BR008,2026-01-29 10:03:00,Investment Enquiry,Completed,26.0
APP_006377,CUST_05035,BR008,2026-01-29 10:10:00,Address Update,Completed,8.0
APP_006378,CUST_02312,BR008,2026-01-29 10:49:00,Account Opening,Completed,24.0
APP_006379,CUST_00682,BR009,2026-01-29 09:55:00,Address Update,Cancelled,8.0
APP_006380,CUST_10883,BR009,2026-01-29 09:29:00,Statement Request,Completed,5.0
APP_006381,CUST_12235,BR009,2026-01-29 10:16:00,Cash Withdrawal,Completed,4.5
APP_006382,CUST_14115,BR009,2026-01-29 10:30:00,Address Update,Completed,8.0
APP_006383,CUST_09186,BR009,2026-01-29 10:50:00,Statement Request,Cancelled,5.0
APP_006384,CUST_10520,BR009,2026-01-29 11:43:00,Cash Withdrawal,Completed,4.5
APP_006385,CUST_05950,BR009,2026-01-29 11:39:00,KYC Update,Completed,13.5
APP_006386,CUST_07832,BR009,2026-01-29 11:27:00,Digital Banking Support,Completed,12.5
APP_006387,CUST_07161,BR009,2026-01-29 11:50:00,Digital Banking Support,Completed,12.5
APP_006388,CUST_10284,BR009,2026-01-29 11:02:00,KYC Update,Completed,13.5
APP_006389,CUST_00536,BR009,2026-01-29 11:52:00,Cash Withdrawal,Cancelled,4.5
APP_006390,CUST_05791,BR009,2026-01-29 12:51:00,Account Opening,Completed,24.0
APP_006391,CUST_01251,BR010,2026-01-29 10:13:00,Address Update,Completed,8.0
APP_006392,CUST_04235,BR010,2026-01-29 10:44:00,Loan Enquiry,Completed,18.0
APP_006393,CUST_04851,BR010,2026-01-29 11:04:00,Cash Withdrawal,Completed,4.5
APP_006394,CUST_06076,BR010,2026-01-29 11:26:00,Cash Withdrawal,Completed,4.5
APP_006395,CUST_11998,BR010,2026-01-29 12:18:00,Cash Withdrawal,Completed,4.5
APP_006396,CUST_14802,BR010,2026-01-29 14:22:00,Credit Card Service,Completed,12.0
APP_006397,CUST_09033,BR010,2026-01-29 14:04:00,KYC Update,Completed,13.5
APP_006398,CUST_10521,BR001,2026-01-30 09:25:00,General Customer Support,Completed,10.0
APP_006399,CUST_08958,BR001,2026-01-30 10:47:00,Account Opening,Completed,24.0
APP_006400,CUST_02207,BR001,2026-01-30 10:37:00,Loan Application,Completed,34.0
APP_006401,CUST_02373,BR001,2026-01-30 10:35:00,KYC Update,Cancelled,13.5
APP_006402,CUST_01696,BR001,2026-01-30 10:18:00,General Customer Support,Completed,10.0
APP_006403,CUST_14059,BR001,2026-01-30 10:32:00,Cash Withdrawal,Completed,4.5
APP_006404,CUST_00625,BR001,2026-01-30 11:08:00,General Customer Support,Completed,10.0
APP_006405,CUST_07708,BR001,2026-01-30 11:52:00,Cheque Services,Completed,6.0
APP_006406,CUST_09752,BR001,2026-01-30 11:53:00,Digital Banking Support,Completed,12.5
APP_006407,CUST_02329,BR001,2026-01-30 12:45:00,Account Opening,Completed,24.0
APP_006408,CUST_00185,BR001,2026-01-30 12:10:00,Statement Request,Cancelled,5.0
APP_006409,CUST_09630,BR001,2026-01-30 12:18:00,Cash Withdrawal,Completed,4.5
APP_006410,CUST_11558,BR001,2026-01-30 13:46:00,Address Update,Completed,8.0
APP_006411,CUST_12403,BR001,2026-01-30 13:21:00,Cash Withdrawal,Completed,4.5
APP_006412,CUST_11507,BR001,2026-01-30 13:44:00,Loan Application,Completed,34.0
APP_006413,CUST_06916,BR001,2026-01-30 14:48:00,Cash Deposit,Completed,6.5
APP_006414,CUST_14721,BR002,2026-01-30 09:35:00,Cash Withdrawal,Completed,4.5
APP_006415,CUST_11903,BR002,2026-01-30 09:40:00,Account Opening,No-Show,24.0
APP_006416,CUST_09401,BR002,2026-01-30 10:14:00,Account Opening,Completed,24.0
APP_006417,CUST_00336,BR002,2026-01-30 10:40:00,Account Opening,No-Show,24.0
APP_006418,CUST_03986,BR002,2026-01-30 10:13:00,Cash Deposit,Completed,6.5
APP_006419,CUST_00670,BR002,2026-01-30 10:17:00,Address Update,Completed,8.0
APP_006420,CUST_04247,BR002,2026-01-30 10:22:00,Digital Banking Support,Completed,12.5
APP_006421,CUST_01503,BR002,2026-01-30 10:41:00,Account Opening,Completed,24.0
APP_006422,CUST_03130,BR002,2026-01-30 10:28:00,Loan Enquiry,Completed,18.0
APP_006423,CUST_07173,BR002,2026-01-30 10:07:00,KYC Update,Completed,13.5
APP_006424,CUST_01560,BR002,2026-01-30 11:15:00,Statement Request,Completed,5.0
APP_006425,CUST_04389,BR002,2026-01-30 11:20:00,Credit Card Service,Completed,12.0
APP_006426,CUST_04377,BR002,2026-01-30 12:10:00,Cash Withdrawal,Completed,4.5
APP_006427,CUST_04426,BR003,2026-01-30 09:46:00,Cheque Services,Completed,6.0
APP_006428,CUST_12004,BR003,2026-01-30 09:51:00,Cash Withdrawal,Completed,4.5
APP_006429,CUST_06136,BR003,2026-01-30 09:07:00,Loan Application,Completed,34.0
APP_006430,CUST_03367,BR003,2026-01-30 10:07:00,Cheque Services,Completed,6.0
APP_006431,CUST_06633,BR003,2026-01-30 10:19:00,Cash Deposit,Completed,6.5
APP_006432,CUST_09467,BR003,2026-01-30 10:07:00,Cash Withdrawal,Completed,4.5
APP_006433,CUST_03824,BR003,2026-01-30 10:46:00,Investment Enquiry,Completed,26.0
APP_006434,CUST_02147,BR003,2026-01-30 10:04:00,Cash Withdrawal,Completed,4.5
APP_006435,CUST_01461,BR003,2026-01-30 10:49:00,KYC Update,Completed,13.5
APP_006436,CUST_06057,BR003,2026-01-30 10:45:00,Cash Deposit,Completed,6.5
APP_006437,CUST_12518,BR003,2026-01-30 12:34:00,Cheque Services,Completed,6.0
APP_006438,CUST_01089,BR003,2026-01-30 13:54:00,Cash Deposit,Completed,6.5
APP_006439,CUST_12670,BR003,2026-01-30 13:02:00,KYC Update,Completed,13.5
APP_006440,CUST_07907,BR003,2026-01-30 13:11:00,Cheque Services,Completed,6.0
APP_006441,CUST_10208,BR003,2026-01-30 13:01:00,KYC Update,Completed,13.5
APP_006442,CUST_10548,BR003,2026-01-30 14:34:00,Digital Banking Support,Completed,12.5
APP_006443,CUST_00158,BR003,2026-01-30 14:37:00,Cheque Services,Completed,6.0
APP_006444,CUST_14277,BR003,2026-01-30 14:20:00,Loan Enquiry,Completed,18.0
APP_006445,CUST_14985,BR004,2026-01-30 09:17:00,Cash Withdrawal,Cancelled,4.5
APP_006446,CUST_07347,BR004,2026-01-30 10:31:00,General Customer Support,Completed,10.0
APP_006447,CUST_14901,BR004,2026-01-30 10:50:00,Cash Withdrawal,Completed,4.5
APP_006448,CUST_02390,BR004,2026-01-30 10:53:00,Investment Enquiry,Completed,26.0
APP_006449,CUST_07128,BR004,2026-01-30 11:39:00,Statement Request,Cancelled,5.0
APP_006450,CUST_06426,BR004,2026-01-30 11:23:00,Statement Request,Completed,5.0
APP_006451,CUST_04915,BR004,2026-01-30 11:30:00,Digital Banking Support,Completed,12.5
APP_006452,CUST_08668,BR004,2026-01-30 13:41:00,Cash Withdrawal,Cancelled,4.5
APP_006453,CUST_08402,BR004,2026-01-30 13:37:00,Cash Withdrawal,Completed,4.5
APP_006454,CUST_12079,BR004,2026-01-30 13:43:00,Loan Application,Cancelled,34.0
APP_006455,CUST_02810,BR004,2026-01-30 13:34:00,Cash Deposit,Completed,6.5
APP_006456,CUST_04719,BR004,2026-01-30 13:13:00,General Customer Support,Completed,10.0
APP_006457,CUST_03260,BR005,2026-01-30 09:34:00,KYC Update,Completed,13.5
APP_006458,CUST_04116,BR005,2026-01-30 10:33:00,Loan Enquiry,Completed,18.0
APP_006459,CUST_14677,BR005,2026-01-30 10:18:00,Digital Banking Support,Completed,12.5
APP_006460,CUST_08345,BR005,2026-01-30 10:21:00,General Customer Support,Cancelled,10.0
APP_006461,CUST_14064,BR005,2026-01-30 11:11:00,KYC Update,Completed,13.5
APP_006462,CUST_08022,BR005,2026-01-30 11:07:00,Investment Enquiry,Cancelled,26.0
APP_006463,CUST_13004,BR005,2026-01-30 11:40:00,General Customer Support,Completed,10.0
APP_006464,CUST_14008,BR005,2026-01-30 12:20:00,Statement Request,Completed,5.0
APP_006465,CUST_14682,BR006,2026-01-30 10:24:00,General Customer Support,Completed,10.0
APP_006466,CUST_08690,BR006,2026-01-30 10:29:00,Cash Withdrawal,Completed,4.5
APP_006467,CUST_02580,BR006,2026-01-30 10:28:00,Loan Enquiry,Completed,18.0
APP_006468,CUST_08953,BR006,2026-01-30 10:03:00,Cash Deposit,Completed,6.5
APP_006469,CUST_07705,BR006,2026-01-30 11:16:00,General Customer Support,Cancelled,10.0
APP_006470,CUST_09881,BR006,2026-01-30 11:08:00,Loan Application,Completed,34.0
APP_006471,CUST_09346,BR006,2026-01-30 11:10:00,Loan Application,Completed,34.0
APP_006472,CUST_06447,BR006,2026-01-30 11:01:00,Account Opening,Completed,24.0
APP_006473,CUST_04694,BR006,2026-01-30 11:12:00,KYC Update,Cancelled,13.5
APP_006474,CUST_14428,BR006,2026-01-30 11:02:00,Account Opening,Completed,24.0
APP_006475,CUST_09720,BR006,2026-01-30 11:16:00,Cash Withdrawal,Cancelled,4.5
APP_006476,CUST_06408,BR006,2026-01-30 12:34:00,Cash Deposit,Completed,6.5
APP_006477,CUST_08634,BR006,2026-01-30 13:21:00,KYC Update,Completed,13.5
APP_006478,CUST_07362,BR006,2026-01-30 13:19:00,Loan Application,Completed,34.0
APP_006479,CUST_07867,BR006,2026-01-30 13:34:00,Cheque Services,Completed,6.0
APP_006480,CUST_03488,BR007,2026-01-30 09:40:00,Credit Card Service,Cancelled,12.0
APP_006481,CUST_11743,BR007,2026-01-30 09:43:00,Address Update,No-Show,8.0
APP_006482,CUST_11200,BR007,2026-01-30 09:15:00,Account Opening,No-Show,24.0
APP_006483,CUST_09374,BR007,2026-01-30 10:34:00,Loan Enquiry,Cancelled,18.0
APP_006484,CUST_00185,BR007,2026-01-30 11:17:00,Cash Withdrawal,Completed,4.5
APP_006485,CUST_10883,BR007,2026-01-30 11:12:00,KYC Update,Cancelled,13.5
APP_006486,CUST_14366,BR007,2026-01-30 11:25:00,Cash Withdrawal,Completed,4.5
APP_006487,CUST_01286,BR007,2026-01-30 12:52:00,KYC Update,Completed,13.5
APP_006488,CUST_08171,BR007,2026-01-30 12:43:00,Investment Enquiry,Completed,26.0
APP_006489,CUST_04975,BR007,2026-01-30 12:16:00,Loan Enquiry,No-Show,18.0
APP_006490,CUST_08966,BR007,2026-01-30 12:28:00,Account Opening,Completed,24.0
APP_006491,CUST_14592,BR008,2026-01-30 09:40:00,Cash Withdrawal,Completed,4.5
APP_006492,CUST_12865,BR008,2026-01-30 10:15:00,Loan Application,Completed,34.0
APP_006493,CUST_00683,BR008,2026-01-30 10:27:00,Account Opening,Completed,24.0
APP_006494,CUST_06356,BR008,2026-01-30 10:23:00,Cash Withdrawal,Completed,4.5
APP_006495,CUST_10492,BR008,2026-01-30 10:03:00,KYC Update,Completed,13.5
APP_006496,CUST_02414,BR008,2026-01-30 11:54:00,KYC Update,Cancelled,13.5
APP_006497,CUST_05198,BR008,2026-01-30 11:50:00,KYC Update,Completed,13.5
APP_006498,CUST_07826,BR008,2026-01-30 11:45:00,Cash Withdrawal,Completed,4.5
APP_006499,CUST_14748,BR008,2026-01-30 11:30:00,Address Update,Completed,8.0
APP_006500,CUST_01476,BR009,2026-01-30 09:43:00,KYC Update,Cancelled,13.5
APP_006501,CUST_01236,BR009,2026-01-30 09:34:00,Cheque Services,Completed,6.0
APP_006502,CUST_10953,BR009,2026-01-30 10:37:00,Cash Withdrawal,Completed,4.5
APP_006503,CUST_03580,BR009,2026-01-30 10:42:00,Digital Banking Support,Completed,12.5
APP_006504,CUST_02341,BR009,2026-01-30 11:47:00,Address Update,Completed,8.0
APP_006505,CUST_05553,BR009,2026-01-30 11:34:00,Credit Card Service,Completed,12.0
APP_006506,CUST_04543,BR009,2026-01-30 11:45:00,Cash Withdrawal,Completed,4.5
APP_006507,CUST_14032,BR009,2026-01-30 12:12:00,Cash Deposit,Completed,6.5
APP_006508,CUST_06098,BR009,2026-01-30 13:45:00,Account Opening,Completed,24.0
APP_006509,CUST_03768,BR009,2026-01-30 13:09:00,Cash Withdrawal,Completed,4.5
APP_006510,CUST_06388,BR010,2026-01-30 11:00:00,Cash Withdrawal,Completed,4.5
APP_006511,CUST_14721,BR010,2026-01-30 12:42:00,Digital Banking Support,Completed,12.5
APP_006512,CUST_08167,BR010,2026-01-30 12:10:00,Cash Withdrawal,Completed,4.5
APP_006513,CUST_14715,BR010,2026-01-30 12:23:00,General Customer Support,Completed,10.0
APP_006514,CUST_12171,BR010,2026-01-30 13:33:00,Cash Deposit,Cancelled,6.5
APP_006515,CUST_04775,BR010,2026-01-30 14:18:00,Complaint,Completed,16.5
APP_006516,CUST_14355,BR010,2026-01-30 14:12:00,General Customer Support,Completed,10.0
APP_006517,CUST_00117,BR010,2026-01-30 15:50:00,Loan Application,Completed,34.0
APP_006518,CUST_11093,BR001,2026-01-31 09:18:00,Cash Withdrawal,Completed,4.5
APP_006519,CUST_08720,BR001,2026-01-31 09:03:00,Cash Deposit,Completed,6.5
APP_006520,CUST_01577,BR001,2026-01-31 10:37:00,General Customer Support,Cancelled,10.0
APP_006521,CUST_08718,BR001,2026-01-31 10:03:00,Account Opening,Completed,24.0
APP_006522,CUST_12064,BR001,2026-01-31 10:43:00,KYC Update,Cancelled,13.5
APP_006523,CUST_00751,BR001,2026-01-31 10:13:00,Cash Deposit,No-Show,6.5
APP_006524,CUST_02539,BR001,2026-01-31 10:50:00,Statement Request,Completed,5.0
APP_006525,CUST_02609,BR001,2026-01-31 11:08:00,Cash Withdrawal,Cancelled,4.5
APP_006526,CUST_08233,BR001,2026-01-31 11:31:00,KYC Update,Completed,13.5
APP_006527,CUST_00423,BR001,2026-01-31 11:36:00,Statement Request,Completed,5.0
APP_006528,CUST_14058,BR001,2026-01-31 11:27:00,KYC Update,Cancelled,13.5
APP_006529,CUST_13106,BR001,2026-01-31 11:38:00,Complaint,Completed,16.5
APP_006530,CUST_14603,BR001,2026-01-31 11:21:00,Loan Enquiry,Completed,18.0
APP_006531,CUST_13431,BR001,2026-01-31 12:11:00,Cash Deposit,Completed,6.5
APP_006532,CUST_10033,BR001,2026-01-31 12:52:00,Account Opening,Completed,24.0
APP_006533,CUST_10926,BR001,2026-01-31 12:54:00,Account Opening,Completed,24.0
APP_006534,CUST_08290,BR001,2026-01-31 13:28:00,Digital Banking Support,Completed,12.5
APP_006535,CUST_09959,BR002,2026-01-31 09:50:00,Cash Withdrawal,Completed,4.5
APP_006536,CUST_08952,BR002,2026-01-31 09:00:00,Cash Deposit,Completed,6.5
APP_006537,CUST_00299,BR002,2026-01-31 10:46:00,Account Opening,Completed,24.0
APP_006538,CUST_08899,BR002,2026-01-31 10:12:00,Cash Deposit,Completed,6.5
APP_006539,CUST_03029,BR002,2026-01-31 10:05:00,Cash Withdrawal,Cancelled,4.5
APP_006540,CUST_05237,BR002,2026-01-31 10:10:00,Credit Card Service,Completed,12.0
APP_006541,CUST_12518,BR002,2026-01-31 11:39:00,General Customer Support,Completed,10.0
APP_006542,CUST_05929,BR002,2026-01-31 11:07:00,Account Opening,Completed,24.0
APP_006543,CUST_11630,BR002,2026-01-31 11:39:00,KYC Update,Completed,13.5
APP_006544,CUST_01191,BR002,2026-01-31 11:41:00,KYC Update,Completed,13.5
APP_006545,CUST_14937,BR002,2026-01-31 11:51:00,Address Update,Completed,8.0
APP_006546,CUST_06288,BR003,2026-01-31 10:29:00,Digital Banking Support,Completed,12.5
APP_006547,CUST_12036,BR003,2026-01-31 10:25:00,Cash Deposit,Completed,6.5
APP_006548,CUST_10920,BR003,2026-01-31 10:15:00,Account Opening,Completed,24.0
APP_006549,CUST_01242,BR003,2026-01-31 10:15:00,Cash Deposit,Completed,6.5
APP_006550,CUST_02172,BR003,2026-01-31 10:12:00,Account Opening,Completed,24.0
APP_006551,CUST_09982,BR003,2026-01-31 10:53:00,Cheque Services,Completed,6.0
APP_006552,CUST_10032,BR003,2026-01-31 11:48:00,General Customer Support,Cancelled,10.0
APP_006553,CUST_14688,BR003,2026-01-31 11:32:00,Loan Application,Completed,34.0
APP_006554,CUST_12800,BR003,2026-01-31 11:36:00,KYC Update,Completed,13.5
APP_006555,CUST_13929,BR003,2026-01-31 11:49:00,Cash Withdrawal,Completed,4.5
APP_006556,CUST_10886,BR003,2026-01-31 11:51:00,Cheque Services,Completed,6.0
APP_006557,CUST_01887,BR003,2026-01-31 11:21:00,Cash Withdrawal,Completed,4.5
APP_006558,CUST_14311,BR003,2026-01-31 11:09:00,Cash Deposit,Completed,6.5
APP_006559,CUST_06554,BR003,2026-01-31 11:27:00,Account Opening,Completed,24.0
APP_006560,CUST_11766,BR003,2026-01-31 12:32:00,Cheque Services,Completed,6.0
APP_006561,CUST_07141,BR003,2026-01-31 13:49:00,Account Opening,Completed,24.0
APP_006562,CUST_03152,BR003,2026-01-31 13:05:00,Cash Withdrawal,No-Show,4.5
APP_006563,CUST_04467,BR003,2026-01-31 13:47:00,Cheque Services,Completed,6.0
APP_006564,CUST_10380,BR004,2026-01-31 09:12:00,Cash Withdrawal,Completed,4.5
APP_006565,CUST_12269,BR004,2026-01-31 09:49:00,General Customer Support,Completed,10.0
APP_006566,CUST_09126,BR004,2026-01-31 09:54:00,Loan Enquiry,No-Show,18.0
APP_006567,CUST_11823,BR004,2026-01-31 10:50:00,Credit Card Service,Completed,12.0
APP_006568,CUST_10890,BR004,2026-01-31 10:14:00,Cash Deposit,Completed,6.5
APP_006569,CUST_03317,BR004,2026-01-31 10:07:00,KYC Update,Completed,13.5
APP_006570,CUST_09187,BR004,2026-01-31 11:10:00,KYC Update,Completed,13.5
APP_006571,CUST_01378,BR004,2026-01-31 12:40:00,Complaint,Completed,16.5
APP_006572,CUST_04166,BR004,2026-01-31 12:55:00,Digital Banking Support,Completed,12.5
APP_006573,CUST_02274,BR004,2026-01-31 13:15:00,Cheque Services,Completed,6.0
APP_006574,CUST_13565,BR004,2026-01-31 13:31:00,Cash Deposit,Completed,6.5
APP_006575,CUST_08775,BR005,2026-01-31 09:34:00,Complaint,Cancelled,16.5
APP_006576,CUST_14642,BR005,2026-01-31 10:05:00,Credit Card Service,Completed,12.0
APP_006577,CUST_02203,BR005,2026-01-31 10:01:00,Cash Withdrawal,Completed,4.5
APP_006578,CUST_12620,BR005,2026-01-31 10:05:00,Loan Enquiry,Completed,18.0
APP_006579,CUST_12888,BR005,2026-01-31 10:23:00,Cash Deposit,No-Show,6.5
APP_006580,CUST_05779,BR006,2026-01-31 09:50:00,Loan Enquiry,No-Show,18.0
APP_006581,CUST_12582,BR006,2026-01-31 10:21:00,Cash Deposit,Completed,6.5
APP_006582,CUST_10597,BR006,2026-01-31 11:30:00,Account Opening,Completed,24.0
APP_006583,CUST_05693,BR006,2026-01-31 11:01:00,Account Opening,Completed,24.0
APP_006584,CUST_14669,BR006,2026-01-31 11:03:00,KYC Update,Completed,13.5
APP_006585,CUST_05794,BR006,2026-01-31 11:13:00,KYC Update,Completed,13.5
APP_006586,CUST_04154,BR006,2026-01-31 11:35:00,Cash Deposit,Completed,6.5
APP_006587,CUST_07333,BR006,2026-01-31 11:15:00,Cash Deposit,Completed,6.5
APP_006588,CUST_01654,BR007,2026-01-31 09:37:00,Credit Card Service,Completed,12.0
APP_006589,CUST_06690,BR007,2026-01-31 09:35:00,Complaint,Completed,16.5
APP_006590,CUST_07519,BR007,2026-01-31 10:31:00,Cash Deposit,Completed,6.5
APP_006591,CUST_12034,BR007,2026-01-31 10:24:00,Statement Request,Cancelled,5.0
APP_006592,CUST_11328,BR007,2026-01-31 10:30:00,KYC Update,Completed,13.5
APP_006593,CUST_12024,BR007,2026-01-31 10:09:00,KYC Update,Cancelled,13.5
APP_006594,CUST_10517,BR007,2026-01-31 11:54:00,KYC Update,Completed,13.5
APP_006595,CUST_02481,BR007,2026-01-31 11:20:00,Account Opening,Completed,24.0
APP_006596,CUST_12097,BR007,2026-01-31 12:48:00,General Customer Support,Completed,10.0
APP_006597,CUST_05983,BR008,2026-01-31 10:43:00,Cash Deposit,Completed,6.5
APP_006598,CUST_01261,BR008,2026-01-31 10:52:00,Investment Enquiry,Completed,26.0
APP_006599,CUST_07298,BR008,2026-01-31 11:32:00,Cash Withdrawal,Completed,4.5
APP_006600,CUST_12275,BR008,2026-01-31 12:07:00,Cheque Services,Completed,6.0
APP_006601,CUST_06764,BR008,2026-01-31 13:55:00,Cash Deposit,Completed,6.5
APP_006602,CUST_14597,BR008,2026-01-31 13:22:00,KYC Update,Completed,13.5
APP_006603,CUST_09950,BR009,2026-01-31 09:04:00,Cash Deposit,Completed,6.5
APP_006604,CUST_14367,BR009,2026-01-31 09:16:00,Account Opening,Completed,24.0
APP_006605,CUST_04735,BR009,2026-01-31 10:02:00,Loan Application,Completed,34.0
APP_006606,CUST_06906,BR009,2026-01-31 11:30:00,Cash Deposit,No-Show,6.5
APP_006607,CUST_04235,BR009,2026-01-31 11:11:00,Statement Request,No-Show,5.0
APP_006608,CUST_04259,BR009,2026-01-31 11:17:00,Loan Application,Completed,34.0
APP_006609,CUST_04928,BR009,2026-01-31 11:34:00,Cash Withdrawal,Completed,4.5
APP_006610,CUST_14892,BR009,2026-01-31 12:37:00,Loan Application,Completed,34.0
APP_006611,CUST_11478,BR009,2026-01-31 13:07:00,Cheque Services,Completed,6.0
APP_006612,CUST_01391,BR009,2026-01-31 13:15:00,Investment Enquiry,Completed,26.0
APP_006613,CUST_01859,BR009,2026-01-31 13:17:00,Address Update,Completed,8.0
APP_006614,CUST_01725,BR009,2026-01-31 14:10:00,Cash Withdrawal,Cancelled,4.5
APP_006615,CUST_14873,BR009,2026-01-31 15:18:00,General Customer Support,Completed,10.0
APP_006616,CUST_01812,BR010,2026-01-31 09:52:00,Cheque Services,Completed,6.0
APP_006617,CUST_11127,BR010,2026-01-31 09:15:00,Cash Deposit,Completed,6.5
APP_006618,CUST_00295,BR010,2026-01-31 11:53:00,Cash Deposit,Cancelled,6.5
APP_006619,CUST_06514,BR010,2026-01-31 11:41:00,Account Opening,Completed,24.0
APP_006620,CUST_11014,BR010,2026-01-31 12:14:00,Loan Application,Completed,34.0
APP_006621,CUST_02138,BR010,2026-01-31 13:41:00,KYC Update,No-Show,13.5
APP_006622,CUST_14021,BR010,2026-01-31 13:41:00,KYC Update,Completed,13.5
APP_006623,CUST_08601,BR001,2026-02-02 09:45:00,KYC Update,Completed,13.5
APP_006624,CUST_01183,BR001,2026-02-02 09:42:00,Digital Banking Support,Cancelled,12.5
APP_006625,CUST_06769,BR001,2026-02-02 09:09:00,Complaint,Completed,16.5
APP_006626,CUST_06341,BR001,2026-02-02 10:02:00,Account Opening,Completed,24.0
APP_006627,CUST_09660,BR001,2026-02-02 10:18:00,KYC Update,Completed,13.5
APP_006628,CUST_12073,BR001,2026-02-02 11:49:00,KYC Update,Completed,13.5
APP_006629,CUST_07371,BR001,2026-02-02 11:51:00,Cash Withdrawal,Completed,4.5
APP_006630,CUST_06631,BR001,2026-02-02 11:37:00,Digital Banking Support,No-Show,12.5
APP_006631,CUST_03200,BR001,2026-02-02 11:30:00,Address Update,Completed,8.0
APP_006632,CUST_08804,BR001,2026-02-02 11:04:00,Digital Banking Support,Completed,12.5
APP_006633,CUST_12435,BR001,2026-02-02 11:50:00,General Customer Support,Completed,10.0
APP_006634,CUST_02806,BR001,2026-02-02 12:41:00,Loan Application,Completed,34.0
APP_006635,CUST_10461,BR001,2026-02-02 13:48:00,Cash Deposit,Completed,6.5
APP_006636,CUST_02560,BR001,2026-02-02 13:55:00,Cash Withdrawal,Completed,4.5
APP_006637,CUST_09913,BR001,2026-02-02 13:18:00,Investment Enquiry,Completed,26.0
APP_006638,CUST_05755,BR002,2026-02-02 09:08:00,Cash Withdrawal,Completed,4.5
APP_006639,CUST_12018,BR002,2026-02-02 09:28:00,Cash Withdrawal,Completed,4.5
APP_006640,CUST_04266,BR002,2026-02-02 10:45:00,Statement Request,Completed,5.0
APP_006641,CUST_08829,BR002,2026-02-02 10:43:00,Credit Card Service,Completed,12.0
APP_006642,CUST_09332,BR002,2026-02-02 11:55:00,Cash Deposit,Completed,6.5
APP_006643,CUST_12757,BR002,2026-02-02 11:31:00,Address Update,Completed,8.0
APP_006644,CUST_01186,BR002,2026-02-02 12:11:00,Cash Withdrawal,Completed,4.5
APP_006645,CUST_12824,BR002,2026-02-02 12:26:00,Account Opening,Cancelled,24.0
APP_006646,CUST_03035,BR002,2026-02-02 12:37:00,KYC Update,Completed,13.5
APP_006647,CUST_03956,BR002,2026-02-02 13:23:00,Cash Withdrawal,Completed,4.5
APP_006648,CUST_04625,BR002,2026-02-02 13:19:00,Investment Enquiry,Completed,26.0
APP_006649,CUST_09443,BR002,2026-02-02 13:43:00,Credit Card Service,Completed,12.0
APP_006650,CUST_01902,BR002,2026-02-02 14:24:00,Statement Request,Completed,5.0
APP_006651,CUST_10587,BR002,2026-02-02 15:24:00,Cash Deposit,Completed,6.5
APP_006652,CUST_05935,BR003,2026-02-02 09:44:00,Cash Withdrawal,Completed,4.5
APP_006653,CUST_11754,BR003,2026-02-02 09:34:00,Address Update,No-Show,8.0
APP_006654,CUST_05116,BR003,2026-02-02 09:46:00,Cash Deposit,Cancelled,6.5
APP_006655,CUST_01611,BR003,2026-02-02 09:39:00,Cheque Services,Completed,6.0
APP_006656,CUST_05272,BR003,2026-02-02 09:53:00,Cash Withdrawal,No-Show,4.5
APP_006657,CUST_07663,BR003,2026-02-02 10:55:00,Account Opening,Completed,24.0
APP_006658,CUST_13163,BR003,2026-02-02 10:39:00,Cash Withdrawal,Completed,4.5
APP_006659,CUST_01204,BR003,2026-02-02 10:27:00,KYC Update,Completed,13.5
APP_006660,CUST_13621,BR003,2026-02-02 11:02:00,Statement Request,Completed,5.0
APP_006661,CUST_01957,BR003,2026-02-02 11:18:00,Cash Deposit,Completed,6.5
APP_006662,CUST_06195,BR003,2026-02-02 12:45:00,General Customer Support,Completed,10.0
APP_006663,CUST_08266,BR003,2026-02-02 13:13:00,Account Opening,Completed,24.0
APP_006664,CUST_10357,BR003,2026-02-02 13:15:00,Cash Withdrawal,Completed,4.5
APP_006665,CUST_04613,BR003,2026-02-02 13:33:00,Cash Withdrawal,No-Show,4.5
APP_006666,CUST_09849,BR004,2026-02-02 09:19:00,General Customer Support,Cancelled,10.0
APP_006667,CUST_06564,BR004,2026-02-02 09:18:00,General Customer Support,Completed,10.0
APP_006668,CUST_05045,BR004,2026-02-02 10:54:00,Loan Application,Completed,34.0
APP_006669,CUST_09500,BR004,2026-02-02 11:09:00,Cash Deposit,Completed,6.5
APP_006670,CUST_01837,BR004,2026-02-02 11:07:00,KYC Update,Completed,13.5
APP_006671,CUST_09266,BR004,2026-02-02 11:43:00,Cash Deposit,Completed,6.5
APP_006672,CUST_06420,BR004,2026-02-02 11:12:00,Loan Enquiry,Completed,18.0
APP_006673,CUST_02421,BR004,2026-02-02 12:21:00,Cash Deposit,No-Show,6.5
APP_006674,CUST_12444,BR004,2026-02-02 14:25:00,Account Opening,Completed,24.0
APP_006675,CUST_02543,BR004,2026-02-02 14:17:00,Digital Banking Support,Completed,12.5
APP_006676,CUST_03876,BR004,2026-02-02 15:46:00,Address Update,Completed,8.0
APP_006677,CUST_07340,BR005,2026-02-02 09:51:00,Loan Application,Cancelled,34.0
APP_006678,CUST_00751,BR005,2026-02-02 09:37:00,Investment Enquiry,Completed,26.0
APP_006679,CUST_02080,BR005,2026-02-02 10:38:00,Account Opening,Completed,24.0
APP_006680,CUST_11894,BR005,2026-02-02 10:08:00,Cash Withdrawal,Completed,4.5
APP_006681,CUST_05969,BR005,2026-02-02 10:55:00,Cash Deposit,Completed,6.5
APP_006682,CUST_07895,BR005,2026-02-02 11:08:00,Cash Deposit,Completed,6.5
APP_006683,CUST_13259,BR005,2026-02-02 11:46:00,General Customer Support,Completed,10.0
APP_006684,CUST_00321,BR005,2026-02-02 11:26:00,KYC Update,Completed,13.5
APP_006685,CUST_02532,BR006,2026-02-02 09:18:00,Cash Withdrawal,Completed,4.5
APP_006686,CUST_09145,BR006,2026-02-02 10:30:00,Cash Withdrawal,Completed,4.5
APP_006687,CUST_04264,BR006,2026-02-02 10:02:00,KYC Update,Completed,13.5
APP_006688,CUST_08274,BR006,2026-02-02 11:03:00,Complaint,Completed,16.5
APP_006689,CUST_07472,BR006,2026-02-02 11:45:00,Cheque Services,No-Show,6.0
APP_006690,CUST_14178,BR006,2026-02-02 11:38:00,KYC Update,No-Show,13.5
APP_006691,CUST_02675,BR006,2026-02-02 12:06:00,Loan Application,Completed,34.0
APP_006692,CUST_01170,BR006,2026-02-02 12:54:00,Account Opening,Completed,24.0
APP_006693,CUST_10826,BR007,2026-02-02 09:18:00,KYC Update,Completed,13.5
APP_006694,CUST_04979,BR007,2026-02-02 09:07:00,Cash Deposit,No-Show,6.5
APP_006695,CUST_13324,BR007,2026-02-02 09:04:00,Cash Deposit,Completed,6.5
APP_006696,CUST_02214,BR007,2026-02-02 09:02:00,Complaint,Completed,16.5
APP_006697,CUST_07963,BR007,2026-02-02 09:24:00,Cheque Services,Completed,6.0
APP_006698,CUST_03024,BR007,2026-02-02 09:33:00,Statement Request,Completed,5.0
APP_006699,CUST_11456,BR007,2026-02-02 10:19:00,General Customer Support,Cancelled,10.0
APP_006700,CUST_03649,BR007,2026-02-02 10:01:00,Loan Enquiry,Completed,18.0
APP_006701,CUST_09413,BR007,2026-02-02 10:38:00,Address Update,Completed,8.0
APP_006702,CUST_02223,BR007,2026-02-02 10:07:00,KYC Update,Completed,13.5
APP_006703,CUST_09877,BR007,2026-02-02 10:50:00,Cash Deposit,Cancelled,6.5
APP_006704,CUST_00110,BR008,2026-02-02 11:04:00,General Customer Support,Completed,10.0
APP_006705,CUST_14236,BR008,2026-02-02 11:41:00,General Customer Support,Completed,10.0
APP_006706,CUST_11437,BR008,2026-02-02 12:17:00,KYC Update,Completed,13.5
APP_006707,CUST_04987,BR008,2026-02-02 13:54:00,Cash Withdrawal,Completed,4.5
APP_006708,CUST_00848,BR008,2026-02-02 13:49:00,Account Opening,Completed,24.0
APP_006709,CUST_10384,BR008,2026-02-02 13:01:00,Digital Banking Support,Completed,12.5
APP_006710,CUST_09739,BR009,2026-02-02 10:31:00,Cash Withdrawal,Completed,4.5
APP_006711,CUST_08245,BR009,2026-02-02 10:10:00,Complaint,Completed,16.5
APP_006712,CUST_10308,BR009,2026-02-02 10:07:00,Cash Deposit,Completed,6.5
APP_006713,CUST_14659,BR009,2026-02-02 10:33:00,Cash Deposit,Completed,6.5
APP_006714,CUST_07090,BR009,2026-02-02 10:11:00,Loan Enquiry,Completed,18.0
APP_006715,CUST_00643,BR009,2026-02-02 11:24:00,Statement Request,Completed,5.0
APP_006716,CUST_01549,BR009,2026-02-02 11:25:00,Loan Application,Completed,34.0
APP_006717,CUST_10538,BR009,2026-02-02 11:20:00,Complaint,Completed,16.5
APP_006718,CUST_10342,BR009,2026-02-02 11:25:00,Digital Banking Support,Completed,12.5
APP_006719,CUST_00649,BR009,2026-02-02 11:38:00,Digital Banking Support,Completed,12.5
APP_006720,CUST_13156,BR009,2026-02-02 12:10:00,General Customer Support,Completed,10.0
APP_006721,CUST_12014,BR010,2026-02-02 09:51:00,General Customer Support,Completed,10.0
APP_006722,CUST_08733,BR010,2026-02-02 10:25:00,Cash Deposit,Completed,6.5
APP_006723,CUST_01192,BR010,2026-02-02 10:33:00,Statement Request,Completed,5.0
APP_006724,CUST_01147,BR010,2026-02-02 11:11:00,General Customer Support,Completed,10.0
APP_006725,CUST_13415,BR010,2026-02-02 11:48:00,Loan Enquiry,Completed,18.0
APP_006726,CUST_14722,BR001,2026-02-03 10:11:00,Cash Withdrawal,Completed,4.5
APP_006727,CUST_13331,BR001,2026-02-03 10:39:00,Cash Deposit,Completed,6.5
APP_006728,CUST_12115,BR001,2026-02-03 10:35:00,Account Opening,Cancelled,24.0
APP_006729,CUST_09151,BR001,2026-02-03 10:25:00,General Customer Support,Cancelled,10.0
APP_006730,CUST_03610,BR001,2026-02-03 10:34:00,KYC Update,Completed,13.5
APP_006731,CUST_08285,BR001,2026-02-03 10:25:00,KYC Update,Cancelled,13.5
APP_006732,CUST_00799,BR001,2026-02-03 12:18:00,Cheque Services,Cancelled,6.0
APP_006733,CUST_09787,BR001,2026-02-03 12:53:00,Cash Withdrawal,No-Show,4.5
APP_006734,CUST_12190,BR001,2026-02-03 12:54:00,Loan Enquiry,Completed,18.0
APP_006735,CUST_14787,BR001,2026-02-03 13:25:00,Account Opening,Completed,24.0
APP_006736,CUST_02677,BR001,2026-02-03 13:38:00,KYC Update,Completed,13.5
APP_006737,CUST_12476,BR002,2026-02-03 10:21:00,Statement Request,Completed,5.0
APP_006738,CUST_14371,BR002,2026-02-03 10:11:00,Credit Card Service,Completed,12.0
APP_006739,CUST_07039,BR002,2026-02-03 10:06:00,Cash Withdrawal,Completed,4.5
APP_006740,CUST_09434,BR002,2026-02-03 10:33:00,Cash Withdrawal,Completed,4.5
APP_006741,CUST_11081,BR002,2026-02-03 10:30:00,Cash Withdrawal,Cancelled,4.5
APP_006742,CUST_00740,BR002,2026-02-03 10:12:00,KYC Update,Completed,13.5
APP_006743,CUST_01712,BR002,2026-02-03 10:29:00,KYC Update,Completed,13.5
APP_006744,CUST_05329,BR002,2026-02-03 11:05:00,Cash Deposit,Completed,6.5
APP_006745,CUST_08821,BR002,2026-02-03 11:42:00,KYC Update,Completed,13.5
APP_006746,CUST_09051,BR002,2026-02-03 11:49:00,Loan Enquiry,Completed,18.0
APP_006747,CUST_04451,BR002,2026-02-03 11:38:00,Loan Enquiry,No-Show,18.0
APP_006748,CUST_14345,BR003,2026-02-03 10:44:00,Cash Withdrawal,Completed,4.5
APP_006749,CUST_01510,BR003,2026-02-03 10:27:00,General Customer Support,Completed,10.0
APP_006750,CUST_04122,BR003,2026-02-03 11:29:00,Digital Banking Support,Completed,12.5
APP_006751,CUST_13267,BR003,2026-02-03 11:54:00,Cash Withdrawal,Completed,4.5
APP_006752,CUST_03418,BR003,2026-02-03 11:41:00,Cash Withdrawal,Completed,4.5
APP_006753,CUST_14556,BR003,2026-02-03 12:11:00,Investment Enquiry,Completed,26.0
APP_006754,CUST_03753,BR003,2026-02-03 13:43:00,General Customer Support,Completed,10.0
APP_006755,CUST_13558,BR003,2026-02-03 13:20:00,Cash Withdrawal,Cancelled,4.5
APP_006756,CUST_00384,BR003,2026-02-03 13:39:00,Cash Withdrawal,Completed,4.5
APP_006757,CUST_11887,BR003,2026-02-03 13:33:00,Complaint,Completed,16.5
APP_006758,CUST_05376,BR004,2026-02-03 10:54:00,Statement Request,Completed,5.0
APP_006759,CUST_09369,BR004,2026-02-03 11:33:00,General Customer Support,Completed,10.0
APP_006760,CUST_04553,BR004,2026-02-03 11:35:00,Cash Withdrawal,Completed,4.5
APP_006761,CUST_14387,BR004,2026-02-03 11:11:00,Cash Deposit,Completed,6.5
APP_006762,CUST_00834,BR004,2026-02-03 12:54:00,Cheque Services,Completed,6.0
APP_006763,CUST_12211,BR004,2026-02-03 12:18:00,Cash Deposit,Cancelled,6.5
APP_006764,CUST_02568,BR005,2026-02-03 11:17:00,Cash Deposit,Cancelled,6.5
APP_006765,CUST_05606,BR005,2026-02-03 11:17:00,Loan Enquiry,Completed,18.0
APP_006766,CUST_05428,BR005,2026-02-03 11:36:00,Loan Application,Completed,34.0
APP_006767,CUST_09692,BR005,2026-02-03 13:53:00,Loan Enquiry,Completed,18.0
APP_006768,CUST_04400,BR005,2026-02-03 13:11:00,Account Opening,Completed,24.0
APP_006769,CUST_13822,BR005,2026-02-03 14:31:00,Cheque Services,Completed,6.0
APP_006770,CUST_02838,BR006,2026-02-03 09:41:00,Complaint,Completed,16.5
APP_006771,CUST_12007,BR006,2026-02-03 10:09:00,Credit Card Service,Completed,12.0
APP_006772,CUST_01485,BR006,2026-02-03 10:23:00,Loan Enquiry,Completed,18.0
APP_006773,CUST_01340,BR006,2026-02-03 10:52:00,Credit Card Service,No-Show,12.0
APP_006774,CUST_08855,BR006,2026-02-03 11:20:00,Account Opening,Cancelled,24.0
APP_006775,CUST_02546,BR006,2026-02-03 11:04:00,General Customer Support,Completed,10.0
APP_006776,CUST_11711,BR006,2026-02-03 11:13:00,Complaint,Completed,16.5
APP_006777,CUST_01332,BR006,2026-02-03 12:30:00,Cash Deposit,Completed,6.5
APP_006778,CUST_09749,BR007,2026-02-03 09:11:00,Cheque Services,Completed,6.0
APP_006779,CUST_12741,BR007,2026-02-03 09:08:00,KYC Update,Completed,13.5
APP_006780,CUST_10755,BR007,2026-02-03 10:49:00,Cash Withdrawal,Cancelled,4.5
APP_006781,CUST_14598,BR007,2026-02-03 10:19:00,Cash Deposit,Completed,6.5
APP_006782,CUST_04716,BR007,2026-02-03 11:06:00,Digital Banking Support,Completed,12.5
APP_006783,CUST_13997,BR007,2026-02-03 12:43:00,Cheque Services,Completed,6.0
APP_006784,CUST_09954,BR007,2026-02-03 13:22:00,Loan Enquiry,Completed,18.0
APP_006785,CUST_01647,BR007,2026-02-03 13:48:00,Account Opening,Completed,24.0
APP_006786,CUST_13174,BR008,2026-02-03 11:40:00,Account Opening,Completed,24.0
APP_006787,CUST_06650,BR008,2026-02-03 11:33:00,Cash Withdrawal,Completed,4.5
APP_006788,CUST_11206,BR008,2026-02-03 12:01:00,Cash Withdrawal,Completed,4.5
APP_006789,CUST_07918,BR008,2026-02-03 12:20:00,Cash Withdrawal,Completed,4.5
APP_006790,CUST_01569,BR008,2026-02-03 12:03:00,Account Opening,Completed,24.0
APP_006791,CUST_14498,BR009,2026-02-03 09:37:00,Investment Enquiry,Completed,26.0
APP_006792,CUST_06261,BR009,2026-02-03 10:22:00,Cash Deposit,Completed,6.5
APP_006793,CUST_09856,BR009,2026-02-03 10:37:00,Cash Deposit,Completed,6.5
APP_006794,CUST_12911,BR009,2026-02-03 10:33:00,Statement Request,Completed,5.0
APP_006795,CUST_07294,BR009,2026-02-03 10:21:00,Account Opening,Completed,24.0
APP_006796,CUST_02219,BR009,2026-02-03 10:24:00,KYC Update,Completed,13.5
APP_006797,CUST_08470,BR009,2026-02-03 10:45:00,Cash Withdrawal,Completed,4.5
APP_006798,CUST_10515,BR009,2026-02-03 11:20:00,Digital Banking Support,Completed,12.5
APP_006799,CUST_07182,BR010,2026-02-03 09:03:00,General Customer Support,Completed,10.0
APP_006800,CUST_03018,BR010,2026-02-03 09:39:00,Account Opening,Cancelled,24.0
APP_006801,CUST_06249,BR010,2026-02-03 10:53:00,Account Opening,Completed,24.0
APP_006802,CUST_04725,BR010,2026-02-03 10:17:00,Complaint,Completed,16.5
APP_006803,CUST_09251,BR001,2026-02-04 09:25:00,Loan Enquiry,Cancelled,18.0
APP_006804,CUST_06312,BR001,2026-02-04 09:21:00,Credit Card Service,Completed,12.0
APP_006805,CUST_10435,BR001,2026-02-04 11:21:00,Cash Deposit,Completed,6.5
APP_006806,CUST_05215,BR001,2026-02-04 11:14:00,Cash Deposit,Completed,6.5
APP_006807,CUST_11358,BR001,2026-02-04 11:15:00,Cheque Services,No-Show,6.0
APP_006808,CUST_02255,BR001,2026-02-04 11:03:00,Account Opening,Completed,24.0
APP_006809,CUST_03975,BR001,2026-02-04 12:38:00,Credit Card Service,Completed,12.0
APP_006810,CUST_12100,BR001,2026-02-04 12:43:00,Loan Application,Completed,34.0
APP_006811,CUST_01265,BR001,2026-02-04 13:06:00,Account Opening,Completed,24.0
APP_006812,CUST_07821,BR001,2026-02-04 14:19:00,Credit Card Service,Completed,12.0
APP_006813,CUST_14917,BR002,2026-02-04 09:50:00,Loan Enquiry,Completed,18.0
APP_006814,CUST_04528,BR002,2026-02-04 09:25:00,Cheque Services,Cancelled,6.0
APP_006815,CUST_07987,BR002,2026-02-04 10:00:00,Statement Request,Completed,5.0
APP_006816,CUST_12497,BR002,2026-02-04 10:29:00,Account Opening,Completed,24.0
APP_006817,CUST_04445,BR002,2026-02-04 10:38:00,General Customer Support,Completed,10.0
APP_006818,CUST_09661,BR002,2026-02-04 10:46:00,Cash Withdrawal,Completed,4.5
APP_006819,CUST_14953,BR002,2026-02-04 10:21:00,Cash Withdrawal,Completed,4.5
APP_006820,CUST_04653,BR002,2026-02-04 10:14:00,Address Update,Completed,8.0
APP_006821,CUST_13520,BR002,2026-02-04 11:37:00,Cash Deposit,Completed,6.5
APP_006822,CUST_13113,BR002,2026-02-04 11:38:00,Cheque Services,Completed,6.0
APP_006823,CUST_13999,BR002,2026-02-04 13:49:00,Loan Application,Completed,34.0
APP_006824,CUST_01408,BR002,2026-02-04 13:19:00,General Customer Support,Completed,10.0
APP_006825,CUST_06800,BR003,2026-02-04 10:17:00,Account Opening,Completed,24.0
APP_006826,CUST_00159,BR003,2026-02-04 10:22:00,General Customer Support,Completed,10.0
APP_006827,CUST_13298,BR003,2026-02-04 10:05:00,Investment Enquiry,Completed,26.0
APP_006828,CUST_13116,BR003,2026-02-04 10:45:00,KYC Update,Completed,13.5
APP_006829,CUST_10542,BR003,2026-02-04 11:30:00,Cash Deposit,Cancelled,6.5
APP_006830,CUST_00762,BR003,2026-02-04 13:29:00,Loan Enquiry,Completed,18.0
APP_006831,CUST_12761,BR003,2026-02-04 13:24:00,Cash Withdrawal,Completed,4.5
APP_006832,CUST_13297,BR003,2026-02-04 14:25:00,Complaint,Completed,16.5
APP_006833,CUST_14640,BR003,2026-02-04 14:25:00,Digital Banking Support,Completed,12.5
APP_006834,CUST_08689,BR003,2026-02-04 14:33:00,Cash Withdrawal,Cancelled,4.5
APP_006835,CUST_05965,BR003,2026-02-04 15:30:00,Loan Enquiry,Completed,18.0
APP_006836,CUST_00054,BR004,2026-02-04 10:43:00,Account Opening,Completed,24.0
APP_006837,CUST_02287,BR004,2026-02-04 10:39:00,Address Update,Completed,8.0
APP_006838,CUST_11515,BR004,2026-02-04 10:31:00,KYC Update,No-Show,13.5
APP_006839,CUST_13866,BR004,2026-02-04 10:02:00,Account Opening,Cancelled,24.0
APP_006840,CUST_04350,BR004,2026-02-04 10:10:00,KYC Update,Completed,13.5
APP_006841,CUST_06691,BR004,2026-02-04 11:26:00,Credit Card Service,Completed,12.0
APP_006842,CUST_13944,BR004,2026-02-04 11:41:00,Cheque Services,Completed,6.0
APP_006843,CUST_05742,BR004,2026-02-04 11:21:00,Account Opening,Completed,24.0
APP_006844,CUST_03592,BR005,2026-02-04 10:43:00,Cash Deposit,Completed,6.5
APP_006845,CUST_03419,BR005,2026-02-04 10:42:00,Cheque Services,Completed,6.0
APP_006846,CUST_03483,BR005,2026-02-04 11:19:00,Cash Withdrawal,Completed,4.5
APP_006847,CUST_14626,BR005,2026-02-04 11:34:00,Credit Card Service,Completed,12.0
APP_006848,CUST_13473,BR005,2026-02-04 12:53:00,General Customer Support,Completed,10.0
APP_006849,CUST_10947,BR006,2026-02-04 09:29:00,Loan Application,Completed,34.0
APP_006850,CUST_12713,BR006,2026-02-04 09:24:00,KYC Update,Cancelled,13.5
APP_006851,CUST_12195,BR006,2026-02-04 09:01:00,Account Opening,Completed,24.0
APP_006852,CUST_05647,BR006,2026-02-04 10:17:00,Cash Withdrawal,Completed,4.5
APP_006853,CUST_01047,BR006,2026-02-04 11:11:00,KYC Update,Completed,13.5
APP_006854,CUST_09229,BR006,2026-02-04 12:19:00,KYC Update,Completed,13.5
APP_006855,CUST_04524,BR006,2026-02-04 13:40:00,Loan Enquiry,Completed,18.0
APP_006856,CUST_14277,BR006,2026-02-04 13:26:00,Cash Withdrawal,Completed,4.5
APP_006857,CUST_14056,BR006,2026-02-04 13:32:00,Cash Deposit,Completed,6.5
APP_006858,CUST_08352,BR007,2026-02-04 10:01:00,Cash Deposit,Completed,6.5
APP_006859,CUST_00947,BR007,2026-02-04 10:13:00,Loan Application,Completed,34.0
APP_006860,CUST_13767,BR007,2026-02-04 10:31:00,KYC Update,Completed,13.5
APP_006861,CUST_07661,BR007,2026-02-04 10:22:00,Cheque Services,Completed,6.0
APP_006862,CUST_02785,BR007,2026-02-04 11:15:00,Cash Deposit,Completed,6.5
APP_006863,CUST_08452,BR008,2026-02-04 09:52:00,Investment Enquiry,Cancelled,26.0
APP_006864,CUST_04256,BR008,2026-02-04 10:29:00,KYC Update,Completed,13.5
APP_006865,CUST_08005,BR008,2026-02-04 11:34:00,KYC Update,Completed,13.5
APP_006866,CUST_00441,BR008,2026-02-04 12:32:00,Statement Request,Completed,5.0
APP_006867,CUST_03213,BR008,2026-02-04 12:27:00,Cash Deposit,Completed,6.5
APP_006868,CUST_11536,BR009,2026-02-04 10:46:00,Account Opening,Completed,24.0
APP_006869,CUST_12687,BR009,2026-02-04 10:04:00,Cheque Services,Completed,6.0
APP_006870,CUST_01813,BR009,2026-02-04 10:53:00,Cash Deposit,Completed,6.5
APP_006871,CUST_01008,BR009,2026-02-04 11:26:00,Cash Withdrawal,Completed,4.5
APP_006872,CUST_11982,BR009,2026-02-04 11:09:00,Account Opening,Completed,24.0
APP_006873,CUST_11197,BR009,2026-02-04 12:09:00,KYC Update,Completed,13.5
APP_006874,CUST_10929,BR009,2026-02-04 13:06:00,Cash Withdrawal,Completed,4.5
APP_006875,CUST_11424,BR010,2026-02-04 09:39:00,Statement Request,Completed,5.0
APP_006876,CUST_03528,BR010,2026-02-04 10:25:00,Loan Enquiry,Cancelled,18.0
APP_006877,CUST_13993,BR010,2026-02-04 10:33:00,Cash Withdrawal,Completed,4.5
APP_006878,CUST_04717,BR010,2026-02-04 11:46:00,Cash Withdrawal,Completed,4.5
APP_006879,CUST_07757,BR010,2026-02-04 11:19:00,Address Update,Completed,8.0
APP_006880,CUST_06809,BR001,2026-02-05 09:46:00,Cash Withdrawal,Completed,4.5
APP_006881,CUST_03597,BR001,2026-02-05 09:38:00,Investment Enquiry,Completed,26.0
APP_006882,CUST_09114,BR001,2026-02-05 10:48:00,Cash Withdrawal,Completed,4.5
APP_006883,CUST_06396,BR001,2026-02-05 10:52:00,Loan Application,Completed,34.0
APP_006884,CUST_14988,BR001,2026-02-05 10:43:00,Loan Enquiry,Completed,18.0
APP_006885,CUST_03983,BR001,2026-02-05 10:44:00,KYC Update,Completed,13.5
APP_006886,CUST_11055,BR001,2026-02-05 11:43:00,Loan Application,Completed,34.0
APP_006887,CUST_13871,BR001,2026-02-05 11:10:00,Statement Request,Completed,5.0
APP_006888,CUST_14073,BR001,2026-02-05 11:29:00,Complaint,Completed,16.5
APP_006889,CUST_01654,BR001,2026-02-05 12:22:00,Cash Withdrawal,Completed,4.5
APP_006890,CUST_12053,BR001,2026-02-05 12:04:00,Cash Withdrawal,Completed,4.5
APP_006891,CUST_08562,BR002,2026-02-05 09:55:00,Loan Application,Completed,34.0
APP_006892,CUST_04051,BR002,2026-02-05 10:30:00,Loan Enquiry,Completed,18.0
APP_006893,CUST_00462,BR002,2026-02-05 11:22:00,KYC Update,Completed,13.5
APP_006894,CUST_06134,BR002,2026-02-05 11:14:00,Loan Enquiry,Completed,18.0
APP_006895,CUST_00433,BR002,2026-02-05 11:41:00,Cash Withdrawal,Completed,4.5
APP_006896,CUST_13058,BR002,2026-02-05 11:26:00,Cash Withdrawal,No-Show,4.5
APP_006897,CUST_06621,BR002,2026-02-05 11:10:00,Cash Withdrawal,Completed,4.5
APP_006898,CUST_07943,BR002,2026-02-05 11:01:00,Cash Withdrawal,Completed,4.5
APP_006899,CUST_07423,BR002,2026-02-05 12:30:00,Credit Card Service,Completed,12.0
APP_006900,CUST_03395,BR002,2026-02-05 12:26:00,Account Opening,Completed,24.0
APP_006901,CUST_03040,BR002,2026-02-05 12:07:00,Loan Application,Completed,34.0
APP_006902,CUST_10401,BR003,2026-02-05 09:28:00,Statement Request,Completed,5.0
APP_006903,CUST_12187,BR003,2026-02-05 10:19:00,Credit Card Service,Completed,12.0
APP_006904,CUST_07713,BR003,2026-02-05 10:47:00,Loan Application,Completed,34.0
APP_006905,CUST_13321,BR003,2026-02-05 10:49:00,Cheque Services,Completed,6.0
APP_006906,CUST_04830,BR003,2026-02-05 11:23:00,Loan Enquiry,Cancelled,18.0
APP_006907,CUST_03004,BR003,2026-02-05 11:18:00,Cash Deposit,Completed,6.5
APP_006908,CUST_08041,BR003,2026-02-05 12:33:00,Account Opening,Completed,24.0
APP_006909,CUST_06171,BR003,2026-02-05 12:51:00,Loan Enquiry,Completed,18.0
APP_006910,CUST_01624,BR003,2026-02-05 12:00:00,KYC Update,Completed,13.5
APP_006911,CUST_05591,BR003,2026-02-05 13:38:00,Cash Deposit,Completed,6.5
APP_006912,CUST_01932,BR004,2026-02-05 09:06:00,Loan Enquiry,Completed,18.0
APP_006913,CUST_04993,BR004,2026-02-05 10:49:00,Cash Deposit,Completed,6.5
APP_006914,CUST_14745,BR004,2026-02-05 10:50:00,Cash Withdrawal,Completed,4.5
APP_006915,CUST_05323,BR004,2026-02-05 10:32:00,Loan Application,Completed,34.0
APP_006916,CUST_07202,BR004,2026-02-05 11:29:00,Cash Withdrawal,Completed,4.5
APP_006917,CUST_10010,BR005,2026-02-05 09:46:00,Loan Enquiry,Completed,18.0
APP_006918,CUST_13065,BR005,2026-02-05 09:04:00,Cash Deposit,No-Show,6.5
APP_006919,CUST_04177,BR005,2026-02-05 10:45:00,Cash Withdrawal,Completed,4.5
APP_006920,CUST_05675,BR005,2026-02-05 11:04:00,Cash Deposit,Completed,6.5
APP_006921,CUST_09439,BR005,2026-02-05 11:16:00,Credit Card Service,Cancelled,12.0
APP_006922,CUST_14055,BR005,2026-02-05 12:22:00,Digital Banking Support,Completed,12.5
APP_006923,CUST_08358,BR006,2026-02-05 09:52:00,Loan Enquiry,Completed,18.0
APP_006924,CUST_04115,BR006,2026-02-05 10:39:00,Cash Deposit,Completed,6.5
APP_006925,CUST_10546,BR006,2026-02-05 11:22:00,Digital Banking Support,Completed,12.5
APP_006926,CUST_01690,BR006,2026-02-05 12:28:00,Account Opening,Completed,24.0
APP_006927,CUST_06294,BR006,2026-02-05 12:35:00,Address Update,Completed,8.0
APP_006928,CUST_03588,BR006,2026-02-05 12:48:00,KYC Update,Completed,13.5
APP_006929,CUST_13343,BR007,2026-02-05 09:16:00,Account Opening,Completed,24.0
APP_006930,CUST_03449,BR007,2026-02-05 10:49:00,KYC Update,Completed,13.5
APP_006931,CUST_03340,BR007,2026-02-05 10:54:00,Loan Enquiry,Completed,18.0
APP_006932,CUST_05583,BR007,2026-02-05 10:38:00,KYC Update,Completed,13.5
APP_006933,CUST_11912,BR007,2026-02-05 10:21:00,Cash Withdrawal,Completed,4.5
APP_006934,CUST_11618,BR007,2026-02-05 10:49:00,Account Opening,Completed,24.0
APP_006935,CUST_14814,BR007,2026-02-05 10:03:00,Loan Enquiry,Completed,18.0
APP_006936,CUST_12337,BR007,2026-02-05 10:13:00,KYC Update,Completed,13.5
APP_006937,CUST_12623,BR007,2026-02-05 11:22:00,Loan Application,Completed,34.0
APP_006938,CUST_01442,BR008,2026-02-05 09:42:00,Account Opening,Completed,24.0
APP_006939,CUST_09096,BR008,2026-02-05 10:11:00,Cheque Services,No-Show,6.0
APP_006940,CUST_06821,BR008,2026-02-05 11:49:00,Address Update,Completed,8.0
APP_006941,CUST_13038,BR008,2026-02-05 11:38:00,Investment Enquiry,Completed,26.0
APP_006942,CUST_05606,BR008,2026-02-05 13:47:00,Statement Request,Completed,5.0
APP_006943,CUST_05975,BR008,2026-02-05 15:10:00,Cash Withdrawal,Completed,4.5
APP_006944,CUST_02670,BR009,2026-02-05 09:10:00,Address Update,Completed,8.0
APP_006945,CUST_05959,BR009,2026-02-05 11:35:00,Cash Withdrawal,Completed,4.5
APP_006946,CUST_01100,BR009,2026-02-05 11:02:00,KYC Update,Cancelled,13.5
APP_006947,CUST_09847,BR009,2026-02-05 11:39:00,Cash Deposit,Completed,6.5
APP_006948,CUST_04901,BR009,2026-02-05 12:20:00,Investment Enquiry,Completed,26.0
APP_006949,CUST_14687,BR009,2026-02-05 13:43:00,KYC Update,Completed,13.5
APP_006950,CUST_07449,BR009,2026-02-05 14:28:00,Statement Request,Completed,5.0
APP_006951,CUST_03374,BR009,2026-02-05 14:33:00,Digital Banking Support,Completed,12.5
APP_006952,CUST_14326,BR009,2026-02-05 15:24:00,Cash Deposit,Completed,6.5
APP_006953,CUST_05031,BR009,2026-02-05 15:24:00,Loan Enquiry,Completed,18.0
APP_006954,CUST_01347,BR010,2026-02-05 11:40:00,Cash Deposit,Completed,6.5
APP_006955,CUST_00407,BR010,2026-02-05 11:34:00,Loan Enquiry,Completed,18.0
APP_006956,CUST_03159,BR010,2026-02-05 11:55:00,Cash Withdrawal,Completed,4.5
APP_006957,CUST_01226,BR010,2026-02-05 12:04:00,Cash Withdrawal,Cancelled,4.5
APP_006958,CUST_10519,BR010,2026-02-05 12:30:00,Loan Enquiry,Completed,18.0
APP_006959,CUST_00006,BR001,2026-02-06 09:43:00,Cash Withdrawal,Completed,4.5
APP_006960,CUST_12964,BR001,2026-02-06 10:41:00,Cash Deposit,Completed,6.5
APP_006961,CUST_02482,BR001,2026-02-06 10:33:00,General Customer Support,Completed,10.0
APP_006962,CUST_04283,BR001,2026-02-06 10:37:00,Cash Withdrawal,Completed,4.5
APP_006963,CUST_05521,BR001,2026-02-06 10:44:00,Cash Withdrawal,Completed,4.5
APP_006964,CUST_08045,BR001,2026-02-06 10:08:00,Loan Application,Completed,34.0
APP_006965,CUST_12384,BR001,2026-02-06 11:34:00,Digital Banking Support,No-Show,12.5
APP_006966,CUST_07059,BR001,2026-02-06 11:53:00,Account Opening,Completed,24.0
APP_006967,CUST_03092,BR001,2026-02-06 11:26:00,KYC Update,Completed,13.5
APP_006968,CUST_01677,BR001,2026-02-06 11:09:00,Cash Deposit,Completed,6.5
APP_006969,CUST_02925,BR001,2026-02-06 11:49:00,Cash Withdrawal,Completed,4.5
APP_006970,CUST_04676,BR002,2026-02-06 09:51:00,Statement Request,Completed,5.0
APP_006971,CUST_04773,BR002,2026-02-06 10:26:00,General Customer Support,Completed,10.0
APP_006972,CUST_07681,BR002,2026-02-06 10:38:00,Cheque Services,Completed,6.0
APP_006973,CUST_06111,BR002,2026-02-06 10:44:00,Address Update,Completed,8.0
APP_006974,CUST_01800,BR002,2026-02-06 10:53:00,Account Opening,Completed,24.0
APP_006975,CUST_09703,BR002,2026-02-06 11:11:00,Cash Withdrawal,Completed,4.5
APP_006976,CUST_09080,BR002,2026-02-06 12:19:00,Cash Deposit,Completed,6.5
APP_006977,CUST_09089,BR002,2026-02-06 13:10:00,KYC Update,Completed,13.5
APP_006978,CUST_06332,BR002,2026-02-06 13:33:00,Statement Request,Completed,5.0
APP_006979,CUST_01478,BR003,2026-02-06 10:54:00,Complaint,Completed,16.5
APP_006980,CUST_04926,BR003,2026-02-06 10:16:00,Loan Enquiry,Completed,18.0
APP_006981,CUST_14245,BR003,2026-02-06 11:32:00,General Customer Support,Completed,10.0
APP_006982,CUST_08411,BR003,2026-02-06 12:21:00,Cheque Services,Completed,6.0
APP_006983,CUST_11247,BR003,2026-02-06 12:34:00,Account Opening,Completed,24.0
APP_006984,CUST_07135,BR003,2026-02-06 12:43:00,Digital Banking Support,Completed,12.5
APP_006985,CUST_14514,BR003,2026-02-06 12:16:00,Cash Withdrawal,Completed,4.5
APP_006986,CUST_02829,BR003,2026-02-06 13:08:00,Cash Withdrawal,Completed,4.5
APP_006987,CUST_06312,BR003,2026-02-06 13:27:00,Cash Withdrawal,Completed,4.5
APP_006988,CUST_14511,BR004,2026-02-06 09:45:00,Cash Deposit,No-Show,6.5
APP_006989,CUST_06470,BR004,2026-02-06 10:34:00,KYC Update,Completed,13.5
APP_006990,CUST_09113,BR004,2026-02-06 10:47:00,Credit Card Service,Completed,12.0
APP_006991,CUST_14423,BR004,2026-02-06 10:21:00,General Customer Support,Completed,10.0
APP_006992,CUST_12791,BR004,2026-02-06 10:02:00,Account Opening,Completed,24.0
APP_006993,CUST_04287,BR004,2026-02-06 10:13:00,Cash Withdrawal,Completed,4.5
APP_006994,CUST_04931,BR005,2026-02-06 11:24:00,Statement Request,Completed,5.0
APP_006995,CUST_08863,BR005,2026-02-06 11:11:00,Cash Withdrawal,Completed,4.5
APP_006996,CUST_03782,BR005,2026-02-06 12:46:00,Loan Application,Completed,34.0
APP_006997,CUST_01100,BR005,2026-02-06 12:36:00,Cash Deposit,Completed,6.5
APP_006998,CUST_08064,BR005,2026-02-06 12:23:00,Cash Withdrawal,Completed,4.5
APP_006999,CUST_08655,BR005,2026-02-06 13:29:00,KYC Update,Completed,13.5
APP_007000,CUST_09954,BR006,2026-02-06 09:38:00,Statement Request,Completed,5.0
APP_007001,CUST_07175,BR006,2026-02-06 10:27:00,Complaint,Completed,16.5
APP_007002,CUST_13082,BR006,2026-02-06 10:43:00,Cash Deposit,Completed,6.5
APP_007003,CUST_06866,BR006,2026-02-06 10:52:00,Loan Enquiry,Completed,18.0
APP_007004,CUST_09559,BR006,2026-02-06 12:20:00,KYC Update,Completed,13.5
APP_007005,CUST_05796,BR006,2026-02-06 12:08:00,Investment Enquiry,Completed,26.0
APP_007006,CUST_09138,BR007,2026-02-06 09:18:00,Investment Enquiry,Completed,26.0
APP_007007,CUST_09401,BR007,2026-02-06 09:34:00,General Customer Support,Completed,10.0
APP_007008,CUST_02776,BR007,2026-02-06 10:42:00,Cash Withdrawal,Completed,4.5
APP_007009,CUST_07435,BR007,2026-02-06 10:45:00,Cash Deposit,Completed,6.5
APP_007010,CUST_02246,BR007,2026-02-06 10:25:00,Cash Deposit,Completed,6.5
APP_007011,CUST_05615,BR007,2026-02-06 10:34:00,Credit Card Service,Completed,12.0
APP_007012,CUST_12702,BR007,2026-02-06 10:26:00,Loan Enquiry,Completed,18.0
APP_007013,CUST_00203,BR007,2026-02-06 10:23:00,Complaint,Completed,16.5
APP_007014,CUST_02863,BR007,2026-02-06 11:16:00,Cheque Services,Completed,6.0
APP_007015,CUST_10105,BR007,2026-02-06 11:26:00,Cash Withdrawal,Completed,4.5
APP_007016,CUST_06796,BR008,2026-02-06 09:22:00,Credit Card Service,Completed,12.0
APP_007017,CUST_01783,BR008,2026-02-06 10:26:00,Credit Card Service,Completed,12.0
APP_007018,CUST_07038,BR008,2026-02-06 10:18:00,Credit Card Service,Completed,12.0
APP_007019,CUST_07610,BR008,2026-02-06 12:00:00,Cash Withdrawal,Completed,4.5
APP_007020,CUST_05605,BR008,2026-02-06 13:48:00,KYC Update,Completed,13.5
APP_007021,CUST_07493,BR009,2026-02-06 09:37:00,Loan Application,Completed,34.0
APP_007022,CUST_02489,BR009,2026-02-06 09:07:00,Digital Banking Support,Completed,12.5
APP_007023,CUST_01259,BR009,2026-02-06 10:36:00,Cash Withdrawal,Completed,4.5
APP_007024,CUST_13497,BR009,2026-02-06 11:03:00,Cash Withdrawal,Completed,4.5
APP_007025,CUST_11046,BR009,2026-02-06 11:48:00,Cash Deposit,Cancelled,6.5
APP_007026,CUST_06928,BR009,2026-02-06 12:21:00,General Customer Support,Completed,10.0
APP_007027,CUST_13822,BR009,2026-02-06 13:27:00,Account Opening,Completed,24.0
APP_007028,CUST_04269,BR009,2026-02-06 14:42:00,Cash Withdrawal,Completed,4.5
APP_007029,CUST_07084,BR009,2026-02-06 15:10:00,Loan Application,Completed,34.0
APP_007030,CUST_10456,BR010,2026-02-06 09:08:00,Cash Withdrawal,Cancelled,4.5
APP_007031,CUST_02836,BR010,2026-02-06 10:06:00,Cash Withdrawal,Completed,4.5
APP_007032,CUST_04726,BR010,2026-02-06 11:48:00,Address Update,Completed,8.0
APP_007033,CUST_14644,BR010,2026-02-06 12:03:00,Address Update,Completed,8.0
APP_007034,CUST_10486,BR010,2026-02-06 13:41:00,Complaint,Completed,16.5
APP_007035,CUST_13480,BR001,2026-02-07 09:52:00,Address Update,Cancelled,8.0
APP_007036,CUST_12147,BR001,2026-02-07 10:24:00,Cash Deposit,No-Show,6.5
APP_007037,CUST_01486,BR001,2026-02-07 10:05:00,KYC Update,Completed,13.5
APP_007038,CUST_01421,BR001,2026-02-07 10:18:00,Statement Request,Completed,5.0
APP_007039,CUST_00276,BR001,2026-02-07 11:11:00,Account Opening,Completed,24.0
APP_007040,CUST_00098,BR001,2026-02-07 12:40:00,Cash Withdrawal,Completed,4.5
APP_007041,CUST_13884,BR001,2026-02-07 12:44:00,General Customer Support,Cancelled,10.0
APP_007042,CUST_12241,BR001,2026-02-07 13:24:00,General Customer Support,Completed,10.0
APP_007043,CUST_13780,BR001,2026-02-07 13:10:00,Cash Deposit,Completed,6.5
APP_007044,CUST_10293,BR001,2026-02-07 14:16:00,Loan Enquiry,Completed,18.0
APP_007045,CUST_06493,BR001,2026-02-07 14:10:00,Account Opening,Completed,24.0
APP_007046,CUST_06999,BR002,2026-02-07 10:50:00,Address Update,Completed,8.0
APP_007047,CUST_01455,BR002,2026-02-07 10:42:00,Cash Withdrawal,Completed,4.5
APP_007048,CUST_07046,BR002,2026-02-07 11:24:00,Cheque Services,Completed,6.0
APP_007049,CUST_02876,BR002,2026-02-07 11:47:00,Account Opening,Completed,24.0
APP_007050,CUST_13346,BR002,2026-02-07 11:12:00,Credit Card Service,Completed,12.0
APP_007051,CUST_08817,BR002,2026-02-07 11:52:00,General Customer Support,Completed,10.0
APP_007052,CUST_11980,BR002,2026-02-07 13:36:00,Cash Withdrawal,Completed,4.5
APP_007053,CUST_03785,BR003,2026-02-07 10:18:00,Cash Deposit,Completed,6.5
APP_007054,CUST_12968,BR003,2026-02-07 11:08:00,Cash Withdrawal,Completed,4.5
APP_007055,CUST_02647,BR003,2026-02-07 11:05:00,Cheque Services,Completed,6.0
APP_007056,CUST_02004,BR003,2026-02-07 12:24:00,KYC Update,Completed,13.5
APP_007057,CUST_05352,BR003,2026-02-07 13:07:00,Cash Withdrawal,Completed,4.5
APP_007058,CUST_13305,BR003,2026-02-07 14:01:00,Cheque Services,Completed,6.0
APP_007059,CUST_03207,BR003,2026-02-07 16:50:00,KYC Update,Completed,13.5
APP_007060,CUST_00133,BR003,2026-02-07 16:32:00,Account Opening,Completed,24.0
APP_007061,CUST_10421,BR004,2026-02-07 09:47:00,Cheque Services,Completed,6.0
APP_007062,CUST_11819,BR004,2026-02-07 10:38:00,Cash Deposit,Completed,6.5
APP_007063,CUST_09126,BR004,2026-02-07 10:44:00,Credit Card Service,Completed,12.0
APP_007064,CUST_09441,BR004,2026-02-07 10:39:00,Cash Deposit,Completed,6.5
APP_007065,CUST_00622,BR004,2026-02-07 11:00:00,General Customer Support,Completed,10.0
APP_007066,CUST_05889,BR004,2026-02-07 11:36:00,Cash Withdrawal,Completed,4.5
APP_007067,CUST_00243,BR004,2026-02-07 13:07:00,Cheque Services,Completed,6.0
APP_007068,CUST_01333,BR005,2026-02-07 10:36:00,Cheque Services,Completed,6.0
APP_007069,CUST_01405,BR005,2026-02-07 10:31:00,Complaint,Cancelled,16.5
APP_007070,CUST_06510,BR005,2026-02-07 10:40:00,Cash Withdrawal,Cancelled,4.5
APP_007071,CUST_11899,BR005,2026-02-07 11:31:00,Cash Withdrawal,Completed,4.5
APP_007072,CUST_14978,BR005,2026-02-07 11:39:00,Account Opening,Completed,24.0
APP_007073,CUST_06469,BR005,2026-02-07 12:42:00,Loan Enquiry,Completed,18.0
APP_007074,CUST_09247,BR006,2026-02-07 10:46:00,Cash Withdrawal,Cancelled,4.5
APP_007075,CUST_09283,BR006,2026-02-07 10:36:00,Cheque Services,Completed,6.0
APP_007076,CUST_14372,BR006,2026-02-07 11:05:00,Account Opening,Completed,24.0
APP_007077,CUST_02611,BR006,2026-02-07 12:28:00,Loan Enquiry,Completed,18.0
APP_007078,CUST_13646,BR006,2026-02-07 12:42:00,Loan Application,Completed,34.0
APP_007079,CUST_12250,BR006,2026-02-07 12:26:00,Loan Enquiry,Completed,18.0
APP_007080,CUST_02386,BR007,2026-02-07 10:40:00,Address Update,Completed,8.0
APP_007081,CUST_12698,BR007,2026-02-07 10:10:00,Account Opening,Completed,24.0
APP_007082,CUST_14195,BR007,2026-02-07 11:01:00,Cash Withdrawal,Completed,4.5
APP_007083,CUST_08681,BR007,2026-02-07 11:55:00,Cash Withdrawal,Completed,4.5
APP_007084,CUST_02826,BR007,2026-02-07 13:09:00,Account Opening,Completed,24.0
APP_007085,CUST_01727,BR008,2026-02-07 09:27:00,Investment Enquiry,Completed,26.0
APP_007086,CUST_11668,BR008,2026-02-07 10:49:00,Credit Card Service,Completed,12.0
APP_007087,CUST_01838,BR008,2026-02-07 11:20:00,Address Update,Completed,8.0
APP_007088,CUST_02091,BR008,2026-02-07 11:45:00,Investment Enquiry,Completed,26.0
APP_007089,CUST_09019,BR009,2026-02-07 09:10:00,Cash Withdrawal,Completed,4.5
APP_007090,CUST_03475,BR009,2026-02-07 10:08:00,Investment Enquiry,Completed,26.0
APP_007091,CUST_10852,BR009,2026-02-07 10:14:00,Cash Withdrawal,Completed,4.5
APP_007092,CUST_08808,BR009,2026-02-07 10:20:00,Cash Withdrawal,Cancelled,4.5
APP_007093,CUST_07317,BR009,2026-02-07 11:12:00,Complaint,No-Show,16.5
APP_007094,CUST_05320,BR009,2026-02-07 11:41:00,Cash Deposit,Completed,6.5
APP_007095,CUST_05678,BR009,2026-02-07 11:40:00,Cash Withdrawal,Completed,4.5
APP_007096,CUST_09549,BR009,2026-02-07 12:06:00,Loan Enquiry,Completed,18.0
APP_007097,CUST_14987,BR009,2026-02-07 12:37:00,Cash Withdrawal,Completed,4.5
APP_007098,CUST_13036,BR010,2026-02-07 10:46:00,Cash Deposit,Completed,6.5
APP_007099,CUST_11493,BR010,2026-02-07 10:42:00,Cheque Services,Completed,6.0
APP_007100,CUST_07713,BR010,2026-02-07 11:35:00,Complaint,Completed,16.5
APP_007101,CUST_02098,BR010,2026-02-07 11:14:00,Account Opening,Completed,24.0
APP_007102,CUST_12603,BR001,2026-02-09 09:44:00,Cheque Services,Completed,6.0
APP_007103,CUST_10546,BR001,2026-02-09 10:31:00,Cash Withdrawal,Completed,4.5
APP_007104,CUST_04493,BR001,2026-02-09 10:15:00,Cash Withdrawal,Completed,4.5
APP_007105,CUST_14924,BR001,2026-02-09 10:36:00,Cheque Services,Completed,6.0
APP_007106,CUST_03496,BR001,2026-02-09 11:27:00,Cash Withdrawal,Completed,4.5
APP_007107,CUST_11345,BR001,2026-02-09 11:23:00,Investment Enquiry,Completed,26.0
APP_007108,CUST_06715,BR001,2026-02-09 12:23:00,Cash Withdrawal,Completed,4.5
APP_007109,CUST_09823,BR001,2026-02-09 12:14:00,Cash Deposit,Completed,6.5
APP_007110,CUST_12842,BR001,2026-02-09 12:30:00,Cash Deposit,Cancelled,6.5
APP_007111,CUST_01367,BR001,2026-02-09 12:52:00,Complaint,Completed,16.5
APP_007112,CUST_06594,BR001,2026-02-09 12:55:00,Statement Request,Completed,5.0
APP_007113,CUST_09704,BR001,2026-02-09 12:54:00,Account Opening,Completed,24.0
APP_007114,CUST_14183,BR001,2026-02-09 12:52:00,Cheque Services,Completed,6.0
APP_007115,CUST_02516,BR001,2026-02-09 12:19:00,Cash Withdrawal,Completed,4.5
APP_007116,CUST_10406,BR002,2026-02-09 10:53:00,Address Update,No-Show,8.0
APP_007117,CUST_13379,BR002,2026-02-09 10:03:00,General Customer Support,Completed,10.0
APP_007118,CUST_09979,BR002,2026-02-09 11:35:00,Statement Request,Completed,5.0
APP_007119,CUST_06109,BR002,2026-02-09 11:32:00,Address Update,Completed,8.0
APP_007120,CUST_09822,BR002,2026-02-09 12:38:00,Cash Withdrawal,Cancelled,4.5
APP_007121,CUST_03969,BR002,2026-02-09 12:25:00,KYC Update,Completed,13.5
APP_007122,CUST_04092,BR002,2026-02-09 13:25:00,KYC Update,Completed,13.5
APP_007123,CUST_06592,BR002,2026-02-09 13:10:00,Address Update,Completed,8.0
APP_007124,CUST_04729,BR002,2026-02-09 13:03:00,Complaint,Completed,16.5
APP_007125,CUST_10727,BR003,2026-02-09 10:26:00,KYC Update,Cancelled,13.5
APP_007126,CUST_05650,BR003,2026-02-09 10:48:00,KYC Update,Completed,13.5
APP_007127,CUST_01687,BR003,2026-02-09 10:25:00,KYC Update,Completed,13.5
APP_007128,CUST_02925,BR003,2026-02-09 10:15:00,KYC Update,Cancelled,13.5
APP_007129,CUST_04057,BR003,2026-02-09 11:19:00,Cash Deposit,Completed,6.5
APP_007130,CUST_12742,BR003,2026-02-09 11:06:00,Cheque Services,Cancelled,6.0
APP_007131,CUST_08083,BR003,2026-02-09 11:16:00,Cheque Services,Completed,6.0
APP_007132,CUST_13009,BR004,2026-02-09 09:31:00,Address Update,Completed,8.0
APP_007133,CUST_09942,BR004,2026-02-09 10:55:00,Investment Enquiry,Completed,26.0
APP_007134,CUST_14774,BR004,2026-02-09 10:17:00,Cash Withdrawal,Completed,4.5
APP_007135,CUST_00490,BR004,2026-02-09 10:03:00,Loan Application,Completed,34.0
APP_007136,CUST_00695,BR005,2026-02-09 10:36:00,Loan Application,Completed,34.0
APP_007137,CUST_11866,BR005,2026-02-09 11:44:00,General Customer Support,Completed,10.0
APP_007138,CUST_04605,BR005,2026-02-09 12:06:00,Complaint,Completed,16.5
APP_007139,CUST_08023,BR005,2026-02-09 13:12:00,Cash Deposit,Completed,6.5
APP_007140,CUST_08910,BR005,2026-02-09 13:06:00,Cash Deposit,Completed,6.5
APP_007141,CUST_11123,BR006,2026-02-09 09:38:00,Loan Application,Completed,34.0
APP_007142,CUST_06022,BR006,2026-02-09 10:53:00,Loan Enquiry,Completed,18.0
APP_007143,CUST_10987,BR006,2026-02-09 10:09:00,Cash Withdrawal,Completed,4.5
APP_007144,CUST_01734,BR006,2026-02-09 11:25:00,Account Opening,Completed,24.0
APP_007145,CUST_09441,BR006,2026-02-09 11:54:00,Loan Enquiry,Completed,18.0
APP_007146,CUST_07095,BR006,2026-02-09 11:29:00,Account Opening,Completed,24.0
APP_007147,CUST_08289,BR006,2026-02-09 11:36:00,KYC Update,Completed,13.5
APP_007148,CUST_08798,BR006,2026-02-09 13:01:00,Statement Request,Completed,5.0
APP_007149,CUST_07495,BR007,2026-02-09 09:06:00,Cash Deposit,No-Show,6.5
APP_007150,CUST_11653,BR007,2026-02-09 10:06:00,Cash Deposit,Completed,6.5
APP_007151,CUST_08271,BR007,2026-02-09 10:39:00,Cash Withdrawal,Completed,4.5
APP_007152,CUST_00515,BR007,2026-02-09 10:37:00,Cash Deposit,Completed,6.5
APP_007153,CUST_13173,BR007,2026-02-09 10:15:00,Statement Request,Completed,5.0
APP_007154,CUST_14335,BR007,2026-02-09 10:44:00,Cheque Services,Completed,6.0
APP_007155,CUST_12302,BR007,2026-02-09 11:20:00,Credit Card Service,Completed,12.0
APP_007156,CUST_04504,BR008,2026-02-09 09:44:00,KYC Update,No-Show,13.5
APP_007157,CUST_06592,BR008,2026-02-09 10:47:00,KYC Update,Completed,13.5
APP_007158,CUST_09464,BR008,2026-02-09 11:24:00,Cash Withdrawal,No-Show,4.5
APP_007159,CUST_04093,BR008,2026-02-09 13:33:00,Address Update,Completed,8.0
APP_007160,CUST_01907,BR008,2026-02-09 13:21:00,KYC Update,Completed,13.5
APP_007161,CUST_00058,BR009,2026-02-09 09:54:00,Complaint,Completed,16.5
APP_007162,CUST_14185,BR009,2026-02-09 10:49:00,Cheque Services,Completed,6.0
APP_007163,CUST_08598,BR009,2026-02-09 10:24:00,Digital Banking Support,Completed,12.5
APP_007164,CUST_09233,BR009,2026-02-09 10:32:00,Cash Withdrawal,Completed,4.5
APP_007165,CUST_02652,BR009,2026-02-09 10:47:00,Statement Request,Cancelled,5.0
APP_007166,CUST_13361,BR009,2026-02-09 11:14:00,Account Opening,Completed,24.0
APP_007167,CUST_02994,BR009,2026-02-09 11:08:00,Digital Banking Support,Completed,12.5
APP_007168,CUST_11953,BR009,2026-02-09 11:23:00,Account Opening,Completed,24.0
APP_007169,CUST_11902,BR009,2026-02-09 12:29:00,General Customer Support,Completed,10.0
APP_007170,CUST_01102,BR009,2026-02-09 12:51:00,Address Update,Completed,8.0
APP_007171,CUST_06573,BR010,2026-02-09 09:44:00,Credit Card Service,Completed,12.0
APP_007172,CUST_10616,BR010,2026-02-09 10:14:00,Credit Card Service,Completed,12.0
APP_007173,CUST_11235,BR010,2026-02-09 10:30:00,Statement Request,Completed,5.0
APP_007174,CUST_01189,BR010,2026-02-09 11:41:00,Account Opening,Completed,24.0
APP_007175,CUST_06390,BR010,2026-02-09 11:11:00,Cheque Services,Cancelled,6.0
APP_007176,CUST_06950,BR001,2026-02-10 10:03:00,Account Opening,Completed,24.0
APP_007177,CUST_14013,BR001,2026-02-10 10:36:00,Address Update,Completed,8.0
APP_007178,CUST_02221,BR001,2026-02-10 10:33:00,Cash Withdrawal,Completed,4.5
APP_007179,CUST_02164,BR001,2026-02-10 10:26:00,Credit Card Service,Completed,12.0
APP_007180,CUST_11679,BR001,2026-02-10 10:44:00,KYC Update,Completed,13.5
APP_007181,CUST_00694,BR001,2026-02-10 11:09:00,Credit Card Service,Cancelled,12.0
APP_007182,CUST_13680,BR001,2026-02-10 11:33:00,Cheque Services,Completed,6.0
APP_007183,CUST_14448,BR002,2026-02-10 09:17:00,Cash Deposit,Completed,6.5
APP_007184,CUST_07421,BR002,2026-02-10 09:05:00,KYC Update,Completed,13.5
APP_007185,CUST_07229,BR002,2026-02-10 10:10:00,KYC Update,Completed,13.5
APP_007186,CUST_04182,BR002,2026-02-10 10:03:00,Address Update,Completed,8.0
APP_007187,CUST_08908,BR002,2026-02-10 11:08:00,Statement Request,Completed,5.0
APP_007188,CUST_10289,BR002,2026-02-10 11:31:00,Cash Deposit,Completed,6.5
APP_007189,CUST_04402,BR002,2026-02-10 11:14:00,Cheque Services,Completed,6.0
APP_007190,CUST_01328,BR002,2026-02-10 11:34:00,Cash Deposit,Completed,6.5
APP_007191,CUST_02740,BR002,2026-02-10 11:12:00,Cash Withdrawal,Completed,4.5
APP_007192,CUST_02762,BR002,2026-02-10 11:29:00,Account Opening,Completed,24.0
APP_007193,CUST_06248,BR003,2026-02-10 09:12:00,Cash Withdrawal,Completed,4.5
APP_007194,CUST_03815,BR003,2026-02-10 09:52:00,Account Opening,Completed,24.0
APP_007195,CUST_07290,BR003,2026-02-10 10:39:00,Cash Withdrawal,Completed,4.5
APP_007196,CUST_06315,BR003,2026-02-10 10:39:00,Address Update,Completed,8.0
APP_007197,CUST_07971,BR003,2026-02-10 10:04:00,Cash Deposit,Completed,6.5
APP_007198,CUST_11788,BR003,2026-02-10 10:12:00,General Customer Support,Completed,10.0
APP_007199,CUST_09481,BR003,2026-02-10 10:09:00,Cash Withdrawal,Completed,4.5
APP_007200,CUST_14803,BR003,2026-02-10 11:19:00,Credit Card Service,Completed,12.0
APP_007201,CUST_05821,BR003,2026-02-10 11:44:00,Digital Banking Support,Cancelled,12.5
APP_007202,CUST_12971,BR003,2026-02-10 11:41:00,KYC Update,Completed,13.5
APP_007203,CUST_02187,BR004,2026-02-10 10:17:00,Cheque Services,Completed,6.0
APP_007204,CUST_13938,BR004,2026-02-10 10:11:00,Credit Card Service,Completed,12.0
APP_007205,CUST_10688,BR004,2026-02-10 10:19:00,Account Opening,Completed,24.0
APP_007206,CUST_11313,BR004,2026-02-10 12:13:00,KYC Update,Completed,13.5
APP_007207,CUST_04516,BR004,2026-02-10 13:26:00,Complaint,Completed,16.5
APP_007208,CUST_04068,BR004,2026-02-10 14:21:00,Loan Application,Completed,34.0
APP_007209,CUST_06490,BR005,2026-02-10 10:02:00,Address Update,Completed,8.0
APP_007210,CUST_04420,BR005,2026-02-10 15:03:00,Address Update,Completed,8.0
APP_007211,CUST_00215,BR005,2026-02-10 16:11:00,KYC Update,Completed,13.5
APP_007212,CUST_00234,BR006,2026-02-10 10:32:00,Loan Application,Completed,34.0
APP_007213,CUST_08918,BR006,2026-02-10 11:23:00,Investment Enquiry,Completed,26.0
APP_007214,CUST_04972,BR006,2026-02-10 13:08:00,Cheque Services,Completed,6.0
APP_007215,CUST_01889,BR006,2026-02-10 14:35:00,Cash Deposit,Completed,6.5
APP_007216,CUST_08028,BR006,2026-02-10 14:17:00,General Customer Support,Completed,10.0
APP_007217,CUST_07125,BR006,2026-02-10 15:36:00,Loan Enquiry,Completed,18.0
APP_007218,CUST_07649,BR006,2026-02-10 15:46:00,Cheque Services,Completed,6.0
APP_007219,CUST_13662,BR006,2026-02-10 15:11:00,Cheque Services,Completed,6.0
APP_007220,CUST_08007,BR006,2026-02-10 16:33:00,Cash Withdrawal,Completed,4.5
APP_007221,CUST_07068,BR007,2026-02-10 09:43:00,Cash Deposit,Completed,6.5
APP_007222,CUST_06568,BR007,2026-02-10 12:31:00,Cash Withdrawal,Completed,4.5
APP_007223,CUST_08278,BR007,2026-02-10 12:22:00,Statement Request,Completed,5.0
APP_007224,CUST_05185,BR007,2026-02-10 13:39:00,Address Update,Completed,8.0
APP_007225,CUST_05451,BR007,2026-02-10 14:26:00,Investment Enquiry,Completed,26.0
APP_007226,CUST_11134,BR008,2026-02-10 10:38:00,Account Opening,Completed,24.0
APP_007227,CUST_04798,BR008,2026-02-10 11:28:00,Cheque Services,Completed,6.0
APP_007228,CUST_10161,BR008,2026-02-10 11:03:00,Cash Withdrawal,Completed,4.5
APP_007229,CUST_03614,BR009,2026-02-10 09:39:00,Account Opening,Completed,24.0
APP_007230,CUST_06290,BR009,2026-02-10 10:13:00,Credit Card Service,Cancelled,12.0
APP_007231,CUST_14349,BR009,2026-02-10 10:42:00,Loan Enquiry,Completed,18.0
APP_007232,CUST_03300,BR009,2026-02-10 10:00:00,Loan Enquiry,Completed,18.0
APP_007233,CUST_07481,BR009,2026-02-10 11:01:00,Statement Request,Completed,5.0
APP_007234,CUST_00026,BR010,2026-02-10 09:34:00,Cash Withdrawal,Completed,4.5
APP_007235,CUST_04608,BR010,2026-02-10 10:13:00,Cash Withdrawal,Completed,4.5
APP_007236,CUST_12573,BR010,2026-02-10 10:41:00,Cash Withdrawal,Completed,4.5
APP_007237,CUST_02779,BR001,2026-02-11 09:55:00,Credit Card Service,Completed,12.0
APP_007238,CUST_14946,BR001,2026-02-11 10:20:00,General Customer Support,Completed,10.0
APP_007239,CUST_08189,BR001,2026-02-11 11:23:00,Cash Deposit,Cancelled,6.5
APP_007240,CUST_04007,BR001,2026-02-11 11:30:00,General Customer Support,Completed,10.0
APP_007241,CUST_00841,BR001,2026-02-11 11:02:00,Account Opening,Completed,24.0
APP_007242,CUST_04435,BR001,2026-02-11 11:01:00,Cash Withdrawal,Completed,4.5
APP_007243,CUST_13456,BR001,2026-02-11 11:19:00,Cash Withdrawal,Completed,4.5
APP_007244,CUST_08777,BR002,2026-02-11 09:30:00,Credit Card Service,Completed,12.0
APP_007245,CUST_02954,BR002,2026-02-11 09:33:00,Cash Deposit,Completed,6.5
APP_007246,CUST_09856,BR002,2026-02-11 10:45:00,Cheque Services,Completed,6.0
APP_007247,CUST_07911,BR002,2026-02-11 11:22:00,Cash Withdrawal,Completed,4.5
APP_007248,CUST_03397,BR002,2026-02-11 11:29:00,Cheque Services,Completed,6.0
APP_007249,CUST_00232,BR003,2026-02-11 09:00:00,Cheque Services,Completed,6.0
APP_007250,CUST_03938,BR003,2026-02-11 09:00:00,Credit Card Service,Completed,12.0
APP_007251,CUST_02827,BR003,2026-02-11 10:43:00,Cheque Services,Completed,6.0
APP_007252,CUST_10631,BR003,2026-02-11 10:38:00,Cash Withdrawal,Completed,4.5
APP_007253,CUST_08297,BR003,2026-02-11 10:17:00,Cheque Services,Completed,6.0
APP_007254,CUST_00946,BR003,2026-02-11 10:17:00,Digital Banking Support,Completed,12.5
APP_007255,CUST_12268,BR003,2026-02-11 11:19:00,Cash Deposit,Completed,6.5
APP_007256,CUST_00551,BR003,2026-02-11 12:00:00,KYC Update,Completed,13.5
APP_007257,CUST_13748,BR003,2026-02-11 12:48:00,Cash Deposit,Completed,6.5
APP_007258,CUST_11460,BR003,2026-02-11 12:52:00,Statement Request,Completed,5.0
APP_007259,CUST_12583,BR004,2026-02-11 10:51:00,Cash Withdrawal,Completed,4.5
APP_007260,CUST_01920,BR004,2026-02-11 10:25:00,KYC Update,Completed,13.5
APP_007261,CUST_03949,BR004,2026-02-11 10:43:00,Loan Application,Completed,34.0
APP_007262,CUST_14112,BR004,2026-02-11 11:20:00,Credit Card Service,Completed,12.0
APP_007263,CUST_03406,BR004,2026-02-11 16:02:00,Cash Deposit,Completed,6.5
APP_007264,CUST_09802,BR005,2026-02-11 09:32:00,Cash Withdrawal,Completed,4.5
APP_007265,CUST_02461,BR005,2026-02-11 10:05:00,General Customer Support,Completed,10.0
APP_007266,CUST_10831,BR005,2026-02-11 11:49:00,Cash Withdrawal,Completed,4.5
APP_007267,CUST_11308,BR005,2026-02-11 11:54:00,Cash Deposit,Completed,6.5
APP_007268,CUST_11875,BR005,2026-02-11 11:47:00,Cash Deposit,Cancelled,6.5
APP_007269,CUST_02656,BR006,2026-02-11 09:08:00,Complaint,Completed,16.5
APP_007270,CUST_09748,BR006,2026-02-11 10:02:00,Cheque Services,Cancelled,6.0
APP_007271,CUST_04869,BR006,2026-02-11 11:21:00,KYC Update,Completed,13.5
APP_007272,CUST_05936,BR006,2026-02-11 14:43:00,Loan Application,Cancelled,34.0
APP_007273,CUST_14620,BR007,2026-02-11 10:29:00,Credit Card Service,Completed,12.0
APP_007274,CUST_07729,BR007,2026-02-11 11:17:00,Cash Deposit,Completed,6.5
APP_007275,CUST_07585,BR007,2026-02-11 12:50:00,Loan Enquiry,Completed,18.0
APP_007276,CUST_04339,BR007,2026-02-11 12:15:00,Complaint,No-Show,16.5
APP_007277,CUST_08774,BR007,2026-02-11 13:34:00,Cash Withdrawal,Completed,4.5
APP_007278,CUST_05824,BR007,2026-02-11 14:04:00,Cash Deposit,Cancelled,6.5
APP_007279,CUST_10472,BR008,2026-02-11 10:44:00,Digital Banking Support,Completed,12.5
APP_007280,CUST_03762,BR008,2026-02-11 11:04:00,Address Update,Completed,8.0
APP_007281,CUST_02664,BR008,2026-02-11 11:45:00,Account Opening,Completed,24.0
APP_007282,CUST_04026,BR008,2026-02-11 12:43:00,General Customer Support,Completed,10.0
APP_007283,CUST_06285,BR009,2026-02-11 09:52:00,Loan Enquiry,Completed,18.0
APP_007284,CUST_13667,BR009,2026-02-11 09:24:00,Account Opening,Completed,24.0
APP_007285,CUST_07819,BR009,2026-02-11 10:12:00,Cash Withdrawal,Completed,4.5
APP_007286,CUST_11083,BR009,2026-02-11 10:09:00,Cheque Services,Completed,6.0
APP_007287,CUST_14246,BR009,2026-02-11 11:36:00,KYC Update,Completed,13.5
APP_007288,CUST_10940,BR009,2026-02-11 11:24:00,Address Update,Completed,8.0
APP_007289,CUST_14459,BR010,2026-02-11 11:03:00,Cash Deposit,Completed,6.5
APP_007290,CUST_07531,BR010,2026-02-11 11:18:00,Account Opening,Completed,24.0
APP_007291,CUST_10040,BR010,2026-02-11 12:55:00,Loan Application,Completed,34.0
APP_007292,CUST_00711,BR001,2026-02-12 09:07:00,Investment Enquiry,Completed,26.0
APP_007293,CUST_00974,BR001,2026-02-12 10:34:00,Cash Withdrawal,Completed,4.5
APP_007294,CUST_07569,BR001,2026-02-12 10:36:00,Address Update,Completed,8.0
APP_007295,CUST_01060,BR001,2026-02-12 10:06:00,Cash Withdrawal,Completed,4.5
APP_007296,CUST_04128,BR001,2026-02-12 10:24:00,General Customer Support,Completed,10.0
APP_007297,CUST_02211,BR001,2026-02-12 10:30:00,Loan Application,Completed,34.0
APP_007298,CUST_01858,BR002,2026-02-12 10:43:00,Address Update,Completed,8.0
APP_007299,CUST_00884,BR002,2026-02-12 10:06:00,Statement Request,Completed,5.0
APP_007300,CUST_06940,BR002,2026-02-12 11:34:00,KYC Update,Completed,13.5
APP_007301,CUST_05355,BR002,2026-02-12 11:01:00,Cash Withdrawal,Completed,4.5
APP_007302,CUST_09050,BR002,2026-02-12 12:16:00,Statement Request,Completed,5.0
APP_007303,CUST_03572,BR002,2026-02-12 12:18:00,KYC Update,Completed,13.5
APP_007304,CUST_03714,BR002,2026-02-12 13:45:00,Statement Request,Completed,5.0
APP_007305,CUST_10787,BR003,2026-02-12 09:38:00,Cheque Services,Completed,6.0
APP_007306,CUST_03690,BR003,2026-02-12 10:50:00,Cash Withdrawal,Completed,4.5
APP_007307,CUST_13406,BR003,2026-02-12 10:28:00,Loan Enquiry,Cancelled,18.0
APP_007308,CUST_01270,BR003,2026-02-12 10:44:00,Account Opening,Completed,24.0
APP_007309,CUST_01285,BR003,2026-02-12 10:38:00,General Customer Support,Completed,10.0
APP_007310,CUST_05225,BR003,2026-02-12 11:27:00,Cash Deposit,Completed,6.5
APP_007311,CUST_03474,BR003,2026-02-12 11:38:00,Credit Card Service,Completed,12.0
APP_007312,CUST_01643,BR003,2026-02-12 11:17:00,Complaint,Completed,16.5
APP_007313,CUST_09321,BR003,2026-02-12 11:46:00,Credit Card Service,Completed,12.0
APP_007314,CUST_04939,BR003,2026-02-12 12:42:00,Digital Banking Support,Completed,12.5
APP_007315,CUST_05849,BR004,2026-02-12 09:48:00,Account Opening,Completed,24.0
APP_007316,CUST_14413,BR004,2026-02-12 09:23:00,Digital Banking Support,Completed,12.5
APP_007317,CUST_00280,BR004,2026-02-12 12:05:00,Investment Enquiry,Completed,26.0
APP_007318,CUST_05257,BR004,2026-02-12 14:07:00,Cash Withdrawal,Completed,4.5
APP_007319,CUST_05845,BR004,2026-02-12 14:04:00,Cheque Services,Completed,6.0
APP_007320,CUST_13070,BR004,2026-02-12 14:42:00,Credit Card Service,Completed,12.0
APP_007321,CUST_01772,BR005,2026-02-12 09:31:00,Address Update,No-Show,8.0
APP_007322,CUST_14438,BR005,2026-02-12 10:33:00,Loan Enquiry,Completed,18.0
APP_007323,CUST_01539,BR005,2026-02-12 12:34:00,Complaint,Completed,16.5
APP_007324,CUST_11980,BR005,2026-02-12 13:41:00,Cash Deposit,Completed,6.5
APP_007325,CUST_02317,BR006,2026-02-12 09:10:00,Cash Withdrawal,Completed,4.5
APP_007326,CUST_03152,BR006,2026-02-12 09:21:00,Account Opening,Completed,24.0
APP_007327,CUST_13575,BR006,2026-02-12 10:08:00,KYC Update,Completed,13.5
APP_007328,CUST_10221,BR006,2026-02-12 10:02:00,Loan Enquiry,Completed,18.0
APP_007329,CUST_07360,BR006,2026-02-12 10:26:00,Cash Withdrawal,Completed,4.5
APP_007330,CUST_01176,BR006,2026-02-12 10:37:00,Loan Application,Completed,34.0
APP_007331,CUST_01365,BR006,2026-02-12 11:55:00,General Customer Support,Completed,10.0
APP_007332,CUST_06631,BR006,2026-02-12 12:32:00,Account Opening,No-Show,24.0
APP_007333,CUST_14838,BR007,2026-02-12 10:01:00,Cash Deposit,Completed,6.5
APP_007334,CUST_03338,BR007,2026-02-12 11:28:00,Cash Deposit,Completed,6.5
APP_007335,CUST_00843,BR007,2026-02-12 11:19:00,Loan Enquiry,Completed,18.0
APP_007336,CUST_08188,BR007,2026-02-12 13:34:00,KYC Update,Completed,13.5
APP_007337,CUST_08821,BR007,2026-02-12 13:53:00,Cash Withdrawal,Completed,4.5
APP_007338,CUST_05990,BR008,2026-02-12 10:43:00,Loan Enquiry,Completed,18.0
APP_007339,CUST_12054,BR008,2026-02-12 10:03:00,Cheque Services,No-Show,6.0
APP_007340,CUST_06351,BR008,2026-02-12 10:02:00,Cash Withdrawal,Completed,4.5
APP_007341,CUST_10034,BR008,2026-02-12 10:28:00,General Customer Support,Completed,10.0
APP_007342,CUST_02317,BR009,2026-02-12 09:07:00,Digital Banking Support,Completed,12.5
APP_007343,CUST_12462,BR009,2026-02-12 10:13:00,Loan Application,Completed,34.0
APP_007344,CUST_12645,BR009,2026-02-12 11:51:00,KYC Update,Completed,13.5
APP_007345,CUST_13646,BR009,2026-02-12 11:51:00,Loan Application,Completed,34.0
APP_007346,CUST_12652,BR009,2026-02-12 13:18:00,Cash Withdrawal,Completed,4.5
APP_007347,CUST_06572,BR009,2026-02-12 13:16:00,Complaint,Completed,16.5
APP_007348,CUST_03868,BR010,2026-02-12 10:03:00,Digital Banking Support,Completed,12.5
APP_007349,CUST_00426,BR010,2026-02-12 10:34:00,Digital Banking Support,No-Show,12.5
APP_007350,CUST_04863,BR010,2026-02-12 11:37:00,Account Opening,Completed,24.0
APP_007351,CUST_09262,BR010,2026-02-12 11:03:00,Account Opening,Completed,24.0
APP_007352,CUST_05058,BR010,2026-02-12 11:00:00,General Customer Support,Completed,10.0
APP_007353,CUST_13807,BR010,2026-02-12 12:48:00,KYC Update,Completed,13.5
APP_007354,CUST_03329,BR001,2026-02-13 10:34:00,Statement Request,Completed,5.0
APP_007355,CUST_00716,BR001,2026-02-13 10:10:00,Cash Withdrawal,Completed,4.5
APP_007356,CUST_13902,BR001,2026-02-13 10:18:00,General Customer Support,Completed,10.0
APP_007357,CUST_10064,BR001,2026-02-13 10:32:00,Cash Withdrawal,Completed,4.5
APP_007358,CUST_06596,BR001,2026-02-13 11:53:00,Cash Withdrawal,Completed,4.5
APP_007359,CUST_10481,BR001,2026-02-13 11:20:00,Credit Card Service,Completed,12.0
APP_007360,CUST_08228,BR001,2026-02-13 11:19:00,Digital Banking Support,Completed,12.5
APP_007361,CUST_04112,BR001,2026-02-13 11:04:00,Cheque Services,Completed,6.0
APP_007362,CUST_13149,BR001,2026-02-13 12:34:00,Cash Withdrawal,Completed,4.5
APP_007363,CUST_02744,BR001,2026-02-13 12:31:00,Account Opening,Completed,24.0
APP_007364,CUST_09883,BR001,2026-02-13 12:28:00,KYC Update,Completed,13.5
APP_007365,CUST_02634,BR001,2026-02-13 13:33:00,Address Update,Completed,8.0
APP_007366,CUST_01764,BR001,2026-02-13 14:43:00,Cash Withdrawal,Completed,4.5
APP_007367,CUST_00042,BR002,2026-02-13 09:18:00,Cash Deposit,Completed,6.5
APP_007368,CUST_13803,BR002,2026-02-13 09:15:00,Account Opening,Completed,24.0
APP_007369,CUST_07628,BR002,2026-02-13 10:47:00,Cash Deposit,Completed,6.5
APP_007370,CUST_03474,BR002,2026-02-13 10:51:00,Credit Card Service,Completed,12.0
APP_007371,CUST_00043,BR002,2026-02-13 10:31:00,Credit Card Service,Completed,12.0
APP_007372,CUST_06551,BR002,2026-02-13 11:23:00,Account Opening,Completed,24.0
APP_007373,CUST_11745,BR002,2026-02-13 11:37:00,Loan Enquiry,Completed,18.0
APP_007374,CUST_05987,BR002,2026-02-13 12:13:00,Address Update,Completed,8.0
APP_007375,CUST_05392,BR002,2026-02-13 12:09:00,Credit Card Service,Completed,12.0
APP_007376,CUST_01465,BR003,2026-02-13 10:42:00,Statement Request,Completed,5.0
APP_007377,CUST_03517,BR003,2026-02-13 11:11:00,Digital Banking Support,Completed,12.5
APP_007378,CUST_13748,BR003,2026-02-13 11:45:00,Cash Deposit,Completed,6.5
APP_007379,CUST_11060,BR003,2026-02-13 11:03:00,KYC Update,Completed,13.5
APP_007380,CUST_04515,BR003,2026-02-13 12:25:00,Address Update,Completed,8.0
APP_007381,CUST_14198,BR003,2026-02-13 12:08:00,Account Opening,Completed,24.0
APP_007382,CUST_04415,BR003,2026-02-13 12:31:00,Account Opening,Completed,24.0
APP_007383,CUST_05675,BR003,2026-02-13 13:49:00,Loan Application,Completed,34.0
APP_007384,CUST_13636,BR003,2026-02-13 15:30:00,Account Opening,Completed,24.0
APP_007385,CUST_06393,BR004,2026-02-13 09:26:00,Cash Withdrawal,Cancelled,4.5
APP_007386,CUST_06899,BR004,2026-02-13 10:01:00,Cash Deposit,Completed,6.5
APP_007387,CUST_14238,BR004,2026-02-13 10:07:00,Complaint,Completed,16.5
APP_007388,CUST_03992,BR004,2026-02-13 10:24:00,Credit Card Service,Completed,12.0
APP_007389,CUST_00013,BR004,2026-02-13 11:14:00,Address Update,Completed,8.0
APP_007390,CUST_02559,BR004,2026-02-13 11:51:00,Address Update,Completed,8.0
APP_007391,CUST_12289,BR004,2026-02-13 11:07:00,General Customer Support,Completed,10.0
APP_007392,CUST_14615,BR004,2026-02-13 12:42:00,Cash Withdrawal,Completed,4.5
APP_007393,CUST_06738,BR004,2026-02-13 12:22:00,Cheque Services,Completed,6.0
APP_007394,CUST_14983,BR004,2026-02-13 13:12:00,Cash Withdrawal,No-Show,4.5
APP_007395,CUST_12053,BR004,2026-02-13 13:02:00,Account Opening,Completed,24.0
APP_007396,CUST_12641,BR005,2026-02-13 09:45:00,Cash Withdrawal,Completed,4.5
APP_007397,CUST_10598,BR005,2026-02-13 09:47:00,Digital Banking Support,Completed,12.5
APP_007398,CUST_08922,BR005,2026-02-13 10:32:00,Cash Withdrawal,Completed,4.5
APP_007399,CUST_04666,BR005,2026-02-13 11:37:00,Complaint,Completed,16.5
APP_007400,CUST_04803,BR005,2026-02-13 11:11:00,Complaint,Completed,16.5
APP_007401,CUST_10252,BR005,2026-02-13 12:37:00,Address Update,Cancelled,8.0
APP_007402,CUST_02339,BR005,2026-02-13 12:40:00,Credit Card Service,Completed,12.0
APP_007403,CUST_14774,BR006,2026-02-13 09:48:00,Statement Request,Completed,5.0
APP_007404,CUST_10625,BR006,2026-02-13 10:34:00,Account Opening,Completed,24.0
APP_007405,CUST_10723,BR006,2026-02-13 10:10:00,Cash Withdrawal,Cancelled,4.5
APP_007406,CUST_00351,BR006,2026-02-13 10:48:00,Cash Withdrawal,Completed,4.5
APP_007407,CUST_06090,BR006,2026-02-13 11:21:00,Investment Enquiry,Completed,26.0
APP_007408,CUST_05645,BR006,2026-02-13 11:08:00,Cash Deposit,Cancelled,6.5
APP_007409,CUST_14359,BR006,2026-02-13 11:32:00,Cash Deposit,Completed,6.5
APP_007410,CUST_08492,BR006,2026-02-13 11:45:00,Cash Deposit,Completed,6.5
APP_007411,CUST_06095,BR007,2026-02-13 09:20:00,Account Opening,Completed,24.0
APP_007412,CUST_02437,BR007,2026-02-13 10:44:00,Loan Application,Completed,34.0
APP_007413,CUST_11389,BR007,2026-02-13 10:14:00,General Customer Support,Cancelled,10.0
APP_007414,CUST_02264,BR007,2026-02-13 11:53:00,Cash Withdrawal,Completed,4.5
APP_007415,CUST_09763,BR007,2026-02-13 11:15:00,Account Opening,Completed,24.0
APP_007416,CUST_14673,BR007,2026-02-13 13:40:00,General Customer Support,Completed,10.0
APP_007417,CUST_12915,BR008,2026-02-13 10:24:00,KYC Update,Completed,13.5
APP_007418,CUST_08618,BR008,2026-02-13 10:02:00,Investment Enquiry,Completed,26.0
APP_007419,CUST_03452,BR008,2026-02-13 11:34:00,Digital Banking Support,Completed,12.5
APP_007420,CUST_07889,BR008,2026-02-13 11:09:00,KYC Update,Completed,13.5
APP_007421,CUST_14688,BR008,2026-02-13 11:31:00,Loan Enquiry,Completed,18.0
APP_007422,CUST_13080,BR008,2026-02-13 11:08:00,General Customer Support,Completed,10.0
APP_007423,CUST_10898,BR008,2026-02-13 12:53:00,Cash Deposit,Completed,6.5
APP_007424,CUST_14346,BR009,2026-02-13 09:34:00,KYC Update,Cancelled,13.5
APP_007425,CUST_10482,BR009,2026-02-13 09:17:00,Statement Request,Completed,5.0
APP_007426,CUST_14653,BR009,2026-02-13 11:45:00,Investment Enquiry,Cancelled,26.0
APP_007427,CUST_12701,BR009,2026-02-13 11:54:00,General Customer Support,Completed,10.0
APP_007428,CUST_03030,BR009,2026-02-13 11:32:00,Credit Card Service,Completed,12.0
APP_007429,CUST_02455,BR009,2026-02-13 12:07:00,Account Opening,Completed,24.0
APP_007430,CUST_01942,BR009,2026-02-13 13:40:00,Cash Deposit,Completed,6.5
APP_007431,CUST_12825,BR009,2026-02-13 13:21:00,Statement Request,Completed,5.0
APP_007432,CUST_00842,BR009,2026-02-13 13:09:00,Complaint,Completed,16.5
APP_007433,CUST_12378,BR010,2026-02-13 11:22:00,Cash Withdrawal,Cancelled,4.5
APP_007434,CUST_06742,BR010,2026-02-13 11:26:00,Cash Deposit,Completed,6.5
APP_007435,CUST_03652,BR010,2026-02-13 12:16:00,Account Opening,Completed,24.0
APP_007436,CUST_01966,BR010,2026-02-13 12:25:00,Loan Enquiry,Completed,18.0
APP_007437,CUST_00842,BR010,2026-02-13 13:08:00,Cash Withdrawal,Completed,4.5
APP_007438,CUST_13035,BR001,2026-02-16 09:29:00,Complaint,Completed,16.5
APP_007439,CUST_01504,BR001,2026-02-16 10:12:00,Cash Withdrawal,Completed,4.5
APP_007440,CUST_13805,BR001,2026-02-16 10:05:00,Account Opening,Completed,24.0
APP_007441,CUST_08607,BR001,2026-02-16 10:16:00,KYC Update,Completed,13.5
APP_007442,CUST_09415,BR001,2026-02-16 11:07:00,Account Opening,Completed,24.0
APP_007443,CUST_04826,BR001,2026-02-16 11:42:00,Cash Withdrawal,Completed,4.5
APP_007444,CUST_07648,BR001,2026-02-16 11:34:00,Account Opening,Completed,24.0
APP_007445,CUST_01389,BR001,2026-02-16 11:04:00,KYC Update,Completed,13.5
APP_007446,CUST_07827,BR001,2026-02-16 11:07:00,Cash Withdrawal,Completed,4.5
APP_007447,CUST_13186,BR002,2026-02-16 10:02:00,Complaint,Completed,16.5
APP_007448,CUST_10255,BR002,2026-02-16 10:08:00,Loan Application,Completed,34.0
APP_007449,CUST_10888,BR002,2026-02-16 11:09:00,Address Update,Completed,8.0
APP_007450,CUST_03466,BR002,2026-02-16 11:18:00,General Customer Support,Completed,10.0
APP_007451,CUST_07736,BR002,2026-02-16 12:30:00,Loan Application,Completed,34.0
APP_007452,CUST_10612,BR002,2026-02-16 12:42:00,Loan Application,Completed,34.0
APP_007453,CUST_12267,BR002,2026-02-16 12:34:00,Loan Enquiry,Completed,18.0
APP_007454,CUST_04868,BR002,2026-02-16 12:28:00,Cash Deposit,Completed,6.5
APP_007455,CUST_09582,BR002,2026-02-16 12:01:00,Cash Deposit,Completed,6.5
APP_007456,CUST_12446,BR003,2026-02-16 09:19:00,Account Opening,Completed,24.0
APP_007457,CUST_00412,BR003,2026-02-16 10:03:00,Cash Deposit,Completed,6.5
APP_007458,CUST_04125,BR003,2026-02-16 11:34:00,Cash Withdrawal,Completed,4.5
APP_007459,CUST_02175,BR003,2026-02-16 11:05:00,Cash Withdrawal,Completed,4.5
APP_007460,CUST_04532,BR003,2026-02-16 13:06:00,Cash Deposit,Completed,6.5
APP_007461,CUST_12665,BR003,2026-02-16 13:54:00,Cash Withdrawal,Completed,4.5
APP_007462,CUST_10382,BR003,2026-02-16 13:30:00,Loan Enquiry,Completed,18.0
APP_007463,CUST_12585,BR003,2026-02-16 14:23:00,KYC Update,Completed,13.5
APP_007464,CUST_13180,BR004,2026-02-16 09:52:00,KYC Update,Completed,13.5
APP_007465,CUST_02627,BR004,2026-02-16 10:06:00,Loan Application,Completed,34.0
APP_007466,CUST_09020,BR004,2026-02-16 10:09:00,Cash Deposit,Completed,6.5
APP_007467,CUST_14898,BR004,2026-02-16 12:12:00,Address Update,Completed,8.0
APP_007468,CUST_02295,BR004,2026-02-16 12:10:00,Credit Card Service,Completed,12.0
APP_007469,CUST_01939,BR004,2026-02-16 12:10:00,Cheque Services,Completed,6.0
APP_007470,CUST_12252,BR004,2026-02-16 13:00:00,Credit Card Service,Completed,12.0
APP_007471,CUST_09392,BR004,2026-02-16 14:53:00,Loan Enquiry,Completed,18.0
APP_007472,CUST_12543,BR004,2026-02-16 14:01:00,Cash Withdrawal,Completed,4.5
APP_007473,CUST_05500,BR004,2026-02-16 15:49:00,Cash Withdrawal,Completed,4.5
APP_007474,CUST_09553,BR005,2026-02-16 11:35:00,Cash Deposit,Completed,6.5
APP_007475,CUST_08997,BR005,2026-02-16 11:19:00,Account Opening,Completed,24.0
APP_007476,CUST_14286,BR005,2026-02-16 12:13:00,Cheque Services,Completed,6.0
APP_007477,CUST_03954,BR005,2026-02-16 14:54:00,Loan Application,Completed,34.0
APP_007478,CUST_04244,BR005,2026-02-16 15:04:00,Cash Withdrawal,Completed,4.5
APP_007479,CUST_02428,BR006,2026-02-16 09:30:00,Loan Application,Completed,34.0
APP_007480,CUST_02098,BR006,2026-02-16 10:21:00,Cash Withdrawal,Completed,4.5
APP_007481,CUST_03663,BR006,2026-02-16 10:21:00,Account Opening,Completed,24.0
APP_007482,CUST_00330,BR006,2026-02-16 11:44:00,Cash Withdrawal,Completed,4.5
APP_007483,CUST_05737,BR006,2026-02-16 11:11:00,Account Opening,Completed,24.0
APP_007484,CUST_03284,BR006,2026-02-16 11:38:00,Cheque Services,Completed,6.0
APP_007485,CUST_12137,BR006,2026-02-16 11:03:00,Cash Withdrawal,Completed,4.5
APP_007486,CUST_04638,BR006,2026-02-16 11:52:00,Cash Withdrawal,Completed,4.5
APP_007487,CUST_05965,BR006,2026-02-16 12:04:00,Statement Request,Completed,5.0
APP_007488,CUST_10092,BR007,2026-02-16 09:06:00,Cheque Services,Completed,6.0
APP_007489,CUST_00587,BR007,2026-02-16 10:25:00,KYC Update,Completed,13.5
APP_007490,CUST_01885,BR007,2026-02-16 10:16:00,Account Opening,Completed,24.0
APP_007491,CUST_04852,BR007,2026-02-16 10:48:00,Cash Deposit,Completed,6.5
APP_007492,CUST_10110,BR007,2026-02-16 11:19:00,Loan Application,Completed,34.0
APP_007493,CUST_02129,BR007,2026-02-16 11:32:00,Complaint,Completed,16.5
APP_007494,CUST_11396,BR007,2026-02-16 12:05:00,Cash Withdrawal,Completed,4.5
APP_007495,CUST_12769,BR007,2026-02-16 12:39:00,KYC Update,Completed,13.5
APP_007496,CUST_08837,BR008,2026-02-16 10:33:00,Complaint,Completed,16.5
APP_007497,CUST_02991,BR008,2026-02-16 11:46:00,General Customer Support,Cancelled,10.0
APP_007498,CUST_06755,BR008,2026-02-16 12:07:00,Cash Withdrawal,Completed,4.5
APP_007499,CUST_03019,BR008,2026-02-16 14:37:00,Cash Withdrawal,Completed,4.5
APP_007500,CUST_01048,BR008,2026-02-16 15:02:00,Cash Deposit,Completed,6.5
APP_007501,CUST_02496,BR009,2026-02-16 11:44:00,Statement Request,Completed,5.0
APP_007502,CUST_06870,BR009,2026-02-16 11:53:00,Cash Withdrawal,Completed,4.5
APP_007503,CUST_11345,BR009,2026-02-16 11:19:00,Cash Deposit,Completed,6.5
APP_007504,CUST_06212,BR009,2026-02-16 12:45:00,Cheque Services,Completed,6.0
APP_007505,CUST_10569,BR009,2026-02-16 12:29:00,Cash Withdrawal,Completed,4.5
APP_007506,CUST_02498,BR009,2026-02-16 12:50:00,Credit Card Service,Completed,12.0
APP_007507,CUST_02388,BR010,2026-02-16 10:18:00,Address Update,Completed,8.0
APP_007508,CUST_01275,BR010,2026-02-16 11:15:00,Cash Withdrawal,Completed,4.5
APP_007509,CUST_05862,BR010,2026-02-16 11:54:00,Investment Enquiry,Completed,26.0
APP_007510,CUST_07762,BR010,2026-02-16 12:40:00,KYC Update,Cancelled,13.5
APP_007511,CUST_06187,BR001,2026-02-17 10:19:00,Cash Deposit,Completed,6.5
APP_007512,CUST_07141,BR001,2026-02-17 10:08:00,Cash Withdrawal,Completed,4.5
APP_007513,CUST_03404,BR001,2026-02-17 10:36:00,Credit Card Service,Completed,12.0
APP_007514,CUST_02889,BR001,2026-02-17 10:44:00,Cheque Services,Completed,6.0
APP_007515,CUST_00675,BR001,2026-02-17 11:32:00,Statement Request,Completed,5.0
APP_007516,CUST_14488,BR001,2026-02-17 11:02:00,KYC Update,Completed,13.5
APP_007517,CUST_05680,BR001,2026-02-17 11:05:00,Account Opening,Completed,24.0
APP_007518,CUST_07644,BR002,2026-02-17 10:16:00,KYC Update,Completed,13.5
APP_007519,CUST_12762,BR002,2026-02-17 10:47:00,Investment Enquiry,Completed,26.0
APP_007520,CUST_06366,BR002,2026-02-17 10:06:00,Loan Enquiry,Cancelled,18.0
APP_007521,CUST_02657,BR002,2026-02-17 10:52:00,Credit Card Service,Completed,12.0
APP_007522,CUST_10665,BR002,2026-02-17 10:33:00,Cheque Services,Completed,6.0
APP_007523,CUST_09237,BR002,2026-02-17 11:25:00,Loan Enquiry,Completed,18.0
APP_007524,CUST_09273,BR002,2026-02-17 12:13:00,Statement Request,Completed,5.0
APP_007525,CUST_11987,BR002,2026-02-17 13:24:00,Credit Card Service,Cancelled,12.0
APP_007526,CUST_03640,BR002,2026-02-17 13:17:00,Cash Deposit,Completed,6.5
APP_007527,CUST_14875,BR003,2026-02-17 09:17:00,Account Opening,Completed,24.0
APP_007528,CUST_07265,BR003,2026-02-17 10:44:00,KYC Update,Completed,13.5
APP_007529,CUST_12156,BR003,2026-02-17 10:20:00,Cheque Services,Completed,6.0
APP_007530,CUST_00288,BR003,2026-02-17 10:36:00,Cash Deposit,Completed,6.5
APP_007531,CUST_12505,BR003,2026-02-17 10:43:00,KYC Update,Completed,13.5
APP_007532,CUST_04942,BR003,2026-02-17 11:23:00,Statement Request,Completed,5.0
APP_007533,CUST_03844,BR003,2026-02-17 13:26:00,Cash Withdrawal,Completed,4.5
APP_007534,CUST_09288,BR003,2026-02-17 14:40:00,Loan Enquiry,Cancelled,18.0
APP_007535,CUST_01610,BR004,2026-02-17 10:11:00,KYC Update,Completed,13.5
APP_007536,CUST_11400,BR004,2026-02-17 11:34:00,Loan Application,Completed,34.0
APP_007537,CUST_08506,BR004,2026-02-17 11:18:00,General Customer Support,Completed,10.0
APP_007538,CUST_04186,BR004,2026-02-17 11:36:00,Statement Request,Completed,5.0
APP_007539,CUST_01577,BR005,2026-02-17 09:48:00,Cash Withdrawal,Completed,4.5
APP_007540,CUST_09542,BR005,2026-02-17 10:04:00,KYC Update,Cancelled,13.5
APP_007541,CUST_01338,BR005,2026-02-17 10:27:00,Cash Withdrawal,Completed,4.5
APP_007542,CUST_05029,BR005,2026-02-17 10:53:00,Cash Deposit,Completed,6.5
APP_007543,CUST_08174,BR006,2026-02-17 09:55:00,Account Opening,Completed,24.0
APP_007544,CUST_00490,BR006,2026-02-17 10:17:00,KYC Update,Cancelled,13.5
APP_007545,CUST_07861,BR006,2026-02-17 10:36:00,KYC Update,Cancelled,13.5
APP_007546,CUST_11738,BR006,2026-02-17 10:05:00,Loan Application,Completed,34.0
APP_007547,CUST_09478,BR006,2026-02-17 11:27:00,Loan Application,Completed,34.0
APP_007548,CUST_00857,BR006,2026-02-17 11:48:00,Loan Application,Completed,34.0
APP_007549,CUST_12552,BR006,2026-02-17 13:40:00,Cash Withdrawal,Completed,4.5
APP_007550,CUST_00122,BR006,2026-02-17 13:30:00,Cheque Services,Completed,6.0
APP_007551,CUST_08026,BR006,2026-02-17 13:13:00,Cash Deposit,Completed,6.5
APP_007552,CUST_07223,BR007,2026-02-17 09:52:00,General Customer Support,No-Show,10.0
APP_007553,CUST_02683,BR007,2026-02-17 09:55:00,Digital Banking Support,Completed,12.5
APP_007554,CUST_14050,BR007,2026-02-17 09:46:00,Loan Enquiry,Completed,18.0
APP_007555,CUST_09364,BR007,2026-02-17 13:13:00,Cash Withdrawal,Completed,4.5
APP_007556,CUST_09145,BR008,2026-02-17 11:48:00,Account Opening,Completed,24.0
APP_007557,CUST_11315,BR008,2026-02-17 11:32:00,Investment Enquiry,Completed,26.0
APP_007558,CUST_00196,BR008,2026-02-17 13:51:00,Statement Request,Completed,5.0
APP_007559,CUST_11943,BR008,2026-02-17 15:09:00,Loan Enquiry,Completed,18.0
APP_007560,CUST_11536,BR009,2026-02-17 10:31:00,Credit Card Service,Completed,12.0
APP_007561,CUST_06513,BR009,2026-02-17 10:48:00,Investment Enquiry,Completed,26.0
APP_007562,CUST_11743,BR009,2026-02-17 11:45:00,Account Opening,Completed,24.0
APP_007563,CUST_02714,BR009,2026-02-17 13:33:00,Cash Withdrawal,Completed,4.5
APP_007564,CUST_03538,BR010,2026-02-17 09:52:00,Address Update,Completed,8.0
APP_007565,CUST_00707,BR010,2026-02-17 09:45:00,Cheque Services,Completed,6.0
APP_007566,CUST_04659,BR010,2026-02-17 10:34:00,Cash Withdrawal,Completed,4.5
APP_007567,CUST_14225,BR010,2026-02-17 10:06:00,Complaint,Completed,16.5
APP_007568,CUST_12129,BR010,2026-02-17 11:45:00,KYC Update,Completed,13.5
APP_007569,CUST_06403,BR001,2026-02-18 09:19:00,Cash Deposit,Completed,6.5
APP_007570,CUST_10991,BR001,2026-02-18 10:48:00,Cheque Services,Completed,6.0
APP_007571,CUST_13569,BR001,2026-02-18 11:36:00,Statement Request,Completed,5.0
APP_007572,CUST_00955,BR001,2026-02-18 13:44:00,KYC Update,Completed,13.5
APP_007573,CUST_12019,BR001,2026-02-18 13:33:00,Address Update,Completed,8.0
APP_007574,CUST_13510,BR001,2026-02-18 13:20:00,General Customer Support,Completed,10.0
APP_007575,CUST_00319,BR001,2026-02-18 14:04:00,Complaint,Completed,16.5
APP_007576,CUST_14543,BR002,2026-02-18 09:20:00,KYC Update,Completed,13.5
APP_007577,CUST_13959,BR002,2026-02-18 10:33:00,Cheque Services,Completed,6.0
APP_007578,CUST_00510,BR002,2026-02-18 10:27:00,Address Update,Completed,8.0
APP_007579,CUST_05609,BR002,2026-02-18 11:50:00,KYC Update,Completed,13.5
APP_007580,CUST_06791,BR002,2026-02-18 11:44:00,Cash Deposit,Cancelled,6.5
APP_007581,CUST_01445,BR002,2026-02-18 11:13:00,Cash Withdrawal,No-Show,4.5
APP_007582,CUST_01791,BR002,2026-02-18 11:50:00,Cash Withdrawal,No-Show,4.5
APP_007583,CUST_00006,BR002,2026-02-18 11:09:00,Cheque Services,Completed,6.0
APP_007584,CUST_02494,BR003,2026-02-18 09:02:00,Cash Deposit,Completed,6.5
APP_007585,CUST_10177,BR003,2026-02-18 10:41:00,Investment Enquiry,Completed,26.0
APP_007586,CUST_04149,BR003,2026-02-18 11:43:00,General Customer Support,Completed,10.0
APP_007587,CUST_09980,BR003,2026-02-18 11:35:00,Credit Card Service,Completed,12.0
APP_007588,CUST_09297,BR003,2026-02-18 11:00:00,Cheque Services,Completed,6.0
APP_007589,CUST_07852,BR003,2026-02-18 11:36:00,KYC Update,Completed,13.5
APP_007590,CUST_00975,BR003,2026-02-18 11:04:00,Cash Deposit,Cancelled,6.5
APP_007591,CUST_11964,BR003,2026-02-18 11:22:00,Loan Application,Completed,34.0
APP_007592,CUST_01493,BR004,2026-02-18 10:35:00,Address Update,Completed,8.0
APP_007593,CUST_05759,BR004,2026-02-18 11:20:00,Account Opening,No-Show,24.0
APP_007594,CUST_03080,BR004,2026-02-18 11:24:00,Cheque Services,Cancelled,6.0
APP_007595,CUST_08325,BR004,2026-02-18 11:01:00,KYC Update,Cancelled,13.5
APP_007596,CUST_00987,BR005,2026-02-18 11:07:00,Credit Card Service,Completed,12.0
APP_007597,CUST_03782,BR005,2026-02-18 12:40:00,Cash Withdrawal,Completed,4.5
APP_007598,CUST_13822,BR005,2026-02-18 12:30:00,Complaint,Completed,16.5
APP_007599,CUST_13934,BR006,2026-02-18 10:41:00,Cash Withdrawal,Completed,4.5
APP_007600,CUST_11301,BR006,2026-02-18 11:17:00,Account Opening,Completed,24.0
APP_007601,CUST_06016,BR006,2026-02-18 11:40:00,Cash Deposit,Completed,6.5
APP_007602,CUST_07076,BR006,2026-02-18 12:35:00,Cash Withdrawal,Completed,4.5
APP_007603,CUST_13106,BR006,2026-02-18 12:12:00,Cash Deposit,Completed,6.5
APP_007604,CUST_11974,BR006,2026-02-18 12:37:00,Cheque Services,Completed,6.0
APP_007605,CUST_04582,BR006,2026-02-18 12:38:00,Loan Enquiry,Completed,18.0
APP_007606,CUST_10407,BR006,2026-02-18 13:42:00,Loan Application,Completed,34.0
APP_007607,CUST_01194,BR007,2026-02-18 10:13:00,Credit Card Service,Completed,12.0
APP_007608,CUST_12462,BR007,2026-02-18 11:19:00,Loan Enquiry,Completed,18.0
APP_007609,CUST_11852,BR007,2026-02-18 12:48:00,Account Opening,Completed,24.0
APP_007610,CUST_02785,BR007,2026-02-18 13:55:00,Investment Enquiry,Completed,26.0
APP_007611,CUST_10544,BR007,2026-02-18 15:14:00,Cash Deposit,Completed,6.5
APP_007612,CUST_08680,BR008,2026-02-18 10:33:00,Loan Enquiry,Completed,18.0
APP_007613,CUST_11281,BR008,2026-02-18 11:38:00,Investment Enquiry,Completed,26.0
APP_007614,CUST_08832,BR008,2026-02-18 11:05:00,Cash Deposit,Completed,6.5
APP_007615,CUST_04553,BR008,2026-02-18 12:10:00,Credit Card Service,Completed,12.0
APP_007616,CUST_00367,BR009,2026-02-18 09:23:00,Loan Application,Completed,34.0
APP_007617,CUST_10729,BR009,2026-02-18 10:15:00,KYC Update,Completed,13.5
APP_007618,CUST_01029,BR009,2026-02-18 11:10:00,Loan Enquiry,Completed,18.0
APP_007619,CUST_07915,BR009,2026-02-18 11:41:00,Loan Enquiry,Completed,18.0
APP_007620,CUST_01801,BR009,2026-02-18 11:31:00,Complaint,Completed,16.5
APP_007621,CUST_11916,BR009,2026-02-18 12:09:00,General Customer Support,Completed,10.0
APP_007622,CUST_06518,BR009,2026-02-18 12:48:00,KYC Update,Completed,13.5
APP_007623,CUST_05222,BR010,2026-02-18 10:16:00,Cash Withdrawal,Completed,4.5
APP_007624,CUST_03458,BR010,2026-02-18 10:11:00,Cash Deposit,Completed,6.5
APP_007625,CUST_08644,BR010,2026-02-18 10:03:00,Cash Deposit,Completed,6.5
APP_007626,CUST_07632,BR001,2026-02-19 10:28:00,Cash Deposit,Completed,6.5
APP_007627,CUST_02794,BR001,2026-02-19 10:11:00,Cheque Services,Completed,6.0
APP_007628,CUST_04602,BR001,2026-02-19 10:10:00,Complaint,Completed,16.5
APP_007629,CUST_02801,BR001,2026-02-19 11:40:00,Cash Withdrawal,Completed,4.5
APP_007630,CUST_06866,BR001,2026-02-19 11:28:00,Cash Deposit,No-Show,6.5
APP_007631,CUST_13197,BR001,2026-02-19 11:52:00,Account Opening,Completed,24.0
APP_007632,CUST_02235,BR001,2026-02-19 11:50:00,Credit Card Service,Completed,12.0
APP_007633,CUST_04078,BR002,2026-02-19 11:05:00,Loan Enquiry,Completed,18.0
APP_007634,CUST_03705,BR002,2026-02-19 11:27:00,Cash Deposit,Completed,6.5
APP_007635,CUST_01110,BR002,2026-02-19 11:21:00,Cash Deposit,Completed,6.5
APP_007636,CUST_02209,BR002,2026-02-19 11:36:00,Cash Deposit,Completed,6.5
APP_007637,CUST_08577,BR002,2026-02-19 12:09:00,Cash Withdrawal,Completed,4.5
APP_007638,CUST_07738,BR002,2026-02-19 13:02:00,Credit Card Service,Completed,12.0
APP_007639,CUST_03653,BR002,2026-02-19 13:50:00,Account Opening,Completed,24.0
APP_007640,CUST_13021,BR002,2026-02-19 13:45:00,General Customer Support,Completed,10.0
APP_007641,CUST_00602,BR002,2026-02-19 14:35:00,Cheque Services,Completed,6.0
APP_007642,CUST_06813,BR003,2026-02-19 11:47:00,General Customer Support,Completed,10.0
APP_007643,CUST_07974,BR003,2026-02-19 11:48:00,Account Opening,Completed,24.0
APP_007644,CUST_08890,BR003,2026-02-19 11:25:00,Cheque Services,Completed,6.0
APP_007645,CUST_09210,BR003,2026-02-19 11:52:00,Cash Deposit,Completed,6.5
APP_007646,CUST_10879,BR003,2026-02-19 11:12:00,Cash Withdrawal,Completed,4.5
APP_007647,CUST_06919,BR003,2026-02-19 11:39:00,Cash Deposit,Completed,6.5
APP_007648,CUST_11607,BR003,2026-02-19 12:08:00,Cash Deposit,Completed,6.5
APP_007649,CUST_13741,BR004,2026-02-19 10:01:00,Digital Banking Support,Completed,12.5
APP_007650,CUST_10560,BR004,2026-02-19 11:03:00,Loan Application,Completed,34.0
APP_007651,CUST_05952,BR004,2026-02-19 11:03:00,Credit Card Service,Completed,12.0
APP_007652,CUST_12883,BR004,2026-02-19 11:38:00,KYC Update,Completed,13.5
APP_007653,CUST_08771,BR004,2026-02-19 12:00:00,Loan Enquiry,Cancelled,18.0
APP_007654,CUST_10947,BR004,2026-02-19 12:36:00,Cash Withdrawal,Completed,4.5
APP_007655,CUST_06773,BR004,2026-02-19 14:32:00,KYC Update,Completed,13.5
APP_007656,CUST_04923,BR004,2026-02-19 14:50:00,Credit Card Service,Cancelled,12.0
APP_007657,CUST_10018,BR005,2026-02-19 09:50:00,Cheque Services,Completed,6.0
APP_007658,CUST_00560,BR005,2026-02-19 10:43:00,Credit Card Service,Completed,12.0
APP_007659,CUST_03623,BR005,2026-02-19 10:20:00,KYC Update,Completed,13.5
APP_007660,CUST_03275,BR005,2026-02-19 11:26:00,Digital Banking Support,Completed,12.5
APP_007661,CUST_11041,BR005,2026-02-19 11:15:00,Loan Enquiry,Completed,18.0
APP_007662,CUST_09272,BR006,2026-02-19 09:12:00,Cheque Services,Completed,6.0
APP_007663,CUST_13041,BR006,2026-02-19 10:28:00,Cash Withdrawal,Completed,4.5
APP_007664,CUST_07328,BR006,2026-02-19 11:15:00,Account Opening,Completed,24.0
APP_007665,CUST_10687,BR006,2026-02-19 11:01:00,Cash Deposit,Completed,6.5
APP_007666,CUST_00733,BR006,2026-02-19 12:32:00,Account Opening,Completed,24.0
APP_007667,CUST_10661,BR006,2026-02-19 12:07:00,Credit Card Service,Completed,12.0
APP_007668,CUST_12797,BR007,2026-02-19 10:02:00,KYC Update,Completed,13.5
APP_007669,CUST_01265,BR007,2026-02-19 11:28:00,Cash Deposit,Completed,6.5
APP_007670,CUST_08723,BR007,2026-02-19 12:07:00,Cash Withdrawal,Completed,4.5
APP_007671,CUST_12758,BR007,2026-02-19 12:44:00,Cash Deposit,Completed,6.5
APP_007672,CUST_14939,BR007,2026-02-19 13:52:00,Cheque Services,Completed,6.0
APP_007673,CUST_14117,BR007,2026-02-19 13:51:00,KYC Update,Cancelled,13.5
APP_007674,CUST_05465,BR008,2026-02-19 09:29:00,Cash Withdrawal,Completed,4.5
APP_007675,CUST_02012,BR008,2026-02-19 11:10:00,KYC Update,Completed,13.5
APP_007676,CUST_09571,BR008,2026-02-19 12:47:00,Account Opening,Completed,24.0
APP_007677,CUST_05751,BR008,2026-02-19 13:50:00,Cash Withdrawal,Completed,4.5
APP_007678,CUST_06517,BR009,2026-02-19 11:32:00,Loan Application,Completed,34.0
APP_007679,CUST_01137,BR009,2026-02-19 11:25:00,Cash Withdrawal,Completed,4.5
APP_007680,CUST_03859,BR009,2026-02-19 12:37:00,Statement Request,Completed,5.0
APP_007681,CUST_02662,BR009,2026-02-19 13:14:00,Account Opening,Completed,24.0
APP_007682,CUST_02998,BR009,2026-02-19 13:38:00,General Customer Support,Completed,10.0
APP_007683,CUST_07980,BR010,2026-02-19 10:32:00,Cash Deposit,No-Show,6.5
APP_007684,CUST_14110,BR010,2026-02-19 11:19:00,Digital Banking Support,Completed,12.5
APP_007685,CUST_12100,BR010,2026-02-19 12:53:00,Address Update,Completed,8.0
APP_007686,CUST_11547,BR001,2026-02-20 09:18:00,Address Update,Cancelled,8.0
APP_007687,CUST_09074,BR001,2026-02-20 09:14:00,Cash Withdrawal,Completed,4.5
APP_007688,CUST_13656,BR001,2026-02-20 10:02:00,Cash Withdrawal,Completed,4.5
APP_007689,CUST_00676,BR001,2026-02-20 10:23:00,Investment Enquiry,Completed,26.0
APP_007690,CUST_07065,BR001,2026-02-20 10:40:00,General Customer Support,Completed,10.0
APP_007691,CUST_02735,BR001,2026-02-20 10:55:00,Cheque Services,Completed,6.0
APP_007692,CUST_12170,BR001,2026-02-20 11:47:00,Digital Banking Support,Completed,12.5
APP_007693,CUST_10052,BR001,2026-02-20 11:52:00,Cash Withdrawal,Completed,4.5
APP_007694,CUST_03514,BR001,2026-02-20 11:45:00,Loan Application,Completed,34.0
APP_007695,CUST_01728,BR001,2026-02-20 12:51:00,Loan Enquiry,Cancelled,18.0
APP_007696,CUST_03392,BR001,2026-02-20 12:10:00,Loan Enquiry,Completed,18.0
APP_007697,CUST_08774,BR001,2026-02-20 13:16:00,Cash Withdrawal,Completed,4.5
APP_007698,CUST_10616,BR001,2026-02-20 13:33:00,Address Update,Completed,8.0
APP_007699,CUST_09339,BR002,2026-02-20 09:30:00,Cash Deposit,Completed,6.5
APP_007700,CUST_07395,BR002,2026-02-20 09:09:00,General Customer Support,Completed,10.0
APP_007701,CUST_09179,BR002,2026-02-20 09:50:00,Cash Withdrawal,Completed,4.5
APP_007702,CUST_01475,BR002,2026-02-20 10:13:00,KYC Update,Completed,13.5
APP_007703,CUST_10705,BR002,2026-02-20 10:04:00,Loan Enquiry,Completed,18.0
APP_007704,CUST_08138,BR002,2026-02-20 10:52:00,Cash Deposit,Completed,6.5
APP_007705,CUST_14710,BR002,2026-02-20 11:11:00,Loan Application,Completed,34.0
APP_007706,CUST_06917,BR002,2026-02-20 11:09:00,KYC Update,Completed,13.5
APP_007707,CUST_04324,BR002,2026-02-20 11:11:00,Loan Application,Completed,34.0
APP_007708,CUST_08548,BR003,2026-02-20 09:54:00,Cash Deposit,Completed,6.5
APP_007709,CUST_12592,BR003,2026-02-20 09:21:00,Investment Enquiry,Completed,26.0
APP_007710,CUST_05655,BR003,2026-02-20 09:53:00,Cash Withdrawal,Completed,4.5
APP_007711,CUST_07874,BR003,2026-02-20 10:32:00,Cash Deposit,Completed,6.5
APP_007712,CUST_12771,BR003,2026-02-20 10:17:00,Cash Withdrawal,Completed,4.5
APP_007713,CUST_02618,BR003,2026-02-20 10:00:00,Investment Enquiry,Completed,26.0
APP_007714,CUST_01204,BR003,2026-02-20 11:38:00,Statement Request,Completed,5.0
APP_007715,CUST_14550,BR003,2026-02-20 11:24:00,Cash Deposit,Completed,6.5
APP_007716,CUST_01648,BR003,2026-02-20 11:49:00,Loan Application,Completed,34.0
APP_007717,CUST_03182,BR003,2026-02-20 11:38:00,Cash Withdrawal,Completed,4.5
APP_007718,CUST_01441,BR003,2026-02-20 11:03:00,Account Opening,Cancelled,24.0
APP_007719,CUST_09738,BR003,2026-02-20 12:48:00,Digital Banking Support,Cancelled,12.5
APP_007720,CUST_09000,BR004,2026-02-20 09:40:00,Cash Withdrawal,Completed,4.5
APP_007721,CUST_14587,BR004,2026-02-20 10:28:00,Investment Enquiry,Completed,26.0
APP_007722,CUST_03599,BR004,2026-02-20 10:27:00,Investment Enquiry,Completed,26.0
APP_007723,CUST_05374,BR004,2026-02-20 11:05:00,Credit Card Service,Completed,12.0
APP_007724,CUST_10561,BR004,2026-02-20 12:31:00,General Customer Support,Completed,10.0
APP_007725,CUST_11852,BR004,2026-02-20 13:23:00,KYC Update,Completed,13.5
APP_007726,CUST_07300,BR005,2026-02-20 10:12:00,Cash Deposit,Completed,6.5
APP_007727,CUST_07627,BR005,2026-02-20 10:28:00,General Customer Support,Cancelled,10.0
APP_007728,CUST_05699,BR005,2026-02-20 10:28:00,Cash Withdrawal,Completed,4.5
APP_007729,CUST_13549,BR005,2026-02-20 11:11:00,Address Update,Completed,8.0
APP_007730,CUST_14508,BR005,2026-02-20 11:40:00,Investment Enquiry,Completed,26.0
APP_007731,CUST_12700,BR005,2026-02-20 12:46:00,KYC Update,Completed,13.5
APP_007732,CUST_02724,BR006,2026-02-20 09:00:00,Loan Application,Completed,34.0
APP_007733,CUST_05981,BR006,2026-02-20 09:49:00,KYC Update,Completed,13.5
APP_007734,CUST_00899,BR006,2026-02-20 09:05:00,Credit Card Service,Completed,12.0
APP_007735,CUST_07988,BR006,2026-02-20 10:02:00,Loan Enquiry,Completed,18.0
APP_007736,CUST_14551,BR006,2026-02-20 10:53:00,Cheque Services,Completed,6.0
APP_007737,CUST_13522,BR006,2026-02-20 10:14:00,Cash Deposit,Completed,6.5
APP_007738,CUST_07173,BR006,2026-02-20 11:53:00,Loan Enquiry,Completed,18.0
APP_007739,CUST_09571,BR006,2026-02-20 11:54:00,Account Opening,Completed,24.0
APP_007740,CUST_02004,BR007,2026-02-20 09:16:00,Account Opening,Completed,24.0
APP_007741,CUST_13220,BR007,2026-02-20 09:37:00,Loan Enquiry,Cancelled,18.0
APP_007742,CUST_06466,BR007,2026-02-20 10:41:00,KYC Update,Completed,13.5
APP_007743,CUST_06850,BR007,2026-02-20 10:22:00,Cash Withdrawal,Completed,4.5
APP_007744,CUST_08452,BR007,2026-02-20 10:37:00,Loan Application,Completed,34.0
APP_007745,CUST_00506,BR007,2026-02-20 10:05:00,Cash Withdrawal,Completed,4.5
APP_007746,CUST_01520,BR007,2026-02-20 11:27:00,Statement Request,Completed,5.0
APP_007747,CUST_01528,BR007,2026-02-20 11:06:00,Investment Enquiry,Completed,26.0
APP_007748,CUST_12645,BR007,2026-02-20 11:27:00,Loan Enquiry,Completed,18.0
APP_007749,CUST_01426,BR007,2026-02-20 11:54:00,Complaint,Completed,16.5
APP_007750,CUST_00960,BR007,2026-02-20 12:38:00,Credit Card Service,Completed,12.0
APP_007751,CUST_00150,BR008,2026-02-20 09:33:00,Credit Card Service,Completed,12.0
APP_007752,CUST_14289,BR008,2026-02-20 10:43:00,Cash Withdrawal,Completed,4.5
APP_007753,CUST_11753,BR008,2026-02-20 11:54:00,Cash Deposit,Completed,6.5
APP_007754,CUST_04204,BR008,2026-02-20 11:29:00,Cash Withdrawal,Completed,4.5
APP_007755,CUST_02126,BR008,2026-02-20 12:54:00,Cash Deposit,Completed,6.5
APP_007756,CUST_02009,BR009,2026-02-20 09:04:00,Cash Deposit,Completed,6.5
APP_007757,CUST_00188,BR009,2026-02-20 10:35:00,Investment Enquiry,Completed,26.0
APP_007758,CUST_08980,BR009,2026-02-20 10:31:00,Investment Enquiry,Completed,26.0
APP_007759,CUST_06892,BR009,2026-02-20 10:38:00,Digital Banking Support,Completed,12.5
APP_007760,CUST_14449,BR009,2026-02-20 11:28:00,Statement Request,Completed,5.0
APP_007761,CUST_03818,BR009,2026-02-20 11:42:00,Cash Deposit,Completed,6.5
APP_007762,CUST_08090,BR009,2026-02-20 11:18:00,Investment Enquiry,Completed,26.0
APP_007763,CUST_13980,BR010,2026-02-20 12:53:00,Cash Withdrawal,Completed,4.5
APP_007764,CUST_14217,BR010,2026-02-20 13:34:00,Credit Card Service,Completed,12.0
APP_007765,CUST_04396,BR010,2026-02-20 14:14:00,Cash Deposit,Completed,6.5
APP_007766,CUST_06720,BR010,2026-02-20 15:30:00,Cash Deposit,Completed,6.5
APP_007767,CUST_03104,BR001,2026-02-21 09:35:00,Cash Deposit,Completed,6.5
APP_007768,CUST_09457,BR001,2026-02-21 09:33:00,Statement Request,Completed,5.0
APP_007769,CUST_09490,BR001,2026-02-21 09:40:00,Credit Card Service,Completed,12.0
APP_007770,CUST_01108,BR001,2026-02-21 09:26:00,Cash Deposit,Completed,6.5
APP_007771,CUST_13673,BR001,2026-02-21 09:32:00,Cash Withdrawal,Completed,4.5
APP_007772,CUST_08396,BR001,2026-02-21 10:01:00,General Customer Support,Completed,10.0
APP_007773,CUST_10133,BR001,2026-02-21 10:08:00,Cash Deposit,Completed,6.5
APP_007774,CUST_05566,BR001,2026-02-21 10:38:00,Cheque Services,Completed,6.0
APP_007775,CUST_12069,BR001,2026-02-21 10:54:00,Statement Request,Completed,5.0
APP_007776,CUST_01110,BR001,2026-02-21 10:36:00,Cheque Services,Completed,6.0
APP_007777,CUST_09826,BR002,2026-02-21 09:23:00,KYC Update,Completed,13.5
APP_007778,CUST_03694,BR002,2026-02-21 10:44:00,KYC Update,Completed,13.5
APP_007779,CUST_10045,BR002,2026-02-21 10:47:00,Cash Withdrawal,Cancelled,4.5
APP_007780,CUST_11686,BR002,2026-02-21 10:00:00,KYC Update,Completed,13.5
APP_007781,CUST_14755,BR002,2026-02-21 10:07:00,Loan Enquiry,Completed,18.0
APP_007782,CUST_03234,BR002,2026-02-21 11:51:00,Statement Request,Completed,5.0
APP_007783,CUST_10538,BR002,2026-02-21 11:50:00,Cash Withdrawal,Completed,4.5
APP_007784,CUST_12439,BR003,2026-02-21 09:17:00,Statement Request,Completed,5.0
APP_007785,CUST_00289,BR003,2026-02-21 10:50:00,Cash Withdrawal,Completed,4.5
APP_007786,CUST_09237,BR003,2026-02-21 10:18:00,Cheque Services,Completed,6.0
APP_007787,CUST_11559,BR003,2026-02-21 11:19:00,Credit Card Service,Completed,12.0
APP_007788,CUST_12289,BR003,2026-02-21 11:05:00,Cash Deposit,Completed,6.5
APP_007789,CUST_10861,BR003,2026-02-21 12:12:00,Loan Enquiry,Completed,18.0
APP_007790,CUST_13881,BR003,2026-02-21 12:38:00,Cash Deposit,Completed,6.5
APP_007791,CUST_14016,BR003,2026-02-21 13:55:00,Loan Enquiry,Completed,18.0
APP_007792,CUST_03746,BR004,2026-02-21 09:44:00,KYC Update,Completed,13.5
APP_007793,CUST_09456,BR004,2026-02-21 10:33:00,Cash Withdrawal,Completed,4.5
APP_007794,CUST_00223,BR004,2026-02-21 13:52:00,KYC Update,No-Show,13.5
APP_007795,CUST_01424,BR004,2026-02-21 15:12:00,Cash Withdrawal,Completed,4.5
APP_007796,CUST_05931,BR005,2026-02-21 10:04:00,Cash Deposit,Completed,6.5
APP_007797,CUST_10461,BR005,2026-02-21 11:54:00,Cheque Services,Completed,6.0
APP_007798,CUST_03865,BR005,2026-02-21 11:36:00,Cash Withdrawal,Completed,4.5
APP_007799,CUST_12052,BR005,2026-02-21 11:31:00,Investment Enquiry,Completed,26.0
APP_007800,CUST_13991,BR006,2026-02-21 10:05:00,Loan Enquiry,Completed,18.0
APP_007801,CUST_04703,BR006,2026-02-21 10:42:00,Account Opening,Cancelled,24.0
APP_007802,CUST_09830,BR006,2026-02-21 11:33:00,Loan Enquiry,Completed,18.0
APP_007803,CUST_10002,BR006,2026-02-21 11:01:00,General Customer Support,No-Show,10.0
APP_007804,CUST_02614,BR006,2026-02-21 11:21:00,Credit Card Service,Completed,12.0
APP_007805,CUST_12221,BR006,2026-02-21 12:32:00,Credit Card Service,Completed,12.0
APP_007806,CUST_07125,BR006,2026-02-21 12:51:00,Cheque Services,Completed,6.0
APP_007807,CUST_09555,BR006,2026-02-21 13:30:00,Cash Withdrawal,Completed,4.5
APP_007808,CUST_05443,BR006,2026-02-21 14:31:00,KYC Update,Completed,13.5
APP_007809,CUST_04205,BR007,2026-02-21 09:53:00,Account Opening,Completed,24.0
APP_007810,CUST_05494,BR007,2026-02-21 10:52:00,Statement Request,Completed,5.0
APP_007811,CUST_04270,BR007,2026-02-21 11:06:00,Cheque Services,Completed,6.0
APP_007812,CUST_06167,BR007,2026-02-21 12:50:00,Cash Withdrawal,Completed,4.5
APP_007813,CUST_00937,BR007,2026-02-21 12:16:00,KYC Update,Completed,13.5
APP_007814,CUST_05277,BR007,2026-02-21 15:01:00,Loan Application,Completed,34.0
APP_007815,CUST_05792,BR007,2026-02-21 15:35:00,Cash Deposit,Completed,6.5
APP_007816,CUST_04176,BR007,2026-02-21 16:17:00,Digital Banking Support,Completed,12.5
APP_007817,CUST_12489,BR008,2026-02-21 10:03:00,Loan Enquiry,Completed,18.0
APP_007818,CUST_02752,BR008,2026-02-21 10:53:00,Address Update,Completed,8.0
APP_007819,CUST_13463,BR008,2026-02-21 10:48:00,Cheque Services,Completed,6.0
APP_007820,CUST_00263,BR008,2026-02-21 11:14:00,Cash Withdrawal,Completed,4.5
APP_007821,CUST_03898,BR008,2026-02-21 11:55:00,Complaint,No-Show,16.5
APP_007822,CUST_07635,BR008,2026-02-21 13:19:00,Cash Deposit,Completed,6.5
APP_007823,CUST_03214,BR009,2026-02-21 09:23:00,Complaint,Completed,16.5
APP_007824,CUST_01262,BR009,2026-02-21 10:24:00,Loan Enquiry,Completed,18.0
APP_007825,CUST_05351,BR009,2026-02-21 10:55:00,General Customer Support,Completed,10.0
APP_007826,CUST_00613,BR009,2026-02-21 10:50:00,Cash Deposit,Completed,6.5
APP_007827,CUST_10213,BR009,2026-02-21 12:25:00,Investment Enquiry,Completed,26.0
APP_007828,CUST_03119,BR009,2026-02-21 12:50:00,General Customer Support,Completed,10.0
APP_007829,CUST_08602,BR009,2026-02-21 13:08:00,KYC Update,Completed,13.5
APP_007830,CUST_08059,BR009,2026-02-21 14:34:00,Loan Application,Completed,34.0
APP_007831,CUST_06901,BR010,2026-02-21 09:38:00,General Customer Support,Completed,10.0
APP_007832,CUST_11021,BR010,2026-02-21 10:09:00,Cash Withdrawal,Cancelled,4.5
APP_007833,CUST_13120,BR010,2026-02-21 11:00:00,Cash Deposit,Completed,6.5
APP_007834,CUST_13904,BR001,2026-02-23 10:20:00,Address Update,Completed,8.0
APP_007835,CUST_00227,BR001,2026-02-23 10:50:00,KYC Update,Completed,13.5
APP_007836,CUST_06603,BR001,2026-02-23 10:00:00,Cash Deposit,Completed,6.5
APP_007837,CUST_12310,BR001,2026-02-23 10:28:00,Loan Enquiry,Completed,18.0
APP_007838,CUST_02102,BR001,2026-02-23 11:08:00,Cheque Services,Completed,6.0
APP_007839,CUST_14431,BR001,2026-02-23 11:13:00,Cash Withdrawal,Completed,4.5
APP_007840,CUST_06076,BR001,2026-02-23 11:29:00,Investment Enquiry,Completed,26.0
APP_007841,CUST_09959,BR001,2026-02-23 11:06:00,Cash Withdrawal,Cancelled,4.5
APP_007842,CUST_09789,BR001,2026-02-23 11:23:00,KYC Update,Completed,13.5
APP_007843,CUST_09386,BR001,2026-02-23 12:05:00,Account Opening,Completed,24.0
APP_007844,CUST_04981,BR002,2026-02-23 09:07:00,Loan Application,Completed,34.0
APP_007845,CUST_04395,BR002,2026-02-23 09:00:00,Investment Enquiry,Completed,26.0
APP_007846,CUST_12644,BR002,2026-02-23 09:01:00,Account Opening,Completed,24.0
APP_007847,CUST_06243,BR002,2026-02-23 10:10:00,Cash Withdrawal,Completed,4.5
APP_007848,CUST_07757,BR002,2026-02-23 10:27:00,Digital Banking Support,Completed,12.5
APP_007849,CUST_11043,BR002,2026-02-23 10:06:00,Loan Enquiry,Completed,18.0
APP_007850,CUST_10189,BR002,2026-02-23 10:32:00,Complaint,Cancelled,16.5
APP_007851,CUST_01092,BR002,2026-02-23 10:08:00,KYC Update,Completed,13.5
APP_007852,CUST_06232,BR002,2026-02-23 11:00:00,Loan Enquiry,Completed,18.0
APP_007853,CUST_08287,BR003,2026-02-23 10:16:00,Loan Enquiry,Completed,18.0
APP_007854,CUST_05342,BR003,2026-02-23 10:40:00,Cash Deposit,Completed,6.5
APP_007855,CUST_02244,BR003,2026-02-23 10:06:00,Account Opening,Completed,24.0
APP_007856,CUST_09306,BR003,2026-02-23 11:14:00,Cash Deposit,Completed,6.5
APP_007857,CUST_02041,BR003,2026-02-23 11:09:00,Address Update,Completed,8.0
APP_007858,CUST_10630,BR003,2026-02-23 11:07:00,KYC Update,Completed,13.5
APP_007859,CUST_08370,BR003,2026-02-23 11:06:00,Cash Withdrawal,Completed,4.5
APP_007860,CUST_10792,BR003,2026-02-23 12:02:00,Cash Deposit,Completed,6.5
APP_007861,CUST_02765,BR003,2026-02-23 13:22:00,Loan Enquiry,Completed,18.0
APP_007862,CUST_07431,BR003,2026-02-23 13:19:00,Complaint,Cancelled,16.5
APP_007863,CUST_01314,BR003,2026-02-23 15:25:00,Cash Withdrawal,Completed,4.5
APP_007864,CUST_12827,BR003,2026-02-23 15:15:00,KYC Update,Completed,13.5
APP_007865,CUST_14438,BR004,2026-02-23 10:24:00,Loan Enquiry,Completed,18.0
APP_007866,CUST_08233,BR004,2026-02-23 11:44:00,Complaint,Completed,16.5
APP_007867,CUST_08927,BR004,2026-02-23 13:39:00,Credit Card Service,Completed,12.0
APP_007868,CUST_04347,BR004,2026-02-23 13:43:00,Cheque Services,Completed,6.0
APP_007869,CUST_14201,BR004,2026-02-23 13:06:00,Cash Withdrawal,Completed,4.5
APP_007870,CUST_08916,BR004,2026-02-23 15:49:00,Loan Application,Completed,34.0
APP_007871,CUST_09988,BR004,2026-02-23 15:46:00,Complaint,Completed,16.5
APP_007872,CUST_11205,BR005,2026-02-23 10:47:00,KYC Update,Completed,13.5
APP_007873,CUST_06460,BR005,2026-02-23 11:39:00,Cash Withdrawal,Cancelled,4.5
APP_007874,CUST_14517,BR005,2026-02-23 12:28:00,Cheque Services,Completed,6.0
APP_007875,CUST_07478,BR005,2026-02-23 12:06:00,Cash Deposit,Completed,6.5
APP_007876,CUST_02438,BR005,2026-02-23 12:46:00,Loan Application,Completed,34.0
APP_007877,CUST_02046,BR005,2026-02-23 12:08:00,Cash Withdrawal,Completed,4.5
APP_007878,CUST_07228,BR006,2026-02-23 09:08:00,KYC Update,Completed,13.5
APP_007879,CUST_00955,BR006,2026-02-23 10:15:00,Cash Withdrawal,Completed,4.5
APP_007880,CUST_10581,BR006,2026-02-23 11:31:00,Cash Withdrawal,Completed,4.5
APP_007881,CUST_05257,BR006,2026-02-23 11:26:00,Credit Card Service,Cancelled,12.0
APP_007882,CUST_11781,BR006,2026-02-23 13:07:00,General Customer Support,Cancelled,10.0
APP_007883,CUST_09864,BR006,2026-02-23 13:47:00,Loan Application,Completed,34.0
APP_007884,CUST_00267,BR006,2026-02-23 13:16:00,Investment Enquiry,Completed,26.0
APP_007885,CUST_07701,BR006,2026-02-23 14:48:00,Cash Withdrawal,Completed,4.5
APP_007886,CUST_14340,BR006,2026-02-23 15:23:00,Account Opening,Completed,24.0
APP_007887,CUST_13532,BR007,2026-02-23 09:03:00,Cash Withdrawal,Completed,4.5
APP_007888,CUST_04058,BR007,2026-02-23 10:42:00,KYC Update,Completed,13.5
APP_007889,CUST_10720,BR007,2026-02-23 10:34:00,Cash Withdrawal,Completed,4.5
APP_007890,CUST_12798,BR007,2026-02-23 11:23:00,Cash Withdrawal,Completed,4.5
APP_007891,CUST_05607,BR007,2026-02-23 13:48:00,Cash Withdrawal,Completed,4.5
APP_007892,CUST_01432,BR007,2026-02-23 13:13:00,Cash Withdrawal,Completed,4.5
APP_007893,CUST_01909,BR008,2026-02-23 11:50:00,Cash Withdrawal,Completed,4.5
APP_007894,CUST_02724,BR008,2026-02-23 11:36:00,Credit Card Service,Completed,12.0
APP_007895,CUST_07284,BR008,2026-02-23 12:55:00,KYC Update,Completed,13.5
APP_007896,CUST_13750,BR008,2026-02-23 12:25:00,Investment Enquiry,Completed,26.0
APP_007897,CUST_08448,BR008,2026-02-23 12:01:00,KYC Update,Completed,13.5
APP_007898,CUST_05207,BR008,2026-02-23 13:16:00,Address Update,Completed,8.0
APP_007899,CUST_00331,BR008,2026-02-23 13:34:00,Loan Application,Completed,34.0
APP_007900,CUST_07951,BR009,2026-02-23 11:35:00,Cheque Services,Completed,6.0
APP_007901,CUST_01462,BR009,2026-02-23 11:02:00,Complaint,Completed,16.5
APP_007902,CUST_13619,BR009,2026-02-23 11:53:00,Loan Enquiry,Completed,18.0
APP_007903,CUST_14478,BR009,2026-02-23 13:04:00,Complaint,Cancelled,16.5
APP_007904,CUST_11103,BR009,2026-02-23 13:37:00,Account Opening,Completed,24.0
APP_007905,CUST_06907,BR009,2026-02-23 13:40:00,Cheque Services,Completed,6.0
APP_007906,CUST_02892,BR009,2026-02-23 13:03:00,Cash Withdrawal,Completed,4.5
APP_007907,CUST_06458,BR009,2026-02-23 15:36:00,Cash Deposit,Completed,6.5
APP_007908,CUST_03997,BR009,2026-02-23 15:50:00,KYC Update,Completed,13.5
APP_007909,CUST_01310,BR010,2026-02-23 09:04:00,KYC Update,Completed,13.5
APP_007910,CUST_02052,BR010,2026-02-23 11:21:00,Digital Banking Support,Completed,12.5
APP_007911,CUST_09977,BR010,2026-02-23 12:31:00,Cash Withdrawal,Completed,4.5
APP_007912,CUST_06482,BR010,2026-02-23 13:07:00,Account Opening,Completed,24.0
APP_007913,CUST_14515,BR010,2026-02-23 14:11:00,Cash Deposit,Completed,6.5
APP_007914,CUST_10155,BR001,2026-02-24 10:24:00,Cash Withdrawal,Cancelled,4.5
APP_007915,CUST_05129,BR001,2026-02-24 10:51:00,Cash Withdrawal,Completed,4.5
APP_007916,CUST_14795,BR001,2026-02-24 11:20:00,Cheque Services,Cancelled,6.0
APP_007917,CUST_12188,BR001,2026-02-24 11:20:00,Cheque Services,Completed,6.0
APP_007918,CUST_11234,BR001,2026-02-24 11:37:00,Cash Withdrawal,Completed,4.5
APP_007919,CUST_09108,BR001,2026-02-24 11:35:00,Complaint,Completed,16.5
APP_007920,CUST_01183,BR001,2026-02-24 12:55:00,Loan Application,Completed,34.0
APP_007921,CUST_11196,BR001,2026-02-24 12:32:00,Cash Deposit,Completed,6.5
APP_007922,CUST_03360,BR001,2026-02-24 13:51:00,Account Opening,Completed,24.0
APP_007923,CUST_04584,BR002,2026-02-24 10:51:00,Credit Card Service,Cancelled,12.0
APP_007924,CUST_13672,BR002,2026-02-24 11:32:00,Cash Deposit,Completed,6.5
APP_007925,CUST_08401,BR002,2026-02-24 11:43:00,Statement Request,Completed,5.0
APP_007926,CUST_00899,BR002,2026-02-24 11:09:00,Credit Card Service,Completed,12.0
APP_007927,CUST_07793,BR002,2026-02-24 11:01:00,Investment Enquiry,Cancelled,26.0
APP_007928,CUST_12912,BR002,2026-02-24 11:55:00,Cheque Services,Completed,6.0
APP_007929,CUST_08957,BR002,2026-02-24 11:25:00,Account Opening,Cancelled,24.0
APP_007930,CUST_03737,BR002,2026-02-24 12:10:00,Complaint,No-Show,16.5
APP_007931,CUST_02946,BR003,2026-02-24 09:14:00,Cash Withdrawal,Completed,4.5
APP_007932,CUST_14975,BR003,2026-02-24 09:31:00,Cash Deposit,Completed,6.5
APP_007933,CUST_13589,BR003,2026-02-24 10:08:00,Digital Banking Support,Completed,12.5
APP_007934,CUST_04607,BR003,2026-02-24 10:27:00,Investment Enquiry,Completed,26.0
APP_007935,CUST_04650,BR003,2026-02-24 10:25:00,Cash Withdrawal,Completed,4.5
APP_007936,CUST_02622,BR003,2026-02-24 11:30:00,KYC Update,Completed,13.5
APP_007937,CUST_02906,BR003,2026-02-24 12:50:00,Cash Withdrawal,Completed,4.5
APP_007938,CUST_00676,BR003,2026-02-24 12:30:00,Cash Deposit,Completed,6.5
APP_007939,CUST_01196,BR004,2026-02-24 09:31:00,Loan Enquiry,Completed,18.0
APP_007940,CUST_08989,BR004,2026-02-24 10:16:00,Account Opening,Completed,24.0
APP_007941,CUST_03787,BR004,2026-02-24 10:16:00,KYC Update,Completed,13.5
APP_007942,CUST_11175,BR005,2026-02-24 10:09:00,KYC Update,Completed,13.5
APP_007943,CUST_12278,BR005,2026-02-24 11:02:00,Cash Withdrawal,Completed,4.5
APP_007944,CUST_13775,BR005,2026-02-24 11:27:00,Cheque Services,Completed,6.0
APP_007945,CUST_09437,BR005,2026-02-24 12:42:00,Loan Application,Completed,34.0
APP_007946,CUST_14665,BR006,2026-02-24 10:45:00,Cash Deposit,Completed,6.5
APP_007947,CUST_06620,BR006,2026-02-24 11:19:00,Cash Withdrawal,Completed,4.5
APP_007948,CUST_14765,BR006,2026-02-24 11:31:00,Loan Enquiry,Completed,18.0
APP_007949,CUST_05557,BR006,2026-02-24 11:37:00,Account Opening,Completed,24.0
APP_007950,CUST_00596,BR006,2026-02-24 11:12:00,Complaint,Completed,16.5
APP_007951,CUST_05822,BR007,2026-02-24 09:40:00,Cash Deposit,Completed,6.5
APP_007952,CUST_01865,BR007,2026-02-24 10:55:00,Investment Enquiry,Completed,26.0
APP_007953,CUST_13136,BR007,2026-02-24 10:21:00,Cash Withdrawal,Completed,4.5
APP_007954,CUST_05182,BR007,2026-02-24 10:28:00,Cash Deposit,Completed,6.5
APP_007955,CUST_03368,BR007,2026-02-24 11:45:00,Cash Withdrawal,Completed,4.5
APP_007956,CUST_05295,BR008,2026-02-24 09:20:00,Cheque Services,Completed,6.0
APP_007957,CUST_00895,BR008,2026-02-24 11:37:00,General Customer Support,Completed,10.0
APP_007958,CUST_05847,BR009,2026-02-24 09:26:00,Cash Withdrawal,Completed,4.5
APP_007959,CUST_12127,BR009,2026-02-24 09:44:00,General Customer Support,Completed,10.0
APP_007960,CUST_06917,BR009,2026-02-24 10:40:00,Complaint,Completed,16.5
APP_007961,CUST_08155,BR009,2026-02-24 11:45:00,KYC Update,Cancelled,13.5
APP_007962,CUST_06508,BR009,2026-02-24 11:40:00,Loan Enquiry,Completed,18.0
APP_007963,CUST_14054,BR010,2026-02-24 09:40:00,Credit Card Service,Completed,12.0
APP_007964,CUST_12597,BR010,2026-02-24 10:26:00,Cash Withdrawal,No-Show,4.5
APP_007965,CUST_07887,BR010,2026-02-24 11:48:00,Complaint,Completed,16.5
APP_007966,CUST_13822,BR001,2026-02-25 09:10:00,Cash Withdrawal,Completed,4.5
APP_007967,CUST_06777,BR001,2026-02-25 09:10:00,KYC Update,Completed,13.5
APP_007968,CUST_06231,BR001,2026-02-25 11:19:00,Cash Deposit,Completed,6.5
APP_007969,CUST_11628,BR001,2026-02-25 11:22:00,Cheque Services,Completed,6.0
APP_007970,CUST_04562,BR001,2026-02-25 11:07:00,Cash Deposit,Completed,6.5
APP_007971,CUST_03474,BR001,2026-02-25 11:35:00,Account Opening,Cancelled,24.0
APP_007972,CUST_09387,BR001,2026-02-25 12:43:00,Cash Withdrawal,Completed,4.5
APP_007973,CUST_14735,BR001,2026-02-25 12:39:00,Address Update,Completed,8.0
APP_007974,CUST_00990,BR001,2026-02-25 12:03:00,Cheque Services,Completed,6.0
APP_007975,CUST_08357,BR002,2026-02-25 09:21:00,Credit Card Service,Completed,12.0
APP_007976,CUST_10467,BR002,2026-02-25 10:50:00,KYC Update,Completed,13.5
APP_007977,CUST_00001,BR002,2026-02-25 11:08:00,Investment Enquiry,Cancelled,26.0
APP_007978,CUST_14796,BR002,2026-02-25 11:03:00,Address Update,Completed,8.0
APP_007979,CUST_14264,BR002,2026-02-25 13:15:00,General Customer Support,Completed,10.0
APP_007980,CUST_04687,BR003,2026-02-25 09:51:00,Cash Deposit,Completed,6.5
APP_007981,CUST_00206,BR003,2026-02-25 10:12:00,Credit Card Service,Completed,12.0
APP_007982,CUST_00818,BR003,2026-02-25 10:43:00,Cheque Services,Completed,6.0
APP_007983,CUST_00343,BR003,2026-02-25 11:53:00,Cash Withdrawal,No-Show,4.5
APP_007984,CUST_00290,BR003,2026-02-25 12:00:00,Account Opening,Completed,24.0
APP_007985,CUST_10746,BR003,2026-02-25 12:39:00,General Customer Support,Completed,10.0
APP_007986,CUST_00578,BR003,2026-02-25 12:24:00,Cash Deposit,Completed,6.5
APP_007987,CUST_08483,BR004,2026-02-25 09:04:00,Credit Card Service,Completed,12.0
APP_007988,CUST_12541,BR004,2026-02-25 09:42:00,Cheque Services,Completed,6.0
APP_007989,CUST_12523,BR004,2026-02-25 10:14:00,Credit Card Service,Completed,12.0
APP_007990,CUST_06040,BR004,2026-02-25 10:40:00,Cash Deposit,Completed,6.5
APP_007991,CUST_03164,BR004,2026-02-25 11:38:00,Address Update,Cancelled,8.0
APP_007992,CUST_10772,BR004,2026-02-25 11:19:00,Credit Card Service,Completed,12.0
APP_007993,CUST_00417,BR005,2026-02-25 09:45:00,Cash Withdrawal,No-Show,4.5
APP_007994,CUST_11295,BR005,2026-02-25 10:23:00,Cash Withdrawal,Completed,4.5
APP_007995,CUST_12153,BR005,2026-02-25 10:48:00,Loan Application,Completed,34.0
APP_007996,CUST_12391,BR005,2026-02-25 10:31:00,Cash Withdrawal,Completed,4.5
APP_007997,CUST_09716,BR006,2026-02-25 10:36:00,Digital Banking Support,Completed,12.5
APP_007998,CUST_06131,BR006,2026-02-25 10:18:00,Cash Deposit,Completed,6.5
APP_007999,CUST_10426,BR006,2026-02-25 11:03:00,Cheque Services,Completed,6.0
APP_008000,CUST_05221,BR006,2026-02-25 11:20:00,Complaint,Completed,16.5
APP_008001,CUST_04710,BR006,2026-02-25 12:27:00,Investment Enquiry,Completed,26.0
APP_008002,CUST_02480,BR007,2026-02-25 10:51:00,General Customer Support,Completed,10.0
APP_008003,CUST_01178,BR007,2026-02-25 10:28:00,Account Opening,Completed,24.0
APP_008004,CUST_06047,BR007,2026-02-25 11:34:00,KYC Update,Completed,13.5
APP_008005,CUST_01342,BR007,2026-02-25 11:24:00,General Customer Support,Completed,10.0
APP_008006,CUST_14821,BR007,2026-02-25 12:32:00,KYC Update,Cancelled,13.5
APP_008007,CUST_00644,BR007,2026-02-25 12:21:00,Digital Banking Support,Completed,12.5
APP_008008,CUST_14404,BR007,2026-02-25 12:03:00,Investment Enquiry,Completed,26.0
APP_008009,CUST_04423,BR008,2026-02-25 09:15:00,Cheque Services,Completed,6.0
APP_008010,CUST_02009,BR008,2026-02-25 10:05:00,Cash Withdrawal,Completed,4.5
APP_008011,CUST_10218,BR008,2026-02-25 11:39:00,Loan Application,Completed,34.0
APP_008012,CUST_09614,BR009,2026-02-25 10:16:00,Account Opening,Completed,24.0
APP_008013,CUST_01844,BR009,2026-02-25 11:43:00,Statement Request,Completed,5.0
APP_008014,CUST_10806,BR009,2026-02-25 12:22:00,KYC Update,Completed,13.5
APP_008015,CUST_10157,BR009,2026-02-25 12:44:00,Cash Deposit,Completed,6.5
APP_008016,CUST_10331,BR009,2026-02-25 14:16:00,Loan Enquiry,Completed,18.0
APP_008017,CUST_12526,BR009,2026-02-25 14:29:00,Cash Withdrawal,Completed,4.5
APP_008018,CUST_09378,BR010,2026-02-25 10:21:00,Digital Banking Support,Completed,12.5
APP_008019,CUST_02489,BR010,2026-02-25 10:49:00,Loan Application,Completed,34.0
APP_008020,CUST_00166,BR010,2026-02-25 12:39:00,Cash Withdrawal,Completed,4.5
APP_008021,CUST_03656,BR001,2026-02-26 10:34:00,Statement Request,Completed,5.0
APP_008022,CUST_11295,BR001,2026-02-26 11:37:00,KYC Update,Completed,13.5
APP_008023,CUST_00198,BR001,2026-02-26 11:33:00,Account Opening,No-Show,24.0
APP_008024,CUST_01128,BR001,2026-02-26 12:40:00,Loan Application,Completed,34.0
APP_008025,CUST_13348,BR001,2026-02-26 12:46:00,Digital Banking Support,Completed,12.5
APP_008026,CUST_10547,BR001,2026-02-26 12:17:00,Digital Banking Support,Completed,12.5
APP_008027,CUST_13400,BR001,2026-02-26 13:06:00,General Customer Support,Completed,10.0
APP_008028,CUST_04421,BR001,2026-02-26 13:11:00,Digital Banking Support,Completed,12.5
APP_008029,CUST_07239,BR002,2026-02-26 09:10:00,General Customer Support,Completed,10.0
APP_008030,CUST_12223,BR002,2026-02-26 09:21:00,Cash Withdrawal,Completed,4.5
APP_008031,CUST_04540,BR002,2026-02-26 10:27:00,Cash Withdrawal,No-Show,4.5
APP_008032,CUST_11127,BR002,2026-02-26 10:05:00,KYC Update,Completed,13.5
APP_008033,CUST_13513,BR002,2026-02-26 10:03:00,Cash Deposit,Completed,6.5
APP_008034,CUST_00267,BR002,2026-02-26 10:42:00,Cheque Services,Completed,6.0
APP_008035,CUST_12524,BR002,2026-02-26 11:21:00,Loan Enquiry,Completed,18.0
APP_008036,CUST_07745,BR002,2026-02-26 11:45:00,Loan Application,Completed,34.0
APP_008037,CUST_03611,BR002,2026-02-26 11:53:00,Statement Request,Completed,5.0
APP_008038,CUST_07112,BR003,2026-02-26 10:44:00,Cash Deposit,Completed,6.5
APP_008039,CUST_09414,BR003,2026-02-26 11:34:00,Address Update,Completed,8.0
APP_008040,CUST_02944,BR003,2026-02-26 13:53:00,General Customer Support,Cancelled,10.0
APP_008041,CUST_05645,BR003,2026-02-26 13:22:00,Credit Card Service,Completed,12.0
APP_008042,CUST_14130,BR003,2026-02-26 13:35:00,Cash Deposit,Completed,6.5
APP_008043,CUST_09265,BR003,2026-02-26 13:14:00,General Customer Support,Completed,10.0
APP_008044,CUST_00118,BR003,2026-02-26 14:53:00,Loan Application,Completed,34.0
APP_008045,CUST_00768,BR003,2026-02-26 14:52:00,KYC Update,Cancelled,13.5
APP_008046,CUST_08618,BR004,2026-02-26 09:47:00,Credit Card Service,Completed,12.0
APP_008047,CUST_00875,BR004,2026-02-26 09:20:00,General Customer Support,Completed,10.0
APP_008048,CUST_01299,BR004,2026-02-26 11:07:00,KYC Update,Completed,13.5
APP_008049,CUST_01387,BR004,2026-02-26 11:48:00,Cash Withdrawal,Completed,4.5
APP_008050,CUST_02944,BR005,2026-02-26 09:25:00,Statement Request,Completed,5.0
APP_008051,CUST_12577,BR005,2026-02-26 11:03:00,Cheque Services,Completed,6.0
APP_008052,CUST_06848,BR005,2026-02-26 11:18:00,KYC Update,Completed,13.5
APP_008053,CUST_07825,BR005,2026-02-26 13:37:00,Cash Withdrawal,Completed,4.5
APP_008054,CUST_11327,BR005,2026-02-26 15:24:00,Address Update,Completed,8.0
APP_008055,CUST_00502,BR006,2026-02-26 09:47:00,Cash Withdrawal,Completed,4.5
APP_008056,CUST_13012,BR006,2026-02-26 10:36:00,Cash Deposit,Completed,6.5
APP_008057,CUST_04656,BR006,2026-02-26 10:37:00,Address Update,Completed,8.0
APP_008058,CUST_10940,BR006,2026-02-26 11:40:00,Cheque Services,Completed,6.0
APP_008059,CUST_14022,BR006,2026-02-26 11:49:00,Cheque Services,Completed,6.0
APP_008060,CUST_09971,BR006,2026-02-26 12:52:00,Account Opening,Completed,24.0
APP_008061,CUST_11754,BR006,2026-02-26 12:06:00,Digital Banking Support,Completed,12.5
APP_008062,CUST_08964,BR007,2026-02-26 09:10:00,Cash Deposit,Completed,6.5
APP_008063,CUST_08216,BR007,2026-02-26 10:22:00,KYC Update,Completed,13.5
APP_008064,CUST_09413,BR007,2026-02-26 10:45:00,Cash Deposit,Completed,6.5
APP_008065,CUST_08373,BR007,2026-02-26 11:47:00,Cash Deposit,Completed,6.5
APP_008066,CUST_12970,BR007,2026-02-26 11:35:00,Cheque Services,Completed,6.0
APP_008067,CUST_02448,BR007,2026-02-26 13:51:00,Cash Deposit,Completed,6.5
APP_008068,CUST_06680,BR007,2026-02-26 13:34:00,Complaint,Completed,16.5
APP_008069,CUST_06421,BR008,2026-02-26 14:23:00,Cheque Services,Completed,6.0
APP_008070,CUST_06450,BR009,2026-02-26 09:05:00,Cash Deposit,Completed,6.5
APP_008071,CUST_01554,BR009,2026-02-26 09:02:00,Account Opening,Completed,24.0
APP_008072,CUST_04370,BR009,2026-02-26 10:27:00,Cash Deposit,Completed,6.5
APP_008073,CUST_04012,BR009,2026-02-26 10:29:00,Credit Card Service,Completed,12.0
APP_008074,CUST_08961,BR009,2026-02-26 11:08:00,Loan Enquiry,Completed,18.0
APP_008075,CUST_05243,BR009,2026-02-26 12:38:00,Loan Application,Completed,34.0
APP_008076,CUST_07764,BR010,2026-02-26 09:11:00,Loan Application,Completed,34.0
APP_008077,CUST_07442,BR010,2026-02-26 10:27:00,General Customer Support,Completed,10.0
APP_008078,CUST_09317,BR010,2026-02-26 11:41:00,KYC Update,Completed,13.5
APP_008079,CUST_09916,BR001,2026-02-27 10:54:00,Cash Withdrawal,Completed,4.5
APP_008080,CUST_07819,BR001,2026-02-27 10:39:00,Loan Enquiry,Completed,18.0
APP_008081,CUST_11333,BR001,2026-02-27 10:42:00,Account Opening,Completed,24.0
APP_008082,CUST_07541,BR001,2026-02-27 10:29:00,Loan Enquiry,Completed,18.0
APP_008083,CUST_09729,BR001,2026-02-27 10:03:00,Cash Deposit,Completed,6.5
APP_008084,CUST_04954,BR001,2026-02-27 11:39:00,Loan Enquiry,Completed,18.0
APP_008085,CUST_00346,BR001,2026-02-27 11:16:00,Cash Withdrawal,Completed,4.5
APP_008086,CUST_10663,BR001,2026-02-27 11:47:00,Cheque Services,Completed,6.0
APP_008087,CUST_08045,BR001,2026-02-27 12:44:00,Digital Banking Support,Completed,12.5
APP_008088,CUST_14475,BR001,2026-02-27 13:11:00,Cash Deposit,Completed,6.5
APP_008089,CUST_14163,BR001,2026-02-27 13:18:00,Loan Enquiry,Completed,18.0
APP_008090,CUST_05760,BR001,2026-02-27 13:23:00,Address Update,Completed,8.0
APP_008091,CUST_00807,BR002,2026-02-27 09:31:00,Cash Deposit,Completed,6.5
APP_008092,CUST_03142,BR002,2026-02-27 09:11:00,KYC Update,Completed,13.5
APP_008093,CUST_01442,BR002,2026-02-27 10:33:00,Credit Card Service,Completed,12.0
APP_008094,CUST_01636,BR002,2026-02-27 10:17:00,Cheque Services,Completed,6.0
APP_008095,CUST_00877,BR002,2026-02-27 11:03:00,Address Update,Completed,8.0
APP_008096,CUST_03892,BR002,2026-02-27 12:11:00,Cash Withdrawal,Completed,4.5
APP_008097,CUST_09758,BR002,2026-02-27 12:52:00,Complaint,Completed,16.5
APP_008098,CUST_09414,BR002,2026-02-27 12:14:00,KYC Update,Completed,13.5
APP_008099,CUST_07137,BR002,2026-02-27 12:24:00,KYC Update,Completed,13.5
APP_008100,CUST_05680,BR002,2026-02-27 13:31:00,Loan Application,Completed,34.0
APP_008101,CUST_09671,BR002,2026-02-27 13:08:00,Cheque Services,Completed,6.0
APP_008102,CUST_11975,BR002,2026-02-27 13:25:00,Cash Withdrawal,Completed,4.5
APP_008103,CUST_09352,BR002,2026-02-27 13:48:00,KYC Update,Completed,13.5
APP_008104,CUST_05969,BR002,2026-02-27 13:40:00,Cash Withdrawal,Completed,4.5
APP_008105,CUST_08262,BR003,2026-02-27 09:23:00,Address Update,Completed,8.0
APP_008106,CUST_11576,BR003,2026-02-27 09:55:00,Cheque Services,Completed,6.0
APP_008107,CUST_03527,BR003,2026-02-27 09:05:00,Cash Withdrawal,Completed,4.5
APP_008108,CUST_13986,BR003,2026-02-27 10:24:00,Cash Deposit,Completed,6.5
APP_008109,CUST_14334,BR003,2026-02-27 10:45:00,KYC Update,Cancelled,13.5
APP_008110,CUST_11615,BR003,2026-02-27 10:19:00,Statement Request,Completed,5.0
APP_008111,CUST_06624,BR003,2026-02-27 11:52:00,Statement Request,Completed,5.0
APP_008112,CUST_05902,BR003,2026-02-27 12:10:00,KYC Update,Completed,13.5
APP_008113,CUST_02385,BR003,2026-02-27 12:23:00,Complaint,Completed,16.5
APP_008114,CUST_03569,BR004,2026-02-27 09:49:00,Loan Enquiry,Completed,18.0
APP_008115,CUST_06969,BR004,2026-02-27 11:53:00,Cheque Services,Completed,6.0
APP_008116,CUST_03337,BR004,2026-02-27 11:32:00,Account Opening,Completed,24.0
APP_008117,CUST_02922,BR004,2026-02-27 11:50:00,Cash Withdrawal,Completed,4.5
APP_008118,CUST_12690,BR004,2026-02-27 12:53:00,Cheque Services,Completed,6.0
APP_008119,CUST_05277,BR004,2026-02-27 12:23:00,Account Opening,Completed,24.0
APP_008120,CUST_00905,BR004,2026-02-27 13:40:00,Account Opening,Completed,24.0
APP_008121,CUST_03572,BR004,2026-02-27 14:45:00,Loan Application,Completed,34.0
APP_008122,CUST_03439,BR004,2026-02-27 14:39:00,KYC Update,Completed,13.5
APP_008123,CUST_07941,BR004,2026-02-27 15:37:00,Credit Card Service,Completed,12.0
APP_008124,CUST_08674,BR005,2026-02-27 09:26:00,KYC Update,Completed,13.5
APP_008125,CUST_11236,BR005,2026-02-27 10:28:00,Cash Withdrawal,Completed,4.5
APP_008126,CUST_03592,BR005,2026-02-27 10:40:00,Cheque Services,Completed,6.0
APP_008127,CUST_13244,BR005,2026-02-27 10:46:00,Cash Withdrawal,Completed,4.5
APP_008128,CUST_13100,BR005,2026-02-27 10:42:00,Cash Withdrawal,Completed,4.5
APP_008129,CUST_07160,BR005,2026-02-27 10:23:00,Account Opening,Completed,24.0
APP_008130,CUST_07087,BR006,2026-02-27 10:02:00,Loan Application,Cancelled,34.0
APP_008131,CUST_09176,BR006,2026-02-27 10:40:00,Credit Card Service,Completed,12.0
APP_008132,CUST_06804,BR006,2026-02-27 10:52:00,Address Update,Completed,8.0
APP_008133,CUST_04783,BR006,2026-02-27 10:41:00,Cheque Services,Completed,6.0
APP_008134,CUST_08646,BR006,2026-02-27 11:27:00,Cash Withdrawal,Completed,4.5
APP_008135,CUST_05110,BR006,2026-02-27 11:27:00,Cash Deposit,Completed,6.5
APP_008136,CUST_13361,BR006,2026-02-27 11:24:00,Loan Application,Completed,34.0
APP_008137,CUST_05036,BR006,2026-02-27 11:33:00,Cash Withdrawal,Completed,4.5
APP_008138,CUST_13470,BR007,2026-02-27 09:34:00,Cash Withdrawal,Completed,4.5
APP_008139,CUST_05122,BR007,2026-02-27 10:38:00,Digital Banking Support,Completed,12.5
APP_008140,CUST_06131,BR007,2026-02-27 10:52:00,Cash Deposit,Completed,6.5
APP_008141,CUST_02855,BR007,2026-02-27 10:40:00,Cash Withdrawal,Completed,4.5
APP_008142,CUST_00631,BR007,2026-02-27 11:17:00,General Customer Support,Completed,10.0
APP_008143,CUST_07609,BR007,2026-02-27 11:16:00,Investment Enquiry,Completed,26.0
APP_008144,CUST_05505,BR007,2026-02-27 12:48:00,General Customer Support,No-Show,10.0
APP_008145,CUST_04488,BR007,2026-02-27 12:25:00,Loan Enquiry,Cancelled,18.0
APP_008146,CUST_10166,BR007,2026-02-27 13:04:00,Loan Application,Completed,34.0
APP_008147,CUST_06342,BR007,2026-02-27 13:48:00,Credit Card Service,Completed,12.0
APP_008148,CUST_08841,BR008,2026-02-27 10:10:00,Digital Banking Support,Completed,12.5
APP_008149,CUST_09295,BR008,2026-02-27 10:38:00,Statement Request,Completed,5.0
APP_008150,CUST_01656,BR008,2026-02-27 10:55:00,Cash Withdrawal,Completed,4.5
APP_008151,CUST_14660,BR008,2026-02-27 11:53:00,Investment Enquiry,Completed,26.0
APP_008152,CUST_00332,BR009,2026-02-27 09:00:00,Account Opening,Completed,24.0
APP_008153,CUST_10456,BR009,2026-02-27 09:38:00,KYC Update,Completed,13.5
APP_008154,CUST_04289,BR009,2026-02-27 09:48:00,Complaint,Completed,16.5
APP_008155,CUST_03456,BR009,2026-02-27 10:18:00,Account Opening,Completed,24.0
APP_008156,CUST_10662,BR009,2026-02-27 11:55:00,KYC Update,Completed,13.5
APP_008157,CUST_14397,BR009,2026-02-27 11:10:00,Cash Deposit,Completed,6.5
APP_008158,CUST_13346,BR009,2026-02-27 12:38:00,KYC Update,Completed,13.5
APP_008159,CUST_02574,BR009,2026-02-27 12:15:00,Loan Enquiry,Completed,18.0
APP_008160,CUST_07105,BR010,2026-02-27 09:04:00,Cash Deposit,Completed,6.5
APP_008161,CUST_01352,BR010,2026-02-27 09:26:00,Cash Deposit,Completed,6.5
APP_008162,CUST_08264,BR010,2026-02-27 10:42:00,Complaint,Completed,16.5
APP_008163,CUST_03726,BR010,2026-02-27 10:39:00,Digital Banking Support,Completed,12.5
APP_008164,CUST_07886,BR010,2026-02-27 11:10:00,Cash Withdrawal,Completed,4.5
APP_008165,CUST_00538,BR001,2026-03-02 09:35:00,KYC Update,Completed,13.5
APP_008166,CUST_12794,BR001,2026-03-02 09:11:00,Digital Banking Support,Completed,12.5
APP_008167,CUST_00897,BR001,2026-03-02 09:45:00,Cash Deposit,Completed,6.5
APP_008168,CUST_14300,BR001,2026-03-02 10:01:00,Statement Request,Completed,5.0
APP_008169,CUST_09467,BR001,2026-03-02 10:52:00,Cash Withdrawal,Completed,4.5
APP_008170,CUST_07587,BR001,2026-03-02 10:19:00,KYC Update,Completed,13.5
APP_008171,CUST_13662,BR001,2026-03-02 11:38:00,General Customer Support,Completed,10.0
APP_008172,CUST_00933,BR001,2026-03-02 11:23:00,General Customer Support,Completed,10.0
APP_008173,CUST_13748,BR001,2026-03-02 11:20:00,Cheque Services,Completed,6.0
APP_008174,CUST_07831,BR001,2026-03-02 12:13:00,KYC Update,Completed,13.5
APP_008175,CUST_10730,BR001,2026-03-02 12:00:00,Cheque Services,Completed,6.0
APP_008176,CUST_08445,BR001,2026-03-02 12:24:00,Account Opening,Completed,24.0
APP_008177,CUST_11033,BR001,2026-03-02 12:54:00,Digital Banking Support,Completed,12.5
APP_008178,CUST_14140,BR001,2026-03-02 13:49:00,Cash Withdrawal,Completed,4.5
APP_008179,CUST_02508,BR001,2026-03-02 13:03:00,Cash Deposit,Completed,6.5
APP_008180,CUST_12982,BR001,2026-03-02 13:04:00,Cash Deposit,Completed,6.5
APP_008181,CUST_13644,BR002,2026-03-02 09:54:00,Statement Request,Completed,5.0
APP_008182,CUST_01468,BR002,2026-03-02 09:27:00,Cash Deposit,Completed,6.5
APP_008183,CUST_08429,BR002,2026-03-02 10:17:00,Cash Withdrawal,Completed,4.5
APP_008184,CUST_01205,BR002,2026-03-02 10:06:00,Cash Deposit,Completed,6.5
APP_008185,CUST_03953,BR002,2026-03-02 11:06:00,Credit Card Service,Completed,12.0
APP_008186,CUST_08253,BR002,2026-03-02 11:23:00,KYC Update,Completed,13.5
APP_008187,CUST_00834,BR002,2026-03-02 11:35:00,Complaint,Completed,16.5
APP_008188,CUST_13446,BR002,2026-03-02 11:30:00,Cash Deposit,Completed,6.5
APP_008189,CUST_12491,BR002,2026-03-02 11:26:00,General Customer Support,Completed,10.0
APP_008190,CUST_07965,BR002,2026-03-02 11:06:00,Credit Card Service,Completed,12.0
APP_008191,CUST_05082,BR002,2026-03-02 11:41:00,General Customer Support,Completed,10.0
APP_008192,CUST_05006,BR002,2026-03-02 11:55:00,Cheque Services,Completed,6.0
APP_008193,CUST_13042,BR002,2026-03-02 12:38:00,General Customer Support,Completed,10.0
APP_008194,CUST_07949,BR002,2026-03-02 12:55:00,Cash Deposit,Completed,6.5
APP_008195,CUST_06077,BR003,2026-03-02 09:45:00,Cash Withdrawal,Completed,4.5
APP_008196,CUST_06917,BR003,2026-03-02 09:16:00,Cheque Services,Completed,6.0
APP_008197,CUST_04613,BR003,2026-03-02 09:06:00,Statement Request,Completed,5.0
APP_008198,CUST_09410,BR003,2026-03-02 09:07:00,Cheque Services,Completed,6.0
APP_008199,CUST_02413,BR003,2026-03-02 10:40:00,KYC Update,Completed,13.5
APP_008200,CUST_02587,BR003,2026-03-02 10:53:00,Credit Card Service,Completed,12.0
APP_008201,CUST_02505,BR003,2026-03-02 10:47:00,Cash Deposit,Completed,6.5
APP_008202,CUST_09328,BR003,2026-03-02 10:35:00,Loan Enquiry,Completed,18.0
APP_008203,CUST_05282,BR003,2026-03-02 11:30:00,Cash Deposit,Completed,6.5
APP_008204,CUST_07877,BR003,2026-03-02 11:38:00,Complaint,Completed,16.5
APP_008205,CUST_13977,BR003,2026-03-02 11:08:00,Cash Withdrawal,Cancelled,4.5
APP_008206,CUST_10510,BR003,2026-03-02 11:13:00,Account Opening,Completed,24.0
APP_008207,CUST_02894,BR003,2026-03-02 12:18:00,Cash Withdrawal,Completed,4.5
APP_008208,CUST_03681,BR003,2026-03-02 13:46:00,Cheque Services,Completed,6.0
APP_008209,CUST_12902,BR004,2026-03-02 09:33:00,Statement Request,Completed,5.0
APP_008210,CUST_03653,BR004,2026-03-02 11:14:00,Account Opening,Completed,24.0
APP_008211,CUST_03800,BR004,2026-03-02 13:54:00,Cash Withdrawal,Completed,4.5
APP_008212,CUST_04944,BR004,2026-03-02 13:06:00,Loan Application,Completed,34.0
APP_008213,CUST_10213,BR004,2026-03-02 13:01:00,Credit Card Service,Completed,12.0
APP_008214,CUST_12679,BR004,2026-03-02 15:13:00,Cash Deposit,Completed,6.5
APP_008215,CUST_04567,BR004,2026-03-02 16:00:00,Account Opening,Completed,24.0
APP_008216,CUST_02886,BR005,2026-03-02 09:38:00,Credit Card Service,Completed,12.0
APP_008217,CUST_13333,BR005,2026-03-02 10:16:00,Cheque Services,Completed,6.0
APP_008218,CUST_05871,BR005,2026-03-02 10:34:00,Address Update,Completed,8.0
APP_008219,CUST_06795,BR005,2026-03-02 10:12:00,Cash Deposit,Cancelled,6.5
APP_008220,CUST_10595,BR005,2026-03-02 12:14:00,Loan Application,Completed,34.0
APP_008221,CUST_04939,BR005,2026-03-02 13:00:00,Cash Deposit,Completed,6.5
APP_008222,CUST_11347,BR006,2026-03-02 09:35:00,Investment Enquiry,Completed,26.0
APP_008223,CUST_10531,BR006,2026-03-02 09:26:00,Loan Application,Completed,34.0
APP_008224,CUST_02253,BR006,2026-03-02 10:20:00,Account Opening,Completed,24.0
APP_008225,CUST_09032,BR006,2026-03-02 10:00:00,KYC Update,Completed,13.5
APP_008226,CUST_04090,BR006,2026-03-02 10:36:00,Statement Request,Cancelled,5.0
APP_008227,CUST_05972,BR006,2026-03-02 11:25:00,Loan Application,Completed,34.0
APP_008228,CUST_05616,BR006,2026-03-02 11:05:00,Cheque Services,Completed,6.0
APP_008229,CUST_07536,BR006,2026-03-02 11:51:00,Account Opening,Completed,24.0
APP_008230,CUST_10202,BR006,2026-03-02 11:07:00,General Customer Support,Completed,10.0
APP_008231,CUST_02378,BR006,2026-03-02 11:53:00,KYC Update,Completed,13.5
APP_008232,CUST_02421,BR007,2026-03-02 10:34:00,Statement Request,Completed,5.0
APP_008233,CUST_03890,BR007,2026-03-02 11:12:00,General Customer Support,Completed,10.0
APP_008234,CUST_11357,BR007,2026-03-02 11:40:00,KYC Update,Completed,13.5
APP_008235,CUST_07619,BR007,2026-03-02 11:47:00,Statement Request,Completed,5.0
APP_008236,CUST_11001,BR007,2026-03-02 12:38:00,Loan Enquiry,Completed,18.0
APP_008237,CUST_00870,BR007,2026-03-02 12:24:00,Cash Withdrawal,Completed,4.5
APP_008238,CUST_14210,BR007,2026-03-02 13:00:00,Credit Card Service,Completed,12.0
APP_008239,CUST_01108,BR007,2026-03-02 13:20:00,General Customer Support,Completed,10.0
APP_008240,CUST_08753,BR007,2026-03-02 13:15:00,Investment Enquiry,Completed,26.0
APP_008241,CUST_01522,BR008,2026-03-02 09:41:00,Cash Withdrawal,Completed,4.5
APP_008242,CUST_10434,BR008,2026-03-02 10:51:00,Investment Enquiry,Cancelled,26.0
APP_008243,CUST_14089,BR008,2026-03-02 11:42:00,Cash Deposit,Completed,6.5
APP_008244,CUST_01710,BR008,2026-03-02 11:45:00,Account Opening,Completed,24.0
APP_008245,CUST_10004,BR008,2026-03-02 11:33:00,Credit Card Service,Completed,12.0
APP_008246,CUST_12073,BR008,2026-03-02 11:15:00,Cash Deposit,No-Show,6.5
APP_008247,CUST_03431,BR009,2026-03-02 10:52:00,Cash Deposit,Cancelled,6.5
APP_008248,CUST_12795,BR009,2026-03-02 11:42:00,Loan Application,No-Show,34.0
APP_008249,CUST_07564,BR009,2026-03-02 11:26:00,Complaint,Cancelled,16.5
APP_008250,CUST_00538,BR009,2026-03-02 11:41:00,Account Opening,Completed,24.0
APP_008251,CUST_13787,BR009,2026-03-02 11:24:00,Address Update,Cancelled,8.0
APP_008252,CUST_06872,BR009,2026-03-02 11:11:00,Loan Enquiry,Completed,18.0
APP_008253,CUST_04975,BR009,2026-03-02 11:52:00,Cash Deposit,Completed,6.5
APP_008254,CUST_08876,BR009,2026-03-02 11:33:00,Credit Card Service,Completed,12.0
APP_008255,CUST_08451,BR009,2026-03-02 11:29:00,Complaint,Completed,16.5
APP_008256,CUST_02546,BR010,2026-03-02 09:16:00,Complaint,Completed,16.5
APP_008257,CUST_06490,BR010,2026-03-02 10:30:00,Digital Banking Support,Completed,12.5
APP_008258,CUST_03707,BR010,2026-03-02 11:11:00,Account Opening,Completed,24.0
APP_008259,CUST_09118,BR010,2026-03-02 11:40:00,General Customer Support,Completed,10.0
APP_008260,CUST_13286,BR010,2026-03-02 13:03:00,Loan Application,Completed,34.0
APP_008261,CUST_11729,BR010,2026-03-02 13:26:00,Credit Card Service,Cancelled,12.0
APP_008262,CUST_07639,BR010,2026-03-02 14:09:00,Address Update,Completed,8.0
APP_008263,CUST_14468,BR001,2026-03-03 09:24:00,KYC Update,Completed,13.5
APP_008264,CUST_01196,BR001,2026-03-03 09:29:00,KYC Update,Completed,13.5
APP_008265,CUST_04405,BR001,2026-03-03 10:38:00,General Customer Support,Completed,10.0
APP_008266,CUST_09045,BR001,2026-03-03 10:27:00,Cheque Services,Completed,6.0
APP_008267,CUST_05622,BR001,2026-03-03 10:07:00,Complaint,Completed,16.5
APP_008268,CUST_05475,BR001,2026-03-03 10:36:00,Complaint,Completed,16.5
APP_008269,CUST_10732,BR001,2026-03-03 11:32:00,Cheque Services,Completed,6.0
APP_008270,CUST_01427,BR001,2026-03-03 11:44:00,Cash Deposit,Completed,6.5
APP_008271,CUST_08645,BR001,2026-03-03 11:13:00,Cash Deposit,Completed,6.5
APP_008272,CUST_07479,BR001,2026-03-03 11:20:00,Cash Withdrawal,Completed,4.5
APP_008273,CUST_07968,BR001,2026-03-03 11:50:00,Loan Enquiry,Completed,18.0
APP_008274,CUST_05072,BR001,2026-03-03 12:29:00,Cheque Services,Completed,6.0
APP_008275,CUST_13040,BR001,2026-03-03 12:12:00,KYC Update,Completed,13.5
APP_008276,CUST_01050,BR002,2026-03-03 09:16:00,Cheque Services,Completed,6.0
APP_008277,CUST_12027,BR002,2026-03-03 10:34:00,Digital Banking Support,Completed,12.5
APP_008278,CUST_06813,BR002,2026-03-03 10:14:00,Loan Enquiry,Completed,18.0
APP_008279,CUST_13291,BR002,2026-03-03 10:02:00,General Customer Support,Completed,10.0
APP_008280,CUST_08268,BR002,2026-03-03 11:54:00,Loan Enquiry,Cancelled,18.0
APP_008281,CUST_13390,BR002,2026-03-03 11:55:00,Account Opening,Completed,24.0
APP_008282,CUST_05462,BR002,2026-03-03 11:08:00,Loan Enquiry,Completed,18.0
APP_008283,CUST_03874,BR002,2026-03-03 13:06:00,Cash Withdrawal,Completed,4.5
APP_008284,CUST_10652,BR002,2026-03-03 13:12:00,Cheque Services,Completed,6.0
APP_008285,CUST_01006,BR002,2026-03-03 14:11:00,Cheque Services,Completed,6.0
APP_008286,CUST_04462,BR002,2026-03-03 15:37:00,Cash Deposit,Completed,6.5
APP_008287,CUST_09842,BR002,2026-03-03 16:48:00,Cash Deposit,Completed,6.5
APP_008288,CUST_14539,BR003,2026-03-03 09:29:00,Loan Enquiry,Completed,18.0
APP_008289,CUST_07089,BR003,2026-03-03 10:49:00,Statement Request,Cancelled,5.0
APP_008290,CUST_04714,BR003,2026-03-03 10:23:00,Cash Deposit,Completed,6.5
APP_008291,CUST_08896,BR003,2026-03-03 11:08:00,Cash Deposit,Completed,6.5
APP_008292,CUST_08095,BR003,2026-03-03 11:14:00,Cash Deposit,Completed,6.5
APP_008293,CUST_13258,BR003,2026-03-03 12:27:00,Investment Enquiry,Completed,26.0
APP_008294,CUST_01822,BR003,2026-03-03 12:41:00,Cash Withdrawal,Cancelled,4.5
APP_008295,CUST_08131,BR003,2026-03-03 12:32:00,Investment Enquiry,Completed,26.0
APP_008296,CUST_09928,BR003,2026-03-03 13:54:00,Investment Enquiry,Completed,26.0
APP_008297,CUST_02128,BR003,2026-03-03 13:03:00,Cash Withdrawal,Completed,4.5
APP_008298,CUST_00703,BR003,2026-03-03 14:19:00,Loan Enquiry,Completed,18.0
APP_008299,CUST_03818,BR003,2026-03-03 14:52:00,Address Update,Completed,8.0
APP_008300,CUST_06741,BR004,2026-03-03 10:29:00,Credit Card Service,Completed,12.0
APP_008301,CUST_09336,BR004,2026-03-03 10:16:00,KYC Update,Completed,13.5
APP_008302,CUST_13971,BR004,2026-03-03 10:18:00,Cash Deposit,Completed,6.5
APP_008303,CUST_02096,BR004,2026-03-03 11:13:00,KYC Update,Completed,13.5
APP_008304,CUST_01815,BR004,2026-03-03 11:46:00,Statement Request,No-Show,5.0
APP_008305,CUST_08394,BR004,2026-03-03 11:54:00,Loan Enquiry,Completed,18.0
APP_008306,CUST_14511,BR004,2026-03-03 11:35:00,Complaint,Completed,16.5
APP_008307,CUST_09459,BR004,2026-03-03 12:29:00,Loan Enquiry,Completed,18.0
APP_008308,CUST_05988,BR004,2026-03-03 13:04:00,Address Update,Completed,8.0
APP_008309,CUST_08600,BR005,2026-03-03 09:17:00,Cheque Services,Completed,6.0
APP_008310,CUST_10655,BR005,2026-03-03 10:34:00,Credit Card Service,Completed,12.0
APP_008311,CUST_08070,BR005,2026-03-03 10:05:00,Cheque Services,Cancelled,6.0
APP_008312,CUST_10925,BR005,2026-03-03 11:19:00,Statement Request,Completed,5.0
APP_008313,CUST_00385,BR005,2026-03-03 13:26:00,Cash Deposit,Completed,6.5
APP_008314,CUST_12368,BR006,2026-03-03 10:47:00,Cash Withdrawal,Completed,4.5
APP_008315,CUST_08124,BR006,2026-03-03 11:03:00,Cheque Services,Completed,6.0
APP_008316,CUST_02666,BR006,2026-03-03 12:37:00,General Customer Support,Completed,10.0
APP_008317,CUST_03390,BR006,2026-03-03 12:53:00,KYC Update,Completed,13.5
APP_008318,CUST_09058,BR006,2026-03-03 13:42:00,Account Opening,No-Show,24.0
APP_008319,CUST_00004,BR006,2026-03-03 14:25:00,KYC Update,Completed,13.5
APP_008320,CUST_04802,BR007,2026-03-03 09:32:00,Loan Application,Completed,34.0
APP_008321,CUST_03522,BR007,2026-03-03 10:55:00,Complaint,Completed,16.5
APP_008322,CUST_01691,BR007,2026-03-03 11:35:00,KYC Update,Completed,13.5
APP_008323,CUST_10316,BR007,2026-03-03 11:13:00,Investment Enquiry,Completed,26.0
APP_008324,CUST_05334,BR007,2026-03-03 11:12:00,Digital Banking Support,Completed,12.5
APP_008325,CUST_08994,BR007,2026-03-03 12:04:00,Cash Deposit,Completed,6.5
APP_008326,CUST_00770,BR007,2026-03-03 12:06:00,Loan Application,Completed,34.0
APP_008327,CUST_01838,BR008,2026-03-03 09:38:00,Credit Card Service,Completed,12.0
APP_008328,CUST_03174,BR008,2026-03-03 11:08:00,Cash Deposit,Completed,6.5
APP_008329,CUST_13080,BR008,2026-03-03 11:09:00,Complaint,Completed,16.5
APP_008330,CUST_05029,BR008,2026-03-03 12:35:00,Address Update,Completed,8.0
APP_008331,CUST_01703,BR008,2026-03-03 13:26:00,Complaint,Completed,16.5
APP_008332,CUST_02859,BR009,2026-03-03 09:41:00,Cash Withdrawal,Completed,4.5
APP_008333,CUST_02020,BR009,2026-03-03 10:16:00,Cash Withdrawal,Completed,4.5
APP_008334,CUST_00116,BR009,2026-03-03 10:15:00,Credit Card Service,Completed,12.0
APP_008335,CUST_14002,BR009,2026-03-03 10:07:00,Account Opening,Completed,24.0
APP_008336,CUST_12028,BR009,2026-03-03 11:31:00,Cash Deposit,Completed,6.5
APP_008337,CUST_05376,BR009,2026-03-03 11:53:00,Cash Withdrawal,Completed,4.5
APP_008338,CUST_13721,BR009,2026-03-03 11:13:00,KYC Update,Completed,13.5
APP_008339,CUST_14690,BR010,2026-03-03 09:34:00,Cash Withdrawal,Completed,4.5
APP_008340,CUST_00034,BR010,2026-03-03 11:25:00,Statement Request,Completed,5.0
APP_008341,CUST_08760,BR010,2026-03-03 11:48:00,Cash Deposit,Completed,6.5
APP_008342,CUST_07805,BR010,2026-03-03 11:42:00,Cash Withdrawal,Completed,4.5
APP_008343,CUST_07362,BR010,2026-03-03 12:22:00,Credit Card Service,Completed,12.0
APP_008344,CUST_05869,BR010,2026-03-03 13:02:00,KYC Update,Completed,13.5
APP_008345,CUST_13762,BR010,2026-03-03 13:40:00,Loan Application,Completed,34.0
APP_008346,CUST_04666,BR001,2026-03-05 09:43:00,General Customer Support,Completed,10.0
APP_008347,CUST_05626,BR001,2026-03-05 10:14:00,Loan Enquiry,No-Show,18.0
APP_008348,CUST_05425,BR001,2026-03-05 10:22:00,Loan Enquiry,Completed,18.0
APP_008349,CUST_13681,BR001,2026-03-05 11:13:00,Cash Withdrawal,Completed,4.5
APP_008350,CUST_10884,BR001,2026-03-05 11:11:00,KYC Update,Completed,13.5
APP_008351,CUST_09845,BR001,2026-03-05 12:14:00,Investment Enquiry,Completed,26.0
APP_008352,CUST_05934,BR001,2026-03-05 12:50:00,Cash Deposit,Completed,6.5
APP_008353,CUST_01114,BR001,2026-03-05 12:26:00,General Customer Support,Completed,10.0
APP_008354,CUST_12829,BR001,2026-03-05 13:41:00,Cheque Services,Completed,6.0
APP_008355,CUST_03087,BR001,2026-03-05 14:20:00,Statement Request,Completed,5.0
APP_008356,CUST_13222,BR001,2026-03-05 14:04:00,Address Update,Completed,8.0
APP_008357,CUST_04398,BR001,2026-03-05 14:29:00,Cash Withdrawal,Completed,4.5
APP_008358,CUST_04940,BR001,2026-03-05 15:50:00,Address Update,Completed,8.0
APP_008359,CUST_00461,BR002,2026-03-05 09:36:00,Cash Withdrawal,Completed,4.5
APP_008360,CUST_02410,BR002,2026-03-05 10:31:00,Loan Application,Completed,34.0
APP_008361,CUST_08795,BR002,2026-03-05 10:29:00,Cash Withdrawal,Completed,4.5
APP_008362,CUST_05696,BR002,2026-03-05 11:16:00,Credit Card Service,No-Show,12.0
APP_008363,CUST_12924,BR002,2026-03-05 11:10:00,Loan Enquiry,Completed,18.0
APP_008364,CUST_08246,BR002,2026-03-05 11:36:00,Digital Banking Support,Completed,12.5
APP_008365,CUST_01427,BR002,2026-03-05 12:18:00,Cash Deposit,Completed,6.5
APP_008366,CUST_12944,BR002,2026-03-05 12:31:00,Statement Request,Completed,5.0
APP_008367,CUST_01508,BR002,2026-03-05 12:43:00,Account Opening,Completed,24.0
APP_008368,CUST_08956,BR002,2026-03-05 13:43:00,Statement Request,Completed,5.0
APP_008369,CUST_13267,BR002,2026-03-05 13:42:00,Loan Enquiry,Completed,18.0
APP_008370,CUST_10942,BR002,2026-03-05 13:38:00,Address Update,Completed,8.0
APP_008371,CUST_06374,BR003,2026-03-05 09:23:00,Address Update,Completed,8.0
APP_008372,CUST_09104,BR003,2026-03-05 09:08:00,Digital Banking Support,Completed,12.5
APP_008373,CUST_01604,BR003,2026-03-05 10:41:00,Account Opening,Completed,24.0
APP_008374,CUST_08856,BR003,2026-03-05 11:35:00,Credit Card Service,Completed,12.0
APP_008375,CUST_01479,BR003,2026-03-05 11:17:00,Cash Withdrawal,Completed,4.5
APP_008376,CUST_00941,BR003,2026-03-05 11:39:00,Digital Banking Support,Completed,12.5
APP_008377,CUST_06781,BR003,2026-03-05 11:30:00,Cheque Services,Completed,6.0
APP_008378,CUST_14433,BR003,2026-03-05 11:37:00,Cash Withdrawal,Cancelled,4.5
APP_008379,CUST_02973,BR004,2026-03-05 09:15:00,Cheque Services,No-Show,6.0
APP_008380,CUST_07746,BR004,2026-03-05 10:32:00,Cash Deposit,Completed,6.5
APP_008381,CUST_02409,BR004,2026-03-05 10:04:00,Cash Withdrawal,Completed,4.5
APP_008382,CUST_09990,BR004,2026-03-05 10:36:00,Cash Deposit,Completed,6.5
APP_008383,CUST_05977,BR004,2026-03-05 10:18:00,Loan Enquiry,Completed,18.0
APP_008384,CUST_10191,BR005,2026-03-05 09:21:00,Loan Enquiry,Completed,18.0
APP_008385,CUST_00065,BR005,2026-03-05 10:25:00,General Customer Support,Completed,10.0
APP_008386,CUST_10002,BR005,2026-03-05 10:41:00,KYC Update,Completed,13.5
APP_008387,CUST_08111,BR005,2026-03-05 10:19:00,Cash Withdrawal,Completed,4.5
APP_008388,CUST_03784,BR005,2026-03-05 12:31:00,Cheque Services,Completed,6.0
APP_008389,CUST_03522,BR005,2026-03-05 12:44:00,General Customer Support,Completed,10.0
APP_008390,CUST_12855,BR006,2026-03-05 10:22:00,Address Update,Completed,8.0
APP_008391,CUST_11906,BR006,2026-03-05 10:40:00,Cash Deposit,No-Show,6.5
APP_008392,CUST_03061,BR006,2026-03-05 11:02:00,Account Opening,Completed,24.0
APP_008393,CUST_09760,BR006,2026-03-05 11:21:00,Cash Deposit,Completed,6.5
APP_008394,CUST_00403,BR006,2026-03-05 11:47:00,Loan Application,Completed,34.0
APP_008395,CUST_06690,BR007,2026-03-05 09:32:00,Cash Withdrawal,Completed,4.5
APP_008396,CUST_02961,BR007,2026-03-05 10:27:00,Cash Deposit,Completed,6.5
APP_008397,CUST_14074,BR007,2026-03-05 10:00:00,Statement Request,Completed,5.0
APP_008398,CUST_04014,BR007,2026-03-05 10:46:00,Statement Request,Completed,5.0
APP_008399,CUST_04752,BR007,2026-03-05 10:49:00,Complaint,Completed,16.5
APP_008400,CUST_10741,BR007,2026-03-05 10:26:00,Cheque Services,Completed,6.0
APP_008401,CUST_08957,BR007,2026-03-05 11:37:00,Account Opening,Cancelled,24.0
APP_008402,CUST_00192,BR007,2026-03-05 11:52:00,Statement Request,Completed,5.0
APP_008403,CUST_08441,BR007,2026-03-05 11:25:00,Cash Withdrawal,Completed,4.5
APP_008404,CUST_06015,BR007,2026-03-05 12:44:00,General Customer Support,Completed,10.0
APP_008405,CUST_07203,BR007,2026-03-05 12:02:00,General Customer Support,Completed,10.0
APP_008406,CUST_08737,BR007,2026-03-05 13:13:00,Statement Request,Completed,5.0
APP_008407,CUST_12946,BR008,2026-03-05 10:14:00,Investment Enquiry,Completed,26.0
APP_008408,CUST_11898,BR008,2026-03-05 10:55:00,Credit Card Service,Completed,12.0
APP_008409,CUST_07870,BR008,2026-03-05 10:00:00,Cash Deposit,Completed,6.5
APP_008410,CUST_13581,BR008,2026-03-05 11:04:00,General Customer Support,Completed,10.0
APP_008411,CUST_13859,BR009,2026-03-05 09:47:00,Cash Withdrawal,Completed,4.5
APP_008412,CUST_04764,BR009,2026-03-05 10:45:00,Cash Withdrawal,Completed,4.5
APP_008413,CUST_03431,BR009,2026-03-05 10:16:00,KYC Update,Completed,13.5
APP_008414,CUST_09645,BR009,2026-03-05 10:29:00,Cash Deposit,Cancelled,6.5
APP_008415,CUST_07592,BR009,2026-03-05 11:37:00,General Customer Support,Completed,10.0
APP_008416,CUST_07019,BR009,2026-03-05 11:52:00,General Customer Support,Completed,10.0
APP_008417,CUST_02916,BR010,2026-03-05 09:25:00,Cash Deposit,Completed,6.5
APP_008418,CUST_06830,BR010,2026-03-05 09:00:00,Digital Banking Support,Cancelled,12.5
APP_008419,CUST_12717,BR010,2026-03-05 10:34:00,Credit Card Service,Completed,12.0
APP_008420,CUST_04906,BR001,2026-03-06 09:09:00,Cash Withdrawal,Completed,4.5
APP_008421,CUST_12818,BR001,2026-03-06 10:39:00,Investment Enquiry,Cancelled,26.0
APP_008422,CUST_11869,BR001,2026-03-06 10:34:00,KYC Update,Completed,13.5
APP_008423,CUST_05337,BR001,2026-03-06 11:24:00,Loan Application,Completed,34.0
APP_008424,CUST_08369,BR001,2026-03-06 11:14:00,Address Update,Completed,8.0
APP_008425,CUST_12733,BR001,2026-03-06 11:46:00,Cheque Services,Completed,6.0
APP_008426,CUST_09720,BR001,2026-03-06 11:46:00,Investment Enquiry,Completed,26.0
APP_008427,CUST_13420,BR001,2026-03-06 12:20:00,Loan Enquiry,Completed,18.0
APP_008428,CUST_04808,BR001,2026-03-06 13:19:00,Investment Enquiry,Completed,26.0
APP_008429,CUST_00717,BR001,2026-03-06 13:51:00,Credit Card Service,Completed,12.0
APP_008430,CUST_09484,BR001,2026-03-06 14:28:00,Account Opening,Completed,24.0
APP_008431,CUST_09157,BR002,2026-03-06 10:43:00,General Customer Support,Completed,10.0
APP_008432,CUST_06621,BR002,2026-03-06 10:44:00,KYC Update,Completed,13.5
APP_008433,CUST_03631,BR002,2026-03-06 10:08:00,General Customer Support,Completed,10.0
APP_008434,CUST_07033,BR002,2026-03-06 11:09:00,Cheque Services,Completed,6.0
APP_008435,CUST_13385,BR002,2026-03-06 11:08:00,Complaint,Completed,16.5
APP_008436,CUST_13225,BR002,2026-03-06 11:31:00,Credit Card Service,Cancelled,12.0
APP_008437,CUST_03233,BR002,2026-03-06 11:45:00,Digital Banking Support,Completed,12.5
APP_008438,CUST_02849,BR002,2026-03-06 11:37:00,Address Update,Completed,8.0
APP_008439,CUST_08371,BR002,2026-03-06 12:34:00,Cash Withdrawal,Completed,4.5
APP_008440,CUST_07026,BR002,2026-03-06 13:38:00,Cheque Services,Completed,6.0
APP_008441,CUST_01759,BR002,2026-03-06 13:40:00,Cash Deposit,Completed,6.5
APP_008442,CUST_06547,BR002,2026-03-06 13:26:00,Account Opening,Cancelled,24.0
APP_008443,CUST_06311,BR002,2026-03-06 14:44:00,Cheque Services,Completed,6.0
APP_008444,CUST_01677,BR002,2026-03-06 14:51:00,Cash Deposit,Completed,6.5
APP_008445,CUST_10252,BR003,2026-03-06 09:18:00,Cash Withdrawal,Completed,4.5
APP_008446,CUST_02130,BR003,2026-03-06 09:51:00,Credit Card Service,Completed,12.0
APP_008447,CUST_13485,BR003,2026-03-06 10:11:00,Cash Deposit,Completed,6.5
APP_008448,CUST_12194,BR003,2026-03-06 10:41:00,General Customer Support,Completed,10.0
APP_008449,CUST_09744,BR003,2026-03-06 11:51:00,Account Opening,Completed,24.0
APP_008450,CUST_05033,BR003,2026-03-06 11:11:00,Cash Withdrawal,Completed,4.5
APP_008451,CUST_00320,BR003,2026-03-06 11:38:00,Cheque Services,Completed,6.0
APP_008452,CUST_12099,BR003,2026-03-06 12:18:00,Cheque Services,Completed,6.0
APP_008453,CUST_01870,BR003,2026-03-06 12:10:00,Complaint,Completed,16.5
APP_008454,CUST_10150,BR003,2026-03-06 12:50:00,General Customer Support,Completed,10.0
APP_008455,CUST_10182,BR003,2026-03-06 12:02:00,Address Update,Completed,8.0
APP_008456,CUST_08783,BR003,2026-03-06 13:05:00,Loan Enquiry,Completed,18.0
APP_008457,CUST_13987,BR003,2026-03-06 13:03:00,Account Opening,Completed,24.0
APP_008458,CUST_07353,BR003,2026-03-06 14:39:00,Cash Withdrawal,Completed,4.5
APP_008459,CUST_03244,BR003,2026-03-06 14:31:00,Cash Withdrawal,Completed,4.5
APP_008460,CUST_01718,BR003,2026-03-06 16:31:00,Loan Enquiry,Completed,18.0
APP_008461,CUST_05697,BR004,2026-03-06 09:34:00,General Customer Support,Completed,10.0
APP_008462,CUST_10319,BR004,2026-03-06 10:10:00,Loan Application,Completed,34.0
APP_008463,CUST_11180,BR004,2026-03-06 10:18:00,Cheque Services,Completed,6.0
APP_008464,CUST_01391,BR004,2026-03-06 14:10:00,Loan Enquiry,Completed,18.0
APP_008465,CUST_01214,BR004,2026-03-06 15:03:00,KYC Update,Completed,13.5
APP_008466,CUST_03580,BR004,2026-03-06 16:27:00,Investment Enquiry,Completed,26.0
APP_008467,CUST_01962,BR005,2026-03-06 10:27:00,Statement Request,Completed,5.0
APP_008468,CUST_03526,BR005,2026-03-06 11:30:00,Cash Withdrawal,Completed,4.5
APP_008469,CUST_06474,BR005,2026-03-06 11:42:00,Cash Withdrawal,Completed,4.5
APP_008470,CUST_00740,BR005,2026-03-06 11:04:00,Cash Deposit,Completed,6.5
APP_008471,CUST_05771,BR005,2026-03-06 11:55:00,Cash Withdrawal,Completed,4.5
APP_008472,CUST_12045,BR005,2026-03-06 11:07:00,Cash Deposit,Completed,6.5
APP_008473,CUST_13600,BR006,2026-03-06 09:12:00,KYC Update,Completed,13.5
APP_008474,CUST_12603,BR006,2026-03-06 09:14:00,Cash Withdrawal,Completed,4.5
APP_008475,CUST_09942,BR006,2026-03-06 11:25:00,Loan Application,Completed,34.0
APP_008476,CUST_12972,BR006,2026-03-06 12:47:00,Credit Card Service,Completed,12.0
APP_008477,CUST_13543,BR006,2026-03-06 12:37:00,General Customer Support,Completed,10.0
APP_008478,CUST_04742,BR006,2026-03-06 12:55:00,Account Opening,Completed,24.0
APP_008479,CUST_06437,BR006,2026-03-06 12:47:00,KYC Update,Completed,13.5
APP_008480,CUST_06638,BR006,2026-03-06 13:33:00,Complaint,Completed,16.5
APP_008481,CUST_02961,BR007,2026-03-06 09:13:00,Cash Withdrawal,Completed,4.5
APP_008482,CUST_14899,BR007,2026-03-06 09:40:00,Loan Application,Completed,34.0
APP_008483,CUST_10085,BR007,2026-03-06 10:07:00,Cash Deposit,Completed,6.5
APP_008484,CUST_14247,BR007,2026-03-06 11:05:00,Digital Banking Support,Completed,12.5
APP_008485,CUST_08665,BR007,2026-03-06 12:12:00,General Customer Support,Completed,10.0
APP_008486,CUST_07772,BR007,2026-03-06 12:21:00,Cash Withdrawal,Completed,4.5
APP_008487,CUST_04962,BR008,2026-03-06 11:33:00,Cash Deposit,Completed,6.5
APP_008488,CUST_08441,BR008,2026-03-06 12:01:00,Loan Application,Completed,34.0
APP_008489,CUST_13205,BR008,2026-03-06 13:43:00,Credit Card Service,Completed,12.0
APP_008490,CUST_02973,BR008,2026-03-06 14:00:00,Account Opening,Completed,24.0
APP_008491,CUST_00122,BR009,2026-03-06 10:35:00,Loan Application,Cancelled,34.0
APP_008492,CUST_04087,BR009,2026-03-06 10:20:00,Loan Enquiry,Completed,18.0
APP_008493,CUST_08719,BR009,2026-03-06 11:48:00,General Customer Support,Completed,10.0
APP_008494,CUST_05678,BR009,2026-03-06 11:20:00,KYC Update,Completed,13.5
APP_008495,CUST_04012,BR009,2026-03-06 11:19:00,KYC Update,No-Show,13.5
APP_008496,CUST_03443,BR009,2026-03-06 11:54:00,Loan Enquiry,Completed,18.0
APP_008497,CUST_14244,BR009,2026-03-06 12:26:00,Cash Deposit,Completed,6.5
APP_008498,CUST_05982,BR010,2026-03-06 10:19:00,Account Opening,Completed,24.0
APP_008499,CUST_09630,BR010,2026-03-06 11:26:00,Address Update,Completed,8.0
APP_008500,CUST_09548,BR001,2026-03-07 09:34:00,Address Update,Completed,8.0
APP_008501,CUST_11369,BR001,2026-03-07 09:16:00,General Customer Support,Completed,10.0
APP_008502,CUST_03308,BR001,2026-03-07 10:45:00,General Customer Support,Completed,10.0
APP_008503,CUST_00822,BR001,2026-03-07 11:38:00,Cash Deposit,Completed,6.5
APP_008504,CUST_11772,BR001,2026-03-07 11:46:00,Cash Deposit,Completed,6.5
APP_008505,CUST_08767,BR001,2026-03-07 11:14:00,Cash Withdrawal,Completed,4.5
APP_008506,CUST_07525,BR001,2026-03-07 11:45:00,KYC Update,Completed,13.5
APP_008507,CUST_02288,BR001,2026-03-07 11:41:00,Cheque Services,Completed,6.0
APP_008508,CUST_03972,BR001,2026-03-07 11:40:00,Digital Banking Support,Completed,12.5
APP_008509,CUST_14150,BR002,2026-03-07 09:42:00,Complaint,Completed,16.5
APP_008510,CUST_01634,BR002,2026-03-07 09:48:00,Account Opening,Completed,24.0
APP_008511,CUST_10982,BR002,2026-03-07 09:47:00,Cash Deposit,Completed,6.5
APP_008512,CUST_13116,BR002,2026-03-07 09:47:00,Loan Application,Completed,34.0
APP_008513,CUST_03335,BR002,2026-03-07 10:20:00,Cash Deposit,Completed,6.5
APP_008514,CUST_05896,BR002,2026-03-07 10:36:00,Loan Enquiry,Completed,18.0
APP_008515,CUST_11949,BR002,2026-03-07 10:18:00,Address Update,Completed,8.0
APP_008516,CUST_11629,BR002,2026-03-07 10:36:00,Cheque Services,Completed,6.0
APP_008517,CUST_04579,BR002,2026-03-07 11:24:00,Cash Deposit,Completed,6.5
APP_008518,CUST_06233,BR002,2026-03-07 11:38:00,Account Opening,Completed,24.0
APP_008519,CUST_14736,BR002,2026-03-07 11:40:00,KYC Update,Completed,13.5
APP_008520,CUST_06903,BR003,2026-03-07 09:12:00,General Customer Support,Completed,10.0
APP_008521,CUST_06674,BR003,2026-03-07 09:36:00,General Customer Support,Completed,10.0
APP_008522,CUST_00105,BR003,2026-03-07 10:34:00,General Customer Support,Completed,10.0
APP_008523,CUST_12992,BR003,2026-03-07 10:54:00,Cash Withdrawal,Completed,4.5
APP_008524,CUST_06204,BR003,2026-03-07 10:23:00,Investment Enquiry,Completed,26.0
APP_008525,CUST_02860,BR003,2026-03-07 10:35:00,Cash Withdrawal,Completed,4.5
APP_008526,CUST_12963,BR003,2026-03-07 11:53:00,Cash Withdrawal,Completed,4.5
APP_008527,CUST_05494,BR004,2026-03-07 10:00:00,General Customer Support,Completed,10.0
APP_008528,CUST_02244,BR004,2026-03-07 10:07:00,Address Update,Completed,8.0
APP_008529,CUST_00493,BR004,2026-03-07 12:25:00,Investment Enquiry,Cancelled,26.0
APP_008530,CUST_11012,BR004,2026-03-07 12:40:00,Cash Withdrawal,Completed,4.5
APP_008531,CUST_10790,BR004,2026-03-07 13:26:00,Credit Card Service,Completed,12.0
APP_008532,CUST_12870,BR004,2026-03-07 13:39:00,General Customer Support,Completed,10.0
APP_008533,CUST_08205,BR005,2026-03-07 09:25:00,Credit Card Service,No-Show,12.0
APP_008534,CUST_14029,BR005,2026-03-07 10:08:00,Loan Enquiry,Completed,18.0
APP_008535,CUST_07130,BR005,2026-03-07 10:28:00,Digital Banking Support,Completed,12.5
APP_008536,CUST_08890,BR005,2026-03-07 11:45:00,Cash Deposit,Completed,6.5
APP_008537,CUST_09419,BR005,2026-03-07 12:12:00,Cash Withdrawal,Completed,4.5
APP_008538,CUST_12874,BR005,2026-03-07 13:29:00,Cash Withdrawal,Completed,4.5
APP_008539,CUST_12578,BR006,2026-03-07 10:29:00,Cash Deposit,Completed,6.5
APP_008540,CUST_09391,BR006,2026-03-07 11:33:00,Complaint,Completed,16.5
APP_008541,CUST_09490,BR006,2026-03-07 11:01:00,Cheque Services,Completed,6.0
APP_008542,CUST_12974,BR006,2026-03-07 11:43:00,Cash Deposit,Completed,6.5
APP_008543,CUST_11970,BR006,2026-03-07 12:34:00,Loan Enquiry,Completed,18.0
APP_008544,CUST_11186,BR006,2026-03-07 12:11:00,KYC Update,Completed,13.5
APP_008545,CUST_01167,BR006,2026-03-07 13:31:00,Cash Deposit,Completed,6.5
APP_008546,CUST_02216,BR007,2026-03-07 09:31:00,Cash Withdrawal,Completed,4.5
APP_008547,CUST_02427,BR007,2026-03-07 10:16:00,Loan Application,Completed,34.0
APP_008548,CUST_12345,BR007,2026-03-07 10:23:00,KYC Update,Completed,13.5
APP_008549,CUST_02068,BR007,2026-03-07 11:01:00,Statement Request,Completed,5.0
APP_008550,CUST_02752,BR007,2026-03-07 11:29:00,Cash Deposit,Completed,6.5
APP_008551,CUST_10389,BR008,2026-03-07 11:11:00,Account Opening,Completed,24.0
APP_008552,CUST_01295,BR008,2026-03-07 11:28:00,General Customer Support,Completed,10.0
APP_008553,CUST_12818,BR008,2026-03-07 11:34:00,Loan Enquiry,Completed,18.0
APP_008554,CUST_04733,BR008,2026-03-07 12:17:00,Complaint,Completed,16.5
APP_008555,CUST_09555,BR009,2026-03-07 09:44:00,General Customer Support,Cancelled,10.0
APP_008556,CUST_01573,BR009,2026-03-07 11:00:00,Loan Enquiry,Completed,18.0
APP_008557,CUST_08909,BR009,2026-03-07 12:11:00,Statement Request,Completed,5.0
APP_008558,CUST_12006,BR009,2026-03-07 12:12:00,Digital Banking Support,Completed,12.5
APP_008559,CUST_12094,BR010,2026-03-07 09:33:00,Credit Card Service,Completed,12.0
APP_008560,CUST_12965,BR010,2026-03-07 09:19:00,Cash Withdrawal,Completed,4.5
APP_008561,CUST_01957,BR010,2026-03-07 11:02:00,Cash Deposit,Completed,6.5
APP_008562,CUST_06850,BR010,2026-03-07 11:13:00,Cash Withdrawal,Completed,4.5
APP_008563,CUST_11783,BR010,2026-03-07 11:16:00,Cash Deposit,Completed,6.5
APP_008564,CUST_04008,BR001,2026-03-09 09:26:00,General Customer Support,Completed,10.0
APP_008565,CUST_09761,BR001,2026-03-09 10:21:00,Cash Deposit,Completed,6.5
APP_008566,CUST_07966,BR001,2026-03-09 10:51:00,Loan Enquiry,No-Show,18.0
APP_008567,CUST_01217,BR001,2026-03-09 11:24:00,KYC Update,Completed,13.5
APP_008568,CUST_02520,BR001,2026-03-09 11:05:00,Cash Deposit,Completed,6.5
APP_008569,CUST_00588,BR001,2026-03-09 11:28:00,Digital Banking Support,Completed,12.5
APP_008570,CUST_13251,BR001,2026-03-09 12:24:00,Account Opening,Completed,24.0
APP_008571,CUST_07787,BR001,2026-03-09 12:24:00,Cash Withdrawal,Completed,4.5
APP_008572,CUST_08714,BR001,2026-03-09 13:31:00,Cash Deposit,Completed,6.5
APP_008573,CUST_09860,BR001,2026-03-09 13:29:00,Complaint,Completed,16.5
APP_008574,CUST_12663,BR002,2026-03-09 09:45:00,Loan Enquiry,Completed,18.0
APP_008575,CUST_00425,BR002,2026-03-09 10:51:00,Cash Deposit,Cancelled,6.5
APP_008576,CUST_07637,BR002,2026-03-09 10:50:00,Cash Withdrawal,Completed,4.5
APP_008577,CUST_07471,BR002,2026-03-09 11:04:00,Cheque Services,Completed,6.0
APP_008578,CUST_02769,BR002,2026-03-09 11:42:00,Credit Card Service,Cancelled,12.0
APP_008579,CUST_03904,BR002,2026-03-09 12:29:00,Statement Request,Completed,5.0
APP_008580,CUST_05181,BR002,2026-03-09 12:31:00,Digital Banking Support,Completed,12.5
APP_008581,CUST_11197,BR002,2026-03-09 12:25:00,Credit Card Service,Completed,12.0
APP_008582,CUST_03363,BR002,2026-03-09 12:16:00,Credit Card Service,Completed,12.0
APP_008583,CUST_01864,BR002,2026-03-09 13:12:00,KYC Update,Completed,13.5
APP_008584,CUST_08145,BR003,2026-03-09 09:01:00,General Customer Support,Completed,10.0
APP_008585,CUST_03193,BR003,2026-03-09 09:36:00,KYC Update,Completed,13.5
APP_008586,CUST_03929,BR003,2026-03-09 09:40:00,General Customer Support,Completed,10.0
APP_008587,CUST_05367,BR003,2026-03-09 10:47:00,Cash Withdrawal,No-Show,4.5
APP_008588,CUST_09533,BR003,2026-03-09 10:25:00,Cash Withdrawal,Completed,4.5
APP_008589,CUST_05471,BR003,2026-03-09 10:52:00,General Customer Support,Completed,10.0
APP_008590,CUST_11663,BR003,2026-03-09 11:17:00,Address Update,Completed,8.0
APP_008591,CUST_00565,BR003,2026-03-09 11:03:00,General Customer Support,Completed,10.0
APP_008592,CUST_09362,BR003,2026-03-09 11:03:00,Cash Withdrawal,Completed,4.5
APP_008593,CUST_03955,BR003,2026-03-09 12:33:00,KYC Update,No-Show,13.5
APP_008594,CUST_07452,BR004,2026-03-09 10:21:00,Cash Deposit,Completed,6.5
APP_008595,CUST_11482,BR004,2026-03-09 10:41:00,KYC Update,Completed,13.5
APP_008596,CUST_05211,BR004,2026-03-09 11:19:00,Digital Banking Support,Completed,12.5
APP_008597,CUST_11378,BR004,2026-03-09 11:14:00,Cash Withdrawal,Completed,4.5
APP_008598,CUST_06754,BR004,2026-03-09 11:18:00,Investment Enquiry,Completed,26.0
APP_008599,CUST_13430,BR004,2026-03-09 12:17:00,Cash Withdrawal,Completed,4.5
APP_008600,CUST_07018,BR004,2026-03-09 12:45:00,General Customer Support,Completed,10.0
APP_008601,CUST_10176,BR005,2026-03-09 10:30:00,Cash Deposit,Completed,6.5
APP_008602,CUST_11275,BR005,2026-03-09 11:28:00,Complaint,Completed,16.5
APP_008603,CUST_14543,BR005,2026-03-09 12:13:00,Cheque Services,Completed,6.0
APP_008604,CUST_13479,BR005,2026-03-09 13:24:00,Cash Withdrawal,Completed,4.5
APP_008605,CUST_04283,BR005,2026-03-09 13:20:00,Cash Deposit,Completed,6.5
APP_008606,CUST_01386,BR005,2026-03-09 13:44:00,Cash Deposit,Completed,6.5
APP_008607,CUST_09894,BR005,2026-03-09 15:34:00,Loan Enquiry,Cancelled,18.0
APP_008608,CUST_07657,BR006,2026-03-09 09:54:00,Account Opening,Completed,24.0
APP_008609,CUST_02995,BR006,2026-03-09 10:26:00,Loan Enquiry,Completed,18.0
APP_008610,CUST_05527,BR006,2026-03-09 10:47:00,Digital Banking Support,Completed,12.5
APP_008611,CUST_00189,BR006,2026-03-09 11:02:00,Credit Card Service,Completed,12.0
APP_008612,CUST_09931,BR006,2026-03-09 11:14:00,Cash Deposit,Completed,6.5
APP_008613,CUST_05547,BR006,2026-03-09 12:30:00,Cash Withdrawal,Completed,4.5
APP_008614,CUST_13054,BR006,2026-03-09 12:37:00,General Customer Support,Completed,10.0
APP_008615,CUST_01106,BR006,2026-03-09 13:00:00,Address Update,Completed,8.0
APP_008616,CUST_05013,BR006,2026-03-09 15:48:00,Cash Deposit,Completed,6.5
APP_008617,CUST_10547,BR006,2026-03-09 15:33:00,Cheque Services,Completed,6.0
APP_008618,CUST_01723,BR007,2026-03-09 09:40:00,Digital Banking Support,Completed,12.5
APP_008619,CUST_12308,BR007,2026-03-09 09:27:00,Digital Banking Support,Completed,12.5
APP_008620,CUST_11781,BR007,2026-03-09 10:28:00,KYC Update,Completed,13.5
APP_008621,CUST_02436,BR007,2026-03-09 13:53:00,Cash Deposit,Completed,6.5
APP_008622,CUST_14086,BR007,2026-03-09 13:08:00,Cash Deposit,Completed,6.5
APP_008623,CUST_08887,BR007,2026-03-09 13:34:00,Account Opening,Completed,24.0
APP_008624,CUST_11291,BR007,2026-03-09 14:33:00,Cash Deposit,Cancelled,6.5
APP_008625,CUST_12194,BR007,2026-03-09 14:53:00,Account Opening,Completed,24.0
APP_008626,CUST_07152,BR008,2026-03-09 09:53:00,Loan Enquiry,Completed,18.0
APP_008627,CUST_11791,BR008,2026-03-09 10:43:00,Cash Withdrawal,Completed,4.5
APP_008628,CUST_04504,BR008,2026-03-09 11:51:00,Credit Card Service,Completed,12.0
APP_008629,CUST_08070,BR008,2026-03-09 11:29:00,Cash Withdrawal,Completed,4.5
APP_008630,CUST_10562,BR009,2026-03-09 10:44:00,Credit Card Service,Completed,12.0
APP_008631,CUST_08084,BR009,2026-03-09 11:11:00,Digital Banking Support,Completed,12.5
APP_008632,CUST_14555,BR009,2026-03-09 11:41:00,Account Opening,Completed,24.0
APP_008633,CUST_00249,BR009,2026-03-09 11:13:00,Cash Deposit,Completed,6.5
APP_008634,CUST_03026,BR009,2026-03-09 11:32:00,Loan Application,Completed,34.0
APP_008635,CUST_07754,BR009,2026-03-09 11:38:00,General Customer Support,Completed,10.0
APP_008636,CUST_01848,BR009,2026-03-09 11:03:00,Statement Request,Cancelled,5.0
APP_008637,CUST_02409,BR009,2026-03-09 12:34:00,Statement Request,Completed,5.0
APP_008638,CUST_07498,BR009,2026-03-09 12:53:00,Account Opening,Completed,24.0
APP_008639,CUST_00460,BR010,2026-03-09 09:23:00,Cash Withdrawal,Completed,4.5
APP_008640,CUST_04558,BR010,2026-03-09 11:55:00,Loan Application,Completed,34.0
APP_008641,CUST_12759,BR010,2026-03-09 12:36:00,Loan Application,Completed,34.0
APP_008642,CUST_10230,BR001,2026-03-10 10:53:00,Credit Card Service,Completed,12.0
APP_008643,CUST_02017,BR001,2026-03-10 10:04:00,Credit Card Service,Completed,12.0
APP_008644,CUST_02460,BR001,2026-03-10 10:09:00,Cheque Services,Completed,6.0
APP_008645,CUST_11933,BR001,2026-03-10 11:54:00,Cash Withdrawal,Completed,4.5
APP_008646,CUST_00908,BR001,2026-03-10 11:00:00,Cash Withdrawal,Completed,4.5
APP_008647,CUST_04692,BR001,2026-03-10 11:49:00,Cash Deposit,Completed,6.5
APP_008648,CUST_00227,BR001,2026-03-10 11:50:00,Address Update,Completed,8.0
APP_008649,CUST_01252,BR001,2026-03-10 12:31:00,KYC Update,Completed,13.5
APP_008650,CUST_10650,BR001,2026-03-10 13:13:00,Cash Deposit,Completed,6.5
APP_008651,CUST_09099,BR002,2026-03-10 10:18:00,Loan Enquiry,Completed,18.0
APP_008652,CUST_11775,BR002,2026-03-10 11:04:00,Cash Deposit,Completed,6.5
APP_008653,CUST_00938,BR002,2026-03-10 11:01:00,Cash Withdrawal,Completed,4.5
APP_008654,CUST_00541,BR002,2026-03-10 11:31:00,Credit Card Service,Completed,12.0
APP_008655,CUST_02157,BR002,2026-03-10 12:12:00,Cash Withdrawal,Completed,4.5
APP_008656,CUST_13242,BR002,2026-03-10 12:24:00,Cash Withdrawal,Completed,4.5
APP_008657,CUST_00976,BR002,2026-03-10 12:20:00,Loan Enquiry,Completed,18.0
APP_008658,CUST_14377,BR002,2026-03-10 12:24:00,Credit Card Service,Completed,12.0
APP_008659,CUST_01674,BR002,2026-03-10 12:09:00,Cash Withdrawal,Completed,4.5
APP_008660,CUST_06314,BR003,2026-03-10 09:37:00,Cash Withdrawal,Completed,4.5
APP_008661,CUST_01860,BR003,2026-03-10 10:23:00,Cash Withdrawal,Completed,4.5
APP_008662,CUST_03808,BR003,2026-03-10 10:18:00,Cash Deposit,Completed,6.5
APP_008663,CUST_08870,BR003,2026-03-10 11:30:00,Cheque Services,Completed,6.0
APP_008664,CUST_05634,BR003,2026-03-10 11:21:00,Cash Deposit,Completed,6.5
APP_008665,CUST_12580,BR003,2026-03-10 11:36:00,Loan Application,Cancelled,34.0
APP_008666,CUST_11759,BR003,2026-03-10 11:28:00,Cheque Services,Completed,6.0
APP_008667,CUST_05092,BR004,2026-03-10 10:21:00,General Customer Support,Completed,10.0
APP_008668,CUST_04772,BR004,2026-03-10 10:34:00,Complaint,Completed,16.5
APP_008669,CUST_03765,BR004,2026-03-10 11:42:00,Digital Banking Support,Completed,12.5
APP_008670,CUST_13122,BR004,2026-03-10 11:28:00,Credit Card Service,No-Show,12.0
APP_008671,CUST_09065,BR004,2026-03-10 11:50:00,Cash Deposit,Completed,6.5
APP_008672,CUST_00306,BR005,2026-03-10 10:32:00,Cash Deposit,Completed,6.5
APP_008673,CUST_14034,BR005,2026-03-10 11:30:00,KYC Update,Completed,13.5
APP_008674,CUST_04246,BR005,2026-03-10 12:22:00,General Customer Support,Completed,10.0
APP_008675,CUST_01193,BR005,2026-03-10 12:41:00,Cash Withdrawal,Completed,4.5
APP_008676,CUST_09431,BR006,2026-03-10 09:53:00,General Customer Support,Completed,10.0
APP_008677,CUST_12271,BR006,2026-03-10 10:43:00,Cash Deposit,Completed,6.5
APP_008678,CUST_04501,BR006,2026-03-10 11:39:00,KYC Update,Completed,13.5
APP_008679,CUST_09436,BR006,2026-03-10 12:46:00,General Customer Support,Completed,10.0
APP_008680,CUST_05172,BR006,2026-03-10 12:47:00,Statement Request,Cancelled,5.0
APP_008681,CUST_09772,BR006,2026-03-10 12:35:00,Statement Request,Completed,5.0
APP_008682,CUST_01012,BR006,2026-03-10 15:35:00,Digital Banking Support,Completed,12.5
APP_008683,CUST_06097,BR006,2026-03-10 15:49:00,Complaint,Completed,16.5
APP_008684,CUST_08246,BR007,2026-03-10 09:20:00,Cash Deposit,Completed,6.5
APP_008685,CUST_12711,BR007,2026-03-10 10:13:00,KYC Update,Completed,13.5
APP_008686,CUST_08663,BR007,2026-03-10 10:38:00,KYC Update,Cancelled,13.5
APP_008687,CUST_11081,BR007,2026-03-10 10:08:00,Cash Deposit,Completed,6.5
APP_008688,CUST_11379,BR007,2026-03-10 10:09:00,Statement Request,Cancelled,5.0
APP_008689,CUST_00394,BR007,2026-03-10 10:52:00,Cash Withdrawal,Completed,4.5
APP_008690,CUST_03546,BR007,2026-03-10 11:37:00,Credit Card Service,Completed,12.0
APP_008691,CUST_01164,BR008,2026-03-10 11:41:00,Cheque Services,Completed,6.0
APP_008692,CUST_00839,BR008,2026-03-10 11:31:00,Investment Enquiry,Completed,26.0
APP_008693,CUST_07670,BR008,2026-03-10 13:19:00,Investment Enquiry,Completed,26.0
APP_008694,CUST_08188,BR009,2026-03-10 10:51:00,KYC Update,Completed,13.5
APP_008695,CUST_10413,BR009,2026-03-10 10:48:00,Investment Enquiry,Completed,26.0
APP_008696,CUST_10300,BR009,2026-03-10 11:49:00,Cash Withdrawal,Completed,4.5
APP_008697,CUST_07939,BR009,2026-03-10 11:04:00,Statement Request,Completed,5.0
APP_008698,CUST_06827,BR009,2026-03-10 11:25:00,Cash Withdrawal,Completed,4.5
APP_008699,CUST_12035,BR009,2026-03-10 12:10:00,KYC Update,Completed,13.5
APP_008700,CUST_03176,BR009,2026-03-10 12:03:00,Cheque Services,No-Show,6.0
APP_008701,CUST_10323,BR009,2026-03-10 13:19:00,Cash Deposit,Completed,6.5
APP_008702,CUST_00482,BR010,2026-03-10 10:37:00,Cash Deposit,Completed,6.5
APP_008703,CUST_02681,BR010,2026-03-10 10:16:00,Loan Application,Completed,34.0
APP_008704,CUST_03119,BR010,2026-03-10 11:48:00,Cash Withdrawal,Completed,4.5
APP_008705,CUST_06350,BR010,2026-03-10 11:23:00,Statement Request,Completed,5.0
APP_008706,CUST_04757,BR001,2026-03-11 09:07:00,Cash Withdrawal,Completed,4.5
APP_008707,CUST_00303,BR001,2026-03-11 10:16:00,Cash Deposit,Completed,6.5
APP_008708,CUST_05081,BR001,2026-03-11 10:18:00,Cheque Services,Completed,6.0
APP_008709,CUST_13511,BR001,2026-03-11 10:10:00,Cash Deposit,Completed,6.5
APP_008710,CUST_01323,BR001,2026-03-11 11:40:00,Cheque Services,Cancelled,6.0
APP_008711,CUST_13563,BR001,2026-03-11 11:26:00,Cash Deposit,Completed,6.5
APP_008712,CUST_14235,BR001,2026-03-11 12:24:00,Address Update,Completed,8.0
APP_008713,CUST_12174,BR002,2026-03-11 10:24:00,Cash Deposit,Completed,6.5
APP_008714,CUST_06647,BR002,2026-03-11 10:05:00,Investment Enquiry,Completed,26.0
APP_008715,CUST_02253,BR002,2026-03-11 10:37:00,Cheque Services,Completed,6.0
APP_008716,CUST_06142,BR002,2026-03-11 10:41:00,Loan Application,Cancelled,34.0
APP_008717,CUST_11453,BR002,2026-03-11 10:28:00,Credit Card Service,Completed,12.0
APP_008718,CUST_13093,BR002,2026-03-11 10:07:00,Statement Request,Completed,5.0
APP_008719,CUST_14386,BR002,2026-03-11 11:21:00,Credit Card Service,No-Show,12.0
APP_008720,CUST_11944,BR003,2026-03-11 09:37:00,Statement Request,Completed,5.0
APP_008721,CUST_12380,BR003,2026-03-11 10:47:00,Cash Withdrawal,Completed,4.5
APP_008722,CUST_09591,BR003,2026-03-11 10:09:00,Statement Request,Cancelled,5.0
APP_008723,CUST_03826,BR003,2026-03-11 10:53:00,Digital Banking Support,Completed,12.5
APP_008724,CUST_00959,BR003,2026-03-11 11:42:00,Cash Withdrawal,Completed,4.5
APP_008725,CUST_08241,BR003,2026-03-11 11:02:00,Cash Deposit,Completed,6.5
APP_008726,CUST_03901,BR003,2026-03-11 11:25:00,Cash Deposit,Completed,6.5
APP_008727,CUST_05030,BR003,2026-03-11 11:30:00,Statement Request,Completed,5.0
APP_008728,CUST_09811,BR003,2026-03-11 11:31:00,KYC Update,Completed,13.5
APP_008729,CUST_05931,BR004,2026-03-11 09:30:00,Complaint,Completed,16.5
APP_008730,CUST_12797,BR004,2026-03-11 11:05:00,Cash Deposit,Completed,6.5
APP_008731,CUST_01674,BR004,2026-03-11 11:36:00,Address Update,Completed,8.0
APP_008732,CUST_11782,BR004,2026-03-11 12:46:00,Loan Enquiry,Completed,18.0
APP_008733,CUST_04575,BR005,2026-03-11 09:13:00,Cash Withdrawal,Completed,4.5
APP_008734,CUST_00382,BR005,2026-03-11 10:11:00,Loan Enquiry,Completed,18.0
APP_008735,CUST_13189,BR005,2026-03-11 11:05:00,Loan Application,Completed,34.0
APP_008736,CUST_14829,BR005,2026-03-11 11:04:00,Cash Deposit,Completed,6.5
APP_008737,CUST_09435,BR005,2026-03-11 12:27:00,Loan Enquiry,Completed,18.0
APP_008738,CUST_00249,BR005,2026-03-11 13:47:00,Account Opening,Cancelled,24.0
APP_008739,CUST_09170,BR006,2026-03-11 10:04:00,Account Opening,Completed,24.0
APP_008740,CUST_13410,BR006,2026-03-11 10:34:00,Credit Card Service,Completed,12.0
APP_008741,CUST_00966,BR006,2026-03-11 11:10:00,Cash Deposit,Completed,6.5
APP_008742,CUST_00954,BR007,2026-03-11 09:17:00,Address Update,Completed,8.0
APP_008743,CUST_10268,BR008,2026-03-11 10:36:00,Investment Enquiry,No-Show,26.0
APP_008744,CUST_06238,BR008,2026-03-11 10:29:00,KYC Update,Completed,13.5
APP_008745,CUST_03444,BR008,2026-03-11 12:04:00,Cash Deposit,Completed,6.5
APP_008746,CUST_07776,BR009,2026-03-11 10:35:00,KYC Update,Completed,13.5
APP_008747,CUST_02359,BR009,2026-03-11 10:37:00,Loan Enquiry,Completed,18.0
APP_008748,CUST_06161,BR009,2026-03-11 13:23:00,Cash Deposit,Completed,6.5
APP_008749,CUST_04943,BR010,2026-03-11 09:34:00,Cash Deposit,Completed,6.5
APP_008750,CUST_10234,BR010,2026-03-11 10:23:00,Loan Application,Completed,34.0
APP_008751,CUST_09768,BR010,2026-03-11 10:55:00,Loan Application,Completed,34.0
APP_008752,CUST_03921,BR010,2026-03-11 10:28:00,Address Update,Completed,8.0
APP_008753,CUST_03718,BR010,2026-03-11 10:07:00,Account Opening,Completed,24.0
APP_008754,CUST_06635,BR001,2026-03-12 09:36:00,Cash Deposit,Completed,6.5
APP_008755,CUST_06551,BR001,2026-03-12 10:32:00,Cash Withdrawal,Completed,4.5
APP_008756,CUST_14455,BR001,2026-03-12 10:07:00,Complaint,Completed,16.5
APP_008757,CUST_07150,BR001,2026-03-12 11:22:00,Digital Banking Support,Completed,12.5
APP_008758,CUST_02819,BR001,2026-03-12 11:51:00,KYC Update,Completed,13.5
APP_008759,CUST_10345,BR001,2026-03-12 11:28:00,Cash Withdrawal,Completed,4.5
APP_008760,CUST_06440,BR001,2026-03-12 12:37:00,KYC Update,Completed,13.5
APP_008761,CUST_00292,BR001,2026-03-12 12:40:00,Credit Card Service,Cancelled,12.0
APP_008762,CUST_02497,BR001,2026-03-12 13:17:00,Account Opening,Completed,24.0
APP_008763,CUST_03231,BR001,2026-03-12 13:47:00,Cash Withdrawal,Completed,4.5
APP_008764,CUST_08557,BR001,2026-03-12 14:13:00,Loan Enquiry,Completed,18.0
APP_008765,CUST_08859,BR002,2026-03-12 10:40:00,Cash Withdrawal,Completed,4.5
APP_008766,CUST_10622,BR002,2026-03-12 10:27:00,KYC Update,Completed,13.5
APP_008767,CUST_14228,BR002,2026-03-12 11:06:00,Cash Deposit,Completed,6.5
APP_008768,CUST_13399,BR002,2026-03-12 11:40:00,Loan Enquiry,Completed,18.0
APP_008769,CUST_14505,BR002,2026-03-12 13:06:00,General Customer Support,Completed,10.0
APP_008770,CUST_13597,BR002,2026-03-12 14:32:00,KYC Update,Completed,13.5
APP_008771,CUST_11675,BR002,2026-03-12 14:28:00,Cash Withdrawal,Completed,4.5
APP_008772,CUST_11622,BR003,2026-03-12 09:13:00,Complaint,Completed,16.5
APP_008773,CUST_00933,BR003,2026-03-12 09:51:00,Credit Card Service,Completed,12.0
APP_008774,CUST_02607,BR003,2026-03-12 10:53:00,Cash Withdrawal,Completed,4.5
APP_008775,CUST_04486,BR003,2026-03-12 10:11:00,Digital Banking Support,Cancelled,12.5
APP_008776,CUST_09514,BR003,2026-03-12 10:53:00,Statement Request,Completed,5.0
APP_008777,CUST_04686,BR003,2026-03-12 10:00:00,Cash Withdrawal,Completed,4.5
APP_008778,CUST_13884,BR003,2026-03-12 10:46:00,Cheque Services,Completed,6.0
APP_008779,CUST_13218,BR003,2026-03-12 11:29:00,Statement Request,Completed,5.0
APP_008780,CUST_06980,BR004,2026-03-12 10:05:00,Complaint,No-Show,16.5
APP_008781,CUST_03031,BR004,2026-03-12 10:47:00,Cash Deposit,Completed,6.5
APP_008782,CUST_09495,BR004,2026-03-12 11:11:00,General Customer Support,Completed,10.0
APP_008783,CUST_01466,BR005,2026-03-12 10:19:00,Cash Withdrawal,Completed,4.5
APP_008784,CUST_01287,BR005,2026-03-12 10:25:00,Loan Application,Completed,34.0
APP_008785,CUST_14323,BR005,2026-03-12 11:02:00,KYC Update,Completed,13.5
APP_008786,CUST_11349,BR005,2026-03-12 11:17:00,Complaint,Completed,16.5
APP_008787,CUST_01819,BR005,2026-03-12 11:00:00,Complaint,Completed,16.5
APP_008788,CUST_13905,BR006,2026-03-12 09:03:00,KYC Update,Completed,13.5
APP_008789,CUST_09313,BR006,2026-03-12 09:55:00,Cash Withdrawal,Cancelled,4.5
APP_008790,CUST_00271,BR006,2026-03-12 10:15:00,Cash Deposit,Completed,6.5
APP_008791,CUST_10192,BR006,2026-03-12 10:33:00,Loan Application,Completed,34.0
APP_008792,CUST_13532,BR006,2026-03-12 10:39:00,Cash Deposit,Completed,6.5
APP_008793,CUST_08082,BR006,2026-03-12 12:46:00,Loan Enquiry,Completed,18.0
APP_008794,CUST_08454,BR006,2026-03-12 13:01:00,Complaint,Completed,16.5
APP_008795,CUST_10148,BR006,2026-03-12 13:22:00,Loan Application,Completed,34.0
APP_008796,CUST_08273,BR007,2026-03-12 09:26:00,Loan Application,Completed,34.0
APP_008797,CUST_07633,BR007,2026-03-12 09:26:00,Credit Card Service,Completed,12.0
APP_008798,CUST_01283,BR007,2026-03-12 10:38:00,KYC Update,Completed,13.5
APP_008799,CUST_01329,BR007,2026-03-12 10:05:00,Account Opening,Completed,24.0
APP_008800,CUST_11060,BR007,2026-03-12 11:48:00,Loan Enquiry,Completed,18.0
APP_008801,CUST_01966,BR008,2026-03-12 09:48:00,Digital Banking Support,Completed,12.5
APP_008802,CUST_06594,BR008,2026-03-12 10:12:00,Investment Enquiry,Completed,26.0
APP_008803,CUST_00730,BR008,2026-03-12 10:50:00,Loan Enquiry,Completed,18.0
APP_008804,CUST_14647,BR009,2026-03-12 09:32:00,Cash Deposit,Cancelled,6.5
APP_008805,CUST_11544,BR009,2026-03-12 10:15:00,Cash Deposit,Cancelled,6.5
APP_008806,CUST_02088,BR009,2026-03-12 10:12:00,Cash Withdrawal,Completed,4.5
APP_008807,CUST_14059,BR009,2026-03-12 10:33:00,Cash Deposit,Completed,6.5
APP_008808,CUST_07147,BR009,2026-03-12 11:27:00,Cash Withdrawal,Cancelled,4.5
APP_008809,CUST_01579,BR009,2026-03-12 12:01:00,Investment Enquiry,Completed,26.0
APP_008810,CUST_12727,BR010,2026-03-12 09:05:00,Digital Banking Support,Completed,12.5
APP_008811,CUST_04283,BR010,2026-03-12 10:03:00,Cash Deposit,Completed,6.5
APP_008812,CUST_11060,BR010,2026-03-12 12:34:00,General Customer Support,Completed,10.0
APP_008813,CUST_13938,BR010,2026-03-12 13:12:00,General Customer Support,Completed,10.0
APP_008814,CUST_03277,BR010,2026-03-12 14:38:00,Complaint,Completed,16.5
APP_008815,CUST_01990,BR001,2026-03-13 10:14:00,Statement Request,No-Show,5.0
APP_008816,CUST_13080,BR001,2026-03-13 10:45:00,Statement Request,Completed,5.0
APP_008817,CUST_07544,BR001,2026-03-13 11:11:00,Cash Withdrawal,Completed,4.5
APP_008818,CUST_09046,BR001,2026-03-13 11:28:00,Complaint,Completed,16.5
APP_008819,CUST_14488,BR001,2026-03-13 11:29:00,Account Opening,Completed,24.0
APP_008820,CUST_04236,BR001,2026-03-13 11:01:00,KYC Update,Cancelled,13.5
APP_008821,CUST_04019,BR001,2026-03-13 11:46:00,Digital Banking Support,Completed,12.5
APP_008822,CUST_10216,BR001,2026-03-13 11:29:00,Complaint,Completed,16.5
APP_008823,CUST_04837,BR001,2026-03-13 11:25:00,Cash Withdrawal,Completed,4.5
APP_008824,CUST_06301,BR001,2026-03-13 11:11:00,Statement Request,Completed,5.0
APP_008825,CUST_06292,BR001,2026-03-13 12:42:00,Cash Withdrawal,Completed,4.5
APP_008826,CUST_05160,BR001,2026-03-13 12:07:00,KYC Update,Completed,13.5
APP_008827,CUST_04469,BR001,2026-03-13 12:20:00,Cash Withdrawal,Completed,4.5
APP_008828,CUST_09869,BR002,2026-03-13 09:24:00,Cheque Services,Completed,6.0
APP_008829,CUST_02670,BR002,2026-03-13 10:01:00,Credit Card Service,Cancelled,12.0
APP_008830,CUST_11703,BR002,2026-03-13 11:32:00,Cash Deposit,Completed,6.5
APP_008831,CUST_05310,BR002,2026-03-13 11:46:00,Cash Withdrawal,Completed,4.5
APP_008832,CUST_08711,BR002,2026-03-13 11:32:00,KYC Update,Completed,13.5
APP_008833,CUST_05577,BR002,2026-03-13 12:50:00,Cash Deposit,Completed,6.5
APP_008834,CUST_04736,BR002,2026-03-13 12:41:00,Cash Withdrawal,Completed,4.5
APP_008835,CUST_14286,BR002,2026-03-13 12:11:00,Cash Deposit,Completed,6.5
APP_008836,CUST_04417,BR002,2026-03-13 12:01:00,KYC Update,Completed,13.5
APP_008837,CUST_10148,BR002,2026-03-13 13:38:00,Credit Card Service,Completed,12.0
APP_008838,CUST_05328,BR003,2026-03-13 09:19:00,Account Opening,Completed,24.0
APP_008839,CUST_03026,BR003,2026-03-13 09:09:00,Complaint,Completed,16.5
APP_008840,CUST_10102,BR003,2026-03-13 10:28:00,Cheque Services,Completed,6.0
APP_008841,CUST_04680,BR003,2026-03-13 10:31:00,Cash Deposit,Completed,6.5
APP_008842,CUST_04768,BR003,2026-03-13 10:42:00,Address Update,No-Show,8.0
APP_008843,CUST_04286,BR003,2026-03-13 11:32:00,Investment Enquiry,Completed,26.0
APP_008844,CUST_03973,BR003,2026-03-13 12:27:00,Account Opening,Completed,24.0
APP_008845,CUST_06010,BR003,2026-03-13 12:07:00,Cash Deposit,Completed,6.5
APP_008846,CUST_05580,BR003,2026-03-13 13:49:00,Cash Deposit,Completed,6.5
APP_008847,CUST_09804,BR003,2026-03-13 13:00:00,Cash Deposit,Completed,6.5
APP_008848,CUST_13802,BR003,2026-03-13 14:14:00,Cash Withdrawal,Cancelled,4.5
APP_008849,CUST_05011,BR003,2026-03-13 14:21:00,Cash Withdrawal,Cancelled,4.5
APP_008850,CUST_01698,BR004,2026-03-13 11:18:00,Account Opening,Completed,24.0
APP_008851,CUST_09704,BR004,2026-03-13 11:31:00,Cash Withdrawal,Completed,4.5
APP_008852,CUST_07536,BR004,2026-03-13 11:41:00,Loan Application,Completed,34.0
APP_008853,CUST_04947,BR004,2026-03-13 13:46:00,Cash Deposit,Completed,6.5
APP_008854,CUST_13803,BR004,2026-03-13 14:02:00,Cash Withdrawal,Cancelled,4.5
APP_008855,CUST_07192,BR004,2026-03-13 14:37:00,Cash Withdrawal,Completed,4.5
APP_008856,CUST_12588,BR004,2026-03-13 15:33:00,Cash Deposit,Completed,6.5
APP_008857,CUST_01470,BR005,2026-03-13 10:38:00,Loan Enquiry,Completed,18.0
APP_008858,CUST_01009,BR005,2026-03-13 10:07:00,KYC Update,Completed,13.5
APP_008859,CUST_08766,BR005,2026-03-13 10:46:00,Account Opening,Completed,24.0
APP_008860,CUST_04938,BR005,2026-03-13 10:48:00,Cash Withdrawal,Completed,4.5
APP_008861,CUST_14729,BR005,2026-03-13 11:54:00,Complaint,Completed,16.5
APP_008862,CUST_12358,BR005,2026-03-13 11:20:00,KYC Update,Completed,13.5
APP_008863,CUST_08756,BR005,2026-03-13 12:21:00,General Customer Support,Completed,10.0
APP_008864,CUST_08651,BR005,2026-03-13 14:52:00,Complaint,Completed,16.5
APP_008865,CUST_06442,BR006,2026-03-13 11:12:00,Loan Application,Completed,34.0
APP_008866,CUST_09479,BR006,2026-03-13 11:48:00,Cheque Services,Completed,6.0
APP_008867,CUST_07367,BR006,2026-03-13 11:51:00,Statement Request,Completed,5.0
APP_008868,CUST_02535,BR006,2026-03-13 11:06:00,Address Update,Completed,8.0
APP_008869,CUST_03445,BR007,2026-03-13 09:19:00,Account Opening,Completed,24.0
APP_008870,CUST_06098,BR007,2026-03-13 10:51:00,Cheque Services,Completed,6.0
APP_008871,CUST_06411,BR007,2026-03-13 11:22:00,Cash Withdrawal,Completed,4.5
APP_008872,CUST_07535,BR007,2026-03-13 11:13:00,Loan Application,Completed,34.0
APP_008873,CUST_06923,BR007,2026-03-13 11:33:00,Account Opening,Completed,24.0
APP_008874,CUST_11944,BR007,2026-03-13 12:14:00,Cheque Services,Completed,6.0
APP_008875,CUST_01224,BR007,2026-03-13 13:43:00,KYC Update,Completed,13.5
APP_008876,CUST_11904,BR008,2026-03-13 09:00:00,Cheque Services,Completed,6.0
APP_008877,CUST_02364,BR008,2026-03-13 11:45:00,Loan Enquiry,Completed,18.0
APP_008878,CUST_01502,BR008,2026-03-13 12:27:00,Loan Enquiry,Completed,18.0
APP_008879,CUST_13245,BR008,2026-03-13 12:10:00,KYC Update,No-Show,13.5
APP_008880,CUST_07617,BR008,2026-03-13 12:02:00,Digital Banking Support,Cancelled,12.5
APP_008881,CUST_04927,BR008,2026-03-13 13:52:00,Cash Withdrawal,Completed,4.5
APP_008882,CUST_09228,BR009,2026-03-13 09:18:00,Cash Withdrawal,No-Show,4.5
APP_008883,CUST_11361,BR009,2026-03-13 10:40:00,Account Opening,Completed,24.0
APP_008884,CUST_07107,BR009,2026-03-13 10:09:00,Loan Enquiry,Completed,18.0
APP_008885,CUST_14274,BR009,2026-03-13 11:24:00,Cash Withdrawal,Completed,4.5
APP_008886,CUST_01494,BR009,2026-03-13 11:20:00,Cash Deposit,Completed,6.5
APP_008887,CUST_03127,BR009,2026-03-13 11:18:00,KYC Update,Completed,13.5
APP_008888,CUST_06951,BR009,2026-03-13 12:46:00,Credit Card Service,Completed,12.0
APP_008889,CUST_10308,BR009,2026-03-13 12:09:00,Account Opening,Completed,24.0
APP_008890,CUST_05570,BR010,2026-03-13 10:36:00,Account Opening,Completed,24.0
APP_008891,CUST_13976,BR010,2026-03-13 12:35:00,Cash Deposit,Completed,6.5
APP_008892,CUST_05708,BR010,2026-03-13 12:19:00,Complaint,Completed,16.5
APP_008893,CUST_03242,BR010,2026-03-13 13:48:00,Cheque Services,Completed,6.0
APP_008894,CUST_10807,BR010,2026-03-13 13:12:00,Cash Withdrawal,Completed,4.5
APP_008895,CUST_12124,BR001,2026-03-16 09:33:00,Cheque Services,Completed,6.0
APP_008896,CUST_10799,BR001,2026-03-16 09:00:00,Statement Request,Completed,5.0
APP_008897,CUST_03179,BR001,2026-03-16 10:33:00,Cash Deposit,No-Show,6.5
APP_008898,CUST_12833,BR001,2026-03-16 10:06:00,Credit Card Service,Completed,12.0
APP_008899,CUST_02376,BR001,2026-03-16 11:32:00,Account Opening,Completed,24.0
APP_008900,CUST_04131,BR001,2026-03-16 11:39:00,Cheque Services,Completed,6.0
APP_008901,CUST_13707,BR001,2026-03-16 12:09:00,Cheque Services,Completed,6.0
APP_008902,CUST_08673,BR001,2026-03-16 12:33:00,Cash Deposit,Completed,6.5
APP_008903,CUST_02059,BR001,2026-03-16 12:09:00,Statement Request,Completed,5.0
APP_008904,CUST_12336,BR001,2026-03-16 13:53:00,KYC Update,Completed,13.5
APP_008905,CUST_11942,BR002,2026-03-16 09:17:00,KYC Update,Completed,13.5
APP_008906,CUST_13020,BR002,2026-03-16 10:00:00,Statement Request,Cancelled,5.0
APP_008907,CUST_04769,BR002,2026-03-16 11:27:00,Cash Withdrawal,Cancelled,4.5
APP_008908,CUST_09036,BR002,2026-03-16 11:00:00,Cash Withdrawal,Completed,4.5
APP_008909,CUST_06247,BR002,2026-03-16 12:05:00,Address Update,Completed,8.0
APP_008910,CUST_07127,BR002,2026-03-16 12:22:00,Credit Card Service,Completed,12.0
APP_008911,CUST_02436,BR002,2026-03-16 12:09:00,Cheque Services,Completed,6.0
APP_008912,CUST_06981,BR002,2026-03-16 15:44:00,KYC Update,Completed,13.5
APP_008913,CUST_09739,BR003,2026-03-16 09:34:00,KYC Update,Completed,13.5
APP_008914,CUST_00361,BR003,2026-03-16 11:55:00,Complaint,Completed,16.5
APP_008915,CUST_07883,BR003,2026-03-16 11:38:00,Digital Banking Support,Completed,12.5
APP_008916,CUST_00032,BR003,2026-03-16 11:03:00,Cash Deposit,Completed,6.5
APP_008917,CUST_12900,BR003,2026-03-16 11:26:00,Loan Application,Completed,34.0
APP_008918,CUST_02488,BR003,2026-03-16 12:00:00,Loan Application,Completed,34.0
APP_008919,CUST_00438,BR003,2026-03-16 13:18:00,Cash Withdrawal,No-Show,4.5
APP_008920,CUST_06659,BR003,2026-03-16 14:49:00,KYC Update,Completed,13.5
APP_008921,CUST_12295,BR004,2026-03-16 10:01:00,Loan Application,Completed,34.0
APP_008922,CUST_09650,BR004,2026-03-16 10:41:00,KYC Update,Completed,13.5
APP_008923,CUST_06957,BR004,2026-03-16 10:23:00,KYC Update,Completed,13.5
APP_008924,CUST_10991,BR004,2026-03-16 11:29:00,Cheque Services,Completed,6.0
APP_008925,CUST_14459,BR004,2026-03-16 11:06:00,Cheque Services,Completed,6.0
APP_008926,CUST_07570,BR004,2026-03-16 11:34:00,KYC Update,Completed,13.5
APP_008927,CUST_05052,BR005,2026-03-16 09:44:00,Cash Withdrawal,Completed,4.5
APP_008928,CUST_05978,BR005,2026-03-16 10:54:00,Address Update,Completed,8.0
APP_008929,CUST_03478,BR005,2026-03-16 11:27:00,Cash Withdrawal,Completed,4.5
APP_008930,CUST_04372,BR005,2026-03-16 12:47:00,Credit Card Service,Completed,12.0
APP_008931,CUST_06393,BR006,2026-03-16 09:29:00,Cheque Services,No-Show,6.0
APP_008932,CUST_04735,BR006,2026-03-16 10:12:00,Address Update,Completed,8.0
APP_008933,CUST_07815,BR006,2026-03-16 11:15:00,Loan Application,Completed,34.0
APP_008934,CUST_02538,BR006,2026-03-16 12:44:00,Investment Enquiry,Completed,26.0
APP_008935,CUST_10291,BR006,2026-03-16 12:13:00,General Customer Support,Completed,10.0
APP_008936,CUST_09355,BR006,2026-03-16 12:04:00,Loan Application,Completed,34.0
APP_008937,CUST_12100,BR006,2026-03-16 14:38:00,Loan Application,Completed,34.0
APP_008938,CUST_02641,BR006,2026-03-16 14:28:00,Account Opening,Completed,24.0
APP_008939,CUST_03802,BR006,2026-03-16 15:20:00,Credit Card Service,Completed,12.0
APP_008940,CUST_09425,BR007,2026-03-16 09:14:00,Statement Request,Completed,5.0
APP_008941,CUST_10716,BR007,2026-03-16 10:29:00,General Customer Support,Completed,10.0
APP_008942,CUST_06351,BR007,2026-03-16 11:14:00,Cheque Services,Completed,6.0
APP_008943,CUST_12310,BR007,2026-03-16 11:51:00,Investment Enquiry,Completed,26.0
APP_008944,CUST_00441,BR007,2026-03-16 12:30:00,Cash Withdrawal,Completed,4.5
APP_008945,CUST_01438,BR007,2026-03-16 13:52:00,Account Opening,Completed,24.0
APP_008946,CUST_13630,BR008,2026-03-16 10:30:00,KYC Update,Cancelled,13.5
APP_008947,CUST_07107,BR008,2026-03-16 11:32:00,Credit Card Service,No-Show,12.0
APP_008948,CUST_05310,BR008,2026-03-16 11:44:00,Statement Request,Completed,5.0
APP_008949,CUST_04784,BR008,2026-03-16 12:39:00,General Customer Support,No-Show,10.0
APP_008950,CUST_08318,BR009,2026-03-16 09:08:00,Complaint,Completed,16.5
APP_008951,CUST_14238,BR009,2026-03-16 10:45:00,Statement Request,Completed,5.0
APP_008952,CUST_09608,BR009,2026-03-16 10:14:00,Credit Card Service,Cancelled,12.0
APP_008953,CUST_04776,BR009,2026-03-16 10:21:00,Address Update,Completed,8.0
APP_008954,CUST_13495,BR009,2026-03-16 10:17:00,Statement Request,Completed,5.0
APP_008955,CUST_04647,BR009,2026-03-16 11:54:00,KYC Update,Completed,13.5
APP_008956,CUST_09159,BR009,2026-03-16 11:47:00,KYC Update,Completed,13.5
APP_008957,CUST_00974,BR009,2026-03-16 11:34:00,Cheque Services,Completed,6.0
APP_008958,CUST_12341,BR009,2026-03-16 12:09:00,Loan Application,Completed,34.0
APP_008959,CUST_03732,BR009,2026-03-16 13:19:00,Cash Deposit,Completed,6.5
APP_008960,CUST_09275,BR009,2026-03-16 13:31:00,Cash Withdrawal,Completed,4.5
APP_008961,CUST_13795,BR010,2026-03-16 09:28:00,Cash Withdrawal,Completed,4.5
APP_008962,CUST_05679,BR010,2026-03-16 09:06:00,KYC Update,Completed,13.5
APP_008963,CUST_10797,BR010,2026-03-16 09:02:00,Cheque Services,Completed,6.0
APP_008964,CUST_11310,BR010,2026-03-16 11:16:00,Cash Withdrawal,No-Show,4.5
APP_008965,CUST_09444,BR010,2026-03-16 11:25:00,Loan Application,Completed,34.0
APP_008966,CUST_04844,BR001,2026-03-17 10:16:00,Address Update,Cancelled,8.0
APP_008967,CUST_06138,BR001,2026-03-17 10:03:00,Loan Enquiry,Completed,18.0
APP_008968,CUST_04197,BR001,2026-03-17 10:08:00,Investment Enquiry,Cancelled,26.0
APP_008969,CUST_01220,BR001,2026-03-17 12:10:00,Digital Banking Support,Completed,12.5
APP_008970,CUST_09389,BR001,2026-03-17 14:15:00,Cash Deposit,Completed,6.5
APP_008971,CUST_09431,BR001,2026-03-17 14:19:00,Account Opening,Completed,24.0
APP_008972,CUST_00549,BR001,2026-03-17 14:51:00,KYC Update,Completed,13.5
APP_008973,CUST_00388,BR001,2026-03-17 14:52:00,Investment Enquiry,Completed,26.0
APP_008974,CUST_05492,BR002,2026-03-17 10:39:00,General Customer Support,Cancelled,10.0
APP_008975,CUST_10519,BR002,2026-03-17 10:29:00,Cash Deposit,Completed,6.5
APP_008976,CUST_12848,BR002,2026-03-17 10:52:00,Loan Enquiry,Completed,18.0
APP_008977,CUST_02761,BR002,2026-03-17 12:30:00,Credit Card Service,Completed,12.0
APP_008978,CUST_01516,BR002,2026-03-17 12:45:00,KYC Update,Completed,13.5
APP_008979,CUST_08561,BR002,2026-03-17 13:44:00,KYC Update,Cancelled,13.5
APP_008980,CUST_02006,BR003,2026-03-17 09:27:00,Cash Deposit,Completed,6.5
APP_008981,CUST_08526,BR003,2026-03-17 10:53:00,Cash Withdrawal,Completed,4.5
APP_008982,CUST_09722,BR003,2026-03-17 10:26:00,Cheque Services,Completed,6.0
APP_008983,CUST_09055,BR003,2026-03-17 10:00:00,Cash Withdrawal,Completed,4.5
APP_008984,CUST_13546,BR003,2026-03-17 11:53:00,Cash Withdrawal,Completed,4.5
APP_008985,CUST_02247,BR004,2026-03-17 09:32:00,KYC Update,Completed,13.5
APP_008986,CUST_09991,BR004,2026-03-17 09:08:00,Loan Enquiry,Completed,18.0
APP_008987,CUST_14359,BR004,2026-03-17 11:32:00,Statement Request,Completed,5.0
APP_008988,CUST_03526,BR004,2026-03-17 13:23:00,Cash Deposit,Completed,6.5
APP_008989,CUST_10258,BR005,2026-03-17 11:51:00,Complaint,Completed,16.5
APP_008990,CUST_04627,BR005,2026-03-17 12:04:00,Statement Request,Completed,5.0
APP_008991,CUST_03510,BR005,2026-03-17 14:44:00,Loan Enquiry,Completed,18.0
APP_008992,CUST_07088,BR006,2026-03-17 09:39:00,Cash Deposit,Completed,6.5
APP_008993,CUST_01020,BR006,2026-03-17 09:43:00,General Customer Support,Completed,10.0
APP_008994,CUST_09121,BR006,2026-03-17 11:30:00,Loan Application,Completed,34.0
APP_008995,CUST_12030,BR006,2026-03-17 11:54:00,Cheque Services,Completed,6.0
APP_008996,CUST_12543,BR006,2026-03-17 11:10:00,Complaint,Completed,16.5
APP_008997,CUST_11078,BR007,2026-03-17 10:05:00,General Customer Support,Completed,10.0
APP_008998,CUST_00682,BR007,2026-03-17 10:16:00,Complaint,Completed,16.5
APP_008999,CUST_12619,BR007,2026-03-17 11:43:00,KYC Update,Cancelled,13.5
APP_009000,CUST_10802,BR007,2026-03-17 11:17:00,Credit Card Service,No-Show,12.0
APP_009001,CUST_11266,BR007,2026-03-17 12:36:00,KYC Update,Completed,13.5
APP_009002,CUST_06916,BR008,2026-03-17 10:11:00,Cash Deposit,Completed,6.5
APP_009003,CUST_12365,BR008,2026-03-17 10:38:00,KYC Update,Completed,13.5
APP_009004,CUST_12042,BR008,2026-03-17 11:36:00,Cash Deposit,Completed,6.5
APP_009005,CUST_00275,BR008,2026-03-17 13:47:00,Cash Deposit,Completed,6.5
APP_009006,CUST_08564,BR008,2026-03-17 13:42:00,Credit Card Service,Cancelled,12.0
APP_009007,CUST_14996,BR009,2026-03-17 10:23:00,Credit Card Service,Cancelled,12.0
APP_009008,CUST_02870,BR009,2026-03-17 10:30:00,Account Opening,Completed,24.0
APP_009009,CUST_08194,BR009,2026-03-17 10:23:00,Cash Withdrawal,Completed,4.5
APP_009010,CUST_01025,BR009,2026-03-17 11:42:00,Cash Withdrawal,Completed,4.5
APP_009011,CUST_02904,BR009,2026-03-17 12:40:00,Account Opening,No-Show,24.0
APP_009012,CUST_10696,BR009,2026-03-17 12:46:00,Address Update,Completed,8.0
APP_009013,CUST_07409,BR010,2026-03-17 10:50:00,Cheque Services,Completed,6.0
APP_009014,CUST_04345,BR010,2026-03-17 10:07:00,Cheque Services,Completed,6.0
APP_009015,CUST_10281,BR001,2026-03-18 09:00:00,KYC Update,Completed,13.5
APP_009016,CUST_01383,BR001,2026-03-18 09:42:00,Cash Withdrawal,Completed,4.5
APP_009017,CUST_01057,BR001,2026-03-18 10:10:00,Cash Deposit,Completed,6.5
APP_009018,CUST_07856,BR001,2026-03-18 11:34:00,Complaint,Completed,16.5
APP_009019,CUST_13283,BR001,2026-03-18 11:47:00,Cash Withdrawal,Completed,4.5
APP_009020,CUST_03998,BR001,2026-03-18 11:20:00,Address Update,Completed,8.0
APP_009021,CUST_06834,BR001,2026-03-18 11:28:00,Cash Withdrawal,Completed,4.5
APP_009022,CUST_05753,BR001,2026-03-18 11:41:00,General Customer Support,Completed,10.0
APP_009023,CUST_00764,BR001,2026-03-18 11:17:00,Investment Enquiry,Completed,26.0
APP_009024,CUST_11885,BR002,2026-03-18 09:05:00,KYC Update,Completed,13.5
APP_009025,CUST_12680,BR002,2026-03-18 09:01:00,Loan Enquiry,Completed,18.0
APP_009026,CUST_05686,BR002,2026-03-18 10:39:00,Cash Withdrawal,Completed,4.5
APP_009027,CUST_14754,BR002,2026-03-18 10:17:00,KYC Update,Completed,13.5
APP_009028,CUST_02158,BR002,2026-03-18 11:29:00,Account Opening,Completed,24.0
APP_009029,CUST_11511,BR002,2026-03-18 12:06:00,Cash Deposit,Completed,6.5
APP_009030,CUST_13198,BR002,2026-03-18 13:03:00,Digital Banking Support,Completed,12.5
APP_009031,CUST_13806,BR002,2026-03-18 14:45:00,Cash Deposit,Completed,6.5
APP_009032,CUST_12146,BR002,2026-03-18 14:40:00,Credit Card Service,Completed,12.0
APP_009033,CUST_01860,BR002,2026-03-18 15:28:00,Cash Withdrawal,Completed,4.5
APP_009034,CUST_04614,BR003,2026-03-18 11:22:00,Account Opening,Completed,24.0
APP_009035,CUST_07411,BR003,2026-03-18 11:19:00,Cash Withdrawal,Completed,4.5
APP_009036,CUST_02991,BR003,2026-03-18 12:25:00,Investment Enquiry,Completed,26.0
APP_009037,CUST_13875,BR003,2026-03-18 13:41:00,Investment Enquiry,Completed,26.0
APP_009038,CUST_14679,BR003,2026-03-18 13:03:00,Cash Deposit,Completed,6.5
APP_009039,CUST_11317,BR003,2026-03-18 13:10:00,Cash Deposit,Completed,6.5
APP_009040,CUST_04757,BR003,2026-03-18 14:37:00,Account Opening,Completed,24.0
APP_009041,CUST_10805,BR003,2026-03-18 14:34:00,General Customer Support,Completed,10.0
APP_009042,CUST_07165,BR004,2026-03-18 11:09:00,Loan Enquiry,Completed,18.0
APP_009043,CUST_09556,BR004,2026-03-18 11:42:00,Cash Deposit,Completed,6.5
APP_009044,CUST_09247,BR004,2026-03-18 12:41:00,Account Opening,Cancelled,24.0
APP_009045,CUST_07636,BR004,2026-03-18 12:29:00,Address Update,Completed,8.0
APP_009046,CUST_08951,BR004,2026-03-18 12:45:00,Address Update,Completed,8.0
APP_009047,CUST_00944,BR005,2026-03-18 10:26:00,Cash Deposit,Cancelled,6.5
APP_009048,CUST_05406,BR005,2026-03-18 10:36:00,General Customer Support,Completed,10.0
APP_009049,CUST_04419,BR005,2026-03-18 10:02:00,Cash Deposit,Completed,6.5
APP_009050,CUST_07883,BR006,2026-03-18 09:40:00,Loan Enquiry,Completed,18.0
APP_009051,CUST_05417,BR006,2026-03-18 10:24:00,Account Opening,Completed,24.0
APP_009052,CUST_00767,BR006,2026-03-18 10:00:00,Account Opening,Cancelled,24.0
APP_009053,CUST_01487,BR006,2026-03-18 11:34:00,Loan Enquiry,Completed,18.0
APP_009054,CUST_13499,BR006,2026-03-18 11:54:00,Complaint,Completed,16.5
APP_009055,CUST_08752,BR006,2026-03-18 11:05:00,Cash Withdrawal,Completed,4.5
APP_009056,CUST_12814,BR006,2026-03-18 12:43:00,Cash Withdrawal,Completed,4.5
APP_009057,CUST_07252,BR007,2026-03-18 10:16:00,Cash Withdrawal,Completed,4.5
APP_009058,CUST_11867,BR007,2026-03-18 10:40:00,Account Opening,Completed,24.0
APP_009059,CUST_09215,BR007,2026-03-18 11:03:00,General Customer Support,Completed,10.0
APP_009060,CUST_10609,BR007,2026-03-18 11:44:00,Complaint,Completed,16.5
APP_009061,CUST_11485,BR007,2026-03-18 12:07:00,Cash Deposit,Completed,6.5
APP_009062,CUST_03328,BR008,2026-03-18 09:25:00,KYC Update,Completed,13.5
APP_009063,CUST_13551,BR008,2026-03-18 10:34:00,Digital Banking Support,Completed,12.5
APP_009064,CUST_00474,BR008,2026-03-18 12:35:00,KYC Update,Completed,13.5
APP_009065,CUST_02575,BR008,2026-03-18 13:04:00,Cheque Services,Completed,6.0
APP_009066,CUST_02087,BR009,2026-03-18 09:01:00,Account Opening,Completed,24.0
APP_009067,CUST_09415,BR009,2026-03-18 09:13:00,KYC Update,Completed,13.5
APP_009068,CUST_06497,BR009,2026-03-18 11:13:00,Cash Withdrawal,Completed,4.5
APP_009069,CUST_03813,BR009,2026-03-18 11:51:00,Cash Deposit,Completed,6.5
APP_009070,CUST_09358,BR009,2026-03-18 11:33:00,Cash Withdrawal,Completed,4.5
APP_009071,CUST_08765,BR009,2026-03-18 12:48:00,KYC Update,Completed,13.5
APP_009072,CUST_05706,BR010,2026-03-18 09:32:00,Cash Deposit,Completed,6.5
APP_009073,CUST_11637,BR010,2026-03-18 09:40:00,Cash Deposit,Completed,6.5
APP_009074,CUST_08177,BR010,2026-03-18 12:28:00,Cash Withdrawal,Completed,4.5
APP_009075,CUST_10777,BR001,2026-03-19 09:54:00,KYC Update,Completed,13.5
APP_009076,CUST_02787,BR001,2026-03-19 10:28:00,General Customer Support,Cancelled,10.0
APP_009077,CUST_06298,BR001,2026-03-19 10:09:00,Cash Deposit,Completed,6.5
APP_009078,CUST_05913,BR001,2026-03-19 10:48:00,Statement Request,Completed,5.0
APP_009079,CUST_02941,BR001,2026-03-19 10:22:00,Account Opening,Cancelled,24.0
APP_009080,CUST_04303,BR001,2026-03-19 11:03:00,Cash Deposit,Completed,6.5
APP_009081,CUST_08274,BR001,2026-03-19 11:30:00,Cash Withdrawal,Completed,4.5
APP_009082,CUST_06481,BR002,2026-03-19 09:12:00,Account Opening,Completed,24.0
APP_009083,CUST_14902,BR002,2026-03-19 09:37:00,Cash Deposit,Completed,6.5
APP_009084,CUST_01562,BR002,2026-03-19 10:55:00,Digital Banking Support,Completed,12.5
APP_009085,CUST_02515,BR002,2026-03-19 11:20:00,KYC Update,Completed,13.5
APP_009086,CUST_08616,BR002,2026-03-19 11:42:00,Digital Banking Support,Completed,12.5
APP_009087,CUST_04020,BR002,2026-03-19 11:38:00,Cash Deposit,Completed,6.5
APP_009088,CUST_01679,BR002,2026-03-19 11:53:00,Complaint,Completed,16.5
APP_009089,CUST_00223,BR002,2026-03-19 11:47:00,Cheque Services,Completed,6.0
APP_009090,CUST_11094,BR002,2026-03-19 12:09:00,Complaint,Completed,16.5
APP_009091,CUST_01291,BR003,2026-03-19 09:50:00,Cheque Services,Completed,6.0
APP_009092,CUST_14102,BR003,2026-03-19 09:10:00,Account Opening,Completed,24.0
APP_009093,CUST_00150,BR003,2026-03-19 10:38:00,KYC Update,Completed,13.5
APP_009094,CUST_12973,BR003,2026-03-19 10:00:00,Cash Withdrawal,Completed,4.5
APP_009095,CUST_01186,BR003,2026-03-19 11:52:00,Cash Deposit,No-Show,6.5
APP_009096,CUST_11031,BR003,2026-03-19 11:04:00,Cheque Services,Completed,6.0
APP_009097,CUST_12182,BR003,2026-03-19 11:50:00,Credit Card Service,Cancelled,12.0
APP_009098,CUST_06400,BR004,2026-03-19 09:04:00,Cash Deposit,Completed,6.5
APP_009099,CUST_05210,BR004,2026-03-19 10:41:00,Cheque Services,Completed,6.0
APP_009100,CUST_10219,BR004,2026-03-19 10:21:00,Loan Enquiry,Completed,18.0
APP_009101,CUST_09400,BR004,2026-03-19 11:18:00,Digital Banking Support,Completed,12.5
APP_009102,CUST_14855,BR005,2026-03-19 09:36:00,Address Update,Completed,8.0
APP_009103,CUST_02753,BR005,2026-03-19 09:33:00,Cash Withdrawal,Completed,4.5
APP_009104,CUST_08545,BR005,2026-03-19 10:33:00,Account Opening,Completed,24.0
APP_009105,CUST_06253,BR005,2026-03-19 10:11:00,Cash Withdrawal,Completed,4.5
APP_009106,CUST_10168,BR005,2026-03-19 10:13:00,Cash Deposit,Completed,6.5
APP_009107,CUST_01949,BR005,2026-03-19 11:36:00,Complaint,Completed,16.5
APP_009108,CUST_11289,BR006,2026-03-19 10:29:00,Cash Deposit,Completed,6.5
APP_009109,CUST_12294,BR006,2026-03-19 10:30:00,Address Update,Completed,8.0
APP_009110,CUST_09610,BR006,2026-03-19 10:31:00,Loan Application,Completed,34.0
APP_009111,CUST_09274,BR006,2026-03-19 11:06:00,Cheque Services,Completed,6.0
APP_009112,CUST_00900,BR006,2026-03-19 13:18:00,Loan Enquiry,Completed,18.0
APP_009113,CUST_05709,BR007,2026-03-19 09:42:00,Cash Deposit,Completed,6.5
APP_009114,CUST_13877,BR007,2026-03-19 09:04:00,Cash Deposit,Completed,6.5
APP_009115,CUST_09790,BR007,2026-03-19 09:45:00,Cash Withdrawal,Completed,4.5
APP_009116,CUST_13362,BR007,2026-03-19 10:32:00,General Customer Support,Cancelled,10.0
APP_009117,CUST_06900,BR007,2026-03-19 11:18:00,Cash Withdrawal,No-Show,4.5
APP_009118,CUST_14124,BR008,2026-03-19 09:51:00,KYC Update,Completed,13.5
APP_009119,CUST_06240,BR008,2026-03-19 13:20:00,Loan Application,Completed,34.0
APP_009120,CUST_09026,BR008,2026-03-19 15:51:00,Complaint,Completed,16.5
APP_009121,CUST_10512,BR009,2026-03-19 09:09:00,KYC Update,Completed,13.5
APP_009122,CUST_08241,BR009,2026-03-19 10:40:00,Cash Withdrawal,Completed,4.5
APP_009123,CUST_14979,BR009,2026-03-19 10:02:00,Cash Deposit,Completed,6.5
APP_009124,CUST_07869,BR009,2026-03-19 10:34:00,Loan Application,Completed,34.0
APP_009125,CUST_01194,BR009,2026-03-19 11:38:00,Address Update,Completed,8.0
APP_009126,CUST_00967,BR009,2026-03-19 11:54:00,Account Opening,No-Show,24.0
APP_009127,CUST_13750,BR009,2026-03-19 11:45:00,General Customer Support,Completed,10.0
APP_009128,CUST_12820,BR009,2026-03-19 11:51:00,Cheque Services,Completed,6.0
APP_009129,CUST_11347,BR010,2026-03-19 09:55:00,Loan Enquiry,Completed,18.0
APP_009130,CUST_05035,BR010,2026-03-19 10:05:00,Cheque Services,Completed,6.0
APP_009131,CUST_13928,BR010,2026-03-19 10:36:00,KYC Update,Completed,13.5
APP_009132,CUST_09960,BR010,2026-03-19 12:17:00,General Customer Support,Completed,10.0
APP_009133,CUST_10378,BR001,2026-03-21 10:20:00,Digital Banking Support,Cancelled,12.5
APP_009134,CUST_01229,BR001,2026-03-21 10:22:00,Cash Deposit,Completed,6.5
APP_009135,CUST_02487,BR001,2026-03-21 10:00:00,Cash Deposit,No-Show,6.5
APP_009136,CUST_11838,BR001,2026-03-21 10:43:00,Cash Deposit,Completed,6.5
APP_009137,CUST_05225,BR001,2026-03-21 11:36:00,Cash Withdrawal,Completed,4.5
APP_009138,CUST_04586,BR001,2026-03-21 11:10:00,General Customer Support,Completed,10.0
APP_009139,CUST_00762,BR001,2026-03-21 11:45:00,Complaint,Cancelled,16.5
APP_009140,CUST_00756,BR001,2026-03-21 11:04:00,Address Update,Cancelled,8.0
APP_009141,CUST_03741,BR001,2026-03-21 11:53:00,Account Opening,Completed,24.0
APP_009142,CUST_11378,BR002,2026-03-21 10:48:00,Cash Withdrawal,Completed,4.5
APP_009143,CUST_07029,BR002,2026-03-21 10:49:00,Cash Withdrawal,Completed,4.5
APP_009144,CUST_04196,BR002,2026-03-21 11:47:00,General Customer Support,Completed,10.0
APP_009145,CUST_12157,BR002,2026-03-21 11:45:00,General Customer Support,Completed,10.0
APP_009146,CUST_14214,BR002,2026-03-21 11:45:00,Loan Enquiry,Completed,18.0
APP_009147,CUST_09580,BR002,2026-03-21 11:42:00,Credit Card Service,Completed,12.0
APP_009148,CUST_00404,BR002,2026-03-21 11:25:00,Cash Deposit,Completed,6.5
APP_009149,CUST_14131,BR003,2026-03-21 10:38:00,Address Update,Completed,8.0
APP_009150,CUST_02602,BR003,2026-03-21 10:34:00,General Customer Support,Completed,10.0
APP_009151,CUST_06387,BR003,2026-03-21 10:20:00,Cheque Services,Completed,6.0
APP_009152,CUST_10703,BR003,2026-03-21 11:02:00,Loan Application,Completed,34.0
APP_009153,CUST_09552,BR003,2026-03-21 11:47:00,Complaint,Completed,16.5
APP_009154,CUST_05165,BR003,2026-03-21 11:17:00,Cash Deposit,Completed,6.5
APP_009155,CUST_07273,BR003,2026-03-21 12:24:00,Cash Withdrawal,Cancelled,4.5
APP_009156,CUST_02912,BR003,2026-03-21 12:32:00,Cash Deposit,Completed,6.5
APP_009157,CUST_10045,BR003,2026-03-21 12:05:00,Credit Card Service,Completed,12.0
APP_009158,CUST_00030,BR003,2026-03-21 13:14:00,Investment Enquiry,Completed,26.0
APP_009159,CUST_10257,BR004,2026-03-21 11:28:00,Address Update,No-Show,8.0
APP_009160,CUST_00604,BR004,2026-03-21 11:03:00,KYC Update,Completed,13.5
APP_009161,CUST_06062,BR004,2026-03-21 11:01:00,Statement Request,Completed,5.0
APP_009162,CUST_12764,BR004,2026-03-21 12:03:00,KYC Update,Completed,13.5
APP_009163,CUST_05098,BR004,2026-03-21 12:51:00,Account Opening,Completed,24.0
APP_009164,CUST_14925,BR004,2026-03-21 15:40:00,Cash Withdrawal,No-Show,4.5
APP_009165,CUST_07132,BR004,2026-03-21 15:06:00,KYC Update,Completed,13.5
APP_009166,CUST_07703,BR005,2026-03-21 09:28:00,Cash Withdrawal,Completed,4.5
APP_009167,CUST_00415,BR005,2026-03-21 11:39:00,Cash Deposit,Completed,6.5
APP_009168,CUST_00036,BR005,2026-03-21 11:03:00,Account Opening,Completed,24.0
APP_009169,CUST_09307,BR005,2026-03-21 11:36:00,Loan Enquiry,Completed,18.0
APP_009170,CUST_06564,BR005,2026-03-21 12:37:00,KYC Update,Completed,13.5
APP_009171,CUST_00469,BR005,2026-03-21 12:00:00,Cheque Services,Completed,6.0
APP_009172,CUST_00645,BR005,2026-03-21 12:41:00,Statement Request,Completed,5.0
APP_009173,CUST_11110,BR006,2026-03-21 09:43:00,Loan Application,Completed,34.0
APP_009174,CUST_05544,BR006,2026-03-21 09:41:00,Cash Withdrawal,Completed,4.5
APP_009175,CUST_06838,BR006,2026-03-21 10:11:00,Statement Request,Completed,5.0
APP_009176,CUST_02369,BR006,2026-03-21 11:25:00,Account Opening,Completed,24.0
APP_009177,CUST_06389,BR007,2026-03-21 09:48:00,Cash Deposit,Completed,6.5
APP_009178,CUST_07851,BR007,2026-03-21 09:37:00,Cheque Services,Completed,6.0
APP_009179,CUST_13461,BR007,2026-03-21 09:18:00,Cash Deposit,No-Show,6.5
APP_009180,CUST_01676,BR007,2026-03-21 10:06:00,Investment Enquiry,Completed,26.0
APP_009181,CUST_08871,BR007,2026-03-21 10:08:00,Address Update,No-Show,8.0
APP_009182,CUST_09229,BR007,2026-03-21 10:19:00,Cash Withdrawal,Completed,4.5
APP_009183,CUST_06991,BR007,2026-03-21 11:36:00,Cheque Services,Completed,6.0
APP_009184,CUST_02539,BR008,2026-03-21 09:35:00,Account Opening,Completed,24.0
APP_009185,CUST_12491,BR008,2026-03-21 11:47:00,Cheque Services,Completed,6.0
APP_009186,CUST_04042,BR008,2026-03-21 11:32:00,Loan Enquiry,Completed,18.0
APP_009187,CUST_02496,BR008,2026-03-21 12:12:00,Cash Deposit,Completed,6.5
APP_009188,CUST_05219,BR008,2026-03-21 12:38:00,Cash Withdrawal,Cancelled,4.5
APP_009189,CUST_00848,BR009,2026-03-21 10:31:00,KYC Update,Cancelled,13.5
APP_009190,CUST_04016,BR009,2026-03-21 11:32:00,Account Opening,Completed,24.0
APP_009191,CUST_04484,BR009,2026-03-21 11:02:00,Complaint,Completed,16.5
APP_009192,CUST_06252,BR009,2026-03-21 12:00:00,Credit Card Service,Completed,12.0
APP_009193,CUST_00899,BR009,2026-03-21 12:20:00,General Customer Support,Completed,10.0
APP_009194,CUST_01148,BR009,2026-03-21 13:28:00,Credit Card Service,Completed,12.0
APP_009195,CUST_00120,BR009,2026-03-21 13:45:00,Cash Withdrawal,Completed,4.5
APP_009196,CUST_00033,BR010,2026-03-21 10:24:00,Statement Request,Completed,5.0
APP_009197,CUST_02113,BR010,2026-03-21 11:11:00,KYC Update,Completed,13.5
APP_009198,CUST_14112,BR010,2026-03-21 11:02:00,Cash Deposit,Completed,6.5
APP_009199,CUST_01459,BR010,2026-03-21 12:31:00,Cash Withdrawal,Completed,4.5
APP_009200,CUST_07846,BR001,2026-03-23 09:45:00,Investment Enquiry,Completed,26.0
APP_009201,CUST_07626,BR001,2026-03-23 09:23:00,Loan Application,Completed,34.0
APP_009202,CUST_06719,BR001,2026-03-23 09:26:00,Loan Application,Completed,34.0
APP_009203,CUST_12914,BR001,2026-03-23 10:39:00,Cash Deposit,Completed,6.5
APP_009204,CUST_14088,BR001,2026-03-23 10:21:00,Cheque Services,Completed,6.0
APP_009205,CUST_09200,BR001,2026-03-23 11:25:00,Account Opening,Completed,24.0
APP_009206,CUST_09197,BR001,2026-03-23 12:36:00,Cash Withdrawal,Completed,4.5
APP_009207,CUST_04886,BR001,2026-03-23 12:03:00,Loan Enquiry,Completed,18.0
APP_009208,CUST_12989,BR001,2026-03-23 13:11:00,Loan Enquiry,Completed,18.0
APP_009209,CUST_07260,BR001,2026-03-23 13:01:00,Cash Deposit,Completed,6.5
APP_009210,CUST_01223,BR001,2026-03-23 14:08:00,Address Update,Completed,8.0
APP_009211,CUST_12118,BR002,2026-03-23 10:48:00,Cash Withdrawal,Completed,4.5
APP_009212,CUST_00054,BR002,2026-03-23 10:24:00,Cash Withdrawal,Completed,4.5
APP_009213,CUST_00741,BR002,2026-03-23 10:13:00,Cash Deposit,Completed,6.5
APP_009214,CUST_05388,BR002,2026-03-23 10:37:00,Statement Request,Completed,5.0
APP_009215,CUST_14765,BR002,2026-03-23 10:08:00,Loan Enquiry,Completed,18.0
APP_009216,CUST_12296,BR002,2026-03-23 10:15:00,Cash Deposit,Completed,6.5
APP_009217,CUST_10385,BR002,2026-03-23 10:12:00,Cash Deposit,Completed,6.5
APP_009218,CUST_02603,BR002,2026-03-23 10:45:00,Complaint,Completed,16.5
APP_009219,CUST_06227,BR002,2026-03-23 11:26:00,Digital Banking Support,Completed,12.5
APP_009220,CUST_04614,BR002,2026-03-23 11:55:00,Complaint,Completed,16.5
APP_009221,CUST_13963,BR002,2026-03-23 11:50:00,Cash Withdrawal,Completed,4.5
APP_009222,CUST_00047,BR002,2026-03-23 11:26:00,Cash Deposit,Completed,6.5
APP_009223,CUST_05900,BR003,2026-03-23 10:38:00,Digital Banking Support,Completed,12.5
APP_009224,CUST_01359,BR003,2026-03-23 10:42:00,Loan Enquiry,Completed,18.0
APP_009225,CUST_13689,BR003,2026-03-23 10:43:00,Statement Request,Cancelled,5.0
APP_009226,CUST_08316,BR003,2026-03-23 10:18:00,General Customer Support,Completed,10.0
APP_009227,CUST_03400,BR003,2026-03-23 10:12:00,Cash Deposit,Cancelled,6.5
APP_009228,CUST_13899,BR003,2026-03-23 11:01:00,Cheque Services,Completed,6.0
APP_009229,CUST_12437,BR003,2026-03-23 11:28:00,Cash Deposit,Completed,6.5
APP_009230,CUST_14656,BR003,2026-03-23 11:14:00,Cheque Services,Completed,6.0
APP_009231,CUST_00967,BR003,2026-03-23 11:41:00,Digital Banking Support,Completed,12.5
APP_009232,CUST_11981,BR003,2026-03-23 11:51:00,Account Opening,Completed,24.0
APP_009233,CUST_03643,BR003,2026-03-23 11:10:00,Complaint,Completed,16.5
APP_009234,CUST_06700,BR003,2026-03-23 11:41:00,Cash Deposit,Completed,6.5
APP_009235,CUST_01460,BR003,2026-03-23 12:02:00,Cash Deposit,Completed,6.5
APP_009236,CUST_04367,BR003,2026-03-23 12:39:00,Account Opening,Completed,24.0
APP_009237,CUST_13774,BR004,2026-03-23 10:26:00,Cash Withdrawal,Completed,4.5
APP_009238,CUST_09127,BR004,2026-03-23 11:55:00,Cash Deposit,Completed,6.5
APP_009239,CUST_11015,BR004,2026-03-23 11:06:00,Account Opening,Completed,24.0
APP_009240,CUST_00926,BR004,2026-03-23 11:54:00,General Customer Support,Completed,10.0
APP_009241,CUST_08071,BR004,2026-03-23 11:55:00,Cheque Services,Completed,6.0
APP_009242,CUST_01381,BR004,2026-03-23 12:36:00,Account Opening,Completed,24.0
APP_009243,CUST_09583,BR005,2026-03-23 09:38:00,Investment Enquiry,Completed,26.0
APP_009244,CUST_04780,BR005,2026-03-23 10:44:00,Cash Withdrawal,Completed,4.5
APP_009245,CUST_06772,BR005,2026-03-23 10:50:00,Address Update,Completed,8.0
APP_009246,CUST_14839,BR005,2026-03-23 10:34:00,Cheque Services,Completed,6.0
APP_009247,CUST_13609,BR005,2026-03-23 11:39:00,Credit Card Service,Completed,12.0
APP_009248,CUST_07098,BR005,2026-03-23 12:30:00,General Customer Support,Completed,10.0
APP_009249,CUST_05775,BR005,2026-03-23 12:44:00,KYC Update,Completed,13.5
APP_009250,CUST_07119,BR006,2026-03-23 11:53:00,Complaint,Completed,16.5
APP_009251,CUST_01167,BR006,2026-03-23 11:18:00,Address Update,Completed,8.0
APP_009252,CUST_14439,BR006,2026-03-23 11:19:00,KYC Update,Completed,13.5
APP_009253,CUST_09953,BR006,2026-03-23 12:16:00,Cash Deposit,Completed,6.5
APP_009254,CUST_09548,BR006,2026-03-23 14:35:00,Cheque Services,Completed,6.0
APP_009255,CUST_14165,BR006,2026-03-23 14:38:00,Loan Application,Completed,34.0
APP_009256,CUST_01404,BR006,2026-03-23 14:20:00,Credit Card Service,Completed,12.0
APP_009257,CUST_09339,BR006,2026-03-23 15:09:00,Cash Withdrawal,Completed,4.5
APP_009258,CUST_09488,BR006,2026-03-23 16:39:00,KYC Update,Completed,13.5
APP_009259,CUST_10836,BR007,2026-03-23 09:04:00,Loan Application,Completed,34.0
APP_009260,CUST_14339,BR007,2026-03-23 09:28:00,KYC Update,Completed,13.5
APP_009261,CUST_01343,BR007,2026-03-23 09:07:00,KYC Update,Completed,13.5
APP_009262,CUST_05787,BR007,2026-03-23 10:50:00,Investment Enquiry,Completed,26.0
APP_009263,CUST_07418,BR007,2026-03-23 10:30:00,Cash Deposit,Completed,6.5
APP_009264,CUST_03575,BR007,2026-03-23 10:12:00,Cash Deposit,Completed,6.5
APP_009265,CUST_01268,BR008,2026-03-23 10:05:00,Credit Card Service,Completed,12.0
APP_009266,CUST_03605,BR008,2026-03-23 10:50:00,Cash Withdrawal,Completed,4.5
APP_009267,CUST_08867,BR008,2026-03-23 10:48:00,Digital Banking Support,Cancelled,12.5
APP_009268,CUST_05259,BR008,2026-03-23 11:20:00,Cash Deposit,No-Show,6.5
APP_009269,CUST_09925,BR008,2026-03-23 11:50:00,Digital Banking Support,No-Show,12.5
APP_009270,CUST_03001,BR009,2026-03-23 10:52:00,Cash Withdrawal,Completed,4.5
APP_009271,CUST_04857,BR009,2026-03-23 11:17:00,KYC Update,Completed,13.5
APP_009272,CUST_04575,BR009,2026-03-23 11:29:00,Cash Withdrawal,Completed,4.5
APP_009273,CUST_14296,BR009,2026-03-23 12:33:00,Cheque Services,Completed,6.0
APP_009274,CUST_13882,BR009,2026-03-23 12:35:00,Account Opening,Completed,24.0
APP_009275,CUST_10392,BR009,2026-03-23 13:54:00,Cash Deposit,Completed,6.5
APP_009276,CUST_00943,BR009,2026-03-23 14:00:00,Address Update,Cancelled,8.0
APP_009277,CUST_09701,BR009,2026-03-23 14:24:00,Complaint,Completed,16.5
APP_009278,CUST_11197,BR010,2026-03-23 11:41:00,Cash Withdrawal,Completed,4.5
APP_009279,CUST_13025,BR010,2026-03-23 11:45:00,General Customer Support,Completed,10.0
APP_009280,CUST_05185,BR010,2026-03-23 11:02:00,KYC Update,Completed,13.5
APP_009281,CUST_00522,BR010,2026-03-23 11:39:00,Cash Withdrawal,Completed,4.5
APP_009282,CUST_02645,BR010,2026-03-23 12:53:00,Cash Deposit,Completed,6.5
APP_009283,CUST_14399,BR010,2026-03-23 14:40:00,Cheque Services,Completed,6.0
APP_009284,CUST_03637,BR001,2026-03-24 09:07:00,Statement Request,Completed,5.0
APP_009285,CUST_09217,BR001,2026-03-24 09:36:00,KYC Update,Completed,13.5
APP_009286,CUST_08046,BR001,2026-03-24 09:05:00,Digital Banking Support,Completed,12.5
APP_009287,CUST_02256,BR001,2026-03-24 10:25:00,Cheque Services,Cancelled,6.0
APP_009288,CUST_11496,BR001,2026-03-24 10:23:00,General Customer Support,Completed,10.0
APP_009289,CUST_06983,BR001,2026-03-24 10:11:00,Cash Deposit,Completed,6.5
APP_009290,CUST_05517,BR001,2026-03-24 10:06:00,Cheque Services,Completed,6.0
APP_009291,CUST_03162,BR002,2026-03-24 09:54:00,Credit Card Service,Completed,12.0
APP_009292,CUST_02584,BR002,2026-03-24 09:21:00,Address Update,Completed,8.0
APP_009293,CUST_05201,BR002,2026-03-24 09:23:00,Digital Banking Support,Completed,12.5
APP_009294,CUST_01477,BR002,2026-03-24 11:53:00,Cash Deposit,Completed,6.5
APP_009295,CUST_11396,BR002,2026-03-24 11:40:00,Cheque Services,Completed,6.0
APP_009296,CUST_10750,BR002,2026-03-24 11:04:00,Digital Banking Support,Completed,12.5
APP_009297,CUST_09786,BR002,2026-03-24 13:16:00,Cash Deposit,Completed,6.5
APP_009298,CUST_02181,BR002,2026-03-24 14:08:00,Loan Enquiry,Completed,18.0
APP_009299,CUST_13901,BR002,2026-03-24 14:11:00,Cash Withdrawal,No-Show,4.5
APP_009300,CUST_06317,BR003,2026-03-24 09:21:00,Cash Deposit,Completed,6.5
APP_009301,CUST_07628,BR003,2026-03-24 10:06:00,Cash Withdrawal,Completed,4.5
APP_009302,CUST_08349,BR003,2026-03-24 10:01:00,Cash Withdrawal,Completed,4.5
APP_009303,CUST_06114,BR003,2026-03-24 10:05:00,Cash Deposit,No-Show,6.5
APP_009304,CUST_02634,BR003,2026-03-24 10:19:00,Digital Banking Support,Completed,12.5
APP_009305,CUST_07252,BR003,2026-03-24 11:37:00,Complaint,Completed,16.5
APP_009306,CUST_05966,BR003,2026-03-24 11:23:00,Cash Deposit,Completed,6.5
APP_009307,CUST_12846,BR003,2026-03-24 11:48:00,KYC Update,Completed,13.5
APP_009308,CUST_02346,BR003,2026-03-24 11:30:00,Cash Deposit,Completed,6.5
APP_009309,CUST_10383,BR004,2026-03-24 10:53:00,Investment Enquiry,Completed,26.0
APP_009310,CUST_00734,BR004,2026-03-24 11:43:00,KYC Update,Completed,13.5
APP_009311,CUST_10276,BR004,2026-03-24 11:30:00,Cash Deposit,Completed,6.5
APP_009312,CUST_03244,BR004,2026-03-24 11:31:00,Credit Card Service,Completed,12.0
APP_009313,CUST_07520,BR004,2026-03-24 12:06:00,KYC Update,Completed,13.5
APP_009314,CUST_14682,BR005,2026-03-24 09:14:00,General Customer Support,Cancelled,10.0
APP_009315,CUST_04750,BR005,2026-03-24 10:34:00,Address Update,Completed,8.0
APP_009316,CUST_10558,BR005,2026-03-24 11:42:00,Complaint,Completed,16.5
APP_009317,CUST_04408,BR006,2026-03-24 09:12:00,General Customer Support,Completed,10.0
APP_009318,CUST_00341,BR006,2026-03-24 10:51:00,Cash Deposit,Completed,6.5
APP_009319,CUST_06059,BR006,2026-03-24 11:55:00,Loan Enquiry,Completed,18.0
APP_009320,CUST_08200,BR006,2026-03-24 12:36:00,Cash Deposit,Completed,6.5
APP_009321,CUST_03639,BR007,2026-03-24 09:30:00,Statement Request,No-Show,5.0
APP_009322,CUST_07471,BR007,2026-03-24 10:52:00,Statement Request,Completed,5.0
APP_009323,CUST_06841,BR007,2026-03-24 10:25:00,Loan Application,Completed,34.0
APP_009324,CUST_02622,BR007,2026-03-24 11:12:00,Cash Withdrawal,Cancelled,4.5
APP_009325,CUST_13403,BR008,2026-03-24 10:37:00,General Customer Support,Completed,10.0
APP_009326,CUST_11203,BR008,2026-03-24 11:37:00,KYC Update,Completed,13.5
APP_009327,CUST_06293,BR008,2026-03-24 11:04:00,Credit Card Service,Completed,12.0
APP_009328,CUST_00176,BR008,2026-03-24 11:26:00,Loan Application,No-Show,34.0
APP_009329,CUST_02286,BR009,2026-03-24 10:50:00,Cash Withdrawal,Completed,4.5
APP_009330,CUST_11704,BR009,2026-03-24 11:03:00,General Customer Support,Completed,10.0
APP_009331,CUST_05528,BR009,2026-03-24 11:30:00,Cash Withdrawal,No-Show,4.5
APP_009332,CUST_10598,BR009,2026-03-24 11:20:00,Account Opening,Completed,24.0
APP_009333,CUST_12556,BR009,2026-03-24 12:28:00,Cash Withdrawal,Completed,4.5
APP_009334,CUST_06105,BR009,2026-03-24 14:14:00,Complaint,Completed,16.5
APP_009335,CUST_13502,BR010,2026-03-24 11:26:00,Account Opening,Completed,24.0
APP_009336,CUST_13519,BR010,2026-03-24 11:01:00,KYC Update,Completed,13.5
APP_009337,CUST_05517,BR010,2026-03-24 11:45:00,Loan Application,Completed,34.0
APP_009338,CUST_14110,BR010,2026-03-24 11:06:00,Account Opening,Completed,24.0
APP_009339,CUST_05857,BR001,2026-03-25 10:07:00,Cash Withdrawal,No-Show,4.5
APP_009340,CUST_12698,BR001,2026-03-25 10:04:00,Cash Deposit,Completed,6.5
APP_009341,CUST_00291,BR001,2026-03-25 11:31:00,Loan Application,No-Show,34.0
APP_009342,CUST_09855,BR001,2026-03-25 11:11:00,Loan Enquiry,Completed,18.0
APP_009343,CUST_02413,BR001,2026-03-25 12:18:00,General Customer Support,Completed,10.0
APP_009344,CUST_08305,BR001,2026-03-25 12:01:00,Investment Enquiry,Completed,26.0
APP_009345,CUST_04043,BR002,2026-03-25 10:14:00,KYC Update,Completed,13.5
APP_009346,CUST_06099,BR002,2026-03-25 10:46:00,KYC Update,Completed,13.5
APP_009347,CUST_01643,BR002,2026-03-25 11:42:00,Cash Deposit,Completed,6.5
APP_009348,CUST_07952,BR002,2026-03-25 11:21:00,General Customer Support,Cancelled,10.0
APP_009349,CUST_13540,BR002,2026-03-25 12:08:00,Cash Deposit,Completed,6.5
APP_009350,CUST_09859,BR002,2026-03-25 13:18:00,Cash Deposit,Completed,6.5
APP_009351,CUST_14780,BR002,2026-03-25 13:15:00,Account Opening,Completed,24.0
APP_009352,CUST_11794,BR002,2026-03-25 14:37:00,KYC Update,Completed,13.5
APP_009353,CUST_13463,BR003,2026-03-25 09:30:00,Cheque Services,Completed,6.0
APP_009354,CUST_03917,BR003,2026-03-25 09:20:00,Loan Enquiry,Completed,18.0
APP_009355,CUST_06855,BR003,2026-03-25 10:14:00,KYC Update,Completed,13.5
APP_009356,CUST_00572,BR003,2026-03-25 10:52:00,Cash Deposit,Completed,6.5
APP_009357,CUST_11808,BR003,2026-03-25 10:30:00,Cash Deposit,Completed,6.5
APP_009358,CUST_04689,BR003,2026-03-25 11:24:00,Loan Enquiry,Completed,18.0
APP_009359,CUST_09932,BR003,2026-03-25 11:36:00,General Customer Support,Completed,10.0
APP_009360,CUST_03219,BR004,2026-03-25 09:44:00,KYC Update,Completed,13.5
APP_009361,CUST_07257,BR004,2026-03-25 09:20:00,Cash Deposit,Completed,6.5
APP_009362,CUST_02436,BR004,2026-03-25 10:16:00,Complaint,Completed,16.5
APP_009363,CUST_03150,BR004,2026-03-25 12:31:00,Cash Deposit,Completed,6.5
APP_009364,CUST_08439,BR005,2026-03-25 09:10:00,Statement Request,Completed,5.0
APP_009365,CUST_10329,BR005,2026-03-25 12:02:00,KYC Update,Completed,13.5
APP_009366,CUST_13673,BR005,2026-03-25 13:42:00,Cash Withdrawal,Cancelled,4.5
APP_009367,CUST_05986,BR006,2026-03-25 11:55:00,Account Opening,Completed,24.0
APP_009368,CUST_06401,BR006,2026-03-25 11:46:00,Cheque Services,Completed,6.0
APP_009369,CUST_07292,BR006,2026-03-25 11:23:00,KYC Update,No-Show,13.5
APP_009370,CUST_13607,BR006,2026-03-25 13:35:00,KYC Update,Completed,13.5
APP_009371,CUST_06715,BR006,2026-03-25 14:37:00,KYC Update,Completed,13.5
APP_009372,CUST_11156,BR007,2026-03-25 09:20:00,Cheque Services,Completed,6.0
APP_009373,CUST_02650,BR007,2026-03-25 09:32:00,KYC Update,Completed,13.5
APP_009374,CUST_05450,BR007,2026-03-25 10:38:00,Complaint,Completed,16.5
APP_009375,CUST_10108,BR007,2026-03-25 10:54:00,Cheque Services,Completed,6.0
APP_009376,CUST_05514,BR008,2026-03-25 10:41:00,General Customer Support,Completed,10.0
APP_009377,CUST_13629,BR008,2026-03-25 10:28:00,Cash Deposit,Completed,6.5
APP_009378,CUST_05293,BR009,2026-03-25 10:25:00,Statement Request,Completed,5.0
APP_009379,CUST_04873,BR009,2026-03-25 10:48:00,Cash Deposit,Completed,6.5
APP_009380,CUST_13388,BR009,2026-03-25 10:00:00,Address Update,Completed,8.0
APP_009381,CUST_09874,BR009,2026-03-25 10:10:00,Digital Banking Support,Completed,12.5
APP_009382,CUST_11347,BR009,2026-03-25 10:41:00,Loan Enquiry,Completed,18.0
APP_009383,CUST_10086,BR009,2026-03-25 11:03:00,Statement Request,Completed,5.0
APP_009384,CUST_04088,BR010,2026-03-25 09:40:00,Cash Withdrawal,Completed,4.5
APP_009385,CUST_14691,BR010,2026-03-25 10:02:00,General Customer Support,Completed,10.0
APP_009386,CUST_12609,BR010,2026-03-25 11:11:00,Account Opening,Completed,24.0
APP_009387,CUST_12218,BR001,2026-03-26 09:08:00,Cash Deposit,Completed,6.5
APP_009388,CUST_05329,BR001,2026-03-26 10:53:00,Cheque Services,Completed,6.0
APP_009389,CUST_04070,BR001,2026-03-26 10:42:00,Cash Withdrawal,Completed,4.5
APP_009390,CUST_01066,BR001,2026-03-26 10:23:00,Investment Enquiry,Completed,26.0
APP_009391,CUST_09984,BR001,2026-03-26 10:16:00,General Customer Support,Completed,10.0
APP_009392,CUST_10143,BR001,2026-03-26 10:09:00,Cash Deposit,Completed,6.5
APP_009393,CUST_07222,BR001,2026-03-26 11:23:00,Loan Enquiry,Completed,18.0
APP_009394,CUST_14865,BR001,2026-03-26 12:51:00,Credit Card Service,Completed,12.0
APP_009395,CUST_13670,BR002,2026-03-26 09:55:00,Complaint,Cancelled,16.5
APP_009396,CUST_05069,BR002,2026-03-26 10:27:00,Statement Request,Cancelled,5.0
APP_009397,CUST_06443,BR002,2026-03-26 10:01:00,Account Opening,Completed,24.0
APP_009398,CUST_07714,BR002,2026-03-26 10:55:00,Address Update,Completed,8.0
APP_009399,CUST_00352,BR002,2026-03-26 10:22:00,Cash Withdrawal,No-Show,4.5
APP_009400,CUST_11533,BR002,2026-03-26 11:42:00,Cash Withdrawal,Completed,4.5
APP_009401,CUST_06506,BR002,2026-03-26 11:48:00,Cash Withdrawal,Completed,4.5
APP_009402,CUST_02546,BR002,2026-03-26 12:16:00,Credit Card Service,Completed,12.0
APP_009403,CUST_07048,BR003,2026-03-26 10:01:00,Cash Withdrawal,Completed,4.5
APP_009404,CUST_05872,BR003,2026-03-26 10:03:00,Cash Withdrawal,Completed,4.5
APP_009405,CUST_00554,BR003,2026-03-26 10:45:00,Loan Application,Completed,34.0
APP_009406,CUST_11520,BR003,2026-03-26 11:39:00,General Customer Support,Completed,10.0
APP_009407,CUST_13235,BR003,2026-03-26 11:16:00,Cheque Services,Completed,6.0
APP_009408,CUST_03124,BR003,2026-03-26 11:13:00,Statement Request,Completed,5.0
APP_009409,CUST_13568,BR004,2026-03-26 09:01:00,Cash Deposit,Completed,6.5
APP_009410,CUST_12477,BR004,2026-03-26 10:49:00,Cash Deposit,Completed,6.5
APP_009411,CUST_08302,BR004,2026-03-26 10:28:00,Address Update,Completed,8.0
APP_009412,CUST_05911,BR004,2026-03-26 11:30:00,Loan Enquiry,Completed,18.0
APP_009413,CUST_10279,BR004,2026-03-26 12:29:00,Cash Deposit,Completed,6.5
APP_009414,CUST_14289,BR005,2026-03-26 13:19:00,KYC Update,Completed,13.5
APP_009415,CUST_13531,BR005,2026-03-26 13:10:00,Statement Request,Completed,5.0
APP_009416,CUST_13496,BR005,2026-03-26 15:43:00,General Customer Support,Completed,10.0
APP_009417,CUST_04497,BR006,2026-03-26 10:09:00,Cash Deposit,Completed,6.5
APP_009418,CUST_05601,BR006,2026-03-26 10:18:00,Account Opening,Completed,24.0
APP_009419,CUST_03709,BR006,2026-03-26 11:37:00,Loan Enquiry,Completed,18.0
APP_009420,CUST_11780,BR006,2026-03-26 11:06:00,Cheque Services,Completed,6.0
APP_009421,CUST_13510,BR006,2026-03-26 11:11:00,Cash Deposit,Completed,6.5
APP_009422,CUST_00520,BR006,2026-03-26 13:19:00,Investment Enquiry,Cancelled,26.0
APP_009423,CUST_13810,BR006,2026-03-26 13:16:00,Statement Request,Completed,5.0
APP_009424,CUST_07495,BR006,2026-03-26 13:53:00,Cash Deposit,Cancelled,6.5
APP_009425,CUST_10769,BR007,2026-03-26 10:31:00,Cash Withdrawal,Completed,4.5
APP_009426,CUST_14163,BR007,2026-03-26 10:29:00,Loan Application,Completed,34.0
APP_009427,CUST_01432,BR007,2026-03-26 10:24:00,General Customer Support,Completed,10.0
APP_009428,CUST_01750,BR007,2026-03-26 10:41:00,Credit Card Service,Completed,12.0
APP_009429,CUST_04245,BR007,2026-03-26 12:46:00,Loan Enquiry,Completed,18.0
APP_009430,CUST_09422,BR007,2026-03-26 13:30:00,Account Opening,Completed,24.0
APP_009431,CUST_03633,BR008,2026-03-26 10:39:00,General Customer Support,Completed,10.0
APP_009432,CUST_04986,BR008,2026-03-26 10:17:00,Investment Enquiry,Cancelled,26.0
APP_009433,CUST_07187,BR008,2026-03-26 11:08:00,Account Opening,Completed,24.0
APP_009434,CUST_12154,BR009,2026-03-26 10:17:00,Cash Deposit,Completed,6.5
APP_009435,CUST_08532,BR009,2026-03-26 10:18:00,General Customer Support,Completed,10.0
APP_009436,CUST_13888,BR009,2026-03-26 10:17:00,Address Update,Completed,8.0
APP_009437,CUST_08571,BR009,2026-03-26 10:50:00,Cash Withdrawal,Completed,4.5
APP_009438,CUST_06945,BR009,2026-03-26 11:35:00,Statement Request,Completed,5.0
APP_009439,CUST_05728,BR009,2026-03-26 12:39:00,General Customer Support,Completed,10.0
APP_009440,CUST_02394,BR009,2026-03-26 12:06:00,Cheque Services,Completed,6.0
APP_009441,CUST_11673,BR009,2026-03-26 13:06:00,Cash Deposit,Completed,6.5
APP_009442,CUST_11243,BR009,2026-03-26 14:52:00,Loan Enquiry,Completed,18.0
APP_009443,CUST_10061,BR010,2026-03-26 10:11:00,Cash Withdrawal,Completed,4.5
APP_009444,CUST_13778,BR010,2026-03-26 12:48:00,Statement Request,Completed,5.0
APP_009445,CUST_00681,BR001,2026-03-27 09:31:00,Cash Withdrawal,Completed,4.5
APP_009446,CUST_11213,BR001,2026-03-27 10:00:00,KYC Update,Completed,13.5
APP_009447,CUST_13876,BR001,2026-03-27 10:09:00,KYC Update,Completed,13.5
APP_009448,CUST_10899,BR001,2026-03-27 11:35:00,Credit Card Service,Completed,12.0
APP_009449,CUST_03680,BR001,2026-03-27 11:34:00,Cash Withdrawal,Completed,4.5
APP_009450,CUST_05783,BR001,2026-03-27 11:19:00,KYC Update,Completed,13.5
APP_009451,CUST_09194,BR001,2026-03-27 11:05:00,Address Update,Completed,8.0
APP_009452,CUST_04180,BR001,2026-03-27 11:12:00,Digital Banking Support,Completed,12.5
APP_009453,CUST_12447,BR001,2026-03-27 12:46:00,General Customer Support,Completed,10.0
APP_009454,CUST_14763,BR001,2026-03-27 12:41:00,Loan Application,Completed,34.0
APP_009455,CUST_06484,BR001,2026-03-27 12:28:00,Cash Withdrawal,Completed,4.5
APP_009456,CUST_02356,BR001,2026-03-27 13:08:00,Cash Withdrawal,Completed,4.5
APP_009457,CUST_10711,BR001,2026-03-27 14:50:00,Digital Banking Support,Completed,12.5
APP_009458,CUST_12668,BR001,2026-03-27 14:45:00,Loan Application,Completed,34.0
APP_009459,CUST_07336,BR002,2026-03-27 09:16:00,Cash Deposit,Completed,6.5
APP_009460,CUST_14356,BR002,2026-03-27 11:53:00,KYC Update,Completed,13.5
APP_009461,CUST_04987,BR002,2026-03-27 11:39:00,Statement Request,Cancelled,5.0
APP_009462,CUST_02260,BR002,2026-03-27 11:29:00,Cash Withdrawal,Completed,4.5
APP_009463,CUST_04469,BR002,2026-03-27 12:00:00,KYC Update,Completed,13.5
APP_009464,CUST_10234,BR002,2026-03-27 12:46:00,Cash Withdrawal,Completed,4.5
APP_009465,CUST_00087,BR002,2026-03-27 12:41:00,Cash Withdrawal,Completed,4.5
APP_009466,CUST_02390,BR002,2026-03-27 13:31:00,Loan Application,Completed,34.0
APP_009467,CUST_13112,BR002,2026-03-27 13:00:00,Cash Deposit,Completed,6.5
APP_009468,CUST_02650,BR002,2026-03-27 13:35:00,KYC Update,Completed,13.5
APP_009469,CUST_14536,BR003,2026-03-27 09:41:00,Cheque Services,Completed,6.0
APP_009470,CUST_06331,BR003,2026-03-27 09:36:00,Account Opening,Completed,24.0
APP_009471,CUST_10526,BR003,2026-03-27 10:37:00,Cash Deposit,Completed,6.5
APP_009472,CUST_06689,BR003,2026-03-27 10:42:00,Cheque Services,Completed,6.0
APP_009473,CUST_07219,BR003,2026-03-27 11:41:00,General Customer Support,Completed,10.0
APP_009474,CUST_03073,BR003,2026-03-27 11:09:00,Cash Withdrawal,Completed,4.5
APP_009475,CUST_08880,BR003,2026-03-27 11:01:00,Account Opening,Completed,24.0
APP_009476,CUST_03055,BR003,2026-03-27 12:30:00,General Customer Support,Completed,10.0
APP_009477,CUST_10006,BR003,2026-03-27 13:25:00,Statement Request,Cancelled,5.0
APP_009478,CUST_13062,BR003,2026-03-27 13:42:00,Digital Banking Support,Completed,12.5
APP_009479,CUST_01202,BR003,2026-03-27 13:45:00,Account Opening,Completed,24.0
APP_009480,CUST_00476,BR003,2026-03-27 13:34:00,Cash Deposit,Completed,6.5
APP_009481,CUST_08741,BR003,2026-03-27 14:29:00,Loan Enquiry,Completed,18.0
APP_009482,CUST_00759,BR003,2026-03-27 14:20:00,Cash Deposit,Completed,6.5
APP_009483,CUST_02299,BR003,2026-03-27 15:16:00,Cash Deposit,Completed,6.5
APP_009484,CUST_09343,BR003,2026-03-27 15:40:00,KYC Update,Completed,13.5
APP_009485,CUST_11365,BR004,2026-03-27 09:10:00,Cash Withdrawal,Completed,4.5
APP_009486,CUST_09758,BR004,2026-03-27 09:34:00,Cash Deposit,Completed,6.5
APP_009487,CUST_09425,BR004,2026-03-27 09:43:00,Cash Withdrawal,Completed,4.5
APP_009488,CUST_08584,BR004,2026-03-27 10:39:00,Credit Card Service,Completed,12.0
APP_009489,CUST_02846,BR004,2026-03-27 10:36:00,Complaint,Completed,16.5
APP_009490,CUST_00399,BR004,2026-03-27 10:32:00,Cash Withdrawal,Completed,4.5
APP_009491,CUST_06232,BR004,2026-03-27 12:55:00,Credit Card Service,Completed,12.0
APP_009492,CUST_13837,BR004,2026-03-27 12:37:00,Loan Enquiry,Completed,18.0
APP_009493,CUST_07465,BR005,2026-03-27 10:33:00,Address Update,Completed,8.0
APP_009494,CUST_06699,BR005,2026-03-27 10:08:00,Address Update,Completed,8.0
APP_009495,CUST_05603,BR005,2026-03-27 10:54:00,Cash Withdrawal,Completed,4.5
APP_009496,CUST_02473,BR005,2026-03-27 10:41:00,Cash Deposit,Completed,6.5
APP_009497,CUST_13821,BR005,2026-03-27 11:45:00,General Customer Support,Cancelled,10.0
APP_009498,CUST_12921,BR006,2026-03-27 10:28:00,Loan Application,No-Show,34.0
APP_009499,CUST_10368,BR006,2026-03-27 11:12:00,Loan Enquiry,Completed,18.0
APP_009500,CUST_05859,BR006,2026-03-27 11:49:00,KYC Update,Completed,13.5
APP_009501,CUST_06258,BR006,2026-03-27 12:24:00,Cheque Services,Completed,6.0
APP_009502,CUST_11391,BR006,2026-03-27 12:19:00,Credit Card Service,Completed,12.0
APP_009503,CUST_11243,BR006,2026-03-27 13:53:00,Cash Deposit,Completed,6.5
APP_009504,CUST_09725,BR006,2026-03-27 14:50:00,General Customer Support,Completed,10.0
APP_009505,CUST_01806,BR006,2026-03-27 14:09:00,Cash Deposit,Completed,6.5
APP_009506,CUST_00620,BR006,2026-03-27 14:39:00,Loan Application,Completed,34.0
APP_009507,CUST_07658,BR006,2026-03-27 14:48:00,Cash Deposit,Completed,6.5
APP_009508,CUST_09999,BR007,2026-03-27 10:38:00,Cash Withdrawal,Completed,4.5
APP_009509,CUST_13726,BR007,2026-03-27 10:17:00,Cash Withdrawal,Completed,4.5
APP_009510,CUST_00628,BR007,2026-03-27 11:44:00,Investment Enquiry,Completed,26.0
APP_009511,CUST_03237,BR007,2026-03-27 11:10:00,Cheque Services,Cancelled,6.0
APP_009512,CUST_08047,BR007,2026-03-27 12:22:00,Loan Enquiry,Completed,18.0
APP_009513,CUST_06925,BR007,2026-03-27 12:14:00,KYC Update,Completed,13.5
APP_009514,CUST_09008,BR007,2026-03-27 12:42:00,Cash Withdrawal,Completed,4.5
APP_009515,CUST_13684,BR008,2026-03-27 10:20:00,Cheque Services,Completed,6.0
APP_009516,CUST_14601,BR008,2026-03-27 10:28:00,Account Opening,Completed,24.0
APP_009517,CUST_06541,BR008,2026-03-27 10:15:00,Cheque Services,Completed,6.0
APP_009518,CUST_07597,BR008,2026-03-27 11:40:00,Account Opening,Completed,24.0
APP_009519,CUST_09829,BR008,2026-03-27 11:32:00,Cheque Services,Completed,6.0
APP_009520,CUST_05597,BR008,2026-03-27 12:02:00,KYC Update,Completed,13.5
APP_009521,CUST_11334,BR009,2026-03-27 09:40:00,Loan Enquiry,Completed,18.0
APP_009522,CUST_00560,BR009,2026-03-27 10:27:00,Address Update,Completed,8.0
APP_009523,CUST_04395,BR009,2026-03-27 10:18:00,Cash Deposit,Completed,6.5
APP_009524,CUST_12952,BR009,2026-03-27 10:12:00,General Customer Support,Completed,10.0
APP_009525,CUST_04681,BR009,2026-03-27 10:12:00,KYC Update,Completed,13.5
APP_009526,CUST_06365,BR009,2026-03-27 11:14:00,Loan Application,Completed,34.0
APP_009527,CUST_03526,BR009,2026-03-27 11:13:00,Account Opening,Completed,24.0
APP_009528,CUST_14482,BR009,2026-03-27 11:29:00,Loan Enquiry,Completed,18.0
APP_009529,CUST_03684,BR010,2026-03-27 09:16:00,Cheque Services,No-Show,6.0
APP_009530,CUST_14030,BR010,2026-03-27 10:42:00,Cheque Services,Completed,6.0
APP_009531,CUST_09455,BR010,2026-03-27 10:52:00,Cash Withdrawal,Completed,4.5
APP_009532,CUST_00333,BR010,2026-03-27 11:08:00,Address Update,Completed,8.0
APP_009533,CUST_07250,BR010,2026-03-27 11:55:00,Investment Enquiry,Completed,26.0
